Dosya_Adi,Payload_Bit,Toplam_Piksel,Guvenli_Piksel(K),Daralma_Orani(%),ABC_Suresi_sn,MSE,PSNR_dB,SSIM
1.pgm,10000,65536,23952,36.5479,0.02284,0.074661,59.3999,0.99985
10.pgm,10000,65536,35296,53.8574,0.02444,0.075546,59.3487,0.999864
100.pgm,10000,65536,31616,48.2422,0.02491,0.076462,59.2964,0.999768
1000.pgm,10000,65536,27120,41.3818,0.02621,0.076157,59.3137,0.999875
10000.pgm,10000,65536,47728,72.8271,0.04616,0.075989,59.3233,0.99988
1001.pgm,10000,65536,12736,19.4336,0.19724,0.075333,59.361,0.999703
1002.pgm,10000,65536,24144,36.8408,0.05516,0.07663,59.2868,0.999902
1003.pgm,10000,65536,38816,59.2285,0.03417,0.078049,59.2071,0.999803
1004.pgm,10000,65536,13168,20.0928,0.02452,0.074615,59.4025,0.999834
1005.pgm,10000,65536,37152,56.6895,0.02604,0.077896,59.2156,0.999875
1006.pgm,10000,65536,62304,95.0684,0.02797,0.077194,59.255,0.999977
1007.pgm,10000,65536,47536,72.5342,0.02652,0.075912,59.3277,0.999874
1008.pgm,10000,65536,42144,64.3066,0.02697,0.076416,59.299,0.999889
1009.pgm,10000,65536,37888,57.8125,0.0273,0.075974,59.3242,0.999851
101.pgm,10000,65536,55440,84.5947,0.03707,0.075653,59.3425,0.999906
1010.pgm,10000,65536,18096,27.6123,0.19426,0.075363,59.3592,0.999741
1011.pgm,10000,65536,27904,42.5781,0.07021,0.076019,59.3216,0.999851
1012.pgm,10000,65536,37120,56.6406,0.03459,0.076645,59.286,0.999876
1013.pgm,10000,65536,37696,57.5195,0.02911,0.076248,59.3085,0.99988
1014.pgm,10000,65536,40112,61.2061,0.02699,0.07515,59.3715,0.99988
1015.pgm,10000,65536,39792,60.7178,0.02642,0.076782,59.2782,0.999852
1018.pgm,10000,65536,17168,26.1963,0.02974,0.07637,59.3016,0.999841
1019.pgm,10000,65536,31648,48.291,0.20189,0.076782,59.2782,0.999876
102.pgm,10000,65536,63584,97.0215,0.06459,0.075745,59.3373,0.999944
1020.pgm,10000,65536,35184,53.6865,0.03107,0.075424,59.3557,0.99987
1021.pgm,10000,65536,49776,75.9521,0.0286,0.076141,59.3146,0.999811
1022.pgm,10000,65536,50640,77.2705,0.02594,0.074997,59.3804,0.999732
1023.pgm,10000,65536,33248,50.7324,0.02236,0.075378,59.3583,0.999814
1024.pgm,10000,65536,49904,76.1475,0.02554,0.07666,59.2851,0.999861
1025.pgm,10000,65536,36144,55.1514,0.02527,0.077225,59.2532,0.999853
1026.pgm,10000,65536,25488,38.8916,0.0268,0.076355,59.3024,0.999864
1027.pgm,10000,65536,13424,20.4834,0.03021,0.07489,59.3866,0.999789
1028.pgm,10000,65536,26336,40.1855,0.17496,0.077103,59.2601,0.999792
1029.pgm,10000,65536,29168,44.5068,0.07631,0.076324,59.3042,0.999845
103.pgm,10000,65536,21648,33.0322,0.04703,0.077362,59.2455,0.999833
1030.pgm,10000,65536,18944,28.9062,0.03278,0.07608,59.3181,0.999828
1031.pgm,10000,65536,10176,15.5273,0.03064,0.074814,59.391,0.999824
1032.pgm,10000,65536,36128,55.127,0.03396,0.076569,59.2903,0.999924
1033.pgm,10000,65536,27008,41.2109,0.06917,0.076447,59.2972,0.999844
1035.pgm,10000,65536,23312,35.5713,0.1037,0.076202,59.3111,0.999811
1036.pgm,10000,65536,36144,55.1514,0.0363,0.077179,59.2558,0.999757
1039.pgm,10000,65536,39824,60.7666,0.03022,0.076355,59.3024,0.999839
104.pgm,10000,65536,24368,37.1826,0.02705,0.075241,59.3663,0.999829
1040.pgm,10000,65536,35168,53.6621,0.0287,0.074997,59.3804,0.999904
1041.pgm,10000,65536,56624,86.4014,0.03859,0.076859,59.2739,0.999955
1042.pgm,10000,65536,12048,18.3838,0.18806,0.076614,59.2877,0.999781
1043.pgm,10000,65536,33344,50.8789,0.06129,0.076523,59.2929,0.999853
1045.pgm,10000,65536,12224,18.6523,0.03067,0.07489,59.3866,0.999791
1046.pgm,10000,65536,14096,21.5088,0.02488,0.075089,59.3751,0.999671
1047.pgm,10000,65536,20320,31.0059,0.02397,0.07695,59.2687,0.999777
1048.pgm,10000,65536,20368,31.0791,0.02406,0.077469,59.2395,0.999799
1049.pgm,10000,65536,25824,39.4043,0.03096,0.077118,59.2593,0.999805
105.pgm,10000,65536,20992,32.0312,0.16583,0.076965,59.2679,0.999864
1050.pgm,10000,65536,59584,90.918,0.08463,0.077621,59.231,0.999931
1051.pgm,10000,65536,13968,21.3135,0.03016,0.076126,59.3155,0.999662
1052.pgm,10000,65536,30816,47.0215,0.02777,0.077499,59.2378,0.999849
1053.pgm,10000,65536,17936,27.3682,0.02793,0.076157,59.3137,0.999796
1054.pgm,10000,65536,19744,30.127,0.04142,0.075439,59.3548,0.999778
1055.pgm,10000,65536,51552,78.6621,0.27774,0.075607,59.3452,0.999784
1056.pgm,10000,65536,17008,25.9521,0.04439,0.075394,59.3575,0.99977
1057.pgm,10000,65536,21200,32.3486,0.02867,0.0755,59.3513,0.999773
1058.pgm,10000,65536,13376,20.4102,0.02375,0.075821,59.3329,0.999768
1059.pgm,10000,65536,40080,61.1572,0.02508,0.077911,59.2148,0.999839
106.pgm,10000,65536,41040,62.6221,0.03798,0.07634,59.3033,0.999875
1060.pgm,10000,65536,32640,49.8047,0.06203,0.076797,59.2773,0.999761
1061.pgm,10000,65536,45568,69.5312,0.23062,0.076111,59.3163,0.999789
1063.pgm,10000,65536,25648,39.1357,0.03523,0.074219,59.4257,0.999784
1064.pgm,10000,65536,41296,63.0127,0.0292,0.076294,59.3059,0.999898
1065.pgm,10000,65536,37136,56.665,0.02709,0.076813,59.2765,0.999822
1066.pgm,10000,65536,12928,19.7266,0.02668,0.078232,59.197,0.999766
1067.pgm,10000,65536,25056,38.2324,0.20324,0.075531,59.3496,0.999847
1068.pgm,10000,65536,17248,26.3184,0.0677,0.075043,59.3777,0.999892
1069.pgm,10000,65536,48320,73.7305,0.03618,0.076614,59.2877,0.999902
107.pgm,10000,65536,55072,84.0332,0.02966,0.076157,59.3137,0.999834
1070.pgm,10000,65536,52144,79.5654,0.02618,0.077347,59.2464,0.999872
1071.pgm,10000,65536,27568,42.0654,0.02257,0.077179,59.2558,0.999746
1072.pgm,10000,65536,12912,19.7021,0.0211,0.076385,59.3007,0.99961
1073.pgm,10000,65536,23952,36.5479,0.02512,0.075592,59.346,0.99981
1074.pgm,10000,65536,36960,56.3965,0.03303,0.076157,59.3137,0.999886
1075.pgm,10000,65536,36192,55.2246,0.21932,0.076447,59.2972,0.99976
1076.pgm,10000,65536,18832,28.7354,0.06403,0.076477,59.2955,0.999785
1077.pgm,10000,65536,35648,54.3945,0.0345,0.077225,59.2532,0.999851
1078.pgm,10000,65536,18848,28.7598,0.0258,0.074387,59.4159,0.999764
1079.pgm,10000,65536,30224,46.1182,0.02433,0.076462,59.2964,0.999802
108.pgm,10000,65536,56576,86.3281,0.0276,0.07785,59.2182,0.999925
1080.pgm,10000,65536,33488,51.0986,0.02936,0.07695,59.2687,0.999803
1081.pgm,10000,65536,34640,52.8564,0.16791,0.075958,59.3251,0.999896
1082.pgm,10000,65536,36640,55.9082,0.07702,0.076584,59.2894,0.999883
1083.pgm,10000,65536,44512,67.9199,0.03634,0.076782,59.2782,0.999854
1084.pgm,10000,65536,22656,34.5703,0.02619,0.076767,59.2791,0.99979
1085.pgm,10000,65536,45152,68.8965,0.02646,0.077698,59.2267,0.999826
1086.pgm,10000,65536,12592,19.2139,0.02454,0.078278,59.1944,0.999813
1087.pgm,10000,65536,38928,59.3994,0.04195,0.075333,59.361,0.999842
1088.pgm,10000,65536,16160,24.6582,0.23922,0.076019,59.3216,0.999809
1089.pgm,10000,65536,23408,35.7178,0.05652,0.076508,59.2938,0.999789
109.pgm,10000,65536,27520,41.9922,0.0325,0.077042,59.2635,0.99986
1090.pgm,10000,65536,35536,54.2236,0.02798,0.075821,59.3329,0.999809
1092.pgm,10000,65536,31536,48.1201,0.02554,0.075256,59.3654,0.999852
1094.pgm,10000,65536,38720,59.082,0.02726,0.076828,59.2756,0.99971
1095.pgm,10000,65536,24464,37.3291,0.03252,0.07785,59.2182,0.999707
1096.pgm,10000,65536,23280,35.5225,0.13885,0.078033,59.208,0.999877
1097.pgm,10000,65536,24416,37.2559,0.09172,0.076157,59.3137,0.999769
1098.pgm,10000,65536,31072,47.4121,0.0356,0.077164,59.2567,0.999827
1099.pgm,10000,65536,45152,68.8965,0.03747,0.076218,59.3102,0.999901
11.pgm,10000,65536,31472,48.0225,0.03623,0.075897,59.3285,0.999839
110.pgm,10000,65536,43488,66.3574,0.13855,0.075912,59.3277,0.999905
1100.pgm,10000,65536,31440,47.9736,0.0802,0.078339,59.191,0.999818
1102.pgm,10000,65536,15232,23.2422,0.0315,0.07579,59.3347,0.99987
1103.pgm,10000,65536,40912,62.4268,0.02807,0.075424,59.3557,0.999868
1104.pgm,10000,65536,48128,73.4375,0.03109,0.075684,59.3408,0.999675
1105.pgm,10000,65536,37040,56.5186,0.03795,0.076416,59.299,0.999897
1106.pgm,10000,65536,23728,36.2061,0.15537,0.075943,59.3259,0.999819
1107.pgm,10000,65536,20496,31.2744,0.11451,0.076813,59.2765,0.999814
1108.pgm,10000,65536,29504,45.0195,0.04494,0.075256,59.3654,0.999819
1109.pgm,10000,65536,18432,28.125,0.0293,0.075607,59.3452,0.999866
111.pgm,10000,65536,35888,54.7607,0.03502,0.076859,59.2739,0.99988
1110.pgm,10000,65536,56448,86.1328,0.25716,0.07576,59.3364,0.999872
1111.pgm,10000,65536,24320,37.1094,0.04731,0.076462,59.2964,0.99974
1112.pgm,10000,65536,24880,37.9639,0.02942,0.077042,59.2635,0.999693
1113.pgm,10000,65536,23040,35.1562,0.02714,0.077911,59.2148,0.999878
1114.pgm,10000,65536,22416,34.2041,0.02654,0.077133,59.2584,0.99966
1115.pgm,10000,65536,51712,78.9062,0.03952,0.077271,59.2507,0.999779
1116.pgm,10000,65536,32928,50.2441,0.231,0.077438,59.2412,0.999798
1117.pgm,10000,65536,36160,55.1758,0.05894,0.076721,59.2817,0.99988
1118.pgm,10000,65536,31408,47.9248,0.02987,0.076355,59.3024,0.999867
1119.pgm,10000,65536,55376,84.4971,0.02898,0.076645,59.286,0.999911
112.pgm,10000,65536,29424,44.8975,0.02516,0.075928,59.3268,0.999864
1120.pgm,10000,65536,17680,26.9775,0.02961,0.07457,59.4052,0.99983
1121.pgm,10000,65536,50768,77.4658,0.26619,0.07692,59.2704,0.999879
1122.pgm,10000,65536,14832,22.6318,0.06402,0.076508,59.2938,0.999789
1123.pgm,10000,65536,46768,71.3623,0.0354,0.075424,59.3557,0.999877
1124.pgm,10000,65536,17024,25.9766,0.02655,0.076126,59.3155,0.999804
1125.pgm,10000,65536,10336,15.7715,0.03015,0.075989,59.3233,0.999756
1126.pgm,10000,65536,34480,52.6123,0.1322,0.076935,59.2696,0.999884
1127.pgm,10000,65536,24144,36.8408,0.10286,0.078033,59.208,0.999832
1128.pgm,10000,65536,41760,63.7207,0.03862,0.075485,59.3522,0.999823
1129.pgm,10000,65536,15120,23.0713,0.0272,0.076767,59.2791,0.999702
113.pgm,10000,65536,25424,38.7939,0.02732,0.076508,59.2938,0.999797
1130.pgm,10000,65536,34256,52.2705,0.03042,0.076233,59.3094,0.999909
1131.pgm,10000,65536,33408,50.9766,0.27499,0.075119,59.3733,0.999839
1132.pgm,10000,65536,39840,60.791,0.07976,0.07605,59.3198,0.999888
1133.pgm,10000,65536,59616,90.9668,0.04084,0.076324,59.3042,0.99993
1134.pgm,10000,65536,29264,44.6533,0.02973,0.076981,59.267,0.999866
1135.pgm,10000,65536,32032,48.877,0.02833,0.076645,59.286,0.999827
1136.pgm,10000,65536,37984,57.959,0.03355,0.076721,59.2817,0.999697
1137.pgm,10000,65536,12592,19.2139,0.07439,0.076645,59.286,0.999805
1138.pgm,10000,65536,24784,37.8174,0.11082,0.07637,59.3016,0.99982
1139.pgm,10000,65536,18336,27.9785,0.03655,0.075836,59.332,0.999843
114.pgm,10000,65536,29952,45.7031,0.03213,0.075882,59.3294,0.999845
1140.pgm,10000,65536,34192,52.1729,0.02617,0.075317,59.3619,0.999877
1141.pgm,10000,65536,10688,16.3086,0.02822,0.077606,59.2318,0.999779
1142.pgm,10000,65536,16736,25.5371,0.03806,0.076141,59.3146,0.999849
1143.pgm,10000,65536,44608,68.0664,0.25341,0.07518,59.3698,0.999865
1144.pgm,10000,65536,30752,46.9238,0.0599,0.076035,59.3207,0.999814
1145.pgm,10000,65536,20400,31.1279,0.03001,0.075958,59.3251,0.999735
1146.pgm,10000,65536,30400,46.3867,0.02892,0.076523,59.2929,0.999724
1147.pgm,10000,65536,25744,39.2822,0.03921,0.076599,59.2886,0.99983
1148.pgm,10000,65536,43264,66.0156,0.24093,0.07608,59.3181,0.99987
1.pgm,10000,65536,23952,36.5479,0.04494,0.077377,59.2447,0.999841
10.pgm,10000,65536,35296,53.8574,0.23994,0.075348,59.3601,0.99986
100.pgm,10000,65536,31616,48.2422,0.05847,0.077591,59.2327,0.999767
1000.pgm,10000,65536,27120,41.3818,0.02985,0.076569,59.2903,0.999877
10000.pgm,10000,65536,47728,72.8271,0.02873,0.076782,59.2782,0.99988
1001.pgm,10000,65536,12736,19.4336,0.02125,0.075882,59.3294,0.999704
1002.pgm,10000,65536,24144,36.8408,0.02611,0.077408,59.243,0.999901
1003.pgm,10000,65536,38816,59.2285,0.03621,0.075348,59.3601,0.999815
1004.pgm,10000,65536,13168,20.0928,0.23499,0.075317,59.3619,0.999829
1005.pgm,10000,65536,37152,56.6895,0.06978,0.077133,59.2584,0.999875
1006.pgm,10000,65536,62304,95.0684,0.03371,0.076355,59.3024,0.999976
1007.pgm,10000,65536,47536,72.5342,0.02704,0.077087,59.261,0.999874
1008.pgm,10000,65536,42144,64.3066,0.02485,0.075012,59.3795,0.99989
1009.pgm,10000,65536,37888,57.8125,0.02568,0.077362,59.2455,0.999845
101.pgm,10000,65536,55440,84.5947,0.03134,0.075287,59.3636,0.999905
1010.pgm,10000,65536,18096,27.6123,0.03584,0.075058,59.3768,0.99974
1011.pgm,10000,65536,27904,42.5781,0.22495,0.076859,59.2739,0.999849
1012.pgm,10000,65536,37120,56.6406,0.04578,0.07637,59.3016,0.999878
1013.pgm,10000,65536,37696,57.5195,0.02879,0.075821,59.3329,0.99988
1014.pgm,10000,65536,40112,61.2061,0.02496,0.076721,59.2817,0.999876
1015.pgm,10000,65536,39792,60.7178,0.02527,0.076096,59.3172,0.999855
1018.pgm,10000,65536,17168,26.1963,0.03688,0.077576,59.2335,0.999837
1019.pgm,10000,65536,31648,48.291,0.03894,0.077209,59.2541,0.999869
102.pgm,10000,65536,63584,97.0215,0.04703,0.077362,59.2455,0.999943
1020.pgm,10000,65536,35184,53.6865,0.20597,0.074799,59.3919,0.999874
1021.pgm,10000,65536,49776,75.9521,0.06769,0.076859,59.2739,0.99981
1022.pgm,10000,65536,50640,77.2705,0.03254,0.075348,59.3601,0.999732
1023.pgm,10000,65536,33248,50.7324,0.02488,0.076248,59.3085,0.999812
1024.pgm,10000,65536,49904,76.1475,0.0289,0.074997,59.3804,0.999865
1025.pgm,10000,65536,36144,55.1514,0.03057,0.075424,59.3557,0.999853
1026.pgm,10000,65536,25488,38.8916,0.07359,0.075287,59.3636,0.999868
1027.pgm,10000,65536,13424,20.4834,0.1038,0.076569,59.2903,0.999784
1028.pgm,10000,65536,26336,40.1855,0.03917,0.07634,59.3033,0.999793
1029.pgm,10000,65536,29168,44.5068,0.02946,0.076599,59.2886,0.999845
103.pgm,10000,65536,21648,33.0322,0.02692,0.07695,59.2687,0.999836
1030.pgm,10000,65536,18944,28.9062,0.029,0.075165,59.3707,0.999829
1031.pgm,10000,65536,10176,15.5273,0.04969,0.07634,59.3033,0.99982
1032.pgm,10000,65536,36128,55.127,0.1967,0.075775,59.3355,0.999927
1033.pgm,10000,65536,27008,41.2109,0.04149,0.076309,59.305,0.999841
1035.pgm,10000,65536,23312,35.5713,0.03227,0.076813,59.2765,0.999811
1036.pgm,10000,65536,36144,55.1514,0.0339,0.074982,59.3813,0.99976
1039.pgm,10000,65536,39824,60.7666,0.05421,0.078461,59.1843,0.999833
104.pgm,10000,65536,24368,37.1826,0.1818,0.076599,59.2886,0.999825
1040.pgm,10000,65536,35168,53.6621,0.04187,0.076172,59.3129,0.999902
1041.pgm,10000,65536,56624,86.4014,0.0348,0.075928,59.3268,0.999957
1042.pgm,10000,65536,12048,18.3838,0.02534,0.075211,59.368,0.999785
1043.pgm,10000,65536,33344,50.8789,0.02697,0.076599,59.2886,0.999851
1045.pgm,10000,65536,12224,18.6523,0.02455,0.076462,59.2964,0.999785
1046.pgm,10000,65536,14096,21.5088,0.0304,0.078171,59.2004,0.999659
1047.pgm,10000,65536,20320,31.0059,0.1947,0.074921,59.3848,0.999785
1048.pgm,10000,65536,20368,31.0791,0.05595,0.077591,59.2327,0.999801
1049.pgm,10000,65536,25824,39.4043,0.03017,0.075928,59.3268,0.999807
105.pgm,10000,65536,20992,32.0312,0.0241,0.076889,59.2722,0.999865
1050.pgm,10000,65536,59584,90.918,0.02626,0.075928,59.3268,0.999932
1051.pgm,10000,65536,13968,21.3135,0.02025,0.07724,59.2524,0.999662
1052.pgm,10000,65536,30816,47.0215,0.02995,0.076157,59.3137,0.99985
1053.pgm,10000,65536,17936,27.3682,0.03617,0.076675,59.2842,0.999794
1054.pgm,10000,65536,19744,30.127,0.13184,0.076355,59.3024,0.999776
1055.pgm,10000,65536,51552,78.6621,0.09007,0.07724,59.2524,0.999776
1056.pgm,10000,65536,17008,25.9521,0.03017,0.076843,59.2747,0.999768
1057.pgm,10000,65536,21200,32.3486,0.02499,0.075653,59.3425,0.999772
1058.pgm,10000,65536,13376,20.4102,0.03337,0.076263,59.3076,0.999768
1059.pgm,10000,65536,40080,61.1572,0.04978,0.076263,59.3076,0.999839
106.pgm,10000,65536,41040,62.6221,0.22835,0.077301,59.249,0.999871
1060.pgm,10000,65536,32640,49.8047,0.07797,0.076462,59.2964,0.999758
1061.pgm,10000,65536,45568,69.5312,0.0419,0.076126,59.3155,0.999785
1063.pgm,10000,65536,25648,39.1357,0.02853,0.076706,59.2825,0.999776
1064.pgm,10000,65536,41296,63.0127,0.02926,0.076309,59.305,0.999895
1065.pgm,10000,65536,37136,56.665,0.0353,0.077179,59.2558,0.999819
1066.pgm,10000,65536,12928,19.7266,0.13849,0.07695,59.2687,0.999771
1067.pgm,10000,65536,25056,38.2324,0.07773,0.077087,59.261,0.999844
1068.pgm,10000,65536,17248,26.3184,0.03744,0.076065,59.319,0.999891
1069.pgm,10000,65536,48320,73.7305,0.03305,0.0755,59.3513,0.999903
107.pgm,10000,65536,55072,84.0332,0.03196,0.076019,59.3216,0.999833
1070.pgm,10000,65536,52144,79.5654,0.03118,0.076248,59.3085,0.999876
1071.pgm,10000,65536,27568,42.0654,0.03499,0.07666,59.2851,0.999746
1072.pgm,10000,65536,12912,19.7021,0.22008,0.075562,59.3478,0.999614
1073.pgm,10000,65536,23952,36.5479,0.0503,0.075562,59.3478,0.99981
1074.pgm,10000,65536,36960,56.3965,0.03008,0.076233,59.3094,0.999884
1075.pgm,10000,65536,36192,55.2246,0.0282,0.077576,59.2335,0.999757
1076.pgm,10000,65536,18832,28.7354,0.03069,0.076843,59.2747,0.999783
1077.pgm,10000,65536,35648,54.3945,0.22325,0.07753,59.2361,0.999849
1078.pgm,10000,65536,18848,28.7598,0.05151,0.075089,59.3751,0.999758
1079.pgm,10000,65536,30224,46.1182,0.02799,0.075073,59.376,0.999807
108.pgm,10000,65536,56576,86.3281,0.04398,0.07782,59.2199,0.999929
1080.pgm,10000,65536,33488,51.0986,0.04776,0.076035,59.3207,0.999804
1081.pgm,10000,65536,34640,52.8564,0.21415,0.078094,59.2046,0.999892
1082.pgm,10000,65536,36640,55.9082,0.07861,0.07692,59.2704,0.999885
1083.pgm,10000,65536,44512,67.9199,0.03565,0.076065,59.319,0.999857
1084.pgm,10000,65536,22656,34.5703,0.02582,0.076736,59.2808,0.999793
1085.pgm,10000,65536,45152,68.8965,0.02777,0.077072,59.2618,0.99983
1086.pgm,10000,65536,12592,19.2139,0.0258,0.075851,59.3312,0.999821
1087.pgm,10000,65536,38928,59.3994,0.04772,0.076996,59.2661,0.999843
1088.pgm,10000,65536,16160,24.6582,0.19536,0.07637,59.3016,0.999811
1089.pgm,10000,65536,23408,35.7178,0.05745,0.076706,59.2825,0.999786
109.pgm,10000,65536,27520,41.9922,0.03135,0.077408,59.243,0.999856
1090.pgm,10000,65536,35536,54.2236,0.03076,0.07605,59.3198,0.999803
1092.pgm,10000,65536,31536,48.1201,0.09669,0.077621,59.231,0.999848
1094.pgm,10000,65536,38720,59.082,0.07819,0.076538,59.292,0.999706
1095.pgm,10000,65536,24464,37.3291,0.03218,0.076599,59.2886,0.999714
1096.pgm,10000,65536,23280,35.5225,0.02754,0.075897,59.3285,0.999881
1097.pgm,10000,65536,24416,37.2559,0.02504,0.076492,59.2946,0.999773
1098.pgm,10000,65536,31072,47.4121,0.02592,0.075287,59.3636,0.999832
1099.pgm,10000,65536,45152,68.8965,0.04037,0.075668,59.3417,0.999901
11.pgm,10000,65536,31472,48.0225,0.25372,0.076645,59.286,0.999836
110.pgm,10000,65536,43488,66.3574,0.06206,0.075272,59.3645,0.999907
1100.pgm,10000,65536,31440,47.9736,0.03085,0.076965,59.2679,0.99982
1102.pgm,10000,65536,15232,23.2422,0.02689,0.076126,59.3155,0.999868
1103.pgm,10000,65536,40912,62.4268,0.03107,0.076126,59.3155,0.999868
1104.pgm,10000,65536,48128,73.4375,0.04701,0.076111,59.3163,0.999671
1105.pgm,10000,65536,37040,56.5186,0.16208,0.075409,59.3566,0.999898
1106.pgm,10000,65536,23728,36.2061,0.03317,0.077972,59.2114,0.999817
1107.pgm,10000,65536,20496,31.2744,0.02614,0.075272,59.3645,0.999816
1108.pgm,10000,65536,29504,45.0195,0.02769,0.07695,59.2687,0.999812
1109.pgm,10000,65536,18432,28.125,0.02592,0.07515,59.3715,0.999867
111.pgm,10000,65536,35888,54.7607,0.03072,0.076599,59.2886,0.99988
1110.pgm,10000,65536,56448,86.1328,0.25923,0.076614,59.2877,0.99987
1111.pgm,10000,65536,24320,37.1094,0.06292,0.075684,59.3408,0.999746
1112.pgm,10000,65536,24880,37.9639,0.03081,0.075317,59.3619,0.999704
1113.pgm,10000,65536,23040,35.1562,0.02552,0.074081,59.4337,0.999885
1114.pgm,10000,65536,22416,34.2041,0.02412,0.076462,59.2964,0.999659
1115.pgm,10000,65536,51712,78.9062,0.0283,0.076202,59.3111,0.999784
1116.pgm,10000,65536,32928,50.2441,0.02992,0.076569,59.2903,0.999797
1117.pgm,10000,65536,36160,55.1758,0.26495,0.076279,59.3068,0.999884
1118.pgm,10000,65536,31408,47.9248,0.05781,0.076477,59.2955,0.999868
1119.pgm,10000,65536,55376,84.4971,0.03577,0.077484,59.2387,0.999913
112.pgm,10000,65536,29424,44.8975,0.02623,0.075928,59.3268,0.999862
1120.pgm,10000,65536,17680,26.9775,0.02464,0.077896,59.2156,0.999823
1121.pgm,10000,65536,50768,77.4658,0.03955,0.075775,59.3355,0.999879
1122.pgm,10000,65536,14832,22.6318,0.23916,0.074448,59.4123,0.999796
1123.pgm,10000,65536,46768,71.3623,0.04976,0.075378,59.3583,0.999877
1124.pgm,10000,65536,17024,25.9766,0.02774,0.07663,59.2868,0.999807
1125.pgm,10000,65536,10336,15.7715,0.02601,0.076614,59.2877,0.999757
1126.pgm,10000,65536,34480,52.6123,0.02923,0.076614,59.2877,0.999886
1127.pgm,10000,65536,24144,36.8408,0.03663,0.075485,59.3522,0.999835
1128.pgm,10000,65536,41760,63.7207,0.2374,0.077332,59.2472,0.999822
1129.pgm,10000,65536,15120,23.0713,0.05134,0.075058,59.3768,0.99971
113.pgm,10000,65536,25424,38.7939,0.02976,0.076813,59.2765,0.999794
1130.pgm,10000,65536,34256,52.2705,0.02801,0.07605,59.3198,0.999909
1131.pgm,10000,65536,33408,50.9766,0.02776,0.075562,59.3478,0.999839
1132.pgm,10000,65536,39840,60.791,0.03452,0.076218,59.3102,0.99989
1133.pgm,10000,65536,59616,90.9668,0.25703,0.076599,59.2886,0.999929
1134.pgm,10000,65536,29264,44.6533,0.05419,0.074234,59.4248,0.999871
1135.pgm,10000,65536,32032,48.877,0.02834,0.077118,59.2593,0.999824
1136.pgm,10000,65536,37984,57.959,0.02662,0.07782,59.2199,0.999696
1137.pgm,10000,65536,12592,19.2139,0.02436,0.077072,59.2618,0.999801
1138.pgm,10000,65536,24784,37.8174,0.03229,0.075134,59.3724,0.999822
1139.pgm,10000,65536,18336,27.9785,0.21485,0.075775,59.3355,0.999843
114.pgm,10000,65536,29952,45.7031,0.05394,0.076004,59.3224,0.999841
1140.pgm,10000,65536,34192,52.1729,0.02883,0.077362,59.2455,0.999877
1141.pgm,10000,65536,10688,16.3086,0.02389,0.076141,59.3146,0.999781
1142.pgm,10000,65536,16736,25.5371,0.0265,0.074875,59.3874,0.999851
1143.pgm,10000,65536,44608,68.0664,0.03944,0.077103,59.2601,0.999866
1144.pgm,10000,65536,30752,46.9238,0.21584,0.076019,59.3216,0.999815
1145.pgm,10000,65536,20400,31.1279,0.0508,0.075912,59.3277,0.999736
1146.pgm,10000,65536,30400,46.3867,0.0332,0.076141,59.3146,0.999724
1147.pgm,10000,65536,25744,39.2822,0.02688,0.075974,59.3242,0.999829
1148.pgm,10000,65536,43264,66.0156,0.03839,0.077255,59.2515,0.99987
1149.pgm,10000,65536,24672,37.6465,0.19083,0.075317,59.3619,0.999842
115.pgm,10000,65536,38176,58.252,0.06299,0.076187,59.312,0.999895
1150.pgm,10000,65536,17536,26.7578,0.02935,0.076447,59.2972,0.999817
1152.pgm,10000,65536,60352,92.0898,0.03028,0.075745,59.3373,0.999838
1153.pgm,10000,65536,22128,33.7646,0.02722,0.075897,59.3285,0.999809
1154.pgm,10000,65536,17312,26.416,0.10506,0.075989,59.3233,0.999769
1155.pgm,10000,65536,18544,28.2959,0.09364,0.076324,59.3042,0.999681
1156.pgm,10000,65536,59520,90.8203,0.04226,0.076172,59.3129,0.999854
1157.pgm,10000,65536,32320,49.3164,0.02985,0.077393,59.2438,0.999816
1159.pgm,10000,65536,44080,67.2607,0.03355,0.076248,59.3085,0.999832
1160.pgm,10000,65536,39920,60.9131,0.05466,0.076675,59.2842,0.999914
1161.pgm,10000,65536,14512,22.1436,0.1778,0.075714,59.339,0.999574
1162.pgm,10000,65536,10528,16.0645,0.04473,0.076019,59.3216,0.99982
1163.pgm,10000,65536,30736,46.8994,0.03187,0.074966,59.3821,0.999864
1164.pgm,10000,65536,35120,53.5889,0.02961,0.0755,59.3513,0.999867
1165.pgm,10000,65536,23328,35.5957,0.03062,0.077744,59.2242,0.999792
1166.pgm,10000,65536,22064,33.667,0.09436,0.075485,59.3522,0.999811
1167.pgm,10000,65536,26992,41.1865,0.09393,0.077423,59.2421,0.999873
1168.pgm,10000,65536,12432,18.9697,0.03246,0.07605,59.3198,0.999818
1169.pgm,10000,65536,57936,88.4033,0.03111,0.075897,59.3285,0.999791
117.pgm,10000,65536,41168,62.8174,0.02756,0.074188,59.4275,0.999861
1170.pgm,10000,65536,23808,36.3281,0.02635,0.076004,59.3224,0.999749
1171.pgm,10000,65536,21152,32.2754,0.0372,0.07605,59.3198,0.999895
1172.pgm,10000,65536,43248,65.9912,0.28119,0.075043,59.3777,0.999895
1173.pgm,10000,65536,26976,41.1621,0.06115,0.077347,59.2464,0.999812
1174.pgm,10000,65536,23408,35.7178,0.03243,0.076324,59.3042,0.999863
1175.pgm,10000,65536,46896,71.5576,0.03131,0.076538,59.292,0.999869
1176.pgm,10000,65536,32208,49.1455,0.02672,0.075302,59.3627,0.999846
1177.pgm,10000,65536,40240,61.4014,0.02922,0.075119,59.3733,0.999764
1178.pgm,10000,65536,18576,28.3447,0.03351,0.075409,59.3566,0.999843
1179.pgm,10000,65536,18144,27.6855,0.15919,0.076752,59.2799,0.999824
118.pgm,10000,65536,27664,42.2119,0.08313,0.075027,59.3786,0.999841
1180.pgm,10000,65536,14800,22.583,0.03432,0.076736,59.2808,0.9998
1181.pgm,10000,65536,32352,49.3652,0.02903,0.076157,59.3137,0.999819
1182.pgm,10000,65536,16160,24.6582,0.02555,0.075623,59.3443,0.999805
1183.pgm,10000,65536,20400,31.1279,0.03337,0.07579,59.3347,0.999763
1184.pgm,10000,65536,42480,64.8193,0.22865,0.07605,59.3198,0.999893
1185.pgm,10000,65536,36288,55.3711,0.05049,0.076019,59.3216,0.999849
1186.pgm,10000,65536,21808,33.2764,0.02867,0.076279,59.3068,0.999819
1187.pgm,10000,65536,13072,19.9463,0.02372,0.075592,59.346,0.99991
1188.pgm,10000,65536,18960,28.9307,0.02494,0.077225,59.2532,0.99973
1189.pgm,10000,65536,15760,24.0479,0.02804,0.076065,59.319,0.999819
119.pgm,10000,65536,14240,21.7285,0.21988,0.077499,59.2378,0.999811
1190.pgm,10000,65536,12496,19.0674,0.07852,0.075989,59.3233,0.999882
1191.pgm,10000,65536,24160,36.8652,0.03583,0.076157,59.3137,0.999803
1192.pgm,10000,65536,10640,16.2354,0.02786,0.077026,59.2644,0.999865
1193.pgm,10000,65536,59664,91.04,0.03336,0.07663,59.2868,0.99953
1195.pgm,10000,65536,52576,80.2246,0.04387,0.077454,59.2404,0.999853
1196.pgm,10000,65536,51088,77.9541,0.26764,0.074799,59.3919,0.99987
1197.pgm,10000,65536,37632,57.4219,0.03099,0.076492,59.2946,0.999857
1199.pgm,10000,65536,44800,68.3594,0.02969,0.074829,59.3901,0.999837
12.pgm,10000,65536,30368,46.3379,0.0261,0.075714,59.339,0.999791
120.pgm,10000,65536,55520,84.7168,0.03764,0.075882,59.3294,0.999903
1200.pgm,10000,65536,19552,29.834,0.18843,0.076233,59.3094,0.999723
1201.pgm,10000,65536,33680,51.3916,0.08658,0.076553,59.2912,0.999898
1202.pgm,10000,65536,37728,57.5684,0.0389,0.076813,59.2765,0.999846
1203.pgm,10000,65536,46944,71.6309,0.03469,0.077454,59.2404,0.99985
1204.pgm,10000,65536,23584,35.9863,0.03781,0.076248,59.3085,0.999819
1.pgm,10000,65536,23952,36.5479,0.02324,0.076141,59.3146,0.999846
10.pgm,10000,65536,35296,53.8574,0.02683,0.077469,59.2395,0.999855
100.pgm,10000,65536,31616,48.2422,0.0368,0.076492,59.2946,0.99977
1000.pgm,10000,65536,27120,41.3818,0.24275,0.076447,59.2972,0.999878
10000.pgm,10000,65536,47728,72.8271,0.0717,0.077103,59.2601,0.999878
1001.pgm,10000,65536,12736,19.4336,0.02782,0.075714,59.339,0.999702
1002.pgm,10000,65536,24144,36.8408,0.02888,0.076218,59.3102,0.999901
1003.pgm,10000,65536,38816,59.2285,0.03323,0.076599,59.2886,0.999813
1004.pgm,10000,65536,13168,20.0928,0.03869,0.07605,59.3198,0.999831
1005.pgm,10000,65536,37152,56.6895,0.22897,0.076248,59.3085,0.999877
1006.pgm,10000,65536,62304,95.0684,0.06204,0.076584,59.2894,0.999977
1007.pgm,10000,65536,47536,72.5342,0.03431,0.076981,59.267,0.999872
1008.pgm,10000,65536,42144,64.3066,0.02977,0.0755,59.3513,0.999897
1009.pgm,10000,65536,37888,57.8125,0.02823,0.076492,59.2946,0.999849
101.pgm,10000,65536,55440,84.5947,0.03228,0.076721,59.2817,0.999903
1010.pgm,10000,65536,18096,27.6123,0.08642,0.074463,59.4114,0.999745
1011.pgm,10000,65536,27904,42.5781,0.09632,0.075974,59.3242,0.999854
1012.pgm,10000,65536,37120,56.6406,0.03697,0.075531,59.3496,0.999879
1013.pgm,10000,65536,37696,57.5195,0.02935,0.076569,59.2903,0.99988
1014.pgm,10000,65536,40112,61.2061,0.02888,0.077759,59.2233,0.999876
1015.pgm,10000,65536,39792,60.7178,0.02967,0.076309,59.305,0.999854
1018.pgm,10000,65536,17168,26.1963,0.08818,0.076035,59.3207,0.99984
1019.pgm,10000,65536,31648,48.291,0.12446,0.076645,59.286,0.999874
102.pgm,10000,65536,63584,97.0215,0.03997,0.077576,59.2335,0.999943
1020.pgm,10000,65536,35184,53.6865,0.02642,0.075882,59.3294,0.99987
1021.pgm,10000,65536,49776,75.9521,0.02713,0.077225,59.2532,0.999813
1022.pgm,10000,65536,50640,77.2705,0.02664,0.074234,59.4248,0.999733
1023.pgm,10000,65536,33248,50.7324,0.02613,0.07634,59.3033,0.999814
1024.pgm,10000,65536,49904,76.1475,0.06325,0.077133,59.2584,0.999859
1025.pgm,10000,65536,36144,55.1514,0.13639,0.076965,59.2679,0.999853
1026.pgm,10000,65536,25488,38.8916,0.03647,0.075775,59.3355,0.999868
1027.pgm,10000,65536,13424,20.4834,0.02439,0.076218,59.3102,0.999784
1028.pgm,10000,65536,26336,40.1855,0.02313,0.076111,59.3163,0.999792
1029.pgm,10000,65536,29168,44.5068,0.02142,0.076019,59.3216,0.999845
103.pgm,10000,65536,21648,33.0322,0.0233,0.076096,59.3172,0.999836
1030.pgm,10000,65536,18944,28.9062,0.02545,0.076248,59.3085,0.99983
1031.pgm,10000,65536,10176,15.5273,0.02859,0.07785,59.2182,0.999818
1032.pgm,10000,65536,36128,55.127,0.04051,0.076233,59.3094,0.999926
1033.pgm,10000,65536,27008,41.2109,0.22286,0.076675,59.2842,0.999839
1035.pgm,10000,65536,23312,35.5713,0.04942,0.076035,59.3207,0.999812
1036.pgm,10000,65536,36144,55.1514,0.03182,0.077576,59.2335,0.99976
1039.pgm,10000,65536,39824,60.7666,0.03006,0.076202,59.3111,0.999841
104.pgm,10000,65536,24368,37.1826,0.03688,0.076065,59.319,0.999825
1040.pgm,10000,65536,35168,53.6621,0.24562,0.075699,59.3399,0.999901
1041.pgm,10000,65536,56624,86.4014,0.06388,0.075317,59.3619,0.999957
1042.pgm,10000,65536,12048,18.3838,0.02838,0.077087,59.261,0.999781
1043.pgm,10000,65536,33344,50.8789,0.02715,0.077469,59.2395,0.99985
1045.pgm,10000,65536,12224,18.6523,0.02347,0.077103,59.2601,0.999783
1046.pgm,10000,65536,14096,21.5088,0.02241,0.076935,59.2696,0.999666
1047.pgm,10000,65536,20320,31.0059,0.02334,0.076935,59.2696,0.999778
1048.pgm,10000,65536,20368,31.0791,0.02366,0.076447,59.2972,0.9998
1049.pgm,10000,65536,25824,39.4043,0.04068,0.07576,59.3364,0.999806
105.pgm,10000,65536,20992,32.0312,0.222,0.076721,59.2817,0.999863
1050.pgm,10000,65536,59584,90.918,0.04704,0.076324,59.3042,0.999931
1051.pgm,10000,65536,13968,21.3135,0.02616,0.076584,59.2894,0.999664
1052.pgm,10000,65536,30816,47.0215,0.02494,0.076141,59.3146,0.999848
1053.pgm,10000,65536,17936,27.3682,0.02361,0.077133,59.2584,0.999795
1054.pgm,10000,65536,19744,30.127,0.02326,0.076309,59.305,0.999775
1055.pgm,10000,65536,51552,78.6621,0.08183,0.076935,59.2696,0.999784
1056.pgm,10000,65536,17008,25.9521,0.15651,0.076019,59.3216,0.999771
1057.pgm,10000,65536,21200,32.3486,0.04556,0.077209,59.2541,0.999767
1058.pgm,10000,65536,13376,20.4102,0.02701,0.076126,59.3155,0.999767
1059.pgm,10000,65536,40080,61.1572,0.02793,0.075409,59.3566,0.999845
106.pgm,10000,65536,41040,62.6221,0.02584,0.07515,59.3715,0.999874
1060.pgm,10000,65536,32640,49.8047,0.02486,0.076614,59.2877,0.999758
1061.pgm,10000,65536,45568,69.5312,0.03821,0.075912,59.3277,0.999787
1063.pgm,10000,65536,25648,39.1357,0.18756,0.075302,59.3627,0.999782
1064.pgm,10000,65536,41296,63.0127,0.06206,0.075623,59.3443,0.999897
1065.pgm,10000,65536,37136,56.665,0.03089,0.074875,59.3874,0.999822
1066.pgm,10000,65536,12928,19.7266,0.02353,0.076431,59.2981,0.99977
1067.pgm,10000,65536,25056,38.2324,0.02347,0.078171,59.2004,0.999843
1068.pgm,10000,65536,17248,26.3184,0.02217,0.075745,59.3373,0.999888
1069.pgm,10000,65536,48320,73.7305,0.02753,0.076508,59.2938,0.999901
107.pgm,10000,65536,55072,84.0332,0.03155,0.077103,59.2601,0.999832
1070.pgm,10000,65536,52144,79.5654,0.04418,0.075821,59.3329,0.999876
1071.pgm,10000,65536,27568,42.0654,0.21091,0.076813,59.2765,0.999745
1072.pgm,10000,65536,12912,19.7021,0.04667,0.076416,59.299,0.999613
1073.pgm,10000,65536,23952,36.5479,0.0306,0.076492,59.2946,0.999806
1074.pgm,10000,65536,36960,56.3965,0.029,0.077026,59.2644,0.999884
1075.pgm,10000,65536,36192,55.2246,0.03268,0.075897,59.3285,0.999759
1076.pgm,10000,65536,18832,28.7354,0.03049,0.076172,59.3129,0.999787
1077.pgm,10000,65536,35648,54.3945,0.03475,0.07518,59.3698,0.999852
1078.pgm,10000,65536,18848,28.7598,0.04137,0.076874,59.273,0.999751
1079.pgm,10000,65536,30224,46.1182,0.21846,0.077576,59.2335,0.999797
108.pgm,10000,65536,56576,86.3281,0.04256,0.076782,59.2782,0.999929
1080.pgm,10000,65536,33488,51.0986,0.02618,0.076477,59.2955,0.999804
1081.pgm,10000,65536,34640,52.8564,0.02293,0.074722,59.3963,0.999895
1082.pgm,10000,65536,36640,55.9082,0.02155,0.077118,59.2593,0.999884
1083.pgm,10000,65536,44512,67.9199,0.02247,0.076202,59.3111,0.999856
1084.pgm,10000,65536,22656,34.5703,0.02354,0.075806,59.3338,0.99979
1085.pgm,10000,65536,45152,68.8965,0.05376,0.075821,59.3329,0.999839
1086.pgm,10000,65536,12592,19.2139,0.17424,0.077576,59.2335,0.999816
1087.pgm,10000,65536,38928,59.3994,0.04158,0.075317,59.3619,0.999844
1088.pgm,10000,65536,16160,24.6582,0.02565,0.075104,59.3742,0.999812
1089.pgm,10000,65536,23408,35.7178,0.02365,0.076675,59.2842,0.999788
109.pgm,10000,65536,27520,41.9922,0.02536,0.076233,59.3094,0.999855
1090.pgm,10000,65536,35536,54.2236,0.02914,0.076874,59.273,0.999803
1092.pgm,10000,65536,31536,48.1201,0.03778,0.076935,59.2696,0.999851
1094.pgm,10000,65536,38720,59.082,0.25507,0.076385,59.3007,0.999709
1095.pgm,10000,65536,24464,37.3291,0.04246,0.075302,59.3627,0.99972
1096.pgm,10000,65536,23280,35.5225,0.02723,0.076477,59.2955,0.999878
1097.pgm,10000,65536,24416,37.2559,0.02379,0.0755,59.3513,0.999777
1098.pgm,10000,65536,31072,47.4121,0.02304,0.076675,59.2842,0.999828
1099.pgm,10000,65536,45152,68.8965,0.026,0.07489,59.3866,0.999903
11.pgm,10000,65536,31472,48.0225,0.03244,0.07576,59.3364,0.999838
110.pgm,10000,65536,43488,66.3574,0.2467,0.076218,59.3102,0.999904
1100.pgm,10000,65536,31440,47.9736,0.04144,0.076324,59.3042,0.999819
1102.pgm,10000,65536,15232,23.2422,0.02634,0.075714,59.339,0.999869
1103.pgm,10000,65536,40912,62.4268,0.02881,0.07518,59.3698,0.999868
1104.pgm,10000,65536,48128,73.4375,0.02995,0.075562,59.3478,0.999678
1105.pgm,10000,65536,37040,56.5186,0.03817,0.077896,59.2156,0.999895
1106.pgm,10000,65536,23728,36.2061,0.23514,0.07518,59.3698,0.999821
1107.pgm,10000,65536,20496,31.2744,0.05287,0.076248,59.3085,0.999813
1108.pgm,10000,65536,29504,45.0195,0.03266,0.076767,59.2791,0.999814
1109.pgm,10000,65536,18432,28.125,0.02877,0.077301,59.249,0.999861
111.pgm,10000,65536,35888,54.7607,0.04405,0.076599,59.2886,0.999881
1110.pgm,10000,65536,56448,86.1328,0.23585,0.077103,59.2601,0.999869
1111.pgm,10000,65536,24320,37.1094,0.04036,0.075378,59.3583,0.999747
1112.pgm,10000,65536,24880,37.9639,0.02987,0.075912,59.3277,0.999698
1113.pgm,10000,65536,23040,35.1562,0.02596,0.076157,59.3137,0.999883
1114.pgm,10000,65536,22416,34.2041,0.02456,0.076492,59.2946,0.999659
1115.pgm,10000,65536,51712,78.9062,0.0492,0.076584,59.2894,0.999781
1116.pgm,10000,65536,32928,50.2441,0.19685,0.076981,59.267,0.999802
1117.pgm,10000,65536,36160,55.1758,0.0369,0.075897,59.3285,0.999882
1118.pgm,10000,65536,31408,47.9248,0.02759,0.076294,59.3059,0.999869
1119.pgm,10000,65536,55376,84.4971,0.03186,0.07756,59.2344,0.999909
112.pgm,10000,65536,29424,44.8975,0.09024,0.076813,59.2765,0.999863
1120.pgm,10000,65536,17680,26.9775,0.1069,0.076981,59.267,0.999823
1121.pgm,10000,65536,50768,77.4658,0.03966,0.076492,59.2946,0.999881
1122.pgm,10000,65536,14832,22.6318,0.0247,0.076675,59.2842,0.999793
1123.pgm,10000,65536,46768,71.3623,0.02906,0.07663,59.2868,0.999875
1124.pgm,10000,65536,17024,25.9766,0.02955,0.075027,59.3786,0.999808
1125.pgm,10000,65536,10336,15.7715,0.2886,0.077362,59.2455,0.999756
1126.pgm,10000,65536,34480,52.6123,0.0805,0.076126,59.3155,0.999886
1127.pgm,10000,65536,24144,36.8408,0.03119,0.075867,59.3303,0.999834
1128.pgm,10000,65536,41760,63.7207,0.03028,0.074341,59.4185,0.999827
1129.pgm,10000,65536,15120,23.0713,0.02891,0.077225,59.2532,0.9997
113.pgm,10000,65536,25424,38.7939,0.23609,0.076813,59.2765,0.999795
1130.pgm,10000,65536,34256,52.2705,0.08797,0.075851,59.3312,0.999908
1131.pgm,10000,65536,33408,50.9766,0.03906,0.076233,59.3094,0.999839
1132.pgm,10000,65536,39840,60.791,0.03057,0.077118,59.2593,0.999889
1133.pgm,10000,65536,59616,90.9668,0.02994,0.076416,59.299,0.999929
1134.pgm,10000,65536,29264,44.6533,0.02602,0.076477,59.2955,0.999864
1135.pgm,10000,65536,32032,48.877,0.0343,0.07637,59.3016,0.999829
1136.pgm,10000,65536,37984,57.959,0.23854,0.076111,59.3163,0.999705
1137.pgm,10000,65536,12592,19.2139,0.05567,0.07637,59.3016,0.999803
1138.pgm,10000,65536,24784,37.8174,0.03336,0.076126,59.3155,0.999822
1139.pgm,10000,65536,18336,27.9785,0.02657,0.076157,59.3137,0.999841
114.pgm,10000,65536,29952,45.7031,0.02711,0.077179,59.2558,0.999842
1140.pgm,10000,65536,34192,52.1729,0.02886,0.076645,59.286,0.999872
1141.pgm,10000,65536,10688,16.3086,0.03328,0.076355,59.3024,0.999782
1142.pgm,10000,65536,16736,25.5371,0.06678,0.077087,59.261,0.999847
1143.pgm,10000,65536,44608,68.0664,0.21077,0.077271,59.2507,0.999864
1144.pgm,10000,65536,30752,46.9238,0.03547,0.076187,59.312,0.999816
1145.pgm,10000,65536,20400,31.1279,0.02609,0.074417,59.4141,0.999741
1146.pgm,10000,65536,30400,46.3867,0.02511,0.075989,59.3233,0.999727
1147.pgm,10000,65536,25744,39.2822,0.02742,0.076385,59.3007,0.999827
1148.pgm,10000,65536,43264,66.0156,0.21167,0.078125,59.2029,0.999865
1149.pgm,10000,65536,24672,37.6465,0.06384,0.075821,59.3329,0.999842
115.pgm,10000,65536,38176,58.252,0.03385,0.075943,59.3259,0.9999
1150.pgm,10000,65536,17536,26.7578,0.02521,0.077271,59.2507,0.999811
1152.pgm,10000,65536,60352,92.0898,0.02907,0.07637,59.3016,0.999836
1153.pgm,10000,65536,22128,33.7646,0.02664,0.076019,59.3216,0.999809
1154.pgm,10000,65536,17312,26.416,0.03626,0.077301,59.249,0.999764
1155.pgm,10000,65536,18544,28.2959,0.25018,0.076614,59.2877,0.999678
1156.pgm,10000,65536,59520,90.8203,0.05147,0.077209,59.2541,0.999851
1157.pgm,10000,65536,32320,49.3164,0.02914,0.075882,59.3294,0.99982
1159.pgm,10000,65536,44080,67.2607,0.0283,0.076599,59.2886,0.999832
1160.pgm,10000,65536,39920,60.9131,0.02582,0.075974,59.3242,0.999912
1161.pgm,10000,65536,14512,22.1436,0.02437,0.07692,59.2704,0.999562
1162.pgm,10000,65536,10528,16.0645,0.03877,0.076019,59.3216,0.999818
1163.pgm,10000,65536,30736,46.8994,0.23451,0.075226,59.3671,0.999862
1164.pgm,10000,65536,35120,53.5889,0.04462,0.077026,59.2644,0.999864
1165.pgm,10000,65536,23328,35.5957,0.02833,0.075958,59.3251,0.9998
1166.pgm,10000,65536,22064,33.667,0.02432,0.075699,59.3399,0.99981
1167.pgm,10000,65536,26992,41.1865,0.02776,0.075607,59.3452,0.999874
1168.pgm,10000,65536,12432,18.9697,0.03073,0.077316,59.2481,0.999817
1169.pgm,10000,65536,57936,88.4033,0.22929,0.075592,59.346,0.999792
117.pgm,10000,65536,41168,62.8174,0.06418,0.077271,59.2507,0.999849
1170.pgm,10000,65536,23808,36.3281,0.03053,0.076111,59.3163,0.999744
1171.pgm,10000,65536,21152,32.2754,0.02613,0.076904,59.2713,0.999892
1172.pgm,10000,65536,43248,65.9912,0.03269,0.076126,59.3155,0.99989
1173.pgm,10000,65536,26976,41.1621,0.20497,0.077499,59.2378,0.999811
1174.pgm,10000,65536,23408,35.7178,0.07143,0.076965,59.2679,0.999862
1175.pgm,10000,65536,46896,71.5576,0.03563,0.076294,59.3059,0.99987
1176.pgm,10000,65536,32208,49.1455,0.02564,0.077087,59.261,0.999842
1177.pgm,10000,65536,40240,61.4014,0.03053,0.078201,59.1987,0.99975
1178.pgm,10000,65536,18576,28.3447,0.0321,0.076736,59.2808,0.99984
1179.pgm,10000,65536,18144,27.6855,0.07021,0.075912,59.3277,0.999824
118.pgm,10000,65536,27664,42.2119,0.12404,0.074524,59.4078,0.99984
1180.pgm,10000,65536,14800,22.583,0.03409,0.076248,59.3085,0.999803
1181.pgm,10000,65536,32352,49.3652,0.02865,0.077499,59.2378,0.999815
1182.pgm,10000,65536,16160,24.6582,0.02356,0.076065,59.319,0.999801
1183.pgm,10000,65536,20400,31.1279,0.02629,0.075195,59.3689,0.999764
1184.pgm,10000,65536,42480,64.8193,0.0677,0.077438,59.2412,0.999891
1185.pgm,10000,65536,36288,55.3711,0.14248,0.076187,59.312,0.999852
1186.pgm,10000,65536,21808,33.2764,0.0394,0.076859,59.2739,0.999821
1187.pgm,10000,65536,13072,19.9463,0.0255,0.076157,59.3137,0.999907
1188.pgm,10000,65536,18960,28.9307,0.0237,0.075912,59.3277,0.999738
1189.pgm,10000,65536,15760,24.0479,0.02144,0.074524,59.4078,0.999825
119.pgm,10000,65536,14240,21.7285,0.02137,0.078461,59.1843,0.999806
1190.pgm,10000,65536,12496,19.0674,0.02288,0.076096,59.3172,0.999882
1191.pgm,10000,65536,24160,36.8652,0.03211,0.076187,59.312,0.999799
1192.pgm,10000,65536,10640,16.2354,0.2197,0.077179,59.2558,0.999862
1193.pgm,10000,65536,59664,91.04,0.0721,0.075562,59.3478,0.999539
1195.pgm,10000,65536,52576,80.2246,0.03378,0.075333,59.361,0.999855
1196.pgm,10000,65536,51088,77.9541,0.02822,0.07518,59.3698,0.999869
1197.pgm,10000,65536,37632,57.4219,0.02466,0.074905,59.3857,0.999859
1199.pgm,10000,65536,44800,68.3594,0.02852,0.075867,59.3303,0.999833
12.pgm,10000,65536,30368,46.3379,0.02866,0.076385,59.3007,0.999792
120.pgm,10000,65536,55520,84.7168,0.08577,0.077774,59.2225,0.9999
1200.pgm,10000,65536,19552,29.834,0.12875,0.076981,59.267,0.999722
1201.pgm,10000,65536,33680,51.3916,0.04123,0.074356,59.4176,0.999901
1202.pgm,10000,65536,37728,57.5684,0.03068,0.075378,59.3583,0.999849
1203.pgm,10000,65536,46944,71.6309,0.02874,0.075211,59.368,0.999856
1204.pgm,10000,65536,23584,35.9863,0.02574,0.076309,59.305,0.999817
1205.pgm,10000,65536,21088,32.1777,0.03304,0.075485,59.3522,0.999814
1206.pgm,10000,65536,43472,66.333,0.08537,0.077347,59.2464,0.999851
1207.pgm,10000,65536,36784,56.1279,0.15887,0.076248,59.3085,0.999869
1208.pgm,10000,65536,18368,28.0273,0.03691,0.076294,59.3059,0.999854
1209.pgm,10000,65536,54592,83.3008,0.03333,0.075638,59.3434,0.999872
121.pgm,10000,65536,23856,36.4014,0.02454,0.076279,59.3068,0.999867
1210.pgm,10000,65536,19488,29.7363,0.02397,0.077011,59.2653,0.999803
1211.pgm,10000,65536,18096,27.6123,0.03212,0.075607,59.3452,0.999844
1213.pgm,10000,65536,10992,16.7725,0.04054,0.07579,59.3347,0.999553
1214.pgm,10000,65536,28848,44.0186,0.19046,0.076141,59.3146,0.999806
1215.pgm,10000,65536,51536,78.6377,0.05671,0.076843,59.2747,0.999916
1216.pgm,10000,65536,20384,31.1035,0.02667,0.074631,59.4016,0.999885
1217.pgm,10000,65536,30432,46.4355,0.02505,0.077057,59.2627,0.999707
1218.pgm,10000,65536,26784,40.8691,0.02313,0.076843,59.2747,0.999877
122.pgm,10000,65536,23312,35.5713,0.0233,0.07634,59.3033,0.99974
1221.pgm,10000,65536,57136,87.1826,0.02969,0.076523,59.2929,0.999931
1222.pgm,10000,65536,21200,32.3486,0.03859,0.075241,59.3663,0.999807
1223.pgm,10000,65536,29616,45.1904,0.23703,0.076508,59.2938,0.999855
1224.pgm,10000,65536,30336,46.2891,0.041,0.07608,59.3181,0.999844
1225.pgm,10000,65536,29104,44.4092,0.0279,0.077026,59.2644,0.999888
1226.pgm,10000,65536,24032,36.6699,0.02441,0.077423,59.2421,0.999777
1227.pgm,10000,65536,18000,27.4658,0.02229,0.077042,59.2635,0.999869
1228.pgm,10000,65536,19232,29.3457,0.02191,0.076385,59.3007,0.999698
1229.pgm,10000,65536,36720,56.0303,0.02548,0.076096,59.3172,0.999823
123.pgm,10000,65536,28832,43.9941,0.03091,0.076401,59.2998,0.999747
1230.pgm,10000,65536,50352,76.8311,0.21727,0.076584,59.2894,0.99986
1231.pgm,10000,65536,13072,19.9463,0.06563,0.076248,59.3085,0.999709
1232.pgm,10000,65536,47456,72.4121,0.03746,0.076462,59.2964,0.999867
1234.pgm,10000,65536,38432,58.6426,0.02976,0.075546,59.3487,0.999916
1235.pgm,10000,65536,22576,34.4482,0.03962,0.074936,59.3839,0.99984
1236.pgm,10000,65536,23616,36.0352,0.22093,0.075241,59.3663,0.999847
1237.pgm,10000,65536,20912,31.9092,0.04808,0.075226,59.3671,0.999849
1238.pgm,10000,65536,32800,50.0488,0.03212,0.075195,59.3689,0.99987
1239.pgm,10000,65536,22752,34.7168,0.03005,0.077072,59.2618,0.999828
124.pgm,10000,65536,20960,31.9824,0.03935,0.075851,59.3312,0.999894
1240.pgm,10000,65536,19776,30.1758,0.21564,0.07753,59.2361,0.99975
1241.pgm,10000,65536,29744,45.3857,0.05986,0.076889,59.2722,0.999878
1242.pgm,10000,65536,42608,65.0146,0.03545,0.075699,59.3399,0.999797
1243.pgm,10000,65536,10080,15.3809,0.02832,0.075562,59.3478,0.999786
1244.pgm,10000,65536,48624,74.1943,0.03693,0.07785,59.2182,0.999824
1245.pgm,10000,65536,29520,45.0439,0.19488,0.074554,59.4061,0.999877
1246.pgm,10000,65536,34160,52.124,0.07825,0.076675,59.2842,0.999799
1247.pgm,10000,65536,10592,16.1621,0.03102,0.076385,59.3007,0.999832
1248.pgm,10000,65536,21184,32.3242,0.02915,0.077179,59.2558,0.99982
1249.pgm,10000,65536,38768,59.1553,0.03261,0.076004,59.3224,0.99985
125.pgm,10000,65536,31680,48.3398,0.11829,0.075378,59.3583,0.999859
1250.pgm,10000,65536,18400,28.0762,0.11823,0.076355,59.3024,0.999798
1251.pgm,10000,65536,46480,70.9229,0.04297,0.075943,59.3259,0.99972
1253.pgm,10000,65536,18816,28.7109,0.03048,0.076462,59.2964,0.999825
1254.pgm,10000,65536,36560,55.7861,0.03349,0.076569,59.2903,0.999844
1255.pgm,10000,65536,24752,37.7686,0.03396,0.076187,59.312,0.999857
1256.pgm,10000,65536,26720,40.7715,0.10413,0.076218,59.3102,0.999851
1257.pgm,10000,65536,42304,64.5508,0.08219,0.07637,59.3016,0.999819
1258.pgm,10000,65536,36624,55.8838,0.03225,0.077042,59.2635,0.99989
1259.pgm,10000,65536,22032,33.6182,0.02553,0.075409,59.3566,0.999857
126.pgm,10000,65536,55328,84.4238,0.03492,0.076782,59.2782,0.999881
1260.pgm,10000,65536,52432,80.0049,0.08543,0.075027,59.3786,0.999879
1261.pgm,10000,65536,56192,85.7422,0.13846,0.07692,59.2704,0.999925
1262.pgm,10000,65536,14848,22.6562,0.03562,0.075592,59.346,0.999775
1263.pgm,10000,65536,49344,75.293,0.03127,0.07724,59.2524,0.999896
1264.pgm,10000,65536,27792,42.4072,0.02694,0.075714,59.339,0.999892
1265.pgm,10000,65536,39872,60.8398,0.10273,0.076477,59.2955,0.999865
1266.pgm,10000,65536,46368,70.752,0.12687,0.076279,59.3068,0.999866
1267.pgm,10000,65536,41840,63.8428,0.03925,0.076263,59.3076,0.999845
1269.pgm,10000,65536,35088,53.54,0.0287,0.07547,59.3531,0.999862
127.pgm,10000,65536,23408,35.7178,0.02746,0.075989,59.3233,0.999874
1270.pgm,10000,65536,54848,83.6914,0.04536,0.078217,59.1978,0.999907
1271.pgm,10000,65536,42544,64.917,0.21438,0.075592,59.346,0.999841
1272.pgm,10000,65536,62016,94.6289,0.04555,0.077438,59.2412,0.999944
1274.pgm,10000,65536,58144,88.7207,0.03083,0.076675,59.2842,0.999821
1275.pgm,10000,65536,30864,47.0947,0.02622,0.075562,59.3478,0.999834
1276.pgm,10000,65536,38624,58.9355,0.04019,0.076843,59.2747,0.999868
1277.pgm,10000,65536,33616,51.2939,0.22417,0.076584,59.2894,0.999839
1278.pgm,10000,65536,14688,22.4121,0.05006,0.076752,59.2799,0.999849
1279.pgm,10000,65536,17936,27.3682,0.02903,0.076553,59.2912,0.999743
128.pgm,10000,65536,11376,17.3584,0.02668,0.074493,59.4096,0.999755
1280.pgm,10000,65536,14352,21.8994,0.06253,0.075958,59.3251,0.999828
1281.pgm,10000,65536,61584,93.9697,0.15961,0.075439,59.3548,0.999857
1282.pgm,10000,65536,10576,16.1377,0.03107,0.075867,59.3303,0.999871
1283.pgm,10000,65536,25088,38.2812,0.02925,0.07605,59.3198,0.999818
1284.pgm,10000,65536,52608,80.2734,0.03204,0.076477,59.2955,0.999878
1285.pgm,10000,65536,26880,41.0156,0.03098,0.076279,59.3068,0.999866
1286.pgm,10000,65536,24192,36.9141,0.13048,0.0755,59.3513,0.999855
1287.pgm,10000,65536,24240,36.9873,0.09336,0.07576,59.3364,0.999879
1288.pgm,10000,65536,41824,63.8184,0.04336,0.075821,59.3329,0.999848
1289.pgm,10000,65536,55728,85.0342,0.03607,0.077332,59.2472,0.999906
129.pgm,10000,65536,21664,33.0566,0.03267,0.076202,59.3111,0.99983
1290.pgm,10000,65536,46672,71.2158,0.24047,0.076477,59.2955,0.999776
1291.pgm,10000,65536,28304,43.1885,0.05628,0.076736,59.2808,0.999834
1292.pgm,10000,65536,50304,76.7578,0.03467,0.075638,59.3434,0.999861
1293.pgm,10000,65536,18832,28.7354,0.02583,0.076599,59.2886,0.999831
1294.pgm,10000,65536,24496,37.3779,0.02896,0.075424,59.3557,0.999803
1295.pgm,10000,65536,36640,55.9082,0.1991,0.07579,59.3347,0.999873
1296.pgm,10000,65536,47664,72.7295,0.08123,0.07782,59.2199,0.999863
1297.pgm,10000,65536,38448,58.667,0.03177,0.075485,59.3522,0.99975
1298.pgm,10000,65536,26368,40.2344,0.02622,0.078506,59.1817,0.999851
1299.pgm,10000,65536,20560,31.3721,0.02346,0.076797,59.2773,0.999826
13.pgm,10000,65536,43904,66.9922,0.02895,0.076157,59.3137,0.999864
130.pgm,10000,65536,18192,27.7588,0.0387,0.075912,59.3277,0.999767
1300.pgm,10000,65536,23216,35.4248,0.16379,0.076096,59.3172,0.999754
1301.pgm,10000,65536,36480,55.6641,0.03924,0.077515,59.237,0.999856
1302.pgm,10000,65536,45664,69.6777,0.04647,0.076157,59.3137,0.99985
1303.pgm,10000,65536,40736,62.1582,0.04559,0.078323,59.1919,0.999902
1304.pgm,10000,65536,31712,48.3887,0.27597,0.077576,59.2335,0.999697
1305.pgm,10000,65536,39008,59.5215,0.06111,0.076859,59.2739,0.999851
1306.pgm,10000,65536,30256,46.167,0.03183,0.076553,59.2912,0.99978
1307.pgm,10000,65536,51536,78.6377,0.03646,0.07576,59.3364,0.999769
1308.pgm,10000,65536,35856,54.7119,0.04934,0.076721,59.2817,0.999847
1309.pgm,10000,65536,36656,55.9326,0.1776,0.076477,59.2955,0.999871
131.pgm,10000,65536,20752,31.665,0.04567,0.075882,59.3294,0.999609
1310.pgm,10000,65536,23632,36.0596,0.03731,0.076706,59.2825,0.999799
1311.pgm,10000,65536,23248,35.4736,0.04213,0.07637,59.3016,0.999656
1312.pgm,10000,65536,22592,34.4727,0.23301,0.076294,59.3059,0.999831
1313.pgm,10000,65536,10752,16.4062,0.0466,0.076721,59.2817,0.999817
1314.pgm,10000,65536,24304,37.085,0.03005,0.076859,59.2739,0.999825
1315.pgm,10000,65536,60448,92.2363,0.03301,0.076248,59.3085,0.99986
1316.pgm,10000,65536,20368,31.0791,0.03099,0.076202,59.3111,0.999802
1317.pgm,10000,65536,27392,41.7969,0.23368,0.075836,59.332,0.999867
1318.pgm,10000,65536,36848,56.2256,0.06995,0.076035,59.3207,0.999914
1319.pgm,10000,65536,40720,62.1338,0.03547,0.075394,59.3575,0.999853
132.pgm,10000,65536,28336,43.2373,0.02969,0.076385,59.3007,0.999805
1320.pgm,10000,65536,35216,53.7354,0.05033,0.075882,59.3294,0.999778
1321.pgm,10000,65536,17072,26.0498,0.20948,0.076782,59.2782,0.999813
1322.pgm,10000,65536,12128,18.5059,0.08968,0.076294,59.3059,0.999684
1323.pgm,10000,65536,38224,58.3252,0.03839,0.077499,59.2378,0.999904
1324.pgm,10000,65536,41344,63.0859,0.03299,0.074768,59.3936,0.999894
1325.pgm,10000,65536,18352,28.0029,0.03614,0.077316,59.2481,0.999785
1326.pgm,10000,65536,29328,44.751,0.26873,0.076782,59.2782,0.999786
1327.pgm,10000,65536,42384,64.6729,0.0803,0.07608,59.3181,0.999897
1328.pgm,10000,65536,34160,52.124,0.0352,0.074966,59.3821,0.999804
1329.pgm,10000,65536,29824,45.5078,0.20714,0.077194,59.255,0.999881
133.pgm,10000,65536,24288,37.0605,0.07291,0.075104,59.3742,0.999707
1330.pgm,10000,65536,31632,48.2666,0.03054,0.076553,59.2912,0.999805
1331.pgm,10000,65536,35024,53.4424,0.02548,0.076202,59.3111,0.999822
1332.pgm,10000,65536,13568,20.7031,0.02357,0.076065,59.319,0.999769
1333.pgm,10000,65536,39088,59.6436,0.03254,0.077164,59.2567,0.99985
1334.pgm,10000,65536,10192,15.5518,0.2482,0.076569,59.2903,0.999753
1336.pgm,10000,65536,36000,54.9316,0.08729,0.076599,59.2886,0.999878
1337.pgm,10000,65536,14224,21.7041,0.03761,0.076202,59.3111,0.999839
1338.pgm,10000,65536,30560,46.6309,0.03085,0.074722,59.3963,0.999848
1339.pgm,10000,65536,26800,40.8936,0.02993,0.077927,59.2139,0.999849
134.pgm,10000,65536,11392,17.3828,0.04485,0.076508,59.2938,0.999656
1340.pgm,10000,65536,16512,25.1953,0.15532,0.076477,59.2955,0.999829
1341.pgm,10000,65536,29376,44.8242,0.06547,0.076096,59.3172,0.999658
1342.pgm,10000,65536,23248,35.4736,0.03336,0.076355,59.3024,0.999835
1343.pgm,10000,65536,15920,24.292,0.02936,0.076416,59.299,0.999804
1344.pgm,10000,65536,21680,33.0811,0.0339,0.076691,59.2834,0.999777
1345.pgm,10000,65536,15760,24.0479,0.27314,0.075775,59.3355,0.999799
1346.pgm,10000,65536,35968,54.8828,0.07694,0.077057,59.2627,0.999848
1347.pgm,10000,65536,19472,29.7119,0.03312,0.074081,59.4337,0.99983
135.pgm,10000,65536,35952,54.8584,0.04046,0.075851,59.3312,0.999786
1350.pgm,10000,65536,22928,34.9854,0.24193,0.07576,59.3364,0.999755
1351.pgm,10000,65536,51552,78.6621,0.06567,0.075806,59.3338,0.999809
1352.pgm,10000,65536,28864,44.043,0.03377,0.077148,59.2575,0.999847
1353.pgm,10000,65536,37440,57.1289,0.27121,0.076675,59.2842,0.999787
1354.pgm,10000,65536,31936,48.7305,0.06694,0.075638,59.3434,0.999848
1355.pgm,10000,65536,34224,52.2217,0.03965,0.075577,59.3469,0.999781
1356.pgm,10000,65536,14976,22.8516,0.03051,0.075424,59.3557,0.999808
1357.pgm,10000,65536,36496,55.6885,0.24331,0.075165,59.3707,0.99988
1358.pgm,10000,65536,23824,36.3525,0.06312,0.07637,59.3016,0.999876
1359.pgm,10000,65536,39936,60.9375,0.03413,0.076004,59.3224,0.999848
136.pgm,10000,65536,48752,74.3896,0.0367,0.076996,59.2661,0.999856
1360.pgm,10000,65536,56768,86.6211,0.23695,0.077118,59.2593,0.999863
1361.pgm,10000,65536,14416,21.9971,0.07866,0.076416,59.299,0.999793
1362.pgm,10000,65536,25984,39.6484,0.03367,0.075912,59.3277,0.999777
1363.pgm,10000,65536,38640,58.96,0.02888,0.075363,59.3592,0.999911
1364.pgm,10000,65536,11248,17.1631,0.02314,0.077118,59.2593,0.999783
1365.pgm,10000,65536,35792,54.6143,0.02863,0.076248,59.3085,0.999804
1366.pgm,10000,65536,38256,58.374,0.03758,0.076401,59.2998,0.99987
1367.pgm,10000,65536,43376,66.1865,0.22158,0.075378,59.3583,0.999868
1368.pgm,10000,65536,38320,58.4717,0.06096,0.077133,59.2584,0.999883
1369.pgm,10000,65536,17536,26.7578,0.02825,0.077271,59.2507,0.999754
137.pgm,10000,65536,34528,52.6855,0.02845,0.076035,59.3207,0.999879
1370.pgm,10000,65536,27536,42.0166,0.02834,0.075409,59.3566,0.999784
1371.pgm,10000,65536,32704,49.9023,0.0725,0.076752,59.2799,0.999866
1372.pgm,10000,65536,39088,59.6436,0.16581,0.075882,59.3294,0.999863
1373.pgm,10000,65536,43152,65.8447,0.04228,0.076157,59.3137,0.99988
1374.pgm,10000,65536,46448,70.874,0.03791,0.075851,59.3312,0.999888
1375.pgm,10000,65536,24656,37.6221,0.03975,0.075546,59.3487,0.999845
1376.pgm,10000,65536,18064,27.5635,0.23662,0.077316,59.2481,0.999848
1377.pgm,10000,65536,64512,98.4375,0.05665,0.076141,59.3146,0.999912
1378.pgm,10000,65536,35312,53.8818,0.02918,0.07486,59.3883,0.999824
1379.pgm,10000,65536,44448,67.8223,0.02855,0.076355,59.3024,0.999841
138.pgm,10000,65536,23664,36.1084,0.02586,0.075226,59.3671,0.999817
1380.pgm,10000,65536,25248,38.5254,0.18067,0.076111,59.3163,0.999806
1381.pgm,10000,65536,34384,52.4658,0.10275,0.07637,59.3016,0.999872
1382.pgm,10000,65536,29568,45.1172,0.03118,0.075638,59.3434,0.999839
1383.pgm,10000,65536,42688,65.1367,0.02896,0.076691,59.2834,0.999884
1384.pgm,10000,65536,34736,53.0029,0.02994,0.077911,59.2148,0.99983
1385.pgm,10000,65536,47552,72.5586,0.04144,0.075745,59.3373,0.99987
1386.pgm,10000,65536,27072,41.3086,0.21741,0.076996,59.2661,0.999875
1387.pgm,10000,65536,31296,47.7539,0.06958,0.076477,59.2955,0.999863
1388.pgm,10000,65536,30368,46.3379,0.03285,0.07724,59.2524,0.999824
1389.pgm,10000,65536,41088,62.6953,0.0298,0.074921,59.3848,0.999848
139.pgm,10000,65536,27744,42.334,0.02649,0.077332,59.2472,0.999847
1390.pgm,10000,65536,20128,30.7129,0.02684,0.07547,59.3531,0.999774
1392.pgm,10000,65536,46688,71.2402,0.22818,0.075256,59.3654,0.999868
1393.pgm,10000,65536,35888,54.7607,0.06145,0.076752,59.2799,0.999864
1394.pgm,10000,65536,20608,31.4453,0.02929,0.076645,59.286,0.999871
1395.pgm,10000,65536,43696,66.6748,0.02883,0.076035,59.3207,0.999871
1396.pgm,10000,65536,45344,69.1895,0.03248,0.076279,59.3068,0.999885
1397.pgm,10000,65536,42448,64.7705,0.03733,0.075867,59.3303,0.999899
1398.pgm,10000,65536,26240,40.0391,0.15065,0.077591,59.2327,0.999761
1399.pgm,10000,65536,33040,50.415,0.08684,0.076843,59.2747,0.999873
14.pgm,10000,65536,16208,24.7314,0.03035,0.076538,59.292,0.9998
140.pgm,10000,65536,14352,21.8994,0.02566,0.075897,59.3285,0.999755
1400.pgm,10000,65536,57120,87.1582,0.0306,0.075455,59.3539,0.999898
1401.pgm,10000,65536,32256,49.2188,0.03046,0.075699,59.3399,0.999823
1402.pgm,10000,65536,51520,78.6133,0.25645,0.0755,59.3513,0.99982
1403.pgm,10000,65536,25696,39.209,0.06466,0.076202,59.3111,0.999864
1404.pgm,10000,65536,21056,32.1289,0.02955,0.075699,59.3399,0.999846
1405.pgm,10000,65536,37696,57.5195,0.0264,0.077347,59.2464,0.99987
1406.pgm,10000,65536,36144,55.1514,0.02532,0.076553,59.2912,0.999849
1407.pgm,10000,65536,25104,38.3057,0.02636,0.07637,59.3016,0.999832
1408.pgm,10000,65536,26416,40.3076,0.04765,0.075348,59.3601,0.99986
1409.pgm,10000,65536,30128,45.9717,0.17462,0.076462,59.2964,0.999877
141.pgm,10000,65536,13776,21.0205,0.04185,0.076218,59.3102,0.999689
1410.pgm,10000,65536,34928,53.2959,0.03448,0.076553,59.2912,0.999845
1411.pgm,10000,65536,22480,34.3018,0.02971,0.077148,59.2575,0.999804
1412.pgm,10000,65536,38496,58.7402,0.03858,0.074844,59.3892,0.999906
1413.pgm,10000,65536,20096,30.6641,0.22103,0.07486,59.3883,0.999692
1414.pgm,10000,65536,24512,37.4023,0.06147,0.077042,59.2635,0.999807
1415.pgm,10000,65536,40496,61.792,0.03255,0.076843,59.2747,0.999818
1416.pgm,10000,65536,46304,70.6543,0.02945,0.074982,59.3813,0.999818
1417.pgm,10000,65536,19760,30.1514,0.02609,0.076675,59.2842,0.99972
1418.pgm,10000,65536,10496,16.0156,0.07968,0.078369,59.1894,0.999764
1419.pgm,10000,65536,40800,62.2559,0.11021,0.07605,59.3198,0.999855
142.pgm,10000,65536,34784,53.0762,0.03859,0.075638,59.3434,0.999854
1420.pgm,10000,65536,33232,50.708,0.02926,0.076141,59.3146,0.999856
1421.pgm,10000,65536,19424,29.6387,0.02574,0.076447,59.2972,0.999791
1422.pgm,10000,65536,20096,30.6641,0.02496,0.075943,59.3259,0.999794
1423.pgm,10000,65536,11264,17.1875,0.02667,0.075043,59.3777,0.999713
1424.pgm,10000,65536,33760,51.5137,0.15545,0.076859,59.2739,0.999847
1425.pgm,10000,65536,17984,27.4414,0.08999,0.076477,59.2955,0.999772
1426.pgm,10000,65536,10320,15.7471,0.04811,0.076843,59.2747,0.999717
1427.pgm,10000,65536,62832,95.874,0.0357,0.076752,59.2799,0.99974
1428.pgm,10000,65536,10768,16.4307,0.02462,0.075439,59.3548,0.999636
143.pgm,10000,65536,53296,81.3232,0.03617,0.07579,59.3347,0.999815
1430.pgm,10000,65536,19696,30.0537,0.04167,0.076416,59.299,0.999795
1431.pgm,10000,65536,15264,23.291,0.23751,0.076385,59.3007,0.999826
1432.pgm,10000,65536,13376,20.4102,0.0604,0.076187,59.312,0.999887
1433.pgm,10000,65536,15504,23.6572,0.03158,0.076981,59.267,0.999792
1434.pgm,10000,65536,15584,23.7793,0.02665,0.077225,59.2532,0.999733
1435.pgm,10000,65536,28128,42.9199,0.02944,0.075821,59.3329,0.999822
1437.pgm,10000,65536,17296,26.3916,0.10631,0.076218,59.3102,0.999774
1438.pgm,10000,65536,22240,33.9355,0.11659,0.077881,59.2165,0.999815
1439.pgm,10000,65536,12224,18.6523,0.03584,0.077362,59.2455,0.999814
144.pgm,10000,65536,26816,40.918,0.03074,0.076874,59.273,0.999831
1440.pgm,10000,65536,16384,25.0,0.03027,0.075516,59.3504,0.999805
1441.pgm,10000,65536,18064,27.5635,0.05442,0.075821,59.3329,0.999756
1442.pgm,10000,65536,28112,42.8955,0.14003,0.074966,59.3821,0.999843
1443.pgm,10000,65536,18768,28.6377,0.03662,0.076889,59.2722,0.999702
1444.pgm,10000,65536,21712,33.1299,0.02981,0.077271,59.2507,0.999805
1445.pgm,10000,65536,52096,79.4922,0.03315,0.076309,59.305,0.999859
1446.pgm,10000,65536,22368,34.1309,0.03941,0.077637,59.2301,0.999857
1447.pgm,10000,65536,20000,30.5176,0.23827,0.077026,59.2644,0.999731
1448.pgm,10000,65536,16816,25.6592,0.05973,0.076645,59.286,0.99985
1449.pgm,10000,65536,25920,39.5508,0.03179,0.076263,59.3076,0.999837
145.pgm,10000,65536,53600,81.7871,0.03273,0.075882,59.3294,0.999844
1450.pgm,10000,65536,10224,15.6006,0.02778,0.07605,59.3198,0.999758
1451.pgm,10000,65536,18272,27.8809,0.03205,0.076233,59.3094,0.999723
1452.pgm,10000,65536,56960,86.9141,0.20174,0.075882,59.3294,0.999963
1453.pgm,10000,65536,40976,62.5244,0.06721,0.075165,59.3707,0.999912
1454.pgm,10000,65536,31312,47.7783,0.03156,0.077454,59.2404,0.99986
1455.pgm,10000,65536,37264,56.8604,0.02651,0.076645,59.286,0.999881
1456.pgm,10000,65536,22528,34.375,0.02377,0.076248,59.3085,0.99976
1457.pgm,10000,65536,26880,41.0156,0.02624,0.075958,59.3251,0.999757
1459.pgm,10000,65536,12768,19.4824,0.04087,0.076187,59.312,0.999763
146.pgm,10000,65536,16176,24.6826,0.22612,0.076599,59.2886,0.999755
1460.pgm,10000,65536,17872,27.2705,0.05002,0.077515,59.237,0.999762
1461.pgm,10000,65536,24288,37.0605,0.02963,0.077072,59.2618,0.999815
1462.pgm,10000,65536,47936,73.1445,0.02788,0.075714,59.339,0.999917
1463.pgm,10000,65536,10192,15.5518,0.02283,0.076599,59.2886,0.999821
1465.pgm,10000,65536,19008,29.0039,0.02318,0.076065,59.319,0.99989
1466.pgm,10000,65536,11984,18.2861,0.02465,0.077164,59.2567,0.999774
1467.pgm,10000,65536,19856,30.2979,0.03757,0.075195,59.3689,0.999777
1468.pgm,10000,65536,16704,25.4883,0.2759,0.075317,59.3619,0.999784
1469.pgm,10000,65536,49056,74.8535,0.06825,0.075851,59.3312,0.999921
147.pgm,10000,65536,26592,40.5762,0.03188,0.075348,59.3601,0.999693
1470.pgm,10000,65536,21760,33.2031,0.02515,0.076599,59.2886,0.99982
1471.pgm,10000,65536,17328,26.4404,0.02331,0.075989,59.3233,0.999721
1472.pgm,10000,65536,14960,22.8271,0.02577,0.076889,59.2722,0.999852
1473.pgm,10000,65536,25248,38.5254,0.17266,0.077393,59.2438,0.999684
1474.pgm,10000,65536,12192,18.6035,0.08325,0.076752,59.2799,0.999782
1475.pgm,10000,65536,19664,30.0049,0.0355,0.076263,59.3076,0.999858
1476.pgm,10000,65536,18800,28.6865,0.03359,0.077057,59.2627,0.999751
1477.pgm,10000,65536,13952,21.2891,0.02533,0.075745,59.3373,0.999813
1478.pgm,10000,65536,15776,24.0723,0.0384,0.076401,59.2998,0.99977
1479.pgm,10000,65536,11104,16.9434,0.1797,0.075867,59.3303,0.999752
148.pgm,10000,65536,16336,24.9268,0.0394,0.074768,59.3936,0.999734
1480.pgm,10000,65536,45616,69.6045,0.03164,0.076736,59.2808,0.999915
1482.pgm,10000,65536,51984,79.3213,0.03042,0.07753,59.2361,0.999934
1483.pgm,10000,65536,18624,28.418,0.03992,0.077011,59.2653,0.999744
1484.pgm,10000,65536,11328,17.2852,0.25531,0.07634,59.3033,0.999531
1485.pgm,10000,65536,16560,25.2686,0.06655,0.07579,59.3347,0.99975
1486.pgm,10000,65536,18144,27.6855,0.03388,0.076248,59.3085,0.999832
1487.pgm,10000,65536,29808,45.4834,0.0285,0.076035,59.3207,0.999826
1488.pgm,10000,65536,16576,25.293,0.02349,0.076843,59.2747,0.999786
1489.pgm,10000,65536,36560,55.7861,0.03123,0.076965,59.2679,0.999869
149.pgm,10000,65536,51600,78.7354,0.1088,0.075958,59.3251,0.999895
1491.pgm,10000,65536,19232,29.3457,0.08984,0.074478,59.4105,0.999855
1492.pgm,10000,65536,19952,30.4443,0.03711,0.076096,59.3172,0.999763
1493.pgm,10000,65536,10720,16.3574,0.02832,0.075882,59.3294,0.999914
1494.pgm,10000,65536,27616,42.1387,0.0284,0.077438,59.2412,0.99987
1495.pgm,10000,65536,56352,85.9863,0.03248,0.07547,59.3531,0.999945
1497.pgm,10000,65536,24160,36.8652,0.03249,0.077148,59.2575,0.999759
1498.pgm,10000,65536,51504,78.5889,0.17185,0.076401,59.2998,0.999923
1499.pgm,10000,65536,19328,29.4922,0.07589,0.075775,59.3355,0.999777
15.pgm,10000,65536,32320,49.3164,0.03836,0.075897,59.3285,0.999806
150.pgm,10000,65536,45072,68.7744,0.03046,0.076187,59.312,0.999827
1500.pgm,10000,65536,42976,65.5762,0.02949,0.076355,59.3024,0.999912
1501.pgm,10000,65536,17712,27.0264,0.03256,0.07608,59.3181,0.999817
1502.pgm,10000,65536,12608,19.2383,0.04471,0.075104,59.3742,0.999801
1503.pgm,10000,65536,19856,30.2979,0.21527,0.077087,59.261,0.99974
1505.pgm,10000,65536,37424,57.1045,0.05061,0.076523,59.2929,0.999865
1506.pgm,10000,65536,14720,22.4609,0.03071,0.077271,59.2507,0.999826
1507.pgm,10000,65536,10256,15.6494,0.02699,0.076752,59.2799,0.99979
1508.pgm,10000,65536,11184,17.0654,0.02667,0.076736,59.2808,0.999793
151.pgm,10000,65536,29968,45.7275,0.05279,0.076019,59.3216,0.999781
1510.pgm,10000,65536,11616,17.7246,0.16055,0.075684,59.3408,0.999848
1511.pgm,10000,65536,17664,26.9531,0.03775,0.075562,59.3478,0.999727
1512.pgm,10000,65536,39760,60.6689,0.02854,0.076935,59.2696,0.999919
1513.pgm,10000,65536,13760,20.9961,0.02301,0.075882,59.3294,0.99981
1514.pgm,10000,65536,24000,36.6211,0.02642,0.076752,59.2799,0.999786
1516.pgm,10000,65536,31584,48.1934,0.06961,0.075745,59.3373,0.999869
1517.pgm,10000,65536,22704,34.6436,0.15597,0.078201,59.1987,0.999755
1.pgm,10000,65536,23952,36.5479,0.03149,0.07634,59.3033,0.999847
10.pgm,10000,65536,35296,53.8574,0.23459,0.075714,59.339,0.99986
100.pgm,10000,65536,31616,48.2422,0.06966,0.074829,59.3901,0.999774
1000.pgm,10000,65536,27120,41.3818,0.03437,0.076172,59.3129,0.999878
10000.pgm,10000,65536,47728,72.8271,0.03556,0.07634,59.3033,0.99988
1001.pgm,10000,65536,12736,19.4336,0.03741,0.076752,59.2799,0.999696
1002.pgm,10000,65536,24144,36.8408,0.21109,0.077026,59.2644,0.999902
1003.pgm,10000,65536,38816,59.2285,0.06805,0.074921,59.3848,0.999814
1004.pgm,10000,65536,13168,20.0928,0.03042,0.07692,59.2704,0.999824
1005.pgm,10000,65536,37152,56.6895,0.03447,0.075516,59.3504,0.999878
1006.pgm,10000,65536,62304,95.0684,0.04892,0.076614,59.2877,0.999977
1007.pgm,10000,65536,47536,72.5342,0.26106,0.076889,59.2722,0.999874
1008.pgm,10000,65536,42144,64.3066,0.04619,0.076157,59.3137,0.999891
1009.pgm,10000,65536,37888,57.8125,0.02994,0.076645,59.286,0.999852
101.pgm,10000,65536,55440,84.5947,0.02867,0.075623,59.3443,0.999903
1010.pgm,10000,65536,18096,27.6123,0.02247,0.077103,59.2601,0.999737
1011.pgm,10000,65536,27904,42.5781,0.02477,0.077271,59.2507,0.99985
1012.pgm,10000,65536,37120,56.6406,0.03085,0.07579,59.3347,0.999876
1013.pgm,10000,65536,37696,57.5195,0.18801,0.076248,59.3085,0.999878
1014.pgm,10000,65536,40112,61.2061,0.09216,0.075043,59.3777,0.999881
1015.pgm,10000,65536,39792,60.7178,0.0359,0.075836,59.332,0.999855
1018.pgm,10000,65536,17168,26.1963,0.0295,0.076263,59.3076,0.99984
1019.pgm,10000,65536,31648,48.291,0.11008,0.07486,59.3883,0.999876
102.pgm,10000,65536,63584,97.0215,0.1092,0.07547,59.3531,0.999944
1020.pgm,10000,65536,35184,53.6865,0.03311,0.076309,59.305,0.999871
1021.pgm,10000,65536,49776,75.9521,0.0312,0.076126,59.3155,0.999814
1022.pgm,10000,65536,50640,77.2705,0.03012,0.076279,59.3068,0.999723
1023.pgm,10000,65536,33248,50.7324,0.04117,0.077621,59.231,0.999811
1024.pgm,10000,65536,49904,76.1475,0.22131,0.077362,59.2455,0.999861
1025.pgm,10000,65536,36144,55.1514,0.04104,0.076096,59.3172,0.999854
1026.pgm,10000,65536,25488,38.8916,0.02571,0.075577,59.3469,0.999868
1027.pgm,10000,65536,13424,20.4834,0.02208,0.077484,59.2387,0.999782
1028.pgm,10000,65536,26336,40.1855,0.0315,0.076736,59.2808,0.999789
1029.pgm,10000,65536,29168,44.5068,0.03689,0.076065,59.319,0.999844
103.pgm,10000,65536,21648,33.0322,0.13525,0.076828,59.2756,0.999833
1030.pgm,10000,65536,18944,28.9062,0.09637,0.076599,59.2886,0.999827
1031.pgm,10000,65536,10176,15.5273,0.04145,0.075424,59.3557,0.999823
1032.pgm,10000,65536,36128,55.127,0.03312,0.076385,59.3007,0.999924
1033.pgm,10000,65536,27008,41.2109,0.02907,0.077225,59.2532,0.999839
1035.pgm,10000,65536,23312,35.5713,0.03194,0.077179,59.2558,0.999812
1036.pgm,10000,65536,36144,55.1514,0.2312,0.075867,59.3303,0.999761
1039.pgm,10000,65536,39824,60.7666,0.06445,0.075806,59.3338,0.999842
104.pgm,10000,65536,24368,37.1826,0.03103,0.076431,59.2981,0.999824
1040.pgm,10000,65536,35168,53.6621,0.029,0.075623,59.3443,0.999901
1041.pgm,10000,65536,56624,86.4014,0.03437,0.076202,59.3111,0.999956
1042.pgm,10000,65536,12048,18.3838,0.04613,0.078094,59.2046,0.999774
1043.pgm,10000,65536,33344,50.8789,0.19293,0.077545,59.2353,0.999853
1045.pgm,10000,65536,12224,18.6523,0.03873,0.078232,59.197,0.999779
1046.pgm,10000,65536,14096,21.5088,0.03151,0.077713,59.2259,0.99966
1047.pgm,10000,65536,20320,31.0059,0.03496,0.07663,59.2868,0.999777
1048.pgm,10000,65536,20368,31.0791,0.17061,0.074966,59.3821,0.999804
1049.pgm,10000,65536,25824,39.4043,0.07445,0.076813,59.2765,0.999804
105.pgm,10000,65536,20992,32.0312,0.03182,0.076202,59.3111,0.999865
1050.pgm,10000,65536,59584,90.918,0.03029,0.074326,59.4194,0.999933
1051.pgm,10000,65536,13968,21.3135,0.02364,0.07666,59.2851,0.999669
1052.pgm,10000,65536,30816,47.0215,0.02661,0.07579,59.3347,0.999851
1053.pgm,10000,65536,17936,27.3682,0.04876,0.076172,59.3129,0.999798
1054.pgm,10000,65536,19744,30.127,0.17588,0.076553,59.2912,0.999773
1055.pgm,10000,65536,51552,78.6621,0.04333,0.076233,59.3094,0.999783
1056.pgm,10000,65536,17008,25.9521,0.02641,0.07605,59.3198,0.999771
1057.pgm,10000,65536,21200,32.3486,0.02401,0.076187,59.312,0.999769
1058.pgm,10000,65536,13376,20.4102,0.02223,0.076889,59.2722,0.999764
1059.pgm,10000,65536,40080,61.1572,0.0264,0.077103,59.2601,0.99984
106.pgm,10000,65536,41040,62.6221,0.03885,0.075027,59.3786,0.999875
1060.pgm,10000,65536,32640,49.8047,0.25071,0.077026,59.2644,0.999763
1061.pgm,10000,65536,45568,69.5312,0.05178,0.077515,59.237,0.999781
1063.pgm,10000,65536,25648,39.1357,0.02968,0.077911,59.2148,0.999774
1064.pgm,10000,65536,41296,63.0127,0.0275,0.075668,59.3417,0.9999
1065.pgm,10000,65536,37136,56.665,0.02635,0.075775,59.3355,0.999823
1066.pgm,10000,65536,12928,19.7266,0.02434,0.075897,59.3285,0.999773
1067.pgm,10000,65536,25056,38.2324,0.03652,0.076614,59.2877,0.999848
1068.pgm,10000,65536,17248,26.3184,0.2095,0.075897,59.3285,0.99989
1069.pgm,10000,65536,48320,73.7305,0.05822,0.076279,59.3068,0.999904
107.pgm,10000,65536,55072,84.0332,0.03619,0.07515,59.3715,0.999836
1070.pgm,10000,65536,52144,79.5654,0.03359,0.076614,59.2877,0.999873
1071.pgm,10000,65536,27568,42.0654,0.02994,0.075714,59.339,0.999748
1072.pgm,10000,65536,12912,19.7021,0.03697,0.0755,59.3513,0.999617
1073.pgm,10000,65536,23952,36.5479,0.20246,0.074936,59.3839,0.99981
1074.pgm,10000,65536,36960,56.3965,0.05678,0.075867,59.3303,0.999886
1075.pgm,10000,65536,36192,55.2246,0.03103,0.076279,59.3068,0.999759
1076.pgm,10000,65536,18832,28.7354,0.02439,0.074768,59.3936,0.999788
1077.pgm,10000,65536,35648,54.3945,0.02592,0.075974,59.3242,0.999853
1078.pgm,10000,65536,18848,28.7598,0.02844,0.075348,59.3601,0.999762
1079.pgm,10000,65536,30224,46.1182,0.18073,0.076767,59.2791,0.9998
108.pgm,10000,65536,56576,86.3281,0.08467,0.075638,59.3434,0.999929
1080.pgm,10000,65536,33488,51.0986,0.03804,0.075134,59.3724,0.999806
1081.pgm,10000,65536,34640,52.8564,0.03118,0.077271,59.2507,0.999892
1082.pgm,10000,65536,36640,55.9082,0.03036,0.077225,59.2532,0.999884
1083.pgm,10000,65536,44512,67.9199,0.03583,0.076172,59.3129,0.999858
1084.pgm,10000,65536,22656,34.5703,0.19713,0.076157,59.3137,0.999794
1085.pgm,10000,65536,45152,68.8965,0.07916,0.075577,59.3469,0.999838
1086.pgm,10000,65536,12592,19.2139,0.0326,0.075684,59.3408,0.999822
1087.pgm,10000,65536,38928,59.3994,0.03222,0.076996,59.2661,0.999841
1088.pgm,10000,65536,16160,24.6582,0.02757,0.077271,59.2507,0.999806
1089.pgm,10000,65536,23408,35.7178,0.03412,0.075348,59.3601,0.999794
109.pgm,10000,65536,27520,41.9922,0.21375,0.07666,59.2851,0.999856
1090.pgm,10000,65536,35536,54.2236,0.04932,0.075104,59.3742,0.99981
1092.pgm,10000,65536,31536,48.1201,0.03007,0.076721,59.2817,0.999848
1094.pgm,10000,65536,38720,59.082,0.02838,0.075867,59.3303,0.999711
1095.pgm,10000,65536,24464,37.3291,0.02577,0.077789,59.2216,0.999707
1096.pgm,10000,65536,23280,35.5225,0.0284,0.07637,59.3016,0.999878
1097.pgm,10000,65536,24416,37.2559,0.19215,0.076202,59.3111,0.99977
1098.pgm,10000,65536,31072,47.4121,0.06946,0.07486,59.3883,0.99983
1099.pgm,10000,65536,45152,68.8965,0.03857,0.076996,59.2661,0.999901
11.pgm,10000,65536,31472,48.0225,0.0297,0.077148,59.2575,0.999837
110.pgm,10000,65536,43488,66.3574,0.03065,0.074844,59.3892,0.999906
1100.pgm,10000,65536,31440,47.9736,0.02784,0.077301,59.249,0.999824
1102.pgm,10000,65536,15232,23.2422,0.02764,0.076218,59.3102,0.999868
1103.pgm,10000,65536,40912,62.4268,0.0817,0.076279,59.3068,0.999868
1104.pgm,10000,65536,48128,73.4375,0.13307,0.076141,59.3146,0.999671
1105.pgm,10000,65536,37040,56.5186,0.03989,0.076736,59.2808,0.999897
1106.pgm,10000,65536,23728,36.2061,0.02547,0.077011,59.2653,0.99982
1107.pgm,10000,65536,20496,31.2744,0.02287,0.077469,59.2395,0.999812
1108.pgm,10000,65536,29504,45.0195,0.02877,0.076126,59.3155,0.999815
1109.pgm,10000,65536,18432,28.125,0.02965,0.075836,59.332,0.999864
111.pgm,10000,65536,35888,54.7607,0.05884,0.076996,59.2661,0.999878
1110.pgm,10000,65536,56448,86.1328,0.13,0.07605,59.3198,0.999872
1111.pgm,10000,65536,24320,37.1094,0.0354,0.07695,59.2687,0.99974
1112.pgm,10000,65536,24880,37.9639,0.02764,0.077194,59.255,0.999694
1113.pgm,10000,65536,23040,35.1562,0.02454,0.076569,59.2903,0.999882
1114.pgm,10000,65536,22416,34.2041,0.02339,0.074905,59.3857,0.999663
1115.pgm,10000,65536,51712,78.9062,0.02807,0.077133,59.2584,0.999779
1116.pgm,10000,65536,32928,50.2441,0.04321,0.075378,59.3583,0.999801
1117.pgm,10000,65536,36160,55.1758,0.166,0.07486,59.3883,0.999884
1118.pgm,10000,65536,31408,47.9248,0.04179,0.076859,59.2739,0.999869
1119.pgm,10000,65536,55376,84.4971,0.03472,0.076996,59.2661,0.999914
112.pgm,10000,65536,29424,44.8975,0.03155,0.075134,59.3724,0.999865
1120.pgm,10000,65536,17680,26.9775,0.03489,0.076645,59.286,0.999824
1121.pgm,10000,65536,50768,77.4658,0.24353,0.076218,59.3102,0.999877
1122.pgm,10000,65536,14832,22.6318,0.0436,0.075684,59.3408,0.999796
1123.pgm,10000,65536,46768,71.3623,0.03352,0.075195,59.3689,0.999879
1124.pgm,10000,65536,17024,25.9766,0.02385,0.076096,59.3172,0.999803
1125.pgm,10000,65536,10336,15.7715,0.02365,0.076523,59.2929,0.999756
1126.pgm,10000,65536,34480,52.6123,0.02447,0.075653,59.3425,0.999885
1127.pgm,10000,65536,24144,36.8408,0.024,0.076645,59.286,0.999835
1128.pgm,10000,65536,41760,63.7207,0.02888,0.075836,59.332,0.999824
1129.pgm,10000,65536,15120,23.0713,0.03098,0.076416,59.299,0.999701
113.pgm,10000,65536,25424,38.7939,0.1664,0.07634,59.3033,0.999798
1130.pgm,10000,65536,34256,52.2705,0.07665,0.075073,59.376,0.999909
1131.pgm,10000,65536,33408,50.9766,0.03551,0.076279,59.3068,0.999838
1132.pgm,10000,65536,39840,60.791,0.03401,0.076767,59.2791,0.999888
1133.pgm,10000,65536,59616,90.9668,0.04363,0.077347,59.2464,0.999927
1134.pgm,10000,65536,29264,44.6533,0.21158,0.076126,59.3155,0.999869
1135.pgm,10000,65536,32032,48.877,0.06395,0.07547,59.3531,0.999829
1136.pgm,10000,65536,37984,57.959,0.03528,0.076096,59.3172,0.999699
1137.pgm,10000,65536,12592,19.2139,0.02736,0.07518,59.3698,0.999808
1138.pgm,10000,65536,24784,37.8174,0.02841,0.0784,59.1877,0.999812
1139.pgm,10000,65536,18336,27.9785,0.02872,0.076431,59.2981,0.99984
114.pgm,10000,65536,29952,45.7031,0.04541,0.076065,59.319,0.999841
1140.pgm,10000,65536,34192,52.1729,0.16394,0.07692,59.2704,0.999875
1141.pgm,10000,65536,10688,16.3086,0.03973,0.076111,59.3163,0.999783
1142.pgm,10000,65536,16736,25.5371,0.0264,0.076752,59.2799,0.999848
1143.pgm,10000,65536,44608,68.0664,0.02785,0.076614,59.2877,0.999865
1144.pgm,10000,65536,30752,46.9238,0.02384,0.076782,59.2782,0.999814
1145.pgm,10000,65536,20400,31.1279,0.02262,0.076309,59.305,0.999728
1146.pgm,10000,65536,30400,46.3867,0.02689,0.075897,59.3285,0.999729
1147.pgm,10000,65536,25744,39.2822,0.0333,0.076416,59.299,0.999831
1148.pgm,10000,65536,43264,66.0156,0.26346,0.077072,59.2618,0.999869
1149.pgm,10000,65536,24672,37.6465,0.0704,0.075531,59.3496,0.999841
115.pgm,10000,65536,38176,58.252,0.03622,0.075378,59.3583,0.9999
1150.pgm,10000,65536,17536,26.7578,0.02823,0.076248,59.3085,0.999815
1152.pgm,10000,65536,60352,92.0898,0.03493,0.078125,59.2029,0.99983
1153.pgm,10000,65536,22128,33.7646,0.03266,0.076218,59.3102,0.999811
1154.pgm,10000,65536,17312,26.416,0.04819,0.076584,59.2894,0.999764
1155.pgm,10000,65536,18544,28.2959,0.25385,0.076004,59.3224,0.99968
1156.pgm,10000,65536,59520,90.8203,0.06273,0.07518,59.3698,0.999855
1157.pgm,10000,65536,32320,49.3164,0.02966,0.075455,59.3539,0.99982
1159.pgm,10000,65536,44080,67.2607,0.12052,0.076569,59.2903,0.999829
1160.pgm,10000,65536,39920,60.9131,0.0794,0.076187,59.312,0.999914
1161.pgm,10000,65536,14512,22.1436,0.03077,0.075851,59.3312,0.999571
1162.pgm,10000,65536,10528,16.0645,0.02743,0.075378,59.3583,0.999821
1163.pgm,10000,65536,30736,46.8994,0.03152,0.076263,59.3076,0.99986
1164.pgm,10000,65536,35120,53.5889,0.29529,0.076447,59.2972,0.999866
1165.pgm,10000,65536,23328,35.5957,0.05089,0.076477,59.2955,0.999798
1166.pgm,10000,65536,22064,33.667,0.03141,0.074158,59.4292,0.999815
1167.pgm,10000,65536,26992,41.1865,0.03293,0.07695,59.2687,0.999873
1168.pgm,10000,65536,12432,18.9697,0.18399,0.075287,59.3636,0.999821
1169.pgm,10000,65536,57936,88.4033,0.08084,0.07663,59.2868,0.999786
117.pgm,10000,65536,41168,62.8174,0.03992,0.075226,59.3671,0.999857
1170.pgm,10000,65536,23808,36.3281,0.02873,0.077072,59.2618,0.999747
1171.pgm,10000,65536,21152,32.2754,0.02408,0.077621,59.231,0.999891
1172.pgm,10000,65536,43248,65.9912,0.0296,0.074341,59.4185,0.999896
1173.pgm,10000,65536,26976,41.1621,0.04063,0.076721,59.2817,0.999815
1174.pgm,10000,65536,23408,35.7178,0.24345,0.077866,59.2173,0.999863
1175.pgm,10000,65536,46896,71.5576,0.05562,0.076935,59.2696,0.999871
1176.pgm,10000,65536,32208,49.1455,0.03053,0.07576,59.3364,0.999845
1177.pgm,10000,65536,40240,61.4014,0.02931,0.076981,59.267,0.999758
1178.pgm,10000,65536,18576,28.3447,0.02614,0.076691,59.2834,0.999844
1179.pgm,10000,65536,18144,27.6855,0.05167,0.076355,59.3024,0.999823
118.pgm,10000,65536,27664,42.2119,0.14025,0.075684,59.3408,0.999838
1180.pgm,10000,65536,14800,22.583,0.0416,0.075073,59.376,0.999804
1181.pgm,10000,65536,32352,49.3652,0.02994,0.075012,59.3795,0.999819
1182.pgm,10000,65536,16160,24.6582,0.02437,0.075745,59.3373,0.999805
1183.pgm,10000,65536,20400,31.1279,0.0242,0.076477,59.2955,0.999761
1184.pgm,10000,65536,42480,64.8193,0.04913,0.075943,59.3259,0.999893
1185.pgm,10000,65536,36288,55.3711,0.2041,0.075974,59.3242,0.999853
1186.pgm,10000,65536,21808,33.2764,0.04227,0.076508,59.2938,0.999823
1187.pgm,10000,65536,13072,19.9463,0.02792,0.077042,59.2635,0.999908
1188.pgm,10000,65536,18960,28.9307,0.02678,0.075745,59.3373,0.99974
1189.pgm,10000,65536,15760,24.0479,0.02694,0.075821,59.3329,0.99982
119.pgm,10000,65536,14240,21.7285,0.05499,0.076141,59.3146,0.999811
1190.pgm,10000,65536,12496,19.0674,0.15319,0.075928,59.3268,0.999881
1191.pgm,10000,65536,24160,36.8652,0.03972,0.077225,59.2532,0.999796
1192.pgm,10000,65536,10640,16.2354,0.02848,0.074554,59.4061,0.999866
1193.pgm,10000,65536,59664,91.04,0.03226,0.076294,59.3059,0.999529
1195.pgm,10000,65536,52576,80.2246,0.04151,0.076797,59.2773,0.999856
1196.pgm,10000,65536,51088,77.9541,0.2348,0.076126,59.3155,0.999869
1197.pgm,10000,65536,37632,57.4219,0.06818,0.076492,59.2946,0.999857
1199.pgm,10000,65536,44800,68.3594,0.03761,0.076233,59.3094,0.999835
12.pgm,10000,65536,30368,46.3379,0.03129,0.077545,59.2353,0.999785
120.pgm,10000,65536,55520,84.7168,0.03686,0.076157,59.3137,0.999902
1200.pgm,10000,65536,19552,29.834,0.17026,0.077347,59.2464,0.999722
1201.pgm,10000,65536,33680,51.3916,0.07765,0.076187,59.312,0.9999
1202.pgm,10000,65536,37728,57.5684,0.03869,0.07724,59.2524,0.999845
1203.pgm,10000,65536,46944,71.6309,0.03267,0.077118,59.2593,0.99985
1204.pgm,10000,65536,23584,35.9863,0.02676,0.076584,59.2894,0.999819
1205.pgm,10000,65536,21088,32.1777,0.02665,0.077103,59.2601,0.999808
1206.pgm,10000,65536,43472,66.333,0.03391,0.076462,59.2964,0.999853
1207.pgm,10000,65536,36784,56.1279,0.15541,0.077438,59.2412,0.99987
1208.pgm,10000,65536,18368,28.0273,0.07475,0.075562,59.3478,0.999857
1209.pgm,10000,65536,54592,83.3008,0.04025,0.076157,59.3137,0.99987
121.pgm,10000,65536,23856,36.4014,0.02751,0.07634,59.3033,0.999866
1210.pgm,10000,65536,19488,29.7363,0.03093,0.075409,59.3566,0.999808
1211.pgm,10000,65536,18096,27.6123,0.03906,0.076187,59.312,0.999846
1213.pgm,10000,65536,10992,16.7725,0.20766,0.074768,59.3936,0.999561
1214.pgm,10000,65536,28848,44.0186,0.06789,0.076569,59.2903,0.999808
1215.pgm,10000,65536,51536,78.6377,0.03636,0.076431,59.2981,0.999916
1216.pgm,10000,65536,20384,31.1035,0.02522,0.075912,59.3277,0.999882
1217.pgm,10000,65536,30432,46.4355,0.02608,0.075226,59.3671,0.999716
1218.pgm,10000,65536,26784,40.8691,0.03254,0.075974,59.3242,0.999875
122.pgm,10000,65536,23312,35.5713,0.28002,0.07637,59.3016,0.999743
1221.pgm,10000,65536,57136,87.1826,0.05862,0.077042,59.2635,0.99993
1222.pgm,10000,65536,21200,32.3486,0.03046,0.076843,59.2747,0.999803
1223.pgm,10000,65536,29616,45.1904,0.0277,0.076706,59.2825,0.999852
1224.pgm,10000,65536,30336,46.2891,0.02748,0.076141,59.3146,0.999844
1225.pgm,10000,65536,29104,44.4092,0.02651,0.07605,59.3198,0.999888
1226.pgm,10000,65536,24032,36.6699,0.03054,0.076553,59.2912,0.999784
1227.pgm,10000,65536,18000,27.4658,0.12586,0.075378,59.3583,0.999868
1228.pgm,10000,65536,19232,29.3457,0.08362,0.07576,59.3364,0.999705
1229.pgm,10000,65536,36720,56.0303,0.03679,0.076584,59.2894,0.99982
123.pgm,10000,65536,28832,43.9941,0.02583,0.075745,59.3373,0.999741
1230.pgm,10000,65536,50352,76.8311,0.02644,0.075241,59.3663,0.999861
1231.pgm,10000,65536,13072,19.9463,0.0232,0.075928,59.3268,0.999711
1232.pgm,10000,65536,47456,72.4121,0.03406,0.075745,59.3373,0.999866
1234.pgm,10000,65536,38432,58.6426,0.22675,0.076187,59.312,0.999917
1235.pgm,10000,65536,22576,34.4482,0.07488,0.076904,59.2713,0.999832
1236.pgm,10000,65536,23616,36.0352,0.03076,0.077057,59.2627,0.999843
1237.pgm,10000,65536,20912,31.9092,0.02695,0.076035,59.3207,0.999846
1238.pgm,10000,65536,32800,50.0488,0.02789,0.076187,59.312,0.999866
1239.pgm,10000,65536,22752,34.7168,0.03306,0.076263,59.3076,0.999827
124.pgm,10000,65536,20960,31.9824,0.25191,0.076309,59.305,0.999894
1240.pgm,10000,65536,19776,30.1758,0.04849,0.075897,59.3285,0.999758
1241.pgm,10000,65536,29744,45.3857,0.03119,0.075302,59.3627,0.999883
1242.pgm,10000,65536,42608,65.0146,0.03128,0.075958,59.3251,0.999795
1243.pgm,10000,65536,10080,15.3809,0.03469,0.077133,59.2584,0.999781
1244.pgm,10000,65536,48624,74.1943,0.13805,0.076721,59.2817,0.999829
1245.pgm,10000,65536,29520,45.0439,0.08094,0.075882,59.3294,0.999876
1246.pgm,10000,65536,34160,52.124,0.03876,0.074905,59.3857,0.999806
1247.pgm,10000,65536,10592,16.1621,0.02501,0.075134,59.3724,0.999831
1248.pgm,10000,65536,21184,32.3242,0.02442,0.076065,59.319,0.999824
1249.pgm,10000,65536,38768,59.1553,0.02737,0.077103,59.2601,0.999849
125.pgm,10000,65536,31680,48.3398,0.02715,0.076294,59.3059,0.999856
1250.pgm,10000,65536,18400,28.0762,0.03974,0.075943,59.3259,0.999797
1251.pgm,10000,65536,46480,70.9229,0.22105,0.076859,59.2739,0.999714
1253.pgm,10000,65536,18816,28.7109,0.04123,0.076187,59.312,0.999828
1254.pgm,10000,65536,36560,55.7861,0.03159,0.07695,59.2687,0.999846
1255.pgm,10000,65536,24752,37.7686,0.02629,0.077194,59.255,0.999857
1256.pgm,10000,65536,26720,40.7715,0.02678,0.077789,59.2216,0.999846
1257.pgm,10000,65536,42304,64.5508,0.03856,0.076828,59.2756,0.999818
1258.pgm,10000,65536,36624,55.8838,0.26988,0.075729,59.3382,0.999894
1259.pgm,10000,65536,22032,33.6182,0.04196,0.07695,59.2687,0.999854
126.pgm,10000,65536,55328,84.4238,0.03407,0.077301,59.249,0.999879
1260.pgm,10000,65536,52432,80.0049,0.03101,0.075974,59.3242,0.999878
1261.pgm,10000,65536,56192,85.7422,0.03287,0.075241,59.3663,0.999925
1262.pgm,10000,65536,14848,22.6562,0.15209,0.075134,59.3724,0.999777
1263.pgm,10000,65536,49344,75.293,0.09188,0.075912,59.3277,0.999898
1264.pgm,10000,65536,27792,42.4072,0.05333,0.076538,59.292,0.99989
1265.pgm,10000,65536,39872,60.8398,0.04358,0.075363,59.3592,0.999865
1266.pgm,10000,65536,46368,70.752,0.0325,0.075775,59.3355,0.999871
1267.pgm,10000,65536,41840,63.8428,0.20309,0.076309,59.305,0.999845
1269.pgm,10000,65536,35088,53.54,0.06994,0.077133,59.2584,0.999861
127.pgm,10000,65536,23408,35.7178,0.03178,0.077118,59.2593,0.999873
1270.pgm,10000,65536,54848,83.6914,0.03002,0.077133,59.2584,0.999911
1271.pgm,10000,65536,42544,64.917,0.04206,0.074875,59.3874,0.999844
1272.pgm,10000,65536,62016,94.6289,0.03426,0.077179,59.2558,0.999944
1274.pgm,10000,65536,58144,88.7207,0.23542,0.076248,59.3085,0.999819
1275.pgm,10000,65536,30864,47.0947,0.06892,0.075226,59.3671,0.999832
1276.pgm,10000,65536,38624,58.9355,0.03445,0.076752,59.2799,0.999864
1277.pgm,10000,65536,33616,51.2939,0.02557,0.076279,59.3068,0.99984
1278.pgm,10000,65536,14688,22.4121,0.02132,0.076355,59.3024,0.999849
1279.pgm,10000,65536,17936,27.3682,0.02315,0.076584,59.2894,0.999739
128.pgm,10000,65536,11376,17.3584,0.03149,0.075623,59.3443,0.999754
1280.pgm,10000,65536,14352,21.8994,0.28383,0.076019,59.3216,0.999827
1281.pgm,10000,65536,61584,93.9697,0.0676,0.076004,59.3224,0.999857
1282.pgm,10000,65536,10576,16.1377,0.02853,0.076096,59.3172,0.99987
1283.pgm,10000,65536,25088,38.2812,0.02462,0.076874,59.273,0.999814
1284.pgm,10000,65536,52608,80.2734,0.02641,0.076553,59.2912,0.999877
1285.pgm,10000,65536,26880,41.0156,0.02438,0.076294,59.3059,0.999869
1286.pgm,10000,65536,24192,36.9141,0.03718,0.075867,59.3303,0.999855
1287.pgm,10000,65536,24240,36.9873,0.24413,0.076202,59.3111,0.999878
1288.pgm,10000,65536,41824,63.8184,0.07236,0.076172,59.3129,0.999848
1289.pgm,10000,65536,55728,85.0342,0.0397,0.076447,59.2972,0.999907
129.pgm,10000,65536,21664,33.0566,0.02975,0.076065,59.319,0.99983
1290.pgm,10000,65536,46672,71.2158,0.03813,0.076294,59.3059,0.99978
1291.pgm,10000,65536,28304,43.1885,0.24666,0.076691,59.2834,0.999834
1292.pgm,10000,65536,50304,76.7578,0.06124,0.076065,59.319,0.99986
1293.pgm,10000,65536,18832,28.7354,0.03053,0.075729,59.3382,0.999833
1294.pgm,10000,65536,24496,37.3779,0.02775,0.076385,59.3007,0.999799
1295.pgm,10000,65536,36640,55.9082,0.03,0.075912,59.3277,0.999874
1296.pgm,10000,65536,47664,72.7295,0.13401,0.075089,59.3751,0.999867
1297.pgm,10000,65536,38448,58.667,0.09078,0.075378,59.3583,0.999752
1298.pgm,10000,65536,26368,40.2344,0.03682,0.075775,59.3355,0.999854
1299.pgm,10000,65536,20560,31.3721,0.02681,0.076874,59.273,0.999824
13.pgm,10000,65536,43904,66.9922,0.02734,0.076889,59.2722,0.999863
130.pgm,10000,65536,18192,27.7588,0.02316,0.077271,59.2507,0.999766
1300.pgm,10000,65536,23216,35.4248,0.02423,0.07608,59.3181,0.99975
1301.pgm,10000,65536,36480,55.6641,0.09532,0.076584,59.2894,0.999856
1302.pgm,10000,65536,45664,69.6777,0.13403,0.076447,59.2972,0.999847
1303.pgm,10000,65536,40736,62.1582,0.0369,0.074875,59.3874,0.999906
1304.pgm,10000,65536,31712,48.3887,0.02689,0.076889,59.2722,0.999702
1305.pgm,10000,65536,39008,59.5215,0.02654,0.075607,59.3452,0.999855
1306.pgm,10000,65536,30256,46.167,0.0288,0.077301,59.249,0.999779
1307.pgm,10000,65536,51536,78.6377,0.18463,0.076096,59.3172,0.999771
1308.pgm,10000,65536,35856,54.7119,0.06559,0.074829,59.3901,0.999851
1309.pgm,10000,65536,36656,55.9326,0.03402,0.076019,59.3216,0.999871
131.pgm,10000,65536,20752,31.665,0.02529,0.075607,59.3452,0.999611
1310.pgm,10000,65536,23632,36.0596,0.02413,0.076019,59.3216,0.999798
1311.pgm,10000,65536,23248,35.4736,0.0242,0.077545,59.2353,0.99965
1312.pgm,10000,65536,22592,34.4727,0.02444,0.077209,59.2541,0.999829
1313.pgm,10000,65536,10752,16.4062,0.06869,0.075607,59.3452,0.999819
1314.pgm,10000,65536,24304,37.085,0.12567,0.07666,59.2851,0.999827
1315.pgm,10000,65536,60448,92.2363,0.04178,0.077454,59.2404,0.999856
1316.pgm,10000,65536,20368,31.0791,0.02551,0.076874,59.273,0.999804
1317.pgm,10000,65536,27392,41.7969,0.02478,0.075333,59.361,0.999866
1318.pgm,10000,65536,36848,56.2256,0.02982,0.075623,59.3443,0.999913
1319.pgm,10000,65536,40720,62.1338,0.03267,0.075577,59.3469,0.999853
132.pgm,10000,65536,28336,43.2373,0.08663,0.076309,59.305,0.999806
1320.pgm,10000,65536,35216,53.7354,0.13192,0.076126,59.3155,0.999777
1321.pgm,10000,65536,17072,26.0498,0.03522,0.076141,59.3146,0.999812
1322.pgm,10000,65536,12128,18.5059,0.02665,0.07695,59.2687,0.999678
1323.pgm,10000,65536,38224,58.3252,0.02627,0.07579,59.3347,0.999905
1324.pgm,10000,65536,41344,63.0859,0.02618,0.075638,59.3434,0.999894
1325.pgm,10000,65536,18352,28.0029,0.02902,0.075943,59.3259,0.999792
1326.pgm,10000,65536,29328,44.751,0.04637,0.076538,59.292,0.999787
1327.pgm,10000,65536,42384,64.6729,0.24392,0.075485,59.3522,0.999896
1328.pgm,10000,65536,34160,52.124,0.05375,0.076904,59.2713,0.999801
1329.pgm,10000,65536,29824,45.5078,0.032,0.076065,59.319,0.999882
133.pgm,10000,65536,24288,37.0605,0.02629,0.076172,59.3129,0.9997
1330.pgm,10000,65536,31632,48.2666,0.02666,0.075302,59.3627,0.999807
1331.pgm,10000,65536,35024,53.4424,0.03459,0.076553,59.2912,0.999822
1332.pgm,10000,65536,13568,20.7031,0.0329,0.076218,59.3102,0.99977
1333.pgm,10000,65536,39088,59.6436,0.04285,0.077927,59.2139,0.999845
1334.pgm,10000,65536,10192,15.5518,0.20794,0.075485,59.3522,0.999758
1336.pgm,10000,65536,36000,54.9316,0.06644,0.076187,59.312,0.999878
1337.pgm,10000,65536,14224,21.7041,0.03218,0.075775,59.3355,0.999841
1338.pgm,10000,65536,30560,46.6309,0.03017,0.077118,59.2593,0.999841
1339.pgm,10000,65536,26800,40.8936,0.02662,0.075745,59.3373,0.999854
134.pgm,10000,65536,11392,17.3828,0.02417,0.075912,59.3277,0.99966
1340.pgm,10000,65536,16512,25.1953,0.02627,0.076706,59.2825,0.99983
1341.pgm,10000,65536,29376,44.8242,0.06894,0.075729,59.3382,0.999659
1342.pgm,10000,65536,23248,35.4736,0.15191,0.076965,59.2679,0.999835
1343.pgm,10000,65536,15920,24.292,0.04983,0.075592,59.346,0.999806
1344.pgm,10000,65536,21680,33.0811,0.03002,0.076355,59.3024,0.999773
1345.pgm,10000,65536,15760,24.0479,0.02561,0.076599,59.2886,0.999795
1346.pgm,10000,65536,35968,54.8828,0.02818,0.077072,59.2618,0.999849
1347.pgm,10000,65536,19472,29.7119,0.03357,0.07724,59.2524,0.999824
135.pgm,10000,65536,35952,54.8584,0.22516,0.075821,59.3329,0.999786
1350.pgm,10000,65536,22928,34.9854,0.0504,0.078018,59.2088,0.999749
1351.pgm,10000,65536,51552,78.6621,0.03498,0.07753,59.2361,0.999807
1352.pgm,10000,65536,28864,44.043,0.02628,0.075165,59.3707,0.999852
1353.pgm,10000,65536,37440,57.1289,0.02802,0.075653,59.3425,0.999795
1354.pgm,10000,65536,31936,48.7305,0.03637,0.076645,59.286,0.999845
1355.pgm,10000,65536,34224,52.2217,0.22965,0.077179,59.2558,0.999774
1356.pgm,10000,65536,14976,22.8516,0.04488,0.077484,59.2387,0.9998
1357.pgm,10000,65536,36496,55.6885,0.03137,0.075531,59.3496,0.999878
1358.pgm,10000,65536,23824,36.3525,0.02445,0.077484,59.2387,0.999873
1359.pgm,10000,65536,39936,60.9375,0.02645,0.076309,59.305,0.999845
136.pgm,10000,65536,48752,74.3896,0.02925,0.076019,59.3216,0.999855
1360.pgm,10000,65536,56768,86.6211,0.13454,0.076416,59.299,0.999868
1361.pgm,10000,65536,14416,21.9971,0.09375,0.076996,59.2661,0.999794
1362.pgm,10000,65536,25984,39.6484,0.03712,0.07579,59.3347,0.999773
1363.pgm,10000,65536,38640,58.96,0.0294,0.076233,59.3094,0.999911
1364.pgm,10000,65536,11248,17.1631,0.02163,0.075333,59.361,0.999789
1365.pgm,10000,65536,35792,54.6143,0.02457,0.075165,59.3707,0.99981
1366.pgm,10000,65536,38256,58.374,0.03247,0.075912,59.3277,0.999869
1367.pgm,10000,65536,43376,66.1865,0.23426,0.075607,59.3452,0.999866
1368.pgm,10000,65536,38320,58.4717,0.05466,0.07663,59.2868,0.999883
1369.pgm,10000,65536,17536,26.7578,0.0262,0.076691,59.2834,0.999758
137.pgm,10000,65536,34528,52.6855,0.02692,0.075729,59.3382,0.999882
1370.pgm,10000,65536,27536,42.0166,0.02804,0.076035,59.3207,0.999781
1371.pgm,10000,65536,32704,49.9023,0.08972,0.075073,59.376,0.999869
1372.pgm,10000,65536,39088,59.6436,0.09605,0.075851,59.3312,0.99986
1373.pgm,10000,65536,43152,65.8447,0.03534,0.076004,59.3224,0.99988
1374.pgm,10000,65536,46448,70.874,0.02968,0.077423,59.2421,0.999885
1375.pgm,10000,65536,24656,37.6221,0.0251,0.076599,59.2886,0.999846
1376.pgm,10000,65536,18064,27.5635,0.02521,0.07515,59.3715,0.999856
1377.pgm,10000,65536,64512,98.4375,0.04975,0.075684,59.3408,0.999912
1378.pgm,10000,65536,35312,53.8818,0.18473,0.075363,59.3592,0.999826
1379.pgm,10000,65536,44448,67.8223,0.05053,0.076035,59.3207,0.999843
138.pgm,10000,65536,23664,36.1084,0.02905,0.076538,59.292,0.999815
1380.pgm,10000,65536,25248,38.5254,0.0269,0.076035,59.3207,0.999806
1381.pgm,10000,65536,34384,52.4658,0.02659,0.076996,59.2661,0.99987
1382.pgm,10000,65536,29568,45.1172,0.03,0.076065,59.319,0.999839
1383.pgm,10000,65536,42688,65.1367,0.24086,0.075989,59.3233,0.999888
1384.pgm,10000,65536,34736,53.0029,0.06417,0.075043,59.3777,0.999834
1385.pgm,10000,65536,47552,72.5586,0.0324,0.076721,59.2817,0.999869
1386.pgm,10000,65536,27072,41.3086,0.02742,0.07663,59.2868,0.999875
1387.pgm,10000,65536,31296,47.7539,0.03128,0.076187,59.312,0.999861
1388.pgm,10000,65536,30368,46.3379,0.27621,0.077301,59.249,0.999824
1389.pgm,10000,65536,41088,62.6953,0.06461,0.078247,59.1961,0.99984
139.pgm,10000,65536,27744,42.334,0.03179,0.075272,59.3645,0.999848
1390.pgm,10000,65536,20128,30.7129,0.0265,0.075882,59.3294,0.999772
1392.pgm,10000,65536,46688,71.2402,0.03007,0.075806,59.3338,0.999865
1393.pgm,10000,65536,35888,54.7607,0.09246,0.07608,59.3181,0.999865
1394.pgm,10000,65536,20608,31.4453,0.10497,0.076584,59.2894,0.999871
1395.pgm,10000,65536,43696,66.6748,0.05598,0.077469,59.2395,0.999868
1396.pgm,10000,65536,45344,69.1895,0.03469,0.075012,59.3795,0.99989
1397.pgm,10000,65536,42448,64.7705,0.03465,0.077042,59.2635,0.999901
1398.pgm,10000,65536,26240,40.0391,0.09175,0.075363,59.3592,0.999768
1399.pgm,10000,65536,33040,50.415,0.12425,0.076477,59.2955,0.999873
14.pgm,10000,65536,16208,24.7314,0.0337,0.076797,59.2773,0.999802
140.pgm,10000,65536,14352,21.8994,0.02708,0.075485,59.3522,0.999756
1400.pgm,10000,65536,57120,87.1582,0.03166,0.075607,59.3452,0.999899
1401.pgm,10000,65536,32256,49.2188,0.03176,0.077179,59.2558,0.99982
1402.pgm,10000,65536,51520,78.6133,0.15843,0.076981,59.267,0.999815
1403.pgm,10000,65536,25696,39.209,0.07644,0.076645,59.286,0.999863
1404.pgm,10000,65536,21056,32.1289,0.03422,0.075211,59.368,0.999845
1405.pgm,10000,65536,37696,57.5195,0.02929,0.076431,59.2981,0.999872
1406.pgm,10000,65536,36144,55.1514,0.02635,0.077515,59.237,0.999847
1407.pgm,10000,65536,25104,38.3057,0.0279,0.077255,59.2515,0.999828
1408.pgm,10000,65536,26416,40.3076,0.03281,0.075699,59.3399,0.99986
1409.pgm,10000,65536,30128,45.9717,0.05526,0.07724,59.2524,0.999873
141.pgm,10000,65536,13776,21.0205,0.15155,0.076279,59.3068,0.999684
1410.pgm,10000,65536,34928,53.2959,0.03796,0.075272,59.3645,0.999851
1411.pgm,10000,65536,22480,34.3018,0.02544,0.076004,59.3224,0.999807
1412.pgm,10000,65536,38496,58.7402,0.0248,0.075302,59.3627,0.999905
1413.pgm,10000,65536,20096,30.6641,0.02447,0.076553,59.2912,0.999685
1414.pgm,10000,65536,24512,37.4023,0.05225,0.077042,59.2635,0.999806
1415.pgm,10000,65536,40496,61.792,0.16274,0.075089,59.3751,0.99982
1416.pgm,10000,65536,46304,70.6543,0.04312,0.075851,59.3312,0.999815
1417.pgm,10000,65536,19760,30.1514,0.03371,0.075912,59.3277,0.999722
1418.pgm,10000,65536,10496,16.0156,0.04833,0.076614,59.2877,0.999768
1419.pgm,10000,65536,40800,62.2559,0.21806,0.076157,59.3137,0.999858
142.pgm,10000,65536,34784,53.0762,0.07511,0.075882,59.3294,0.999854
1420.pgm,10000,65536,33232,50.708,0.03243,0.075912,59.3277,0.999857
1421.pgm,10000,65536,19424,29.6387,0.02416,0.077316,59.2481,0.999791
1422.pgm,10000,65536,20096,30.6641,0.02328,0.076462,59.2964,0.999794
1423.pgm,10000,65536,11264,17.1875,0.03133,0.075989,59.3233,0.999708
1424.pgm,10000,65536,33760,51.5137,0.03688,0.073837,59.448,0.999855
1425.pgm,10000,65536,17984,27.4414,0.0393,0.077744,59.2242,0.999765
1426.pgm,10000,65536,10320,15.7471,0.22207,0.076645,59.286,0.999715
1427.pgm,10000,65536,62832,95.874,0.05786,0.076462,59.2964,0.999746
1428.pgm,10000,65536,10768,16.4307,0.0262,0.076187,59.312,0.999631
143.pgm,10000,65536,53296,81.3232,0.03701,0.07724,59.2524,0.999815
1430.pgm,10000,65536,19696,30.0537,0.03487,0.07637,59.3016,0.999793
1431.pgm,10000,65536,15264,23.291,0.03449,0.076172,59.3129,0.999824
1432.pgm,10000,65536,13376,20.4102,0.19104,0.07576,59.3364,0.999885
1433.pgm,10000,65536,15504,23.6572,0.0577,0.075256,59.3654,0.999792
1434.pgm,10000,65536,15584,23.7793,0.03278,0.076172,59.3129,0.999738
1435.pgm,10000,65536,28128,42.9199,0.04123,0.077286,59.2498,0.999821
1437.pgm,10000,65536,17296,26.3916,0.03283,0.077011,59.2653,0.999774
1438.pgm,10000,65536,22240,33.9355,0.04419,0.077011,59.2653,0.999815
1439.pgm,10000,65536,12224,18.6523,0.20074,0.075851,59.3312,0.999822
144.pgm,10000,65536,26816,40.918,0.04845,0.07666,59.2851,0.999828
1440.pgm,10000,65536,16384,25.0,0.02813,0.076492,59.2946,0.999803
1441.pgm,10000,65536,18064,27.5635,0.03232,0.075989,59.3233,0.999757
1442.pgm,10000,65536,28112,42.8955,0.02435,0.075424,59.3557,0.999844
1443.pgm,10000,65536,18768,28.6377,0.04695,0.07579,59.3347,0.999706
1444.pgm,10000,65536,21712,33.1299,0.24429,0.07637,59.3016,0.999807
1445.pgm,10000,65536,52096,79.4922,0.05228,0.07576,59.3364,0.999858
1446.pgm,10000,65536,22368,34.1309,0.02891,0.075989,59.3233,0.999863
1447.pgm,10000,65536,20000,30.5176,0.02724,0.074966,59.3821,0.999742
1448.pgm,10000,65536,16816,25.6592,0.03198,0.075653,59.3425,0.999849
1449.pgm,10000,65536,25920,39.5508,0.05854,0.07666,59.2851,0.999834
145.pgm,10000,65536,53600,81.7871,0.14916,0.075577,59.3469,0.999848
1450.pgm,10000,65536,10224,15.6006,0.04517,0.077271,59.2507,0.999754
1451.pgm,10000,65536,18272,27.8809,0.03142,0.076416,59.299,0.999725
1452.pgm,10000,65536,56960,86.9141,0.02774,0.075806,59.3338,0.999963
1453.pgm,10000,65536,40976,62.5244,0.02954,0.076706,59.2825,0.999911
1454.pgm,10000,65536,31312,47.7783,0.03615,0.075638,59.3434,0.999864
1455.pgm,10000,65536,37264,56.8604,0.20843,0.075287,59.3636,0.999878
1456.pgm,10000,65536,22528,34.375,0.03787,0.075241,59.3663,0.999761
1457.pgm,10000,65536,26880,41.0156,0.02877,0.077301,59.249,0.999752
1459.pgm,10000,65536,12768,19.4824,0.02298,0.075455,59.3539,0.999767
146.pgm,10000,65536,16176,24.6826,0.02152,0.076218,59.3102,0.999758
1460.pgm,10000,65536,17872,27.2705,0.02163,0.076477,59.2955,0.999764
1461.pgm,10000,65536,24288,37.0605,0.03316,0.076813,59.2765,0.999808
1462.pgm,10000,65536,47936,73.1445,0.25144,0.075562,59.3478,0.999918
1463.pgm,10000,65536,10192,15.5518,0.05445,0.076691,59.2834,0.999822
1465.pgm,10000,65536,19008,29.0039,0.02843,0.076477,59.2955,0.999889
1466.pgm,10000,65536,11984,18.2861,0.02537,0.07608,59.3181,0.999779
1467.pgm,10000,65536,19856,30.2979,0.02654,0.075653,59.3425,0.999777
1468.pgm,10000,65536,16704,25.4883,0.03174,0.075546,59.3487,0.999784
1469.pgm,10000,65536,49056,74.8535,0.23818,0.077393,59.2438,0.999919
147.pgm,10000,65536,26592,40.5762,0.05526,0.075745,59.3373,0.999691
1470.pgm,10000,65536,21760,33.2031,0.02837,0.076904,59.2713,0.999818
1471.pgm,10000,65536,17328,26.4404,0.02502,0.077362,59.2455,0.999713
1472.pgm,10000,65536,14960,22.8271,0.0244,0.076202,59.3111,0.999849
1473.pgm,10000,65536,25248,38.5254,0.0284,0.07753,59.2361,0.99968
1474.pgm,10000,65536,12192,18.6035,0.03828,0.076447,59.2972,0.999786
1475.pgm,10000,65536,19664,30.0049,0.19638,0.076675,59.2842,0.999855
1476.pgm,10000,65536,18800,28.6865,0.04096,0.076904,59.2713,0.999749
1477.pgm,10000,65536,13952,21.2891,0.02819,0.076508,59.2938,0.999812
1478.pgm,10000,65536,15776,24.0723,0.02556,0.076874,59.273,0.999773
1479.pgm,10000,65536,11104,16.9434,0.02609,0.07515,59.3715,0.999751
148.pgm,10000,65536,16336,24.9268,0.11391,0.076477,59.2955,0.999729
1480.pgm,10000,65536,45616,69.6045,0.10586,0.075897,59.3285,0.999914
1482.pgm,10000,65536,51984,79.3213,0.0369,0.076904,59.2713,0.999934
1483.pgm,10000,65536,18624,28.418,0.02894,0.076187,59.312,0.999748
1484.pgm,10000,65536,11328,17.2852,0.02896,0.078186,59.1995,0.999522
1485.pgm,10000,65536,16560,25.2686,0.05673,0.076355,59.3024,0.99975
1486.pgm,10000,65536,18144,27.6855,0.15303,0.076538,59.292,0.999833
1487.pgm,10000,65536,29808,45.4834,0.04228,0.074722,59.3963,0.999828
1488.pgm,10000,65536,16576,25.293,0.02883,0.076355,59.3024,0.999787
1489.pgm,10000,65536,36560,55.7861,0.03266,0.077103,59.2601,0.999872
149.pgm,10000,65536,51600,78.7354,0.11298,0.076065,59.319,0.999895
1491.pgm,10000,65536,19232,29.3457,0.06648,0.075714,59.339,0.999858
1492.pgm,10000,65536,19952,30.4443,0.03158,0.076828,59.2756,0.999757
1493.pgm,10000,65536,10720,16.3574,0.02343,0.075363,59.3592,0.999914
1494.pgm,10000,65536,27616,42.1387,0.02376,0.07695,59.2687,0.999869
1495.pgm,10000,65536,56352,85.9863,0.02655,0.076721,59.2817,0.999944
1497.pgm,10000,65536,24160,36.8652,0.1538,0.076218,59.3102,0.999759
1498.pgm,10000,65536,51504,78.5889,0.09639,0.07605,59.3198,0.999923
1499.pgm,10000,65536,19328,29.4922,0.03316,0.076111,59.3163,0.999777
15.pgm,10000,65536,32320,49.3164,0.03184,0.07579,59.3347,0.999806
150.pgm,10000,65536,45072,68.7744,0.03691,0.075912,59.3277,0.999829
1500.pgm,10000,65536,42976,65.5762,0.22142,0.075623,59.3443,0.999915
1501.pgm,10000,65536,17712,27.0264,0.06961,0.076477,59.2955,0.999814
1502.pgm,10000,65536,12608,19.2383,0.02974,0.077271,59.2507,0.999794
1503.pgm,10000,65536,19856,30.2979,0.0282,0.077484,59.2387,0.99974
1505.pgm,10000,65536,37424,57.1045,0.03564,0.075485,59.3522,0.999871
1506.pgm,10000,65536,14720,22.4609,0.08024,0.075775,59.3355,0.999829
1507.pgm,10000,65536,10256,15.6494,0.12496,0.076569,59.2903,0.999788
1508.pgm,10000,65536,11184,17.0654,0.03742,0.076736,59.2808,0.999795
151.pgm,10000,65536,29968,45.7275,0.03036,0.075256,59.3654,0.999782
1510.pgm,10000,65536,11616,17.7246,0.0261,0.077286,59.2498,0.999845
1511.pgm,10000,65536,17664,26.9531,0.03356,0.074982,59.3813,0.999731
1512.pgm,10000,65536,39760,60.6689,0.23677,0.076111,59.3163,0.999923
1513.pgm,10000,65536,13760,20.9961,0.04237,0.075836,59.332,0.999809
1514.pgm,10000,65536,24000,36.6211,0.03058,0.076904,59.2713,0.999782
1516.pgm,10000,65536,31584,48.1934,0.02748,0.07605,59.3198,0.999867
1517.pgm,10000,65536,22704,34.6436,0.02678,0.07634,59.3033,0.999762
1.pgm,10000,65536,23952,36.5479,0.04594,0.075134,59.3724,0.999845
10.pgm,10000,65536,35296,53.8574,0.18567,0.076492,59.2946,0.999857
100.pgm,10000,65536,31616,48.2422,0.05336,0.075653,59.3425,0.999771
1000.pgm,10000,65536,27120,41.3818,0.03214,0.077698,59.2267,0.999875
10000.pgm,10000,65536,47728,72.8271,0.02925,0.076035,59.3207,0.99988
1001.pgm,10000,65536,12736,19.4336,0.04076,0.075928,59.3268,0.999699
1002.pgm,10000,65536,24144,36.8408,0.25383,0.077148,59.2575,0.999902
1003.pgm,10000,65536,38816,59.2285,0.04785,0.075165,59.3707,0.999818
1004.pgm,10000,65536,13168,20.0928,0.02709,0.076233,59.3094,0.999827
1005.pgm,10000,65536,37152,56.6895,0.02662,0.077469,59.2395,0.999876
1006.pgm,10000,65536,62304,95.0684,0.02703,0.076569,59.2903,0.999977
1007.pgm,10000,65536,47536,72.5342,0.0257,0.075684,59.3408,0.999875
1008.pgm,10000,65536,42144,64.3066,0.02878,0.075836,59.332,0.99989
1009.pgm,10000,65536,37888,57.8125,0.03769,0.07637,59.3016,0.999847
101.pgm,10000,65536,55440,84.5947,0.24577,0.076233,59.3094,0.999903
1010.pgm,10000,65536,18096,27.6123,0.04304,0.076645,59.286,0.999736
1011.pgm,10000,65536,27904,42.5781,0.02706,0.076324,59.3042,0.999851
1012.pgm,10000,65536,37120,56.6406,0.02536,0.076096,59.3172,0.999875
1013.pgm,10000,65536,37696,57.5195,0.02848,0.075333,59.361,0.999882
1014.pgm,10000,65536,40112,61.2061,0.03953,0.076172,59.3129,0.999877
1015.pgm,10000,65536,39792,60.7178,0.06078,0.075684,59.3408,0.999854
1018.pgm,10000,65536,17168,26.1963,0.17345,0.077164,59.2567,0.99984
1019.pgm,10000,65536,31648,48.291,0.04875,0.075729,59.3382,0.999876
102.pgm,10000,65536,63584,97.0215,0.03788,0.075714,59.339,0.999944
1020.pgm,10000,65536,35184,53.6865,0.02982,0.076614,59.2877,0.999871
1021.pgm,10000,65536,49776,75.9521,0.03136,0.077225,59.2532,0.999811
1022.pgm,10000,65536,50640,77.2705,0.03185,0.075134,59.3724,0.999732
1023.pgm,10000,65536,33248,50.7324,0.02894,0.076462,59.2964,0.999816
1024.pgm,10000,65536,49904,76.1475,0.05111,0.076309,59.305,0.999862
1025.pgm,10000,65536,36144,55.1514,0.2322,0.076279,59.3068,0.999854
1026.pgm,10000,65536,25488,38.8916,0.04873,0.075623,59.3443,0.999869
1027.pgm,10000,65536,13424,20.4834,0.03092,0.077087,59.261,0.999781
1028.pgm,10000,65536,26336,40.1855,0.03055,0.076233,59.3094,0.999789
1029.pgm,10000,65536,29168,44.5068,0.03074,0.077347,59.2464,0.999841
103.pgm,10000,65536,21648,33.0322,0.03472,0.075546,59.3487,0.999834
1030.pgm,10000,65536,18944,28.9062,0.26348,0.077576,59.2335,0.999824
1031.pgm,10000,65536,10176,15.5273,0.0449,0.076416,59.299,0.999818
1032.pgm,10000,65536,36128,55.127,0.02715,0.077072,59.2618,0.999922
1033.pgm,10000,65536,27008,41.2109,0.02746,0.076706,59.2825,0.999841
1035.pgm,10000,65536,23312,35.5713,0.21256,0.075226,59.3671,0.999816
1036.pgm,10000,65536,36144,55.1514,0.0812,0.078171,59.2004,0.999755
1039.pgm,10000,65536,39824,60.7666,0.03956,0.076492,59.2946,0.999837
104.pgm,10000,65536,24368,37.1826,0.02733,0.07576,59.3364,0.999826
1040.pgm,10000,65536,35168,53.6621,0.02929,0.076767,59.2791,0.9999
1041.pgm,10000,65536,56624,86.4014,0.27084,0.076324,59.3042,0.999956
1042.pgm,10000,65536,12048,18.3838,0.04379,0.076935,59.2696,0.999777
1043.pgm,10000,65536,33344,50.8789,0.02815,0.0755,59.3513,0.999855
1045.pgm,10000,65536,12224,18.6523,0.16379,0.0755,59.3513,0.999791
1046.pgm,10000,65536,14096,21.5088,0.11075,0.076233,59.3094,0.999667
1047.pgm,10000,65536,20320,31.0059,0.0367,0.076233,59.3094,0.999782
1048.pgm,10000,65536,20368,31.0791,0.03801,0.07634,59.3033,0.999801
1049.pgm,10000,65536,25824,39.4043,0.21264,0.076111,59.3163,0.999805
105.pgm,10000,65536,20992,32.0312,0.04197,0.075485,59.3522,0.999867
1050.pgm,10000,65536,59584,90.918,0.03535,0.075897,59.3285,0.99993
1051.pgm,10000,65536,13968,21.3135,0.02929,0.075958,59.3251,0.999668
1052.pgm,10000,65536,30816,47.0215,0.15911,0.076492,59.2946,0.999849
1053.pgm,10000,65536,17936,27.3682,0.09666,0.076355,59.3024,0.999796
1054.pgm,10000,65536,19744,30.127,0.03515,0.076035,59.3207,0.999776
1055.pgm,10000,65536,51552,78.6621,0.03302,0.077148,59.2575,0.999776
1056.pgm,10000,65536,17008,25.9521,0.02832,0.076645,59.286,0.999767
1057.pgm,10000,65536,21200,32.3486,0.03687,0.077896,59.2156,0.999768
1058.pgm,10000,65536,13376,20.4102,0.2244,0.077179,59.2558,0.999764
1059.pgm,10000,65536,40080,61.1572,0.0666,0.075699,59.3399,0.999844
106.pgm,10000,65536,41040,62.6221,0.03771,0.076904,59.2713,0.999871
1060.pgm,10000,65536,32640,49.8047,0.02753,0.076859,59.2739,0.999759
1061.pgm,10000,65536,45568,69.5312,0.03021,0.076614,59.2877,0.999782
1063.pgm,10000,65536,25648,39.1357,0.12663,0.075699,59.3399,0.999778
1064.pgm,10000,65536,41296,63.0127,0.09444,0.076813,59.2765,0.999896
1065.pgm,10000,65536,37136,56.665,0.03546,0.07695,59.2687,0.999821
1066.pgm,10000,65536,12928,19.7266,0.02533,0.07608,59.3181,0.999773
1067.pgm,10000,65536,25056,38.2324,0.02546,0.075806,59.3338,0.999848
1068.pgm,10000,65536,17248,26.3184,0.02358,0.07608,59.3181,0.999891
1069.pgm,10000,65536,48320,73.7305,0.03028,0.074799,59.3919,0.9999
107.pgm,10000,65536,55072,84.0332,0.03842,0.075714,59.339,0.999835
1070.pgm,10000,65536,52144,79.5654,0.24918,0.075806,59.3338,0.999877
1071.pgm,10000,65536,27568,42.0654,0.0586,0.075256,59.3654,0.99975
1072.pgm,10000,65536,12912,19.7021,0.03028,0.0755,59.3513,0.999616
1073.pgm,10000,65536,23952,36.5479,0.02641,0.07605,59.3198,0.999806
1074.pgm,10000,65536,36960,56.3965,0.02841,0.076233,59.3094,0.999883
1075.pgm,10000,65536,36192,55.2246,0.03183,0.076096,59.3172,0.999758
1076.pgm,10000,65536,18832,28.7354,0.03523,0.076508,59.2938,0.999784
1077.pgm,10000,65536,35648,54.3945,0.27983,0.076462,59.2964,0.999851
1078.pgm,10000,65536,18848,28.7598,0.04735,0.077957,59.2122,0.999749
1079.pgm,10000,65536,30224,46.1182,0.03005,0.074631,59.4016,0.999805
108.pgm,10000,65536,56576,86.3281,0.03005,0.076263,59.3076,0.999928
1080.pgm,10000,65536,33488,51.0986,0.02612,0.076431,59.2981,0.999805
1081.pgm,10000,65536,34640,52.8564,0.0358,0.076416,59.299,0.999895
1082.pgm,10000,65536,36640,55.9082,0.22978,0.075607,59.3452,0.999886
1083.pgm,10000,65536,44512,67.9199,0.05518,0.076599,59.2886,0.999856
1084.pgm,10000,65536,22656,34.5703,0.03475,0.076736,59.2808,0.999793
1085.pgm,10000,65536,45152,68.8965,0.0313,0.076462,59.2964,0.999838
1086.pgm,10000,65536,12592,19.2139,0.02475,0.076279,59.3068,0.999822
1087.pgm,10000,65536,38928,59.3994,0.04003,0.075653,59.3425,0.999842
1088.pgm,10000,65536,16160,24.6582,0.22342,0.076263,59.3076,0.999807
1089.pgm,10000,65536,23408,35.7178,0.04264,0.075882,59.3294,0.999789
109.pgm,10000,65536,27520,41.9922,0.02955,0.076553,59.2912,0.999856
1090.pgm,10000,65536,35536,54.2236,0.02704,0.077576,59.2335,0.999802
1092.pgm,10000,65536,31536,48.1201,0.02774,0.07576,59.3364,0.999853
1094.pgm,10000,65536,38720,59.082,0.041,0.076599,59.2886,0.99971
1095.pgm,10000,65536,24464,37.3291,0.22305,0.07634,59.3033,0.999713
1096.pgm,10000,65536,23280,35.5225,0.06022,0.075394,59.3575,0.999879
1097.pgm,10000,65536,24416,37.2559,0.03088,0.076813,59.2765,0.999774
1098.pgm,10000,65536,31072,47.4121,0.02817,0.077271,59.2507,0.999826
1099.pgm,10000,65536,45152,68.8965,0.03125,0.075836,59.332,0.999901
11.pgm,10000,65536,31472,48.0225,0.03912,0.077148,59.2575,0.999836
110.pgm,10000,65536,43488,66.3574,0.31057,0.075439,59.3548,0.999906
1100.pgm,10000,65536,31440,47.9736,0.03526,0.077042,59.2635,0.999821
1102.pgm,10000,65536,15232,23.2422,0.02295,0.076157,59.3137,0.999867
1103.pgm,10000,65536,40912,62.4268,0.02833,0.075333,59.361,0.999865
1104.pgm,10000,65536,48128,73.4375,0.03779,0.077545,59.2353,0.999668
1105.pgm,10000,65536,37040,56.5186,0.25965,0.07692,59.2704,0.999898
1106.pgm,10000,65536,23728,36.2061,0.05569,0.076889,59.2722,0.999818
1107.pgm,10000,65536,20496,31.2744,0.02884,0.074921,59.3848,0.999819
1108.pgm,10000,65536,29504,45.0195,0.03391,0.076462,59.2964,0.999811
1109.pgm,10000,65536,18432,28.125,0.20099,0.077316,59.2481,0.999865
111.pgm,10000,65536,35888,54.7607,0.09479,0.075424,59.3557,0.999879
1110.pgm,10000,65536,56448,86.1328,0.03528,0.077805,59.2208,0.999869
1111.pgm,10000,65536,24320,37.1094,0.03636,0.077576,59.2335,0.999736
1112.pgm,10000,65536,24880,37.9639,0.02956,0.075775,59.3355,0.999699
1113.pgm,10000,65536,23040,35.1562,0.03999,0.076111,59.3163,0.999884
1114.pgm,10000,65536,22416,34.2041,0.2345,0.076492,59.2946,0.999663
1115.pgm,10000,65536,51712,78.9062,0.06031,0.076843,59.2747,0.999783
1116.pgm,10000,65536,32928,50.2441,0.03092,0.075989,59.3233,0.999801
1117.pgm,10000,65536,36160,55.1758,0.02635,0.07608,59.3181,0.99988
1118.pgm,10000,65536,31408,47.9248,0.02645,0.076294,59.3059,0.999867
1119.pgm,10000,65536,55376,84.4971,0.07668,0.076767,59.2791,0.999914
112.pgm,10000,65536,29424,44.8975,0.14733,0.076431,59.2981,0.999864
1120.pgm,10000,65536,17680,26.9775,0.0371,0.077347,59.2464,0.999821
1121.pgm,10000,65536,50768,77.4658,0.03559,0.076294,59.3059,0.999877
1122.pgm,10000,65536,14832,22.6318,0.02802,0.076202,59.3111,0.999792
1123.pgm,10000,65536,46768,71.3623,0.03965,0.075958,59.3251,0.999878
1124.pgm,10000,65536,17024,25.9766,0.22121,0.076157,59.3137,0.999803
1125.pgm,10000,65536,10336,15.7715,0.07241,0.076462,59.2964,0.999757
1126.pgm,10000,65536,34480,52.6123,0.03678,0.076019,59.3216,0.999886
1127.pgm,10000,65536,24144,36.8408,0.02852,0.076675,59.2842,0.999834
1128.pgm,10000,65536,41760,63.7207,0.03033,0.076111,59.3163,0.999825
1129.pgm,10000,65536,15120,23.0713,0.02651,0.075836,59.332,0.9997
113.pgm,10000,65536,25424,38.7939,0.03323,0.075729,59.3382,0.999796
1130.pgm,10000,65536,34256,52.2705,0.03566,0.076645,59.286,0.999909
1131.pgm,10000,65536,33408,50.9766,0.04352,0.075897,59.3285,0.999839
1132.pgm,10000,65536,39840,60.791,0.25329,0.075394,59.3575,0.99989
1133.pgm,10000,65536,59616,90.9668,0.05448,0.07605,59.3198,0.99993
1134.pgm,10000,65536,29264,44.6533,0.03055,0.075073,59.376,0.999868
1135.pgm,10000,65536,32032,48.877,0.02782,0.076767,59.2791,0.999826
1136.pgm,10000,65536,37984,57.959,0.02904,0.076645,59.286,0.999695
1137.pgm,10000,65536,12592,19.2139,0.03101,0.074844,59.3892,0.999807
1138.pgm,10000,65536,24784,37.8174,0.06027,0.07663,59.2868,0.999816
1139.pgm,10000,65536,18336,27.9785,0.18524,0.077301,59.249,0.999837
114.pgm,10000,65536,29952,45.7031,0.0495,0.076538,59.292,0.999841
1140.pgm,10000,65536,34192,52.1729,0.03409,0.076675,59.2842,0.999874
1141.pgm,10000,65536,10688,16.3086,0.02848,0.077209,59.2541,0.999779
1142.pgm,10000,65536,16736,25.5371,0.03299,0.076004,59.3224,0.99985
1143.pgm,10000,65536,44608,68.0664,0.10616,0.076523,59.2929,0.999863
1144.pgm,10000,65536,30752,46.9238,0.08906,0.076813,59.2765,0.999812
1145.pgm,10000,65536,20400,31.1279,0.03382,0.076294,59.3059,0.99973
1146.pgm,10000,65536,30400,46.3867,0.02801,0.075653,59.3425,0.999727
1147.pgm,10000,65536,25744,39.2822,0.02532,0.076324,59.3042,0.999828
1148.pgm,10000,65536,43264,66.0156,0.0299,0.074982,59.3813,0.999872
1.pgm,10000,65536,23952,36.5479,0.04902,0.076447,59.2972,0.999846
10.pgm,10000,65536,35296,53.8574,0.14241,0.075897,59.3285,0.99986
100.pgm,10000,65536,31616,48.2422,0.03843,0.077209,59.2541,0.999764
1000.pgm,10000,65536,27120,41.3818,0.02766,0.076263,59.3076,0.999881
10000.pgm,10000,65536,47728,72.8271,0.0302,0.077316,59.2481,0.999879
1001.pgm,10000,65536,12736,19.4336,0.02503,0.07605,59.3198,0.9997
1002.pgm,10000,65536,24144,36.8408,0.02922,0.075806,59.3338,0.999902
1003.pgm,10000,65536,38816,59.2285,0.05538,0.075882,59.3294,0.999812
1004.pgm,10000,65536,13168,20.0928,0.19189,0.077103,59.2601,0.999828
1005.pgm,10000,65536,37152,56.6895,0.04161,0.076385,59.3007,0.999878
1006.pgm,10000,65536,62304,95.0684,0.03249,0.076843,59.2747,0.999977
1007.pgm,10000,65536,47536,72.5342,0.02773,0.075043,59.3777,0.999875
1008.pgm,10000,65536,42144,64.3066,0.02749,0.076172,59.3129,0.99989
1009.pgm,10000,65536,37888,57.8125,0.03087,0.075394,59.3575,0.999851
101.pgm,10000,65536,55440,84.5947,0.04741,0.075073,59.376,0.999906
1010.pgm,10000,65536,18096,27.6123,0.22169,0.077545,59.2353,0.999736
1011.pgm,10000,65536,27904,42.5781,0.04188,0.075363,59.3592,0.999858
1012.pgm,10000,65536,37120,56.6406,0.03011,0.075516,59.3504,0.999877
1013.pgm,10000,65536,37696,57.5195,0.02697,0.076233,59.3094,0.999881
1014.pgm,10000,65536,40112,61.2061,0.0272,0.076035,59.3207,0.999878
1015.pgm,10000,65536,39792,60.7178,0.03096,0.076157,59.3137,0.999856
1018.pgm,10000,65536,17168,26.1963,0.11552,0.075912,59.3277,0.999839
1019.pgm,10000,65536,31648,48.291,0.07632,0.075226,59.3671,0.999875
102.pgm,10000,65536,63584,97.0215,0.03818,0.075653,59.3425,0.999945
1020.pgm,10000,65536,35184,53.6865,0.02605,0.074905,59.3857,0.999873
1021.pgm,10000,65536,49776,75.9521,0.02663,0.075577,59.3469,0.999814
1022.pgm,10000,65536,50640,77.2705,0.02701,0.075821,59.3329,0.999725
1023.pgm,10000,65536,33248,50.7324,0.03383,0.076187,59.312,0.999816
1024.pgm,10000,65536,49904,76.1475,0.2547,0.077011,59.2653,0.99986
1025.pgm,10000,65536,36144,55.1514,0.04209,0.076141,59.3146,0.999858
1026.pgm,10000,65536,25488,38.8916,0.02676,0.076599,59.2886,0.999866
1027.pgm,10000,65536,13424,20.4834,0.02191,0.07695,59.2687,0.999782
1028.pgm,10000,65536,26336,40.1855,0.02845,0.076263,59.3076,0.999787
1029.pgm,10000,65536,29168,44.5068,0.03016,0.075668,59.3417,0.999845
103.pgm,10000,65536,21648,33.0322,0.0269,0.076782,59.2782,0.999836
1030.pgm,10000,65536,18944,28.9062,0.02728,0.075653,59.3425,0.999829
1031.pgm,10000,65536,10176,15.5273,0.03325,0.076874,59.273,0.999822
1032.pgm,10000,65536,36128,55.127,0.1772,0.076523,59.2929,0.999923
1033.pgm,10000,65536,27008,41.2109,0.05434,0.076752,59.2799,0.999841
1035.pgm,10000,65536,23312,35.5713,0.03008,0.078278,59.1944,0.999806
1036.pgm,10000,65536,36144,55.1514,0.02724,0.077499,59.2378,0.999757
1039.pgm,10000,65536,39824,60.7666,0.04176,0.076645,59.286,0.999841
104.pgm,10000,65536,24368,37.1826,0.03881,0.07695,59.2687,0.999821
1040.pgm,10000,65536,35168,53.6621,0.0556,0.07756,59.2344,0.999899
1041.pgm,10000,65536,56624,86.4014,0.10589,0.076538,59.292,0.999956
1042.pgm,10000,65536,12048,18.3838,0.13839,0.076492,59.2946,0.99978
1043.pgm,10000,65536,33344,50.8789,0.09788,0.076111,59.3163,0.999853
1045.pgm,10000,65536,12224,18.6523,0.06942,0.077118,59.2593,0.999784
1046.pgm,10000,65536,14096,21.5088,0.05892,0.075363,59.3592,0.999669
1047.pgm,10000,65536,20320,31.0059,0.0556,0.075775,59.3355,0.999782
1048.pgm,10000,65536,20368,31.0791,0.05108,0.076004,59.3224,0.999802
1049.pgm,10000,65536,25824,39.4043,0.04577,0.075851,59.3312,0.999804
105.pgm,10000,65536,20992,32.0312,0.04097,0.075211,59.368,0.999866
1050.pgm,10000,65536,59584,90.918,0.05183,0.075333,59.361,0.999932
1051.pgm,10000,65536,13968,21.3135,0.04959,0.075989,59.3233,0.99967
1052.pgm,10000,65536,30816,47.0215,0.06771,0.076462,59.2964,0.99985
1053.pgm,10000,65536,17936,27.3682,0.08602,0.077591,59.2327,0.999795
1054.pgm,10000,65536,19744,30.127,0.06275,0.077209,59.2541,0.999772
1055.pgm,10000,65536,51552,78.6621,0.04838,0.075287,59.3636,0.999783
1056.pgm,10000,65536,17008,25.9521,0.03408,0.076233,59.3094,0.999767
1057.pgm,10000,65536,21200,32.3486,0.03215,0.07634,59.3033,0.999774
1058.pgm,10000,65536,13376,20.4102,0.02964,0.076202,59.3111,0.999766
1059.pgm,10000,65536,40080,61.1572,0.03835,0.076385,59.3007,0.99984
106.pgm,10000,65536,41040,62.6221,0.04234,0.076157,59.3137,0.999873
1060.pgm,10000,65536,32640,49.8047,0.04214,0.075943,59.3259,0.999764
1061.pgm,10000,65536,45568,69.5312,0.04976,0.076294,59.3059,0.999787
1063.pgm,10000,65536,25648,39.1357,0.19025,0.076126,59.3155,0.99978
1064.pgm,10000,65536,41296,63.0127,0.05869,0.07634,59.3033,0.999897
1065.pgm,10000,65536,37136,56.665,0.03168,0.077408,59.243,0.99982
1066.pgm,10000,65536,12928,19.7266,0.02349,0.074615,59.4025,0.999778
1067.pgm,10000,65536,25056,38.2324,0.02263,0.07666,59.2851,0.999848
1068.pgm,10000,65536,17248,26.3184,0.02091,0.07666,59.2851,0.999887
1069.pgm,10000,65536,48320,73.7305,0.02819,0.076401,59.2998,0.999903
107.pgm,10000,65536,55072,84.0332,0.17775,0.076385,59.3007,0.999831
1070.pgm,10000,65536,52144,79.5654,0.07913,0.076828,59.2756,0.999872
1071.pgm,10000,65536,27568,42.0654,0.0376,0.076126,59.3155,0.99975
1072.pgm,10000,65536,12912,19.7021,0.02287,0.076279,59.3068,0.999613
1073.pgm,10000,65536,23952,36.5479,0.02282,0.075363,59.3592,0.999809
1074.pgm,10000,65536,36960,56.3965,0.02624,0.077286,59.2498,0.999884
1075.pgm,10000,65536,36192,55.2246,0.04122,0.076828,59.2756,0.999757
1076.pgm,10000,65536,18832,28.7354,0.17512,0.076157,59.3137,0.999786
1077.pgm,10000,65536,35648,54.3945,0.04033,0.076385,59.3007,0.999851
1078.pgm,10000,65536,18848,28.7598,0.02523,0.076614,59.2877,0.999753
1079.pgm,10000,65536,30224,46.1182,0.02269,0.076004,59.3224,0.9998
108.pgm,10000,65536,56576,86.3281,0.0272,0.076721,59.2817,0.999928
1080.pgm,10000,65536,33488,51.0986,0.04753,0.076202,59.3111,0.999805
1081.pgm,10000,65536,34640,52.8564,0.03668,0.077759,59.2233,0.999893
1082.pgm,10000,65536,36640,55.9082,0.22438,0.076492,59.2946,0.999883
1083.pgm,10000,65536,44512,67.9199,0.04677,0.076309,59.305,0.999858
1084.pgm,10000,65536,22656,34.5703,0.02718,0.075867,59.3303,0.999795
1085.pgm,10000,65536,45152,68.8965,0.02737,0.074509,59.4087,0.999836
1086.pgm,10000,65536,12592,19.2139,0.02013,0.076004,59.3224,0.999823
1087.pgm,10000,65536,38928,59.3994,0.02353,0.077301,59.249,0.99984
1088.pgm,10000,65536,16160,24.6582,0.02443,0.076523,59.2929,0.99981
1089.pgm,10000,65536,23408,35.7178,0.12691,0.076813,59.2765,0.999785
109.pgm,10000,65536,27520,41.9922,0.0874,0.076645,59.286,0.999855
1090.pgm,10000,65536,35536,54.2236,0.04201,0.077393,59.2438,0.999802
1092.pgm,10000,65536,31536,48.1201,0.02981,0.076645,59.286,0.99985
1094.pgm,10000,65536,38720,59.082,0.02703,0.076141,59.3146,0.999714
1095.pgm,10000,65536,24464,37.3291,0.02417,0.076538,59.292,0.999714
1096.pgm,10000,65536,23280,35.5225,0.02571,0.077042,59.2635,0.999879
1097.pgm,10000,65536,24416,37.2559,0.03485,0.076477,59.2955,0.999774
1098.pgm,10000,65536,31072,47.4121,0.22383,0.075943,59.3259,0.999828
1099.pgm,10000,65536,45152,68.8965,0.07562,0.075958,59.3251,0.999903
11.pgm,10000,65536,31472,48.0225,0.03746,0.077194,59.255,0.999837
110.pgm,10000,65536,43488,66.3574,0.031,0.076797,59.2773,0.999904
1100.pgm,10000,65536,31440,47.9736,0.04083,0.076477,59.2955,0.999822
1102.pgm,10000,65536,15232,23.2422,0.19372,0.075684,59.3408,0.999868
1103.pgm,10000,65536,40912,62.4268,0.04558,0.075638,59.3434,0.999867
1104.pgm,10000,65536,48128,73.4375,0.0316,0.077011,59.2653,0.999672
1105.pgm,10000,65536,37040,56.5186,0.03038,0.075302,59.3627,0.999898
1106.pgm,10000,65536,23728,36.2061,0.03283,0.076584,59.2894,0.999821
1107.pgm,10000,65536,20496,31.2744,0.20444,0.076141,59.3146,0.999813
1108.pgm,10000,65536,29504,45.0195,0.05387,0.075562,59.3478,0.999815
1109.pgm,10000,65536,18432,28.125,0.02879,0.076233,59.3094,0.999863
111.pgm,10000,65536,35888,54.7607,0.02719,0.075836,59.332,0.999879
1110.pgm,10000,65536,56448,86.1328,0.03053,0.077271,59.2507,0.999868
1111.pgm,10000,65536,24320,37.1094,0.02881,0.075424,59.3557,0.999742
1112.pgm,10000,65536,24880,37.9639,0.07842,0.074722,59.3963,0.999704
1113.pgm,10000,65536,23040,35.1562,0.0741,0.075851,59.3312,0.99988
1114.pgm,10000,65536,22416,34.2041,0.03196,0.075775,59.3355,0.999665
1115.pgm,10000,65536,51712,78.9062,0.03017,0.074707,59.3972,0.999788
1116.pgm,10000,65536,32928,50.2441,0.02367,0.076492,59.2946,0.999801
1117.pgm,10000,65536,36160,55.1758,0.04172,0.077301,59.249,0.99988
1118.pgm,10000,65536,31408,47.9248,0.05284,0.076584,59.2894,0.999869
1119.pgm,10000,65536,55376,84.4971,0.14543,0.077744,59.2242,0.999912
112.pgm,10000,65536,29424,44.8975,0.03468,0.07753,59.2361,0.999864
1120.pgm,10000,65536,17680,26.9775,0.02372,0.075287,59.3636,0.999829
1121.pgm,10000,65536,50768,77.4658,0.02728,0.07663,59.2868,0.999882
1122.pgm,10000,65536,14832,22.6318,0.02628,0.077286,59.2498,0.999792
1123.pgm,10000,65536,46768,71.3623,0.19315,0.077728,59.225,0.999874
1124.pgm,10000,65536,17024,25.9766,0.091,0.076553,59.2912,0.999803
1125.pgm,10000,65536,10336,15.7715,0.05126,0.07663,59.2868,0.999757
1126.pgm,10000,65536,34480,52.6123,0.26657,0.076355,59.3024,0.999884
1127.pgm,10000,65536,24144,36.8408,0.07346,0.075592,59.346,0.999835
1128.pgm,10000,65536,41760,63.7207,0.03285,0.076691,59.2834,0.999824
1129.pgm,10000,65536,15120,23.0713,0.02348,0.077484,59.2387,0.9997
113.pgm,10000,65536,25424,38.7939,0.02546,0.076462,59.2964,0.999796
1130.pgm,10000,65536,34256,52.2705,0.09891,0.075974,59.3242,0.999909
1131.pgm,10000,65536,33408,50.9766,0.11887,0.075363,59.3592,0.99984
1132.pgm,10000,65536,39840,60.791,0.04038,0.076431,59.2981,0.999886
1133.pgm,10000,65536,59616,90.9668,0.03699,0.078354,59.1902,0.999928
1134.pgm,10000,65536,29264,44.6533,0.03872,0.077713,59.2259,0.999865
1135.pgm,10000,65536,32032,48.877,0.20577,0.077026,59.2644,0.999828
1136.pgm,10000,65536,37984,57.959,0.04597,0.077072,59.2618,0.999695
1137.pgm,10000,65536,12592,19.2139,0.02773,0.076355,59.3024,0.999803
1138.pgm,10000,65536,24784,37.8174,0.02874,0.076721,59.2817,0.999818
1139.pgm,10000,65536,18336,27.9785,0.03729,0.075684,59.3408,0.999841
114.pgm,10000,65536,29952,45.7031,0.19784,0.076584,59.2894,0.999838
1140.pgm,10000,65536,34192,52.1729,0.03355,0.075165,59.3707,0.999879
1141.pgm,10000,65536,10688,16.3086,0.02515,0.077988,59.2105,0.999777
1142.pgm,10000,65536,16736,25.5371,0.02451,0.076477,59.2955,0.999848
1143.pgm,10000,65536,44608,68.0664,0.04279,0.077316,59.2481,0.999864
1144.pgm,10000,65536,30752,46.9238,0.18909,0.075699,59.3399,0.999814
1145.pgm,10000,65536,20400,31.1279,0.03934,0.075729,59.3382,0.999738
1146.pgm,10000,65536,30400,46.3867,0.02786,0.076981,59.267,0.999719
1147.pgm,10000,65536,25744,39.2822,0.02385,0.075546,59.3487,0.999831
1148.pgm,10000,65536,43264,66.0156,0.03073,0.076889,59.2722,0.999872
1149.pgm,10000,65536,24672,37.6465,0.0546,0.07666,59.2851,0.99984
115.pgm,10000,65536,38176,58.252,0.15361,0.075012,59.3795,0.999898
1150.pgm,10000,65536,17536,26.7578,0.03414,0.076004,59.3224,0.999817
1152.pgm,10000,65536,60352,92.0898,0.03104,0.075516,59.3504,0.999835
1153.pgm,10000,65536,22128,33.7646,0.02374,0.076645,59.286,0.999809
1154.pgm,10000,65536,17312,26.416,0.02264,0.073776,59.4516,0.999776
1155.pgm,10000,65536,18544,28.2959,0.02277,0.075851,59.3312,0.99968
1156.pgm,10000,65536,59520,90.8203,0.03278,0.076553,59.2912,0.999855
1157.pgm,10000,65536,32320,49.3164,0.09745,0.076096,59.3172,0.999818
1159.pgm,10000,65536,44080,67.2607,0.09123,0.076462,59.2964,0.999827
1160.pgm,10000,65536,39920,60.9131,0.03408,0.07399,59.4391,0.999917
1161.pgm,10000,65536,14512,22.1436,0.0234,0.077499,59.2378,0.999562
1162.pgm,10000,65536,10528,16.0645,0.02136,0.077194,59.255,0.999816
1163.pgm,10000,65536,30736,46.8994,0.02518,0.077164,59.2567,0.999858
1164.pgm,10000,65536,35120,53.5889,0.02882,0.077057,59.2627,0.999864
1165.pgm,10000,65536,23328,35.5957,0.04337,0.076569,59.2903,0.999795
1166.pgm,10000,65536,22064,33.667,0.20359,0.077423,59.2421,0.999807
1167.pgm,10000,65536,26992,41.1865,0.03584,0.076553,59.2912,0.999873
1168.pgm,10000,65536,12432,18.9697,0.02415,0.075882,59.3294,0.999819
1169.pgm,10000,65536,57936,88.4033,0.02809,0.076218,59.3102,0.999793
117.pgm,10000,65536,41168,62.8174,0.03082,0.076126,59.3155,0.999854
1170.pgm,10000,65536,23808,36.3281,0.04545,0.076172,59.3129,0.999742
1171.pgm,10000,65536,21152,32.2754,0.14985,0.07634,59.3033,0.999894
1172.pgm,10000,65536,43248,65.9912,0.03923,0.076599,59.2886,0.999892
1173.pgm,10000,65536,26976,41.1621,0.02607,0.076035,59.3207,0.999815
1174.pgm,10000,65536,23408,35.7178,0.02315,0.076172,59.3129,0.999863
1175.pgm,10000,65536,46896,71.5576,0.03291,0.075211,59.368,0.999871
1176.pgm,10000,65536,32208,49.1455,0.02865,0.076279,59.3068,0.999845
1177.pgm,10000,65536,40240,61.4014,0.03218,0.076645,59.286,0.999756
1178.pgm,10000,65536,18576,28.3447,0.03218,0.076233,59.3094,0.999842
1179.pgm,10000,65536,18144,27.6855,0.05577,0.076065,59.319,0.999824
118.pgm,10000,65536,27664,42.2119,0.23639,0.075867,59.3303,0.999835
1180.pgm,10000,65536,14800,22.583,0.03881,0.07692,59.2704,0.999802
1181.pgm,10000,65536,32352,49.3652,0.02977,0.077484,59.2387,0.999814
1182.pgm,10000,65536,16160,24.6582,0.0238,0.076248,59.3085,0.999802
1183.pgm,10000,65536,20400,31.1279,0.02316,0.075684,59.3408,0.999762
1184.pgm,10000,65536,42480,64.8193,0.0258,0.076904,59.2713,0.99989
1185.pgm,10000,65536,36288,55.3711,0.02592,0.075775,59.3355,0.999853
1186.pgm,10000,65536,21808,33.2764,0.0395,0.075623,59.3443,0.999824
1187.pgm,10000,65536,13072,19.9463,0.17756,0.076218,59.3102,0.999908
1188.pgm,10000,65536,18960,28.9307,0.03932,0.076767,59.2791,0.999731
1189.pgm,10000,65536,15760,24.0479,0.02664,0.076035,59.3207,0.999819
119.pgm,10000,65536,14240,21.7285,0.02378,0.076004,59.3224,0.999809
1190.pgm,10000,65536,12496,19.0674,0.02497,0.076126,59.3155,0.999883
1191.pgm,10000,65536,24160,36.8652,0.0943,0.076935,59.2696,0.999797
1192.pgm,10000,65536,10640,16.2354,0.09229,0.07605,59.3198,0.999863
1193.pgm,10000,65536,59664,91.04,0.04552,0.076599,59.2886,0.99953
1195.pgm,10000,65536,52576,80.2246,0.03251,0.076218,59.3102,0.999852
1196.pgm,10000,65536,51088,77.9541,0.02918,0.075333,59.361,0.999867
1197.pgm,10000,65536,37632,57.4219,0.02774,0.074905,59.3857,0.999859
1199.pgm,10000,65536,44800,68.3594,0.23085,0.077225,59.2532,0.999833
12.pgm,10000,65536,30368,46.3379,0.07033,0.075256,59.3654,0.999794
120.pgm,10000,65536,55520,84.7168,0.03892,0.075333,59.361,0.999902
1200.pgm,10000,65536,19552,29.834,0.02698,0.076874,59.273,0.999724
1201.pgm,10000,65536,33680,51.3916,0.02551,0.075821,59.3329,0.999898
1202.pgm,10000,65536,37728,57.5684,0.02842,0.075745,59.3373,0.999847
1203.pgm,10000,65536,46944,71.6309,0.03154,0.075668,59.3417,0.999852
1204.pgm,10000,65536,23584,35.9863,0.04185,0.075684,59.3408,0.999819
1205.pgm,10000,65536,21088,32.1777,0.19778,0.075974,59.3242,0.99981
1206.pgm,10000,65536,43472,66.333,0.06279,0.076523,59.2929,0.999853
1207.pgm,10000,65536,36784,56.1279,0.03098,0.076096,59.3172,0.999869
1208.pgm,10000,65536,18368,28.0273,0.02174,0.075928,59.3268,0.999856
1209.pgm,10000,65536,54592,83.3008,0.03026,0.076965,59.2679,0.99987
121.pgm,10000,65536,23856,36.4014,0.10922,0.077393,59.2438,0.999867
1210.pgm,10000,65536,19488,29.7363,0.0745,0.076523,59.2929,0.999804
1211.pgm,10000,65536,18096,27.6123,0.03112,0.07515,59.3715,0.999845
1213.pgm,10000,65536,10992,16.7725,0.02337,0.07663,59.2868,0.999552
1214.pgm,10000,65536,28848,44.0186,0.02344,0.075638,59.3434,0.99981
1215.pgm,10000,65536,51536,78.6377,0.02904,0.076691,59.2834,0.999917
1216.pgm,10000,65536,20384,31.1035,0.04025,0.077423,59.2421,0.999879
1217.pgm,10000,65536,30432,46.4355,0.23286,0.077042,59.2635,0.999706
1218.pgm,10000,65536,26784,40.8691,0.04306,0.075165,59.3707,0.99988
122.pgm,10000,65536,23312,35.5713,0.02957,0.074722,59.3963,0.999749
1221.pgm,10000,65536,57136,87.1826,0.03188,0.077148,59.2575,0.99993
1222.pgm,10000,65536,21200,32.3486,0.03152,0.075653,59.3425,0.999805
1223.pgm,10000,65536,29616,45.1904,0.20613,0.076782,59.2782,0.999852
1224.pgm,10000,65536,30336,46.2891,0.05167,0.074997,59.3804,0.999846
1225.pgm,10000,65536,29104,44.4092,0.03002,0.074768,59.3936,0.999891
1226.pgm,10000,65536,24032,36.6699,0.02702,0.076096,59.3172,0.999788
1227.pgm,10000,65536,18000,27.4658,0.02939,0.076569,59.2903,0.999868
1228.pgm,10000,65536,19232,29.3457,0.17947,0.077011,59.2653,0.999697
1229.pgm,10000,65536,36720,56.0303,0.06411,0.075851,59.3312,0.999824
123.pgm,10000,65536,28832,43.9941,0.03254,0.075836,59.332,0.99975
1230.pgm,10000,65536,50352,76.8311,0.03005,0.075729,59.3382,0.999861
1231.pgm,10000,65536,13072,19.9463,0.02424,0.075729,59.3382,0.999713
1232.pgm,10000,65536,47456,72.4121,0.03164,0.077728,59.225,0.999863
1234.pgm,10000,65536,38432,58.6426,0.19941,0.076126,59.3155,0.999914
1235.pgm,10000,65536,22576,34.4482,0.05858,0.07637,59.3016,0.999839
1236.pgm,10000,65536,23616,36.0352,0.03162,0.075653,59.3425,0.999847
1237.pgm,10000,65536,20912,31.9092,0.02795,0.077209,59.2541,0.999841
1238.pgm,10000,65536,32800,50.0488,0.02642,0.076096,59.3172,0.999869
1239.pgm,10000,65536,22752,34.7168,0.03662,0.077194,59.255,0.999827
124.pgm,10000,65536,20960,31.9824,0.1833,0.076813,59.2765,0.999892
1240.pgm,10000,65536,19776,30.1758,0.04079,0.076706,59.2825,0.99975
1241.pgm,10000,65536,29744,45.3857,0.02906,0.075989,59.3233,0.99988
1242.pgm,10000,65536,42608,65.0146,0.02803,0.077057,59.2627,0.999788
1243.pgm,10000,65536,10080,15.3809,0.0263,0.075684,59.3408,0.999785
1244.pgm,10000,65536,48624,74.1943,0.02821,0.075836,59.332,0.999828
1245.pgm,10000,65536,29520,45.0439,0.03193,0.076385,59.3007,0.999872
1246.pgm,10000,65536,34160,52.124,0.266,0.077133,59.2584,0.999799
1247.pgm,10000,65536,10592,16.1621,0.06044,0.076965,59.2679,0.999831
1248.pgm,10000,65536,21184,32.3242,0.03301,0.075638,59.3434,0.999823
1249.pgm,10000,65536,38768,59.1553,0.03017,0.077637,59.2301,0.999845
125.pgm,10000,65536,31680,48.3398,0.02978,0.076401,59.2998,0.999858
1250.pgm,10000,65536,18400,28.0762,0.04756,0.076019,59.3216,0.9998
1251.pgm,10000,65536,46480,70.9229,0.19306,0.076324,59.3042,0.999712
1253.pgm,10000,65536,18816,28.7109,0.03223,0.075729,59.3382,0.999826
1254.pgm,10000,65536,36560,55.7861,0.02651,0.077408,59.243,0.999844
1255.pgm,10000,65536,24752,37.7686,0.03564,0.075317,59.3619,0.999857
1256.pgm,10000,65536,26720,40.7715,0.03949,0.076797,59.2773,0.999847
1257.pgm,10000,65536,42304,64.5508,0.18303,0.077011,59.2653,0.99982
1258.pgm,10000,65536,36624,55.8838,0.05336,0.07695,59.2687,0.999893
1259.pgm,10000,65536,22032,33.6182,0.0285,0.075607,59.3452,0.999853
126.pgm,10000,65536,55328,84.4238,0.02827,0.075302,59.3627,0.999882
1260.pgm,10000,65536,52432,80.0049,0.0255,0.077042,59.2635,0.999875
1261.pgm,10000,65536,56192,85.7422,0.02492,0.076675,59.2842,0.999922
1262.pgm,10000,65536,14848,22.6562,0.02266,0.077179,59.2558,0.999771
1263.pgm,10000,65536,49344,75.293,0.03465,0.078613,59.1758,0.999893
1264.pgm,10000,65536,27792,42.4072,0.23429,0.077789,59.2216,0.999888
1265.pgm,10000,65536,39872,60.8398,0.06884,0.07634,59.3033,0.999865
1266.pgm,10000,65536,46368,70.752,0.03488,0.075409,59.3566,0.999869
1267.pgm,10000,65536,41840,63.8428,0.02962,0.078186,59.1995,0.999839
1269.pgm,10000,65536,35088,53.54,0.0375,0.076324,59.3042,0.999863
127.pgm,10000,65536,23408,35.7178,0.03407,0.076065,59.319,0.999874
1270.pgm,10000,65536,54848,83.6914,0.10886,0.075958,59.3251,0.999909
1271.pgm,10000,65536,42544,64.917,0.11001,0.076202,59.3111,0.99984
1272.pgm,10000,65536,62016,94.6289,0.0546,0.076492,59.2946,0.999944
1274.pgm,10000,65536,58144,88.7207,0.03132,0.077209,59.2541,0.999819
1275.pgm,10000,65536,30864,47.0947,0.06498,0.076431,59.2981,0.99983
1276.pgm,10000,65536,38624,58.9355,0.15169,0.076523,59.2929,0.999868
1277.pgm,10000,65536,33616,51.2939,0.04078,0.076111,59.3163,0.999838
1278.pgm,10000,65536,14688,22.4121,0.02395,0.076035,59.3207,0.999849
1279.pgm,10000,65536,17936,27.3682,0.02278,0.075821,59.3329,0.999742
128.pgm,10000,65536,11376,17.3584,0.02205,0.076233,59.3094,0.99975
1280.pgm,10000,65536,14352,21.8994,0.03047,0.076004,59.3224,0.999823
1281.pgm,10000,65536,61584,93.9697,0.24523,0.076828,59.2756,0.999855
1282.pgm,10000,65536,10576,16.1377,0.04697,0.075623,59.3443,0.999871
1283.pgm,10000,65536,25088,38.2812,0.02912,0.077164,59.2567,0.999817
1284.pgm,10000,65536,52608,80.2734,0.02867,0.076279,59.3068,0.999879
1285.pgm,10000,65536,26880,41.0156,0.02412,0.077301,59.249,0.999866
1286.pgm,10000,65536,24192,36.9141,0.02367,0.075638,59.3434,0.999855
1287.pgm,10000,65536,24240,36.9873,0.02504,0.07515,59.3715,0.999884
1288.pgm,10000,65536,41824,63.8184,0.04179,0.076508,59.2938,0.999845
1289.pgm,10000,65536,55728,85.0342,0.22768,0.075974,59.3242,0.999906
129.pgm,10000,65536,21664,33.0566,0.03552,0.07634,59.3033,0.999828
1290.pgm,10000,65536,46672,71.2158,0.0288,0.07634,59.3033,0.999777
1291.pgm,10000,65536,28304,43.1885,0.02898,0.076523,59.2929,0.999835
1292.pgm,10000,65536,50304,76.7578,0.03296,0.075623,59.3443,0.99986
1293.pgm,10000,65536,18832,28.7354,0.03084,0.075226,59.3671,0.999831
1294.pgm,10000,65536,24496,37.3779,0.05521,0.07634,59.3033,0.999799
1295.pgm,10000,65536,36640,55.9082,0.14973,0.077393,59.2438,0.999871
1296.pgm,10000,65536,47664,72.7295,0.11077,0.075302,59.3627,0.999867
1297.pgm,10000,65536,38448,58.667,0.07628,0.076599,59.2886,0.999749
1298.pgm,10000,65536,26368,40.2344,0.06758,0.076126,59.3155,0.999854
1299.pgm,10000,65536,20560,31.3721,0.06171,0.077393,59.2438,0.999823
13.pgm,10000,65536,43904,66.9922,0.09055,0.075211,59.368,0.999866
130.pgm,10000,65536,18192,27.7588,0.20661,0.075287,59.3636,0.999771
1300.pgm,10000,65536,23216,35.4248,0.04365,0.076599,59.2886,0.999746
1301.pgm,10000,65536,36480,55.6641,0.02892,0.076736,59.2808,0.999855
1302.pgm,10000,65536,45664,69.6777,0.02619,0.07605,59.3198,0.999849
1303.pgm,10000,65536,40736,62.1582,0.02466,0.076828,59.2756,0.999903
1304.pgm,10000,65536,31712,48.3887,0.02438,0.077805,59.2208,0.999696
1305.pgm,10000,65536,39008,59.5215,0.03132,0.075699,59.3399,0.999853
1306.pgm,10000,65536,30256,46.167,0.18108,0.076614,59.2877,0.999784
1307.pgm,10000,65536,51536,78.6377,0.0934,0.076492,59.2946,0.999772
1308.pgm,10000,65536,35856,54.7119,0.02768,0.076202,59.3111,0.999847
1309.pgm,10000,65536,36656,55.9326,0.02848,0.075851,59.3312,0.999872
131.pgm,10000,65536,20752,31.665,0.02295,0.075928,59.3268,0.999609
1310.pgm,10000,65536,23632,36.0596,0.02398,0.076355,59.3024,0.999798
1311.pgm,10000,65536,23248,35.4736,0.02697,0.07605,59.3198,0.999655
1312.pgm,10000,65536,22592,34.4727,0.03826,0.076202,59.3111,0.999834
1313.pgm,10000,65536,10752,16.4062,0.19074,0.075912,59.3277,0.999815
1314.pgm,10000,65536,24304,37.085,0.04618,0.07753,59.2361,0.999825
1315.pgm,10000,65536,60448,92.2363,0.03108,0.076096,59.3172,0.999859
1316.pgm,10000,65536,20368,31.0791,0.0244,0.075378,59.3583,0.999807
1317.pgm,10000,65536,27392,41.7969,0.02895,0.075531,59.3496,0.999866
1318.pgm,10000,65536,36848,56.2256,0.05096,0.077698,59.2267,0.999911
1319.pgm,10000,65536,40720,62.1338,0.19406,0.076187,59.312,0.999855
132.pgm,10000,65536,28336,43.2373,0.03637,0.076218,59.3102,0.999807
1320.pgm,10000,65536,35216,53.7354,0.0274,0.076202,59.3111,0.999772
1321.pgm,10000,65536,17072,26.0498,0.02277,0.077332,59.2472,0.99981
1322.pgm,10000,65536,12128,18.5059,0.0231,0.075882,59.3294,0.999684
1323.pgm,10000,65536,38224,58.3252,0.03829,0.076691,59.2834,0.999904
1324.pgm,10000,65536,41344,63.0859,0.20609,0.077209,59.2541,0.999892
1325.pgm,10000,65536,18352,28.0029,0.04008,0.075562,59.3478,0.999792
1326.pgm,10000,65536,29328,44.751,0.02853,0.076553,59.2912,0.999791
1327.pgm,10000,65536,42384,64.6729,0.02658,0.076584,59.2894,0.999895
1328.pgm,10000,65536,34160,52.124,0.02573,0.075668,59.3417,0.999805
1329.pgm,10000,65536,29824,45.5078,0.02674,0.076889,59.2722,0.999882
133.pgm,10000,65536,24288,37.0605,0.03848,0.075195,59.3689,0.999703
1330.pgm,10000,65536,31632,48.2666,0.23251,0.076141,59.3146,0.999805
1331.pgm,10000,65536,35024,53.4424,0.06343,0.075607,59.3452,0.999824
1332.pgm,10000,65536,13568,20.7031,0.03186,0.076767,59.2791,0.999768
1333.pgm,10000,65536,39088,59.6436,0.03015,0.076584,59.2894,0.999849
1334.pgm,10000,65536,10192,15.5518,0.02589,0.077911,59.2148,0.999751
1336.pgm,10000,65536,36000,54.9316,0.02949,0.076248,59.3085,0.999875
1337.pgm,10000,65536,14224,21.7041,0.04019,0.077148,59.2575,0.999837
1338.pgm,10000,65536,30560,46.6309,0.21795,0.07608,59.3181,0.999847
1339.pgm,10000,65536,26800,40.8936,0.05035,0.076111,59.3163,0.999854
134.pgm,10000,65536,11392,17.3828,0.02875,0.075668,59.3417,0.999659
1340.pgm,10000,65536,16512,25.1953,0.02449,0.075684,59.3408,0.999829
1341.pgm,10000,65536,29376,44.8242,0.02524,0.075653,59.3425,0.999662
1342.pgm,10000,65536,23248,35.4736,0.02745,0.075317,59.3619,0.999837
1343.pgm,10000,65536,15920,24.292,0.04806,0.075256,59.3654,0.999803
1344.pgm,10000,65536,21680,33.0811,0.17322,0.076508,59.2938,0.99977
1345.pgm,10000,65536,15760,24.0479,0.04329,0.075623,59.3443,0.999798
1346.pgm,10000,65536,35968,54.8828,0.03103,0.074905,59.3857,0.999853
1347.pgm,10000,65536,19472,29.7119,0.02654,0.077255,59.2515,0.999822
135.pgm,10000,65536,35952,54.8584,0.06016,0.077026,59.2644,0.999783
1350.pgm,10000,65536,22928,34.9854,0.12199,0.076416,59.299,0.999753
1351.pgm,10000,65536,51552,78.6621,0.03878,0.074188,59.4275,0.999814
1352.pgm,10000,65536,28864,44.043,0.02674,0.076431,59.2981,0.999847
1353.pgm,10000,65536,37440,57.1289,0.02617,0.075485,59.3522,0.999793
1354.pgm,10000,65536,31936,48.7305,0.02417,0.076218,59.3102,0.999848
1355.pgm,10000,65536,34224,52.2217,0.02964,0.077164,59.2567,0.999776
1356.pgm,10000,65536,14976,22.8516,0.17079,0.075485,59.3522,0.999807
1357.pgm,10000,65536,36496,55.6885,0.06383,0.076828,59.2756,0.999876
1358.pgm,10000,65536,23824,36.3525,0.03082,0.075928,59.3268,0.999878
1359.pgm,10000,65536,39936,60.9375,0.02749,0.07666,59.2851,0.999844
136.pgm,10000,65536,48752,74.3896,0.03062,0.076294,59.3059,0.999858
1360.pgm,10000,65536,56768,86.6211,0.03562,0.075226,59.3671,0.999868
1361.pgm,10000,65536,14416,21.9971,0.02909,0.074875,59.3874,0.999797
1362.pgm,10000,65536,25984,39.6484,0.06789,0.077087,59.261,0.999768
1363.pgm,10000,65536,38640,58.96,0.13786,0.076248,59.3085,0.999909
1364.pgm,10000,65536,11248,17.1631,0.03262,0.076935,59.2696,0.999782
1365.pgm,10000,65536,35792,54.6143,0.02762,0.077576,59.2335,0.999804
1366.pgm,10000,65536,38256,58.374,0.02434,0.076294,59.3059,0.999868
1367.pgm,10000,65536,43376,66.1865,0.02706,0.078018,59.2088,0.999859
1368.pgm,10000,65536,38320,58.4717,0.03045,0.076813,59.2765,0.999883
1369.pgm,10000,65536,17536,26.7578,0.03601,0.077057,59.2627,0.999753
137.pgm,10000,65536,34528,52.6855,0.03976,0.077744,59.2242,0.999875
1370.pgm,10000,65536,27536,42.0166,0.04461,0.074753,59.3945,0.999784
1371.pgm,10000,65536,32704,49.9023,0.05092,0.07634,59.3033,0.999867
1372.pgm,10000,65536,39088,59.6436,0.06406,0.07579,59.3347,0.999862
1373.pgm,10000,65536,43152,65.8447,0.22991,0.077103,59.2601,0.99988
1374.pgm,10000,65536,46448,70.874,0.05721,0.075165,59.3707,0.999888
1375.pgm,10000,65536,24656,37.6221,0.02892,0.07663,59.2868,0.999843
1376.pgm,10000,65536,18064,27.5635,0.02808,0.07637,59.3016,0.999851
1377.pgm,10000,65536,64512,98.4375,0.04066,0.07608,59.3181,0.999911
1378.pgm,10000,65536,35312,53.8818,0.04383,0.076767,59.2791,0.999821
1379.pgm,10000,65536,44448,67.8223,0.21836,0.077042,59.2635,0.99984
138.pgm,10000,65536,23664,36.1084,0.05908,0.076202,59.3111,0.999814
1380.pgm,10000,65536,25248,38.5254,0.0302,0.076965,59.2679,0.999804
1381.pgm,10000,65536,34384,52.4658,0.02605,0.076096,59.3172,0.999872
1382.pgm,10000,65536,29568,45.1172,0.02596,0.075989,59.3233,0.999835
1383.pgm,10000,65536,42688,65.1367,0.03211,0.076874,59.273,0.999886
1384.pgm,10000,65536,34736,53.0029,0.02909,0.077545,59.2353,0.99983
1385.pgm,10000,65536,47552,72.5586,0.03319,0.07605,59.3198,0.999869
1386.pgm,10000,65536,27072,41.3086,0.04479,0.075302,59.3627,0.999879
1387.pgm,10000,65536,31296,47.7539,0.15396,0.077133,59.2584,0.99986
1388.pgm,10000,65536,30368,46.3379,0.03526,0.075577,59.3469,0.999833
1389.pgm,10000,65536,41088,62.6953,0.02828,0.077042,59.2635,0.999842
139.pgm,10000,65536,27744,42.334,0.02376,0.075851,59.3312,0.99985
1390.pgm,10000,65536,20128,30.7129,0.02571,0.07637,59.3016,0.99977
1392.pgm,10000,65536,46688,71.2402,0.03567,0.076797,59.2773,0.999864
1393.pgm,10000,65536,35888,54.7607,0.03711,0.075485,59.3522,0.999865
1394.pgm,10000,65536,20608,31.4453,0.03825,0.075806,59.3338,0.999871
1395.pgm,10000,65536,43696,66.6748,0.08761,0.075363,59.3592,0.999872
1396.pgm,10000,65536,45344,69.1895,0.1091,0.075546,59.3487,0.999888
1397.pgm,10000,65536,42448,64.7705,0.03549,0.07637,59.3016,0.9999
1398.pgm,10000,65536,26240,40.0391,0.0244,0.074661,59.3999,0.999774
1399.pgm,10000,65536,33040,50.415,0.02307,0.076401,59.2998,0.999869
14.pgm,10000,65536,16208,24.7314,0.02279,0.076431,59.2981,0.999801
140.pgm,10000,65536,14352,21.8994,0.02684,0.076324,59.3042,0.999752
1400.pgm,10000,65536,57120,87.1582,0.03895,0.076294,59.3059,0.999899
1401.pgm,10000,65536,32256,49.2188,0.2357,0.076035,59.3207,0.999821
1402.pgm,10000,65536,51520,78.6133,0.06012,0.075409,59.3566,0.999817
1403.pgm,10000,65536,25696,39.209,0.03926,0.077499,59.2378,0.999861
1404.pgm,10000,65536,21056,32.1289,0.02585,0.076263,59.3076,0.999844
1405.pgm,10000,65536,37696,57.5195,0.0304,0.075409,59.3566,0.999871
1406.pgm,10000,65536,36144,55.1514,0.03467,0.076675,59.2842,0.999851
1407.pgm,10000,65536,25104,38.3057,0.16685,0.076355,59.3024,0.999831
1408.pgm,10000,65536,26416,40.3076,0.06404,0.076111,59.3163,0.999855
1409.pgm,10000,65536,30128,45.9717,0.03033,0.076569,59.2903,0.999876
141.pgm,10000,65536,13776,21.0205,0.0227,0.076935,59.2696,0.99968
1410.pgm,10000,65536,34928,53.2959,0.032,0.076462,59.2964,0.999849
1411.pgm,10000,65536,22480,34.3018,0.03084,0.076691,59.2834,0.999806
1412.pgm,10000,65536,38496,58.7402,0.03539,0.076004,59.3224,0.999905
1413.pgm,10000,65536,20096,30.6641,0.03098,0.075363,59.3592,0.999689
1414.pgm,10000,65536,24512,37.4023,0.03006,0.077728,59.225,0.999806
1415.pgm,10000,65536,40496,61.792,0.0507,0.076614,59.2877,0.999821
1416.pgm,10000,65536,46304,70.6543,0.19657,0.076172,59.3129,0.999816
1417.pgm,10000,65536,19760,30.1514,0.03371,0.075974,59.3242,0.999725
1418.pgm,10000,65536,10496,16.0156,0.02496,0.075806,59.3338,0.999771
1419.pgm,10000,65536,40800,62.2559,0.02696,0.075684,59.3408,0.999858
142.pgm,10000,65536,34784,53.0762,0.02602,0.076996,59.2661,0.999852
1420.pgm,10000,65536,33232,50.708,0.02672,0.076736,59.2808,0.999856
1421.pgm,10000,65536,19424,29.6387,0.03064,0.076889,59.2722,0.999789
1422.pgm,10000,65536,20096,30.6641,0.09956,0.076263,59.3076,0.999792
1423.pgm,10000,65536,11264,17.1875,0.0689,0.076218,59.3102,0.999713
1424.pgm,10000,65536,33760,51.5137,0.03309,0.076538,59.292,0.999849
1425.pgm,10000,65536,17984,27.4414,0.02404,0.076553,59.2912,0.999766
1426.pgm,10000,65536,10320,15.7471,0.02374,0.076263,59.3076,0.999717
1427.pgm,10000,65536,62832,95.874,0.03561,0.075729,59.3382,0.999747
1428.pgm,10000,65536,10768,16.4307,0.02793,0.077057,59.2627,0.999628
143.pgm,10000,65536,53296,81.3232,0.03574,0.077026,59.2644,0.999816
1430.pgm,10000,65536,19696,30.0537,0.03126,0.075531,59.3496,0.999795
1431.pgm,10000,65536,15264,23.291,0.12027,0.076019,59.3216,0.999827
1432.pgm,10000,65536,13376,20.4102,0.07728,0.076218,59.3102,0.999885
1433.pgm,10000,65536,15504,23.6572,0.03323,0.075928,59.3268,0.999795
1434.pgm,10000,65536,15584,23.7793,0.02388,0.076172,59.3129,0.999734
1435.pgm,10000,65536,28128,42.9199,0.02245,0.075699,59.3399,0.999826
1437.pgm,10000,65536,17296,26.3916,0.02319,0.076126,59.3155,0.999773
1438.pgm,10000,65536,22240,33.9355,0.02473,0.076248,59.3085,0.999818
1439.pgm,10000,65536,12224,18.6523,0.02714,0.077209,59.2541,0.999817
144.pgm,10000,65536,26816,40.918,0.03639,0.075897,59.3285,0.999832
1440.pgm,10000,65536,16384,25.0,0.17588,0.076721,59.2817,0.999805
1441.pgm,10000,65536,18064,27.5635,0.05266,0.076294,59.3059,0.999754
1442.pgm,10000,65536,28112,42.8955,0.02942,0.07605,59.3198,0.999838
1443.pgm,10000,65536,18768,28.6377,0.0247,0.07666,59.2851,0.999702
1444.pgm,10000,65536,21712,33.1299,0.02144,0.075485,59.3522,0.999807
1445.pgm,10000,65536,52096,79.4922,0.02909,0.075836,59.332,0.999859
1446.pgm,10000,65536,22368,34.1309,0.03257,0.077225,59.2532,0.999858
1447.pgm,10000,65536,20000,30.5176,0.03476,0.076141,59.3146,0.999738
1448.pgm,10000,65536,16816,25.6592,0.06072,0.076324,59.3042,0.999845
1449.pgm,10000,65536,25920,39.5508,0.11666,0.07515,59.3715,0.999836
145.pgm,10000,65536,53600,81.7871,0.04175,0.075851,59.3312,0.999846
1450.pgm,10000,65536,10224,15.6006,0.02839,0.077332,59.2472,0.999753
1451.pgm,10000,65536,18272,27.8809,0.0222,0.076904,59.2713,0.999724
1452.pgm,10000,65536,56960,86.9141,0.02676,0.075714,59.339,0.999964
1453.pgm,10000,65536,40976,62.5244,0.02741,0.077209,59.2541,0.999911
1454.pgm,10000,65536,31312,47.7783,0.02678,0.075104,59.3742,0.999865
1455.pgm,10000,65536,37264,56.8604,0.02983,0.075928,59.3268,0.999877
1456.pgm,10000,65536,22528,34.375,0.05654,0.075485,59.3522,0.999762
1457.pgm,10000,65536,26880,41.0156,0.22467,0.076889,59.2722,0.999755
1459.pgm,10000,65536,12768,19.4824,0.05824,0.075806,59.3338,0.999764
146.pgm,10000,65536,16176,24.6826,0.03105,0.076889,59.2722,0.999754
1460.pgm,10000,65536,17872,27.2705,0.02589,0.077652,59.2293,0.999759
1461.pgm,10000,65536,24288,37.0605,0.02533,0.075821,59.3329,0.999817
1462.pgm,10000,65536,47936,73.1445,0.02901,0.075531,59.3496,0.999918
1463.pgm,10000,65536,10192,15.5518,0.03507,0.075729,59.3382,0.999823
1465.pgm,10000,65536,19008,29.0039,0.24279,0.077194,59.255,0.999888
1466.pgm,10000,65536,11984,18.2861,0.04574,0.075104,59.3742,0.999785
1467.pgm,10000,65536,19856,30.2979,0.02909,0.075577,59.3469,0.999774
1468.pgm,10000,65536,16704,25.4883,0.02434,0.07663,59.2868,0.999778
1469.pgm,10000,65536,49056,74.8535,0.03064,0.075882,59.3294,0.999921
147.pgm,10000,65536,26592,40.5762,0.07743,0.076141,59.3146,0.999691
1470.pgm,10000,65536,21760,33.2031,0.11133,0.075577,59.3469,0.999819
1471.pgm,10000,65536,17328,26.4404,0.03459,0.0755,59.3513,0.999726
1472.pgm,10000,65536,14960,22.8271,0.02643,0.076096,59.3172,0.99985
1473.pgm,10000,65536,25248,38.5254,0.02764,0.076721,59.2817,0.999686
1474.pgm,10000,65536,12192,18.6035,0.02556,0.075012,59.3795,0.999787
1475.pgm,10000,65536,19664,30.0049,0.03306,0.075546,59.3487,0.999859
1476.pgm,10000,65536,18800,28.6865,0.21512,0.076981,59.267,0.999752
1477.pgm,10000,65536,13952,21.2891,0.04457,0.076355,59.3024,0.99981
1478.pgm,10000,65536,15776,24.0723,0.02709,0.075958,59.3251,0.999776
1479.pgm,10000,65536,11104,16.9434,0.02269,0.076202,59.3111,0.999747
148.pgm,10000,65536,16336,24.9268,0.02271,0.076218,59.3102,0.999729
1480.pgm,10000,65536,45616,69.6045,0.03311,0.075699,59.3399,0.999914
1482.pgm,10000,65536,51984,79.3213,0.21968,0.076797,59.2773,0.999936
1483.pgm,10000,65536,18624,28.418,0.05735,0.074982,59.3813,0.99975
1484.pgm,10000,65536,11328,17.2852,0.02658,0.07608,59.3181,0.999534
1485.pgm,10000,65536,16560,25.2686,0.0249,0.074265,59.423,0.999757
1486.pgm,10000,65536,18144,27.6855,0.02491,0.076355,59.3024,0.999835
1487.pgm,10000,65536,29808,45.4834,0.03371,0.077042,59.2635,0.999826
1488.pgm,10000,65536,16576,25.293,0.22909,0.076599,59.2886,0.99979
1489.pgm,10000,65536,36560,55.7861,0.08328,0.077438,59.2412,0.999874
149.pgm,10000,65536,51600,78.7354,0.03029,0.075439,59.3548,0.999894
1491.pgm,10000,65536,19232,29.3457,0.02567,0.077835,59.219,0.999851
1492.pgm,10000,65536,19952,30.4443,0.0443,0.07579,59.3347,0.999764
1493.pgm,10000,65536,10720,16.3574,0.19474,0.077225,59.2532,0.999914
1494.pgm,10000,65536,27616,42.1387,0.06106,0.074997,59.3804,0.999874
1495.pgm,10000,65536,56352,85.9863,0.03523,0.075989,59.3233,0.999946
1497.pgm,10000,65536,24160,36.8652,0.02448,0.075821,59.3329,0.99976
1498.pgm,10000,65536,51504,78.5889,0.02778,0.076309,59.305,0.999923
1499.pgm,10000,65536,19328,29.4922,0.02693,0.075775,59.3355,0.999776
15.pgm,10000,65536,32320,49.3164,0.11044,0.075729,59.3382,0.999807
150.pgm,10000,65536,45072,68.7744,0.0893,0.077835,59.219,0.999824
1500.pgm,10000,65536,42976,65.5762,0.03544,0.075912,59.3277,0.999911
1501.pgm,10000,65536,17712,27.0264,0.02471,0.076813,59.2765,0.999817
1502.pgm,10000,65536,12608,19.2383,0.02279,0.076584,59.2894,0.999797
1503.pgm,10000,65536,19856,30.2979,0.024,0.076996,59.2661,0.999743
1505.pgm,10000,65536,37424,57.1045,0.03368,0.076447,59.2972,0.999868
1506.pgm,10000,65536,14720,22.4609,0.26367,0.07605,59.3198,0.999829
1507.pgm,10000,65536,10256,15.6494,0.0464,0.076889,59.2722,0.999788
1508.pgm,10000,65536,11184,17.0654,0.02724,0.075653,59.3425,0.999799
151.pgm,10000,65536,29968,45.7275,0.02543,0.075638,59.3434,0.999781
1510.pgm,10000,65536,11616,17.7246,0.02523,0.07695,59.2687,0.999843
1511.pgm,10000,65536,17664,26.9531,0.02752,0.077698,59.2267,0.999718
1512.pgm,10000,65536,39760,60.6689,0.03006,0.076935,59.2696,0.999922
1513.pgm,10000,65536,13760,20.9961,0.03474,0.075607,59.3452,0.99981
1514.pgm,10000,65536,24000,36.6211,0.20522,0.076187,59.312,0.999783
1516.pgm,10000,65536,31584,48.1934,0.03994,0.076401,59.2998,0.999867
1517.pgm,10000,65536,22704,34.6436,0.02687,0.075241,59.3663,0.999764
1.pgm,10000,65536,23952,36.5479,0.0232,0.076111,59.3163,0.999847
2.pgm,10000,65536,10768,16.4307,0.02173,0.076614,59.2877,0.999633
3.pgm,10000,65536,24720,37.7197,0.02689,0.075989,59.3233,0.999819
4.pgm,10000,65536,27968,42.6758,0.05183,0.077286,59.2498,0.999863
5.pgm,10000,65536,22480,34.3018,0.11699,0.074814,59.391,0.999782
6.pgm,10000,65536,37872,57.7881,0.03275,0.074799,59.3919,0.999887
7.pgm,10000,65536,25072,38.2568,0.02444,0.07608,59.3181,0.999877
8.pgm,10000,65536,38224,58.3252,0.02451,0.077347,59.2464,0.999835
9.pgm,10000,65536,49376,75.3418,0.02613,0.075211,59.368,0.999862
10.pgm,10000,65536,35296,53.8574,0.0301,0.075958,59.3251,0.999857
11.pgm,10000,65536,31472,48.0225,0.12597,0.076843,59.2747,0.999836
12.pgm,10000,65536,30368,46.3379,0.07357,0.076233,59.3094,0.99979
13.pgm,10000,65536,43904,66.9922,0.03447,0.077347,59.2464,0.999862
14.pgm,10000,65536,16208,24.7314,0.02354,0.077728,59.225,0.999797
15.pgm,10000,65536,32320,49.3164,0.02405,0.075867,59.3303,0.999806
16.pgm,10000,65536,14640,22.3389,0.02229,0.077042,59.2635,0.999709
17.pgm,10000,65536,25408,38.7695,0.02634,0.078079,59.2054,0.999902
18.pgm,10000,65536,18144,27.6855,0.04277,0.075943,59.3259,0.999831
19.pgm,10000,65536,36032,54.9805,0.17286,0.077225,59.2532,0.999862
20.pgm,10000,65536,35344,53.9307,0.03535,0.076263,59.3076,0.999735
21.pgm,10000,65536,31584,48.1934,0.02519,0.076096,59.3172,0.999871
1.pgm,10000,65536,23952,36.5479,0.02567,0.075531,59.3496,0.999848
2.pgm,10000,65536,10768,16.4307,0.02618,0.075027,59.3786,0.999641
3.pgm,10000,65536,24720,37.7197,0.07654,0.076797,59.2773,0.999817
4.pgm,10000,65536,27968,42.6758,0.08546,0.076996,59.2661,0.999863
5.pgm,10000,65536,22480,34.3018,0.03342,0.077011,59.2653,0.999778
6.pgm,10000,65536,37872,57.7881,0.02561,0.075928,59.3268,0.99989
7.pgm,10000,65536,25072,38.2568,0.02143,0.077225,59.2532,0.999874
8.pgm,10000,65536,38224,58.3252,0.02252,0.076141,59.3146,0.999837
9.pgm,10000,65536,49376,75.3418,0.02527,0.077118,59.2593,0.999859
10.pgm,10000,65536,35296,53.8574,0.02999,0.076462,59.2964,0.999858
11.pgm,10000,65536,31472,48.0225,0.21657,0.076523,59.2929,0.999836
12.pgm,10000,65536,30368,46.3379,0.04959,0.078064,59.2063,0.999786
13.pgm,10000,65536,43904,66.9922,0.02975,0.076279,59.3068,0.999861
14.pgm,10000,65536,16208,24.7314,0.02062,0.076263,59.3076,0.9998
15.pgm,10000,65536,32320,49.3164,0.02131,0.076569,59.2903,0.999805
16.pgm,10000,65536,14640,22.3389,0.01919,0.076157,59.3137,0.999711
17.pgm,10000,65536,25408,38.7695,0.0204,0.076218,59.3102,0.999905
18.pgm,10000,65536,18144,27.6855,0.02537,0.077438,59.2412,0.999832
19.pgm,10000,65536,36032,54.9805,0.03459,0.076508,59.2938,0.999859
20.pgm,10000,65536,35344,53.9307,0.19107,0.076736,59.2808,0.999736
21.pgm,10000,65536,31584,48.1934,0.04686,0.076141,59.3146,0.999868
22.pgm,10000,65536,41888,63.916,0.02834,0.074677,59.399,0.999894
23.pgm,10000,65536,24832,37.8906,0.02064,0.0755,59.3513,0.999868
24.pgm,10000,65536,25856,39.4531,0.01845,0.076828,59.2756,0.999749
25.pgm,10000,65536,25040,38.208,0.02024,0.07753,59.2361,0.999868
26.pgm,10000,65536,60624,92.5049,0.02574,0.07753,59.2361,0.999883
27.pgm,10000,65536,43392,66.2109,0.02716,0.076218,59.3102,0.999805
28.pgm,10000,65536,23216,35.4248,0.03943,0.077347,59.2464,0.999819
29.pgm,10000,65536,52400,79.9561,0.18121,0.076813,59.2765,0.999861
30.pgm,10000,65536,36208,55.249,0.03233,0.076324,59.3042,0.999855
31.pgm,10000,65536,22368,34.1309,0.02158,0.077255,59.2515,0.999812
32.pgm,10000,65536,17872,27.2705,0.01831,0.07579,59.3347,0.999856
33.pgm,10000,65536,38832,59.2529,0.02369,0.075592,59.346,0.999885
34.pgm,10000,65536,33520,51.1475,0.02303,0.074097,59.4328,0.99986
35.pgm,10000,65536,25424,38.7939,0.02131,0.074509,59.4087,0.999877
36.pgm,10000,65536,30320,46.2646,0.0208,0.077621,59.231,0.999887
37.pgm,10000,65536,23792,36.3037,0.02146,0.076187,59.312,0.999784
38.pgm,10000,65536,39472,60.2295,0.02663,0.076141,59.3146,0.999864
39.pgm,10000,65536,58976,89.9902,0.03699,0.07756,59.2344,0.999855
40.pgm,10000,65536,27264,41.6016,0.16594,0.075638,59.3434,0.999825
42.pgm,10000,65536,33776,51.5381,0.0434,0.076736,59.2808,0.999766
43.pgm,10000,65536,28576,43.6035,0.02585,0.076462,59.2964,0.999802
44.pgm,10000,65536,10576,16.1377,0.02114,0.07692,59.2704,0.999873
45.pgm,10000,65536,33776,51.5381,0.02065,0.076523,59.2929,0.999868
46.pgm,10000,65536,21776,33.2275,0.02272,0.076111,59.3163,0.999874
47.pgm,10000,65536,12752,19.458,0.03221,0.076202,59.3111,0.99981
48.pgm,10000,65536,40784,62.2314,0.05618,0.076126,59.3155,0.999831
49.pgm,10000,65536,19280,29.4189,0.11548,0.075409,59.3566,0.999714
50.pgm,10000,65536,12176,18.5791,0.08107,0.076401,59.2998,0.999569
51.pgm,10000,65536,20320,31.0059,0.06209,0.076706,59.2825,0.999814
52.pgm,10000,65536,21984,33.5449,0.04694,0.075821,59.3329,0.999713
53.pgm,10000,65536,10176,15.5273,0.03863,0.075699,59.3399,0.999722
54.pgm,10000,65536,41328,63.0615,0.039,0.076721,59.2817,0.999833
55.pgm,10000,65536,27584,42.0898,0.03218,0.075729,59.3382,0.999919
56.pgm,10000,65536,10304,15.7227,0.02741,0.076736,59.2808,0.999576
57.pgm,10000,65536,50976,77.7832,0.03091,0.075623,59.3443,0.999811
58.pgm,10000,65536,43312,66.0889,0.03144,0.076385,59.3007,0.999869
59.pgm,10000,65536,32000,48.8281,0.03572,0.075546,59.3487,0.999829
60.pgm,10000,65536,28560,43.5791,0.08617,0.076981,59.267,0.999802
61.pgm,10000,65536,39456,60.2051,0.08144,0.075165,59.3707,0.999853
62.pgm,10000,65536,13200,20.1416,0.03823,0.075607,59.3452,0.999777
63.pgm,10000,65536,16784,25.6104,0.03252,0.076645,59.286,0.999737
64.pgm,10000,65536,33104,50.5127,0.03178,0.077087,59.261,0.999826
65.pgm,10000,65536,34560,52.7344,0.02957,0.077866,59.2173,0.999809
66.pgm,10000,65536,19952,30.4443,0.02585,0.07547,59.3531,0.999774
67.pgm,10000,65536,32000,48.8281,0.02557,0.075272,59.3645,0.999819
68.pgm,10000,65536,14336,21.875,0.02407,0.076904,59.2713,0.999849
69.pgm,10000,65536,23344,35.6201,0.02424,0.076294,59.3059,0.999851
70.pgm,10000,65536,34064,51.9775,0.02507,0.076721,59.2817,0.999886
71.pgm,10000,65536,18080,27.5879,0.02326,0.076035,59.3207,0.999817
72.pgm,10000,65536,16448,25.0977,0.02715,0.077713,59.2259,0.999749
73.pgm,10000,65536,23792,36.3037,0.2113,0.076355,59.3024,0.999841
74.pgm,10000,65536,54864,83.7158,0.04179,0.075333,59.361,0.999794
75.pgm,10000,65536,30608,46.7041,0.02365,0.074142,59.4301,0.999816
76.pgm,10000,65536,55072,84.0332,0.02287,0.076782,59.2782,0.999801
77.pgm,10000,65536,32608,49.7559,0.02307,0.075897,59.3285,0.999927
78.pgm,10000,65536,47680,72.7539,0.02705,0.076263,59.3076,0.999853
79.pgm,10000,65536,39840,60.791,0.02839,0.076614,59.2877,0.999849
80.pgm,10000,65536,50272,76.709,0.02715,0.077026,59.2644,0.999858
81.pgm,10000,65536,28640,43.7012,0.02809,0.076111,59.3163,0.999836
82.pgm,10000,65536,29984,45.752,0.02927,0.076538,59.292,0.999862
83.pgm,10000,65536,40896,62.4023,0.04017,0.075974,59.3242,0.999888
84.pgm,10000,65536,30560,46.6309,0.05518,0.076538,59.292,0.999821
85.pgm,10000,65536,35344,53.9307,0.08147,0.076416,59.299,0.999818
86.pgm,10000,65536,15328,23.3887,0.06149,0.076691,59.2834,0.999803
87.pgm,10000,65536,31360,47.8516,0.04875,0.076172,59.3129,0.999757
88.pgm,10000,65536,37808,57.6904,0.04587,0.077377,59.2447,0.999861
89.pgm,10000,65536,19056,29.0771,0.03969,0.077377,59.2447,0.999835
90.pgm,10000,65536,33888,51.709,0.04221,0.075562,59.3478,0.999775
91.pgm,10000,65536,45440,69.3359,0.0412,0.075256,59.3654,0.99988
92.pgm,10000,65536,11888,18.1396,0.04147,0.075089,59.3751,0.999824
93.pgm,10000,65536,26592,40.5762,0.04463,0.07515,59.3715,0.999839
94.pgm,10000,65536,30640,46.7529,0.04225,0.076233,59.3094,0.999871
95.pgm,10000,65536,22112,33.7402,0.03765,0.077194,59.255,0.999847
96.pgm,10000,65536,33040,50.415,0.04144,0.075546,59.3487,0.999886
97.pgm,10000,65536,23792,36.3037,0.04061,0.07695,59.2687,0.999853
98.pgm,10000,65536,20720,31.6162,0.04424,0.074554,59.4061,0.999661
99.pgm,10000,65536,44480,67.8711,0.06555,0.075882,59.3294,0.99982
100.pgm,10000,65536,31616,48.2422,0.18153,0.075851,59.3312,0.99977
101.pgm,10000,65536,55440,84.5947,0.0647,0.075439,59.3548,0.999905
102.pgm,10000,65536,63584,97.0215,0.03076,0.07692,59.2704,0.999943
103.pgm,10000,65536,21648,33.0322,0.02239,0.077301,59.249,0.999836
104.pgm,10000,65536,24368,37.1826,0.0228,0.07663,59.2868,0.999822
105.pgm,10000,65536,20992,32.0312,0.02778,0.075867,59.3303,0.999863
106.pgm,10000,65536,41040,62.6221,0.18678,0.077759,59.2233,0.99987
107.pgm,10000,65536,55072,84.0332,0.04554,0.074829,59.3901,0.999838
108.pgm,10000,65536,56576,86.3281,0.02984,0.076736,59.2808,0.99993
109.pgm,10000,65536,27520,41.9922,0.02237,0.077286,59.2498,0.999856
110.pgm,10000,65536,43488,66.3574,0.02392,0.07637,59.3016,0.999905
111.pgm,10000,65536,35888,54.7607,0.02112,0.076752,59.2799,0.999879
112.pgm,10000,65536,29424,44.8975,0.02062,0.077377,59.2447,0.999858
113.pgm,10000,65536,25424,38.7939,0.02623,0.076965,59.2679,0.999796
114.pgm,10000,65536,29952,45.7031,0.03344,0.076447,59.2972,0.999841
115.pgm,10000,65536,38176,58.252,0.19685,0.075775,59.3355,0.999898
117.pgm,10000,65536,41168,62.8174,0.04221,0.076492,59.2946,0.999854
118.pgm,10000,65536,27664,42.2119,0.02451,0.075684,59.3408,0.99984
119.pgm,10000,65536,14240,21.7285,0.01918,0.076035,59.3207,0.999811
120.pgm,10000,65536,55520,84.7168,0.02475,0.074036,59.4364,0.999906
121.pgm,10000,65536,23856,36.4014,0.02292,0.075729,59.3382,0.999867
122.pgm,10000,65536,23312,35.5713,0.0318,0.077286,59.2498,0.999738
123.pgm,10000,65536,28832,43.9941,0.22415,0.076477,59.2955,0.999741
124.pgm,10000,65536,20960,31.9824,0.04624,0.077591,59.2327,0.999893
125.pgm,10000,65536,31680,48.3398,0.02715,0.076126,59.3155,0.999858
126.pgm,10000,65536,55328,84.4238,0.02594,0.076859,59.2739,0.99988
127.pgm,10000,65536,23408,35.7178,0.01951,0.075363,59.3592,0.999874
128.pgm,10000,65536,11376,17.3584,0.0183,0.076538,59.292,0.999749
129.pgm,10000,65536,21664,33.0566,0.021,0.075562,59.3478,0.999829
130.pgm,10000,65536,18192,27.7588,0.02161,0.077103,59.2601,0.999766
131.pgm,10000,65536,20752,31.665,0.02674,0.076096,59.3172,0.999607
132.pgm,10000,65536,28336,43.2373,0.1799,0.07637,59.3016,0.999808
133.pgm,10000,65536,24288,37.0605,0.06692,0.077255,59.2515,0.999693
134.pgm,10000,65536,11392,17.3828,0.02739,0.07663,59.2868,0.999652
135.pgm,10000,65536,35952,54.8584,0.02437,0.077499,59.2378,0.999782
136.pgm,10000,65536,48752,74.3896,0.02434,0.075638,59.3434,0.999858
137.pgm,10000,65536,34528,52.6855,0.02166,0.073685,59.457,0.999884
138.pgm,10000,65536,23664,36.1084,0.02067,0.07634,59.3033,0.999816
139.pgm,10000,65536,27744,42.334,0.02444,0.076462,59.2964,0.999849
140.pgm,10000,65536,14352,21.8994,0.04538,0.076782,59.2782,0.999751
141.pgm,10000,65536,13776,21.0205,0.1136,0.075684,59.3408,0.999683
142.pgm,10000,65536,34784,53.0762,0.0351,0.076584,59.2894,0.999851
143.pgm,10000,65536,53296,81.3232,0.02826,0.076157,59.3137,0.999819
144.pgm,10000,65536,26816,40.918,0.02212,0.076263,59.3076,0.99983
145.pgm,10000,65536,53600,81.7871,0.02461,0.078186,59.1995,0.999842
146.pgm,10000,65536,16176,24.6826,0.01935,0.075806,59.3338,0.999761
147.pgm,10000,65536,26592,40.5762,0.02246,0.076675,59.2842,0.999684
148.pgm,10000,65536,16336,24.9268,0.02412,0.077744,59.2242,0.999724
149.pgm,10000,65536,51600,78.7354,0.1079,0.076187,59.312,0.999897
150.pgm,10000,65536,45072,68.7744,0.07496,0.07608,59.3181,0.999827
151.pgm,10000,65536,29968,45.7275,0.0285,0.076218,59.3102,0.999781
152.pgm,10000,65536,34880,53.2227,0.02192,0.076721,59.2817,0.999885
153.pgm,10000,65536,22912,34.9609,0.01965,0.076324,59.3042,0.999809
154.pgm,10000,65536,18496,28.2227,0.01787,0.076859,59.2739,0.999697
155.pgm,10000,65536,26864,40.9912,0.02253,0.076828,59.2756,0.999591
156.pgm,10000,65536,35984,54.9072,0.02498,0.075668,59.3417,0.999865
157.pgm,10000,65536,23984,36.5967,0.02608,0.077698,59.2267,0.99973
158.pgm,10000,65536,37840,57.7393,0.16716,0.076767,59.2791,0.999641
159.pgm,10000,65536,20320,31.0059,0.06152,0.076492,59.2946,0.999801
160.pgm,10000,65536,11248,17.1631,0.02657,0.076447,59.2972,0.99984
161.pgm,10000,65536,16704,25.4883,0.02167,0.07756,59.2344,0.999807
162.pgm,10000,65536,24464,37.3291,0.02097,0.077072,59.2618,0.999777
163.pgm,10000,65536,47696,72.7783,0.02184,0.076477,59.2955,0.999836
164.pgm,10000,65536,23504,35.8643,0.01814,0.076309,59.305,0.999761
165.pgm,10000,65536,44096,67.2852,0.02279,0.075836,59.332,0.999754
167.pgm,10000,65536,12512,19.0918,0.01923,0.076721,59.2817,0.999775
168.pgm,10000,65536,55632,84.8877,0.02702,0.077423,59.2421,0.999822
169.pgm,10000,65536,48464,73.9502,0.03996,0.077087,59.261,0.999866
170.pgm,10000,65536,15840,24.1699,0.17756,0.077026,59.2644,0.999802
171.pgm,10000,65536,42240,64.4531,0.04777,0.077393,59.2438,0.999873
172.pgm,10000,65536,37680,57.4951,0.02681,0.076004,59.3224,0.999658
173.pgm,10000,65536,25008,38.1592,0.02019,0.077179,59.2558,0.999866
174.pgm,10000,65536,16928,25.8301,0.01831,0.077164,59.2567,0.999575
175.pgm,10000,65536,22416,34.2041,0.02045,0.076035,59.3207,0.999863
176.pgm,10000,65536,41248,62.9395,0.02335,0.075668,59.3417,0.999773
177.pgm,10000,65536,43168,65.8691,0.0238,0.076035,59.3207,0.999874
179.pgm,10000,65536,26000,39.6729,0.02127,0.077103,59.2601,0.999769
180.pgm,10000,65536,31520,48.0957,0.02576,0.076736,59.2808,0.999815
181.pgm,10000,65536,35616,54.3457,0.03926,0.077972,59.2114,0.999881
182.pgm,10000,65536,26176,39.9414,0.18321,0.077271,59.2507,0.9998
183.pgm,10000,65536,36512,55.7129,0.03885,0.076859,59.2739,0.999858
184.pgm,10000,65536,35200,53.7109,0.02528,0.07634,59.3033,0.999874
185.pgm,10000,65536,54352,82.9346,0.02331,0.07634,59.3033,0.999847
186.pgm,10000,65536,22672,34.5947,0.01809,0.075699,59.3399,0.999878
187.pgm,10000,65536,19072,29.1016,0.02073,0.076599,59.2886,0.999863
188.pgm,10000,65536,35888,54.7607,0.03061,0.075928,59.3268,0.999758
189.pgm,10000,65536,23616,36.0352,0.03635,0.075699,59.3399,0.99986
190.pgm,10000,65536,38176,58.252,0.08129,0.076126,59.3155,0.999862
191.pgm,10000,65536,23376,35.6689,0.11049,0.077179,59.2558,0.999844
192.pgm,10000,65536,56112,85.6201,0.20189,0.077576,59.2335,0.999901
193.pgm,10000,65536,36576,55.8105,0.03626,0.075714,59.339,0.999886
194.pgm,10000,65536,51664,78.833,0.02661,0.075394,59.3575,0.999808
195.pgm,10000,65536,31920,48.7061,0.01972,0.076904,59.2713,0.999875
196.pgm,10000,65536,11968,18.2617,0.01676,0.07692,59.2704,0.999818
197.pgm,10000,65536,14384,21.9482,0.01992,0.075043,59.3777,0.999781
198.pgm,10000,65536,45680,69.7021,0.02729,0.07695,59.2687,0.999819
199.pgm,10000,65536,28032,42.7734,0.03018,0.074722,59.3963,0.999842
201.pgm,10000,65536,12096,18.457,0.14298,0.075775,59.3355,0.999784
202.pgm,10000,65536,29392,44.8486,0.06716,0.076508,59.2938,0.999908
203.pgm,10000,65536,23216,35.4248,0.02934,0.074997,59.3804,0.999891
204.pgm,10000,65536,31056,47.3877,0.0247,0.074432,59.4132,0.999847
205.pgm,10000,65536,51216,78.1494,0.02603,0.075668,59.3417,0.999861
206.pgm,10000,65536,44512,67.9199,0.02618,0.075851,59.3312,0.999645
207.pgm,10000,65536,15488,23.6328,0.02222,0.076065,59.319,0.999753
208.pgm,10000,65536,45200,68.9697,0.03379,0.076843,59.2747,0.999864
209.pgm,10000,65536,48336,73.7549,0.18235,0.076859,59.2739,0.999894
210.pgm,10000,65536,33328,50.8545,0.05385,0.074661,59.3999,0.999738
211.pgm,10000,65536,28160,42.9688,0.03135,0.07515,59.3715,0.999707
213.pgm,10000,65536,21152,32.2754,0.02675,0.075943,59.3259,0.999847
214.pgm,10000,65536,42656,65.0879,0.02965,0.075012,59.3795,0.999908
215.pgm,10000,65536,18832,28.7354,0.02506,0.076126,59.3155,0.99987
216.pgm,10000,65536,30704,46.8506,0.03328,0.076126,59.3155,0.999826
217.pgm,10000,65536,27680,42.2363,0.15325,0.075409,59.3566,0.999892
218.pgm,10000,65536,33120,50.5371,0.07267,0.076401,59.2998,0.999831
219.pgm,10000,65536,28560,43.5791,0.02488,0.077072,59.2618,0.999856
220.pgm,10000,65536,19104,29.1504,0.02131,0.076691,59.2834,0.999807
221.pgm,10000,65536,39984,61.0107,0.02622,0.076004,59.3224,0.999889
222.pgm,10000,65536,39872,60.8398,0.02591,0.076462,59.2964,0.999846
223.pgm,10000,65536,48640,74.2188,0.02781,0.076233,59.3094,0.99982
224.pgm,10000,65536,17072,26.0498,0.02619,0.075363,59.3592,0.999741
225.pgm,10000,65536,20784,31.7139,0.0359,0.076706,59.2825,0.999781
226.pgm,10000,65536,28032,42.7734,0.20726,0.076157,59.3137,0.999854
227.pgm,10000,65536,24864,37.9395,0.04155,0.075958,59.3251,0.999737
230.pgm,10000,65536,21984,33.5449,0.02373,0.076431,59.2981,0.99986
231.pgm,10000,65536,27184,41.4795,0.01941,0.075989,59.3233,0.999829
232.pgm,10000,65536,39184,59.79,0.0223,0.075516,59.3504,0.999883
233.pgm,10000,65536,15584,23.7793,0.02236,0.076141,59.3146,0.999738
235.pgm,10000,65536,32624,49.7803,0.02292,0.07608,59.3181,0.999827
236.pgm,10000,65536,14800,22.583,0.02048,0.076126,59.3155,0.999605
237.pgm,10000,65536,44560,67.9932,0.02529,0.076294,59.3059,0.999883
238.pgm,10000,65536,26784,40.8691,0.02535,0.077728,59.225,0.999844
239.pgm,10000,65536,14592,22.2656,0.03672,0.075623,59.3443,0.999835
240.pgm,10000,65536,14272,21.7773,0.19633,0.076859,59.2739,0.999742
241.pgm,10000,65536,26224,40.0146,0.03938,0.075638,59.3434,0.999866
242.pgm,10000,65536,23200,35.4004,0.02535,0.075729,59.3382,0.999855
244.pgm,10000,65536,44688,68.1885,0.02588,0.075851,59.3312,0.999864
245.pgm,10000,65536,24256,37.0117,0.02203,0.076126,59.3155,0.999746
246.pgm,10000,65536,27296,41.6504,0.02148,0.075775,59.3355,0.999813
247.pgm,10000,65536,29088,44.3848,0.0226,0.075928,59.3268,0.999807
249.pgm,10000,65536,40880,62.3779,0.03025,0.077057,59.2627,0.999807
250.pgm,10000,65536,32368,49.3896,0.03011,0.075958,59.3251,0.999868
251.pgm,10000,65536,45520,69.458,0.04044,0.076492,59.2946,0.999836
252.pgm,10000,65536,55024,83.96,0.07205,0.077103,59.2601,0.999839
253.pgm,10000,65536,25712,39.2334,0.16847,0.077255,59.2515,0.999752
254.pgm,10000,65536,35392,54.0039,0.07919,0.076096,59.3172,0.999832
256.pgm,10000,65536,23504,35.8643,0.05044,0.075287,59.3636,0.999788
257.pgm,10000,65536,12368,18.8721,0.04165,0.076462,59.2964,0.99965
258.pgm,10000,65536,11280,17.2119,0.03676,0.076157,59.3137,0.9997
259.pgm,10000,65536,21664,33.0566,0.03705,0.076599,59.2886,0.999881
260.pgm,10000,65536,50528,77.0996,0.05318,0.076233,59.3094,0.999899
261.pgm,10000,65536,25808,39.3799,0.05951,0.075912,59.3277,0.999881
262.pgm,10000,65536,24496,37.3779,0.08694,0.076157,59.3137,0.999721
263.pgm,10000,65536,55184,84.2041,0.10752,0.076874,59.273,0.999812
264.pgm,10000,65536,60672,92.5781,0.09472,0.076248,59.3085,0.999888
265.pgm,10000,65536,26912,41.0645,0.06624,0.076416,59.299,0.999765
268.pgm,10000,65536,36464,55.6396,0.17053,0.076172,59.3129,0.999828
269.pgm,10000,65536,24048,36.6943,0.05155,0.076035,59.3207,0.99991
270.pgm,10000,65536,24448,37.3047,0.03141,0.076736,59.2808,0.999832
271.pgm,10000,65536,24112,36.792,0.02529,0.076935,59.2696,0.999799
272.pgm,10000,65536,39136,59.7168,0.02433,0.077103,59.2601,0.999826
273.pgm,10000,65536,24640,37.5977,0.02067,0.076706,59.2825,0.999699
275.pgm,10000,65536,20304,30.9814,0.02002,0.075989,59.3233,0.999839
276.pgm,10000,65536,23536,35.9131,0.02349,0.077896,59.2156,0.999851
278.pgm,10000,65536,54448,83.0811,0.03161,0.076035,59.3207,0.999917
279.pgm,10000,65536,36368,55.4932,0.02797,0.076614,59.2877,0.999894
280.pgm,10000,65536,29072,44.3604,0.02858,0.076035,59.3207,0.99981
281.pgm,10000,65536,12464,19.0186,0.03219,0.075272,59.3645,0.999826
282.pgm,10000,65536,55024,83.96,0.15379,0.075089,59.3751,0.999819
283.pgm,10000,65536,48752,74.3896,0.05097,0.075668,59.3417,0.999835
284.pgm,10000,65536,24784,37.8174,0.02879,0.076904,59.2713,0.999864
285.pgm,10000,65536,37936,57.8857,0.02586,0.0755,59.3513,0.999878
286.pgm,10000,65536,38272,58.3984,0.02427,0.075409,59.3566,0.999886
287.pgm,10000,65536,20336,31.0303,0.02139,0.076096,59.3172,0.999804
288.pgm,10000,65536,34656,52.8809,0.02329,0.075882,59.3294,0.999833
289.pgm,10000,65536,44576,68.0176,0.02854,0.074219,59.4257,0.999865
290.pgm,10000,65536,26720,40.7715,0.0415,0.0784,59.1877,0.99982
291.pgm,10000,65536,27744,42.334,0.24248,0.076981,59.267,0.999764
292.pgm,10000,65536,16080,24.5361,0.06401,0.07785,59.2182,0.999716
293.pgm,10000,65536,24608,37.5488,0.04691,0.076874,59.273,0.999795
294.pgm,10000,65536,10096,15.4053,0.0375,0.077133,59.2584,0.999653
295.pgm,10000,65536,42304,64.5508,0.03311,0.076279,59.3068,0.999758
296.pgm,10000,65536,27280,41.626,0.02598,0.075546,59.3487,0.999782
297.pgm,10000,65536,26960,41.1377,0.02563,0.076004,59.3224,0.999717
298.pgm,10000,65536,48480,73.9746,0.02696,0.076813,59.2765,0.999872
299.pgm,10000,65536,16704,25.4883,0.02153,0.077469,59.2395,0.999431
300.pgm,10000,65536,14496,22.1191,0.02162,0.076614,59.2877,0.999839
301.pgm,10000,65536,22592,34.4727,0.02396,0.074844,59.3892,0.999839
302.pgm,10000,65536,23552,35.9375,0.03166,0.074448,59.4123,0.999808
303.pgm,10000,65536,15392,23.4863,0.05256,0.076279,59.3068,0.999774
304.pgm,10000,65536,51984,79.3213,0.12876,0.075287,59.3636,0.999856
305.pgm,10000,65536,33632,51.3184,0.08564,0.077164,59.2567,0.999711
306.pgm,10000,65536,31840,48.584,0.05807,0.076645,59.286,0.999756
307.pgm,10000,65536,11760,17.9443,0.04368,0.075684,59.3408,0.99981
308.pgm,10000,65536,25920,39.5508,0.04123,0.077057,59.2627,0.999778
309.pgm,10000,65536,21776,33.2275,0.03457,0.075836,59.332,0.999875
310.pgm,10000,65536,47760,72.876,0.03677,0.075607,59.3452,0.999866
311.pgm,10000,65536,22608,34.4971,0.02919,0.077621,59.231,0.999834
312.pgm,10000,65536,52944,80.7861,0.03095,0.07547,59.3531,0.999832
313.pgm,10000,65536,46368,70.752,0.02803,0.07605,59.3198,0.999855
314.pgm,10000,65536,46096,70.3369,0.02674,0.075394,59.3575,0.999883
316.pgm,10000,65536,19584,29.8828,0.02279,0.075714,59.339,0.999708
317.pgm,10000,65536,30544,46.6064,0.02617,0.075317,59.3619,0.999836
318.pgm,10000,65536,14288,21.8018,0.03436,0.077026,59.2644,0.999825
319.pgm,10000,65536,12032,18.3594,0.17644,0.077713,59.2259,0.999748
320.pgm,10000,65536,27312,41.6748,0.0435,0.075775,59.3355,0.999875
321.pgm,10000,65536,42336,64.5996,0.02927,0.076477,59.2955,0.999875
322.pgm,10000,65536,22800,34.79,0.02143,0.077011,59.2653,0.99984
323.pgm,10000,65536,27120,41.3818,0.02061,0.076416,59.299,0.999857
324.pgm,10000,65536,41888,63.916,0.02437,0.075729,59.3382,0.999795
325.pgm,10000,65536,18016,27.4902,0.02238,0.076736,59.2808,0.999828
326.pgm,10000,65536,29088,44.3848,0.02495,0.075516,59.3504,0.999768
327.pgm,10000,65536,50992,77.8076,0.03074,0.076523,59.2929,0.999776
328.pgm,10000,65536,28832,43.9941,0.03903,0.075363,59.3592,0.99986
329.pgm,10000,65536,31744,48.4375,0.17898,0.076614,59.2877,0.999884
330.pgm,10000,65536,31104,47.4609,0.03205,0.076218,59.3102,0.999847
331.pgm,10000,65536,16896,25.7812,0.02156,0.076385,59.3007,0.999658
332.pgm,10000,65536,27968,42.6758,0.02114,0.077728,59.225,0.999834
333.pgm,10000,65536,34848,53.1738,0.02773,0.076767,59.2791,0.999843
334.pgm,10000,65536,40368,61.5967,0.16662,0.076721,59.2817,0.999918
335.pgm,10000,65536,35712,54.4922,0.0664,0.075424,59.3557,0.999851
336.pgm,10000,65536,13328,20.3369,0.02849,0.075531,59.3496,0.999804
337.pgm,10000,65536,22224,33.9111,0.02592,0.075195,59.3689,0.999792
338.pgm,10000,65536,23152,35.3271,0.0243,0.076431,59.2981,0.99982
339.pgm,10000,65536,44320,67.627,0.02701,0.077606,59.2318,0.999865
340.pgm,10000,65536,27328,41.6992,0.0268,0.075836,59.332,0.999716
341.pgm,10000,65536,26112,39.8438,0.0454,0.075882,59.3294,0.999867
342.pgm,10000,65536,27344,41.7236,0.11842,0.075577,59.3469,0.999863
343.pgm,10000,65536,11200,17.0898,0.03481,0.07695,59.2687,0.999764
344.pgm,10000,65536,26624,40.625,0.02897,0.077927,59.2139,0.999818
345.pgm,10000,65536,43184,65.8936,0.02925,0.075699,59.3399,0.99989
346.pgm,10000,65536,64800,98.877,0.02869,0.075821,59.3329,0.99984
347.pgm,10000,65536,57792,88.1836,0.02705,0.07634,59.3033,0.999793
349.pgm,10000,65536,24720,37.7197,0.02635,0.075119,59.3733,0.999889
350.pgm,10000,65536,50816,77.5391,0.04355,0.076599,59.2886,0.999732
351.pgm,10000,65536,39920,60.9131,0.16664,0.076431,59.2981,0.999775
352.pgm,10000,65536,21872,33.374,0.03011,0.076401,59.2998,0.999757
354.pgm,10000,65536,28400,43.335,0.02175,0.075836,59.332,0.999854
355.pgm,10000,65536,16064,24.5117,0.01883,0.076782,59.2782,0.999838
356.pgm,10000,65536,11952,18.2373,0.01884,0.076584,59.2894,0.999826
357.pgm,10000,65536,22272,33.9844,0.02242,0.076538,59.292,0.999823
358.pgm,10000,65536,28672,43.75,0.02311,0.075928,59.3268,0.999827
359.pgm,10000,65536,13552,20.6787,0.02099,0.074371,59.4167,0.999886
360.pgm,10000,65536,35168,53.6621,0.02437,0.074783,59.3928,0.999741
361.pgm,10000,65536,15040,22.9492,0.0295,0.075668,59.3417,0.999717
363.pgm,10000,65536,21280,32.4707,0.15548,0.076675,59.2842,0.999836
364.pgm,10000,65536,29264,44.6533,0.06146,0.076645,59.286,0.999676
365.pgm,10000,65536,44528,67.9443,0.03222,0.076813,59.2765,0.999859
366.pgm,10000,65536,11360,17.334,0.02067,0.077148,59.2575,0.99961
367.pgm,10000,65536,43072,65.7227,0.02329,0.077057,59.2627,0.99987
368.pgm,10000,65536,42048,64.1602,0.02265,0.077347,59.2464,0.999786
369.pgm,10000,65536,23456,35.791,0.02298,0.07576,59.3364,0.999869
370.pgm,10000,65536,31088,47.4365,0.0258,0.075729,59.3382,0.999593
371.pgm,10000,65536,10144,15.4785,0.02785,0.074844,59.3892,0.999755
372.pgm,10000,65536,35968,54.8828,0.03297,0.077148,59.2575,0.999848
373.pgm,10000,65536,34320,52.3682,0.04229,0.077194,59.255,0.999888
374.pgm,10000,65536,13568,20.7031,0.08121,0.077026,59.2644,0.999627
375.pgm,10000,65536,37168,56.7139,0.12506,0.076065,59.319,0.999834
376.pgm,10000,65536,12064,18.4082,0.06546,0.07515,59.3715,0.999705
377.pgm,10000,65536,40448,61.7188,0.04818,0.075867,59.3303,0.999747
378.pgm,10000,65536,59680,91.0645,0.03568,0.075684,59.3408,0.99985
379.pgm,10000,65536,25392,38.7451,0.02491,0.076523,59.2929,0.999821
380.pgm,10000,65536,34144,52.0996,0.02354,0.075943,59.3259,0.999878
381.pgm,10000,65536,55296,84.375,0.0253,0.077271,59.2507,0.999884
382.pgm,10000,65536,55104,84.082,0.02864,0.075409,59.3566,0.999827
383.pgm,10000,65536,48400,73.8525,0.02892,0.076508,59.2938,0.999898
384.pgm,10000,65536,30288,46.2158,0.02964,0.076324,59.3042,0.999807
385.pgm,10000,65536,19248,29.3701,0.04008,0.075226,59.3671,0.999731
386.pgm,10000,65536,14640,22.3389,0.16551,0.075714,59.339,0.999814
387.pgm,10000,65536,24080,36.7432,0.05718,0.077148,59.2575,0.999803
388.pgm,10000,65536,18704,28.54,0.03329,0.076233,59.3094,0.999842
389.pgm,10000,65536,13264,20.2393,0.02726,0.076431,59.2981,0.99963
390.pgm,10000,65536,59392,90.625,0.03677,0.076706,59.2825,0.999926
391.pgm,10000,65536,33632,51.3184,0.051,0.07695,59.2687,0.99981
392.pgm,10000,65536,21904,33.4229,0.1123,0.077377,59.2447,0.999767
393.pgm,10000,65536,20096,30.6641,0.02821,0.075699,59.3399,0.999861
394.pgm,10000,65536,25984,39.6484,0.02249,0.076981,59.267,0.999752
395.pgm,10000,65536,24448,37.3047,0.02077,0.077072,59.2618,0.99985
396.pgm,10000,65536,13040,19.8975,0.01979,0.077179,59.2558,0.999752
397.pgm,10000,65536,15856,24.1943,0.02288,0.076859,59.2739,0.999873
399.pgm,10000,65536,49072,74.8779,0.11054,0.076859,59.2739,0.999858
400.pgm,10000,65536,38864,59.3018,0.06589,0.076385,59.3007,0.999819
401.pgm,10000,65536,14432,22.0215,0.02624,0.07753,59.2361,0.999782
402.pgm,10000,65536,12032,18.3594,0.02035,0.076569,59.2903,0.99978
403.pgm,10000,65536,13584,20.7275,0.01904,0.075714,59.339,0.999847
404.pgm,10000,65536,39744,60.6445,0.02656,0.075165,59.3707,0.999771
405.pgm,10000,65536,29088,44.3848,0.02608,0.075836,59.332,0.999868
406.pgm,10000,65536,29744,45.3857,0.02522,0.076309,59.305,0.999785
407.pgm,10000,65536,45296,69.1162,0.03041,0.076294,59.3059,0.99982
408.pgm,10000,65536,21392,32.6416,0.02759,0.076065,59.319,0.999799
409.pgm,10000,65536,28240,43.0908,0.03236,0.076767,59.2791,0.999838
410.pgm,10000,65536,29456,44.9463,0.04748,0.076782,59.2782,0.99991
411.pgm,10000,65536,25120,38.3301,0.08248,0.077377,59.2447,0.999558
412.pgm,10000,65536,44000,67.1387,0.10009,0.077179,59.2558,0.99986
413.pgm,10000,65536,33600,51.2695,0.05221,0.075287,59.3636,0.999858
414.pgm,10000,65536,25344,38.6719,0.03831,0.076645,59.286,0.999777
415.pgm,10000,65536,40432,61.6943,0.03669,0.076126,59.3155,0.999685
416.pgm,10000,65536,35168,53.6621,0.03137,0.075714,59.339,0.99987
417.pgm,10000,65536,52912,80.7373,0.03099,0.076797,59.2773,0.99981
418.pgm,10000,65536,59072,90.1367,0.0306,0.077133,59.2584,0.999758
419.pgm,10000,65536,33600,51.2695,0.02971,0.075256,59.3654,0.9994
420.pgm,10000,65536,30224,46.1182,0.087,0.076431,59.2981,0.9998
421.pgm,10000,65536,29440,44.9219,0.077,0.076813,59.2765,0.999929
422.pgm,10000,65536,32800,50.0488,0.04183,0.075729,59.3382,0.999837
423.pgm,10000,65536,44896,68.5059,0.03527,0.077499,59.2378,0.999921
424.pgm,10000,65536,13248,20.2148,0.02534,0.07663,59.2868,0.999782
425.pgm,10000,65536,10720,16.3574,0.02351,0.077789,59.2216,0.999818
426.pgm,10000,65536,13840,21.1182,0.02316,0.076279,59.3068,0.999684
427.pgm,10000,65536,51856,79.126,0.02785,0.077744,59.2242,0.999871
428.pgm,10000,65536,41792,63.7695,0.0289,0.076019,59.3216,0.999894
429.pgm,10000,65536,21696,33.1055,0.03486,0.076584,59.2894,0.999863
430.pgm,10000,65536,31808,48.5352,0.22518,0.076065,59.319,0.999868
431.pgm,10000,65536,38992,59.4971,0.08088,0.076523,59.2929,0.999859
432.pgm,10000,65536,20224,30.8594,0.04357,0.07695,59.2687,0.999827
433.pgm,10000,65536,30144,45.9961,0.03449,0.076675,59.2842,0.999865
434.pgm,10000,65536,53696,81.9336,0.03281,0.075058,59.3768,0.999845
436.pgm,10000,65536,48064,73.3398,0.02861,0.075241,59.3663,0.999832
437.pgm,10000,65536,26048,39.7461,0.02428,0.076263,59.3076,0.999804
438.pgm,10000,65536,15280,23.3154,0.02193,0.076294,59.3059,0.999758
439.pgm,10000,65536,61840,94.3604,0.02842,0.075958,59.3251,0.999871
440.pgm,10000,65536,24672,37.6465,0.03308,0.076035,59.3207,0.999869
441.pgm,10000,65536,57600,87.8906,0.18424,0.07608,59.3181,0.999933
442.pgm,10000,65536,12528,19.1162,0.0325,0.077499,59.2378,0.999836
443.pgm,10000,65536,17904,27.3193,0.02325,0.077271,59.2507,0.999817
444.pgm,10000,65536,36800,56.1523,0.02135,0.075195,59.3689,0.999881
445.pgm,10000,65536,44800,68.3594,0.02065,0.076279,59.3068,0.999869
446.pgm,10000,65536,26512,40.4541,0.01788,0.07489,59.3866,0.999811
447.pgm,10000,65536,26432,40.332,0.01831,0.075531,59.3496,0.999813
449.pgm,10000,65536,28544,43.5547,0.01888,0.075699,59.3399,0.999799
450.pgm,10000,65536,58304,88.9648,0.02147,0.076843,59.2747,0.999889
451.pgm,10000,65536,22288,34.0088,0.01896,0.076614,59.2877,0.999838
452.pgm,10000,65536,40384,61.6211,0.02451,0.075562,59.3478,0.9999
453.pgm,10000,65536,25216,38.4766,0.03093,0.077072,59.2618,0.999757
454.pgm,10000,65536,41408,63.1836,0.06193,0.07547,59.3531,0.999845
455.pgm,10000,65536,39952,60.9619,0.09406,0.075363,59.3592,0.999806
456.pgm,10000,65536,32144,49.0479,0.06323,0.076065,59.319,0.999821
457.pgm,10000,65536,32960,50.293,0.04663,0.07579,59.3347,0.999863
458.pgm,10000,65536,31312,47.7783,0.03898,0.077316,59.2481,0.999813
459.pgm,10000,65536,39232,59.8633,0.0355,0.077179,59.2558,0.999796
460.pgm,10000,65536,19280,29.4189,0.02831,0.076492,59.2946,0.999881
461.pgm,10000,65536,20112,30.6885,0.02653,0.07785,59.2182,0.99983
462.pgm,10000,65536,35088,53.54,0.02706,0.077362,59.2455,0.999806
463.pgm,10000,65536,38112,58.1543,0.02781,0.075912,59.3277,0.999908
464.pgm,10000,65536,29264,44.6533,0.10098,0.076477,59.2955,0.999856
465.pgm,10000,65536,24880,37.9639,0.06299,0.077744,59.2242,0.999865
466.pgm,10000,65536,37872,57.7881,0.0282,0.075653,59.3425,0.999866
467.pgm,10000,65536,31888,48.6572,0.02175,0.077789,59.2216,0.999705
468.pgm,10000,65536,55536,84.7412,0.02256,0.075089,59.3751,0.999929
469.pgm,10000,65536,52576,80.2246,0.0231,0.077698,59.2267,0.99988
470.pgm,10000,65536,18832,28.7354,0.02038,0.075638,59.3434,0.99964
471.pgm,10000,65536,35232,53.7598,0.02727,0.075729,59.3382,0.999857
472.pgm,10000,65536,35088,53.54,0.14247,0.076431,59.2981,0.999819
473.pgm,10000,65536,29744,45.3857,0.06191,0.076294,59.3059,0.999842
474.pgm,10000,65536,24624,37.5732,0.03,0.077576,59.2335,0.999752
475.pgm,10000,65536,25168,38.4033,0.02202,0.077042,59.2635,0.999719
476.pgm,10000,65536,15696,23.9502,0.01884,0.075256,59.3654,0.999794
477.pgm,10000,65536,43472,66.333,0.02563,0.077103,59.2601,0.999795
478.pgm,10000,65536,22432,34.2285,0.02464,0.075714,59.339,0.99947
479.pgm,10000,65536,16640,25.3906,0.02438,0.076553,59.2912,0.999774
481.pgm,10000,65536,44032,67.1875,0.03866,0.07724,59.2524,0.999835
482.pgm,10000,65536,24016,36.6455,0.05069,0.077484,59.2387,0.999804
483.pgm,10000,65536,20336,31.0303,0.05861,0.075928,59.3268,0.99969
484.pgm,10000,65536,20256,30.9082,0.05031,0.075104,59.3742,0.999743
486.pgm,10000,65536,26768,40.8447,0.03967,0.076584,59.2894,0.999689
487.pgm,10000,65536,12672,19.3359,0.03028,0.075867,59.3303,0.99958
488.pgm,10000,65536,24096,36.7676,0.0284,0.075714,59.339,0.999793
490.pgm,10000,65536,25040,38.208,0.027,0.075668,59.3417,0.999848
491.pgm,10000,65536,22032,33.6182,0.02526,0.076492,59.2946,0.999774
492.pgm,10000,65536,18288,27.9053,0.02554,0.076202,59.3111,0.999715
493.pgm,10000,65536,29248,44.6289,0.02693,0.075317,59.3619,0.999841
494.pgm,10000,65536,20480,31.25,0.02499,0.075104,59.3742,0.999767
495.pgm,10000,65536,12848,19.6045,0.02724,0.075958,59.3251,0.999803
497.pgm,10000,65536,57024,87.0117,0.04149,0.076385,59.3007,0.999899
499.pgm,10000,65536,20160,30.7617,0.05704,0.076508,59.2938,0.999808
500.pgm,10000,65536,50784,77.4902,0.06838,0.076874,59.273,0.999789
501.pgm,10000,65536,27504,41.9678,0.0495,0.077225,59.2532,0.999707
502.pgm,10000,65536,34512,52.6611,0.04492,0.076065,59.319,0.999762
503.pgm,10000,65536,53776,82.0557,0.04594,0.075806,59.3338,0.999913
504.pgm,10000,65536,13968,21.3135,0.03294,0.075882,59.3294,0.99977
505.pgm,10000,65536,31792,48.5107,0.03447,0.076599,59.2886,0.999874
506.pgm,10000,65536,26864,40.9912,0.03304,0.075684,59.3408,0.999774
507.pgm,10000,65536,39424,60.1562,0.03421,0.077606,59.2318,0.999895
508.pgm,10000,65536,47248,72.0947,0.0399,0.075714,59.339,0.999891
509.pgm,10000,65536,29184,44.5312,0.08473,0.076797,59.2773,0.999863
510.pgm,10000,65536,11472,17.5049,0.08871,0.077347,59.2464,0.999444
511.pgm,10000,65536,29632,45.2148,0.04193,0.076324,59.3042,0.999864
512.pgm,10000,65536,21760,33.2031,0.03222,0.076172,59.3129,0.999824
513.pgm,10000,65536,14592,22.2656,0.0256,0.077377,59.2447,0.999772
514.pgm,10000,65536,43568,66.4795,0.02788,0.077591,59.2327,0.999845
515.pgm,10000,65536,36512,55.7129,0.02563,0.075851,59.3312,0.999869
516.pgm,10000,65536,43392,66.2109,0.026,0.076248,59.3085,0.999858
517.pgm,10000,65536,37360,57.0068,0.02428,0.076065,59.319,0.999843
518.pgm,10000,65536,30464,46.4844,0.02242,0.075699,59.3399,0.999863
519.pgm,10000,65536,48608,74.1699,0.02814,0.07663,59.2868,0.99987
520.pgm,10000,65536,29232,44.6045,0.02683,0.077454,59.2404,0.999826
521.pgm,10000,65536,10448,15.9424,0.03191,0.076721,59.2817,0.999685
522.pgm,10000,65536,26560,40.5273,0.04919,0.075821,59.3329,0.999873
523.pgm,10000,65536,34448,52.5635,0.20187,0.076828,59.2756,0.999709
524.pgm,10000,65536,31616,48.2422,0.03734,0.07666,59.2851,0.999878
525.pgm,10000,65536,18736,28.5889,0.02328,0.076782,59.2782,0.999758
526.pgm,10000,65536,44608,68.0664,0.02333,0.077316,59.2481,0.999889
527.pgm,10000,65536,43344,66.1377,0.02359,0.076706,59.2825,0.999849
528.pgm,10000,65536,25968,39.624,0.02174,0.07637,59.3016,0.999814
529.pgm,10000,65536,23888,36.4502,0.0233,0.076477,59.2955,0.999801
530.pgm,10000,65536,39472,60.2295,0.02675,0.075745,59.3373,0.999798
531.pgm,10000,65536,17936,27.3682,0.02649,0.076782,59.2782,0.999775
532.pgm,10000,65536,21872,33.374,0.04586,0.076523,59.2929,0.999808
533.pgm,10000,65536,10208,15.5762,0.21164,0.074738,59.3954,0.999824
534.pgm,10000,65536,24896,37.9883,0.03763,0.077087,59.261,0.999845
535.pgm,10000,65536,20400,31.1279,0.02589,0.075745,59.3373,0.999829
536.pgm,10000,65536,39056,59.5947,0.02455,0.076401,59.2998,0.99986
537.pgm,10000,65536,29968,45.7275,0.02135,0.075958,59.3251,0.999845
539.pgm,10000,65536,42560,64.9414,0.02481,0.076691,59.2834,0.999787
540.pgm,10000,65536,10800,16.4795,0.02145,0.075943,59.3259,0.999774
541.pgm,10000,65536,16144,24.6338,0.02516,0.077698,59.2267,0.999837
542.pgm,10000,65536,16400,25.0244,0.05875,0.077103,59.2601,0.99963
543.pgm,10000,65536,17664,26.9531,0.07419,0.073898,59.4445,0.999872
544.pgm,10000,65536,19184,29.2725,0.02817,0.076492,59.2946,0.999817
545.pgm,10000,65536,14208,21.6797,0.0205,0.076843,59.2747,0.999786
546.pgm,10000,65536,14240,21.7285,0.0176,0.07666,59.2851,0.999712
547.pgm,10000,65536,41024,62.5977,0.01889,0.077164,59.2567,0.999829
548.pgm,10000,65536,20480,31.25,0.01709,0.076736,59.2808,0.999783
550.pgm,10000,65536,30960,47.2412,0.01942,0.077774,59.2225,0.999881
551.pgm,10000,65536,31952,48.7549,0.01945,0.076401,59.2998,0.999867
552.pgm,10000,65536,25504,38.916,0.02219,0.076187,59.312,0.999834
553.pgm,10000,65536,15168,23.1445,0.02486,0.07547,59.3531,0.999833
554.pgm,10000,65536,17760,27.0996,0.18921,0.075089,59.3751,0.99966
555.pgm,10000,65536,27152,41.4307,0.052,0.076294,59.3059,0.999834
556.pgm,10000,65536,15904,24.2676,0.02471,0.07634,59.3033,0.99979
557.pgm,10000,65536,25296,38.5986,0.02255,0.076889,59.2722,0.999873
558.pgm,10000,65536,40544,61.8652,0.02385,0.07576,59.3364,0.999903
559.pgm,10000,65536,22768,34.7412,0.02185,0.076599,59.2886,0.999808
560.pgm,10000,65536,35168,53.6621,0.02878,0.076385,59.3007,0.99976
561.pgm,10000,65536,46912,71.582,0.19071,0.076675,59.2842,0.999899
562.pgm,10000,65536,51440,78.4912,0.04384,0.076035,59.3207,0.999908
563.pgm,10000,65536,12000,18.3105,0.02261,0.076096,59.3172,0.999727
564.pgm,10000,65536,38704,59.0576,0.02246,0.076813,59.2765,0.999807
565.pgm,10000,65536,30080,45.8984,0.02107,0.076263,59.3076,0.999716
566.pgm,10000,65536,24512,37.4023,0.02426,0.07608,59.3181,0.999786
567.pgm,10000,65536,23488,35.8398,0.0222,0.077957,59.2122,0.99977
568.pgm,10000,65536,31456,47.998,0.02104,0.074982,59.3813,0.999872
569.pgm,10000,65536,25728,39.2578,0.02205,0.075409,59.3566,0.999876
570.pgm,10000,65536,53856,82.1777,0.02753,0.075455,59.3539,0.999853
571.pgm,10000,65536,14048,21.4355,0.02498,0.075729,59.3382,0.999723
572.pgm,10000,65536,29904,45.6299,0.09913,0.076416,59.299,0.999713
573.pgm,10000,65536,24720,37.7197,0.07149,0.077362,59.2455,0.999903
574.pgm,10000,65536,50048,76.3672,0.03217,0.07634,59.3033,0.999832
575.pgm,10000,65536,28672,43.75,0.02149,0.075638,59.3434,0.99984
576.pgm,10000,65536,36272,55.3467,0.02061,0.076797,59.2773,0.999884
577.pgm,10000,65536,18976,28.9551,0.02036,0.076492,59.2946,0.999864
578.pgm,10000,65536,15744,24.0234,0.02207,0.075806,59.3338,0.999763
579.pgm,10000,65536,41136,62.7686,0.02912,0.076859,59.2739,0.999895
580.pgm,10000,65536,18128,27.6611,0.03903,0.076035,59.3207,0.999774
581.pgm,10000,65536,14272,21.7773,0.17027,0.076614,59.2877,0.999759
582.pgm,10000,65536,25248,38.5254,0.0368,0.076355,59.3024,0.999749
583.pgm,10000,65536,27088,41.333,0.02607,0.07576,59.3364,0.99983
584.pgm,10000,65536,13568,20.7031,0.02239,0.077301,59.249,0.999767
585.pgm,10000,65536,23248,35.4736,0.02312,0.078339,59.191,0.999834
586.pgm,10000,65536,29984,45.752,0.02337,0.076202,59.3111,0.999765
588.pgm,10000,65536,31136,47.5098,0.02366,0.076462,59.2964,0.999685
589.pgm,10000,65536,18176,27.7344,0.02339,0.077072,59.2618,0.999799
590.pgm,10000,65536,56768,86.6211,0.0347,0.076782,59.2782,0.99991
591.pgm,10000,65536,24352,37.1582,0.12924,0.075409,59.3566,0.999835
592.pgm,10000,65536,50240,76.6602,0.06491,0.077301,59.249,0.999848
593.pgm,10000,65536,20640,31.4941,0.02704,0.076218,59.3102,0.99986
594.pgm,10000,65536,18192,27.7588,0.02171,0.076187,59.312,0.999806
595.pgm,10000,65536,55408,84.5459,0.02455,0.075699,59.3399,0.999892
596.pgm,10000,65536,33328,50.8545,0.02587,0.076462,59.2964,0.999813
597.pgm,10000,65536,61456,93.7744,0.02952,0.075287,59.3636,0.999909
598.pgm,10000,65536,20304,30.9814,0.02378,0.075302,59.3627,0.999823
599.pgm,10000,65536,30992,47.29,0.02816,0.076065,59.319,0.99984
600.pgm,10000,65536,18560,28.3203,0.03151,0.076645,59.286,0.999809
601.pgm,10000,65536,33120,50.5371,0.1655,0.077301,59.249,0.999769
602.pgm,10000,65536,22624,34.5215,0.0455,0.076706,59.2825,0.999748
603.pgm,10000,65536,25360,38.6963,0.02532,0.077164,59.2567,0.999767
604.pgm,10000,65536,28944,44.165,0.02079,0.076599,59.2886,0.999813
605.pgm,10000,65536,14208,21.6797,0.01939,0.077194,59.255,0.999839
606.pgm,10000,65536,16992,25.9277,0.02204,0.07663,59.2868,0.999737
607.pgm,10000,65536,63936,97.5586,0.02666,0.076401,59.2998,0.999906
608.pgm,10000,65536,37760,57.6172,0.02259,0.077118,59.2593,0.999875
609.pgm,10000,65536,24864,37.9395,0.02172,0.077805,59.2208,0.999813
610.pgm,10000,65536,27600,42.1143,0.02359,0.076126,59.3155,0.999861
612.pgm,10000,65536,34400,52.4902,0.02736,0.076935,59.2696,0.999832
613.pgm,10000,65536,23440,35.7666,0.03759,0.076263,59.3076,0.999812
614.pgm,10000,65536,38736,59.1064,0.20238,0.075638,59.3434,0.999807
615.pgm,10000,65536,24624,37.5732,0.03914,0.076752,59.2799,0.999877
616.pgm,10000,65536,34048,51.9531,0.0284,0.077759,59.2233,0.999857
617.pgm,10000,65536,38592,58.8867,0.02642,0.076431,59.2981,0.999819
618.pgm,10000,65536,43360,66.1621,0.02661,0.076324,59.3042,0.999898
619.pgm,10000,65536,34512,52.6611,0.02537,0.075592,59.346,0.999729
620.pgm,10000,65536,35264,53.8086,0.03215,0.076401,59.2998,0.999883
621.pgm,10000,65536,26544,40.5029,0.14114,0.076462,59.2964,0.999817
622.pgm,10000,65536,19456,29.6875,0.04927,0.076813,59.2765,0.999779
623.pgm,10000,65536,26736,40.7959,0.02767,0.075806,59.3338,0.999801
624.pgm,10000,65536,53424,81.5186,0.0255,0.077286,59.2498,0.999942
625.pgm,10000,65536,11360,17.334,0.01849,0.076828,59.2756,0.999735
626.pgm,10000,65536,52016,79.3701,0.02256,0.07692,59.2704,0.999884
627.pgm,10000,65536,14992,22.876,0.01914,0.076233,59.3094,0.9997
628.pgm,10000,65536,20176,30.7861,0.01983,0.076477,59.2955,0.999461
629.pgm,10000,65536,35456,54.1016,0.02437,0.07666,59.2851,0.999843
630.pgm,10000,65536,23056,35.1807,0.03693,0.077408,59.243,0.999659
631.pgm,10000,65536,48832,74.5117,0.16257,0.077164,59.2567,0.999806
632.pgm,10000,65536,39232,59.8633,0.03295,0.076569,59.2903,0.999813
633.pgm,10000,65536,27600,42.1143,0.02359,0.0755,59.3513,0.999829
634.pgm,10000,65536,26736,40.7959,0.02078,0.076538,59.292,0.999748
635.pgm,10000,65536,31376,47.876,0.02011,0.07724,59.2524,0.999846
636.pgm,10000,65536,14288,21.8018,0.01994,0.07666,59.2851,0.999775
637.pgm,10000,65536,22000,33.5693,0.02073,0.076065,59.319,0.99977
639.pgm,10000,65536,22128,33.7646,0.02241,0.077713,59.2259,0.99979
641.pgm,10000,65536,17136,26.1475,0.0222,0.07515,59.3715,0.999861
642.pgm,10000,65536,22592,34.4727,0.02678,0.075699,59.3399,0.999829
643.pgm,10000,65536,23488,35.8398,0.05747,0.076675,59.2842,0.999707
644.pgm,10000,65536,13008,19.8486,0.0964,0.074265,59.423,0.999734
645.pgm,10000,65536,15712,23.9746,0.02918,0.076035,59.3207,0.999864
646.pgm,10000,65536,26016,39.6973,0.02249,0.076309,59.305,0.999811
647.pgm,10000,65536,24816,37.8662,0.01909,0.07605,59.3198,0.999717
648.pgm,10000,65536,17664,26.9531,0.01721,0.076462,59.2964,0.999786
649.pgm,10000,65536,40928,62.4512,0.02093,0.075409,59.3566,0.999835
650.pgm,10000,65536,29664,45.2637,0.02079,0.075745,59.3373,0.999838
651.pgm,10000,65536,18336,27.9785,0.02175,0.076019,59.3216,0.999844
652.pgm,10000,65536,37488,57.2021,0.0263,0.076416,59.299,0.999854
654.pgm,10000,65536,30992,47.29,0.03722,0.076141,59.3146,0.999834
655.pgm,10000,65536,16672,25.4395,0.18926,0.076447,59.2972,0.999819
656.pgm,10000,65536,31488,48.0469,0.03699,0.076111,59.3163,0.999821
657.pgm,10000,65536,57680,88.0127,0.02873,0.076492,59.2946,0.999782
658.pgm,10000,65536,21536,32.8613,0.02052,0.076416,59.299,0.999793
659.pgm,10000,65536,15104,23.0469,0.0189,0.076736,59.2808,0.999808
660.pgm,10000,65536,48160,73.4863,0.02357,0.07637,59.3016,0.99984
661.pgm,10000,65536,36192,55.2246,0.02423,0.076019,59.3216,0.999808
662.pgm,10000,65536,17216,26.2695,0.03026,0.076294,59.3059,0.999866
663.pgm,10000,65536,29440,44.9219,0.19659,0.077103,59.2601,0.999776
664.pgm,10000,65536,24160,36.8652,0.03876,0.074371,59.4167,0.999749
665.pgm,10000,65536,25664,39.1602,0.02536,0.076569,59.2903,0.999804
666.pgm,10000,65536,24128,36.8164,0.02096,0.075714,59.339,0.999696
667.pgm,10000,65536,24208,36.9385,0.01959,0.076553,59.2912,0.999854
668.pgm,10000,65536,16096,24.5605,0.02037,0.075012,59.3795,0.999838
669.pgm,10000,65536,23840,36.377,0.0225,0.076721,59.2817,0.999839
671.pgm,10000,65536,39696,60.5713,0.02657,0.078049,59.2071,0.999876
672.pgm,10000,65536,23104,35.2539,0.04412,0.075317,59.3619,0.999842
673.pgm,10000,65536,50080,76.416,0.16479,0.077103,59.2601,0.9999
674.pgm,10000,65536,21472,32.7637,0.02946,0.075699,59.3399,0.9998
675.pgm,10000,65536,29264,44.6533,0.02314,0.075867,59.3303,0.999831
677.pgm,10000,65536,38672,59.0088,0.02055,0.077271,59.2507,0.999701
678.pgm,10000,65536,48064,73.3398,0.02121,0.076736,59.2808,0.99988
679.pgm,10000,65536,16272,24.8291,0.02015,0.075775,59.3355,0.999863
680.pgm,10000,65536,31904,48.6816,0.02316,0.076752,59.2799,0.999863
681.pgm,10000,65536,27520,41.9922,0.0271,0.07579,59.3347,0.99986
682.pgm,10000,65536,46176,70.459,0.17202,0.077591,59.2327,0.999866
683.pgm,10000,65536,18768,28.6377,0.04635,0.075638,59.3434,0.999873
684.pgm,10000,65536,16272,24.8291,0.0252,0.07547,59.3531,0.999684
685.pgm,10000,65536,28240,43.0908,0.02171,0.075256,59.3654,0.999811
686.pgm,10000,65536,21168,32.2998,0.01903,0.077469,59.2395,0.999797
687.pgm,10000,65536,38944,59.4238,0.0246,0.076431,59.2981,0.999781
688.pgm,10000,65536,26800,40.8936,0.02276,0.075516,59.3504,0.99987
689.pgm,10000,65536,64000,97.6562,0.03076,0.075668,59.3417,0.999917
691.pgm,10000,65536,22768,34.7412,0.03643,0.074951,59.383,0.99982
692.pgm,10000,65536,32656,49.8291,0.18553,0.075424,59.3557,0.999873
693.pgm,10000,65536,46240,70.5566,0.04084,0.076965,59.2679,0.999859
694.pgm,10000,65536,58896,89.8682,0.02549,0.077087,59.261,0.999865
695.pgm,10000,65536,38384,58.5693,0.01944,0.075058,59.3768,0.99967
697.pgm,10000,65536,27168,41.4551,0.01698,0.077179,59.2558,0.999807
698.pgm,10000,65536,48656,74.2432,0.02593,0.078186,59.1995,0.999894
699.pgm,10000,65536,28848,44.0186,0.02479,0.077835,59.219,0.999771
700.pgm,10000,65536,26416,40.3076,0.02454,0.077026,59.2644,0.999869
701.pgm,10000,65536,38240,58.3496,0.02614,0.076462,59.2964,0.999909
702.pgm,10000,65536,18464,28.1738,0.02649,0.07663,59.2868,0.999815
703.pgm,10000,65536,22160,33.8135,0.03656,0.076096,59.3172,0.999893
704.pgm,10000,65536,22896,34.9365,0.19145,0.077087,59.261,0.999762
705.pgm,10000,65536,45520,69.458,0.04412,0.075928,59.3268,0.999805
706.pgm,10000,65536,41984,64.0625,0.02604,0.075714,59.339,0.999829
707.pgm,10000,65536,39120,59.6924,0.02188,0.075333,59.361,0.999878
708.pgm,10000,65536,17488,26.6846,0.02289,0.076126,59.3155,0.99981
709.pgm,10000,65536,34832,53.1494,0.02812,0.075455,59.3539,0.999659
711.pgm,10000,65536,11072,16.8945,0.02432,0.076675,59.2842,0.999668
712.pgm,10000,65536,25984,39.6484,0.03256,0.075806,59.3338,0.999797
713.pgm,10000,65536,50624,77.2461,0.04729,0.074692,59.3981,0.999908
714.pgm,10000,65536,25152,38.3789,0.05589,0.076935,59.2696,0.999826
715.pgm,10000,65536,24704,37.6953,0.0649,0.07637,59.3016,0.999854
716.pgm,10000,65536,33744,51.4893,0.16417,0.075073,59.376,0.999808
717.pgm,10000,65536,36784,56.1279,0.05296,0.076599,59.2886,0.999779
718.pgm,10000,65536,21664,33.0566,0.03225,0.075989,59.3233,0.999757
720.pgm,10000,65536,45616,69.6045,0.02811,0.076248,59.3085,0.999864
721.pgm,10000,65536,16960,25.8789,0.02086,0.075455,59.3539,0.999777
722.pgm,10000,65536,19392,29.5898,0.02161,0.075882,59.3294,0.999835
723.pgm,10000,65536,55216,84.2529,0.02675,0.076904,59.2713,0.999901
724.pgm,10000,65536,14944,22.8027,0.02122,0.076691,59.2834,0.999694
725.pgm,10000,65536,20560,31.3721,0.02578,0.07605,59.3198,0.999785
726.pgm,10000,65536,23648,36.084,0.03591,0.077499,59.2378,0.999838
727.pgm,10000,65536,21136,32.251,0.04668,0.076248,59.3085,0.999859
728.pgm,10000,65536,42320,64.5752,0.12632,0.077881,59.2165,0.999862
729.pgm,10000,65536,31424,47.9492,0.07191,0.075607,59.3452,0.999735
730.pgm,10000,65536,30896,47.1436,0.04682,0.076309,59.305,0.999857
731.pgm,10000,65536,26032,39.7217,0.04364,0.077271,59.2507,0.999687
732.pgm,10000,65536,23968,36.5723,0.04854,0.075729,59.3382,0.999792
733.pgm,10000,65536,55728,85.0342,0.06222,0.075195,59.3689,0.999857
734.pgm,10000,65536,22784,34.7656,0.04479,0.077515,59.237,0.999851
735.pgm,10000,65536,31776,48.4863,0.03884,0.076187,59.312,0.999864
736.pgm,10000,65536,27552,42.041,0.03352,0.075714,59.339,0.999898
737.pgm,10000,65536,31680,48.3398,0.03102,0.076263,59.3076,0.999851
738.pgm,10000,65536,26272,40.0879,0.03113,0.077164,59.2567,0.999812
739.pgm,10000,65536,31920,48.7061,0.03553,0.076126,59.3155,0.999833
740.pgm,10000,65536,18640,28.4424,0.0542,0.077667,59.2284,0.999791
741.pgm,10000,65536,40496,61.792,0.06861,0.077271,59.2507,0.999885
743.pgm,10000,65536,57488,87.7197,0.05574,0.077927,59.2139,0.999912
744.pgm,10000,65536,20704,31.5918,0.04261,0.077011,59.2653,0.999831
745.pgm,10000,65536,47104,71.875,0.05424,0.077286,59.2498,0.999843
746.pgm,10000,65536,41376,63.1348,0.07018,0.076035,59.3207,0.999813
747.pgm,10000,65536,23408,35.7178,0.06787,0.076736,59.2808,0.999876
748.pgm,10000,65536,32064,48.9258,0.05091,0.076645,59.286,0.999851
749.pgm,10000,65536,51136,78.0273,0.04423,0.07692,59.2704,0.999849
750.pgm,10000,65536,41952,64.0137,0.03636,0.07663,59.2868,0.999875
751.pgm,10000,65536,31952,48.7549,0.02957,0.07637,59.3016,0.999751
752.pgm,10000,65536,23888,36.4502,0.02744,0.076935,59.2696,0.999826
754.pgm,10000,65536,31328,47.8027,0.0275,0.076904,59.2713,0.999761
755.pgm,10000,65536,18720,28.5645,0.02731,0.076721,59.2817,0.999792
756.pgm,10000,65536,16736,25.5371,0.02735,0.074432,59.4132,0.999739
758.pgm,10000,65536,19168,29.248,0.03199,0.074356,59.4176,0.999755
759.pgm,10000,65536,33328,50.8545,0.0418,0.07605,59.3198,0.999866
760.pgm,10000,65536,17312,26.416,0.04835,0.074539,59.407,0.999774
761.pgm,10000,65536,44848,68.4326,0.05352,0.076401,59.2998,0.999899
762.pgm,10000,65536,21680,33.0811,0.03879,0.07637,59.3016,0.999805
763.pgm,10000,65536,33936,51.7822,0.03691,0.075928,59.3268,0.999838
764.pgm,10000,65536,18496,28.2227,0.03237,0.075653,59.3425,0.999737
765.pgm,10000,65536,16896,25.7812,0.02889,0.077148,59.2575,0.999677
766.pgm,10000,65536,43760,66.7725,0.03159,0.076508,59.2938,0.99986
767.pgm,10000,65536,53184,81.1523,0.03677,0.075882,59.3294,0.999785
768.pgm,10000,65536,54672,83.4229,0.1606,0.076813,59.2765,0.999755
769.pgm,10000,65536,23776,36.2793,0.08308,0.075668,59.3417,0.999819
770.pgm,10000,65536,22304,34.0332,0.05201,0.077362,59.2455,0.99978
771.pgm,10000,65536,41408,63.1836,0.06842,0.075226,59.3671,0.999879
772.pgm,10000,65536,13520,20.6299,0.03265,0.07579,59.3347,0.999881
773.pgm,10000,65536,17232,26.2939,0.03932,0.076874,59.273,0.999647
774.pgm,10000,65536,15408,23.5107,0.18746,0.076935,59.2696,0.999805
775.pgm,10000,65536,40464,61.7432,0.06597,0.075974,59.3242,0.999883
776.pgm,10000,65536,24656,37.6221,0.03799,0.077728,59.225,0.999812
777.pgm,10000,65536,45360,69.2139,0.03263,0.076813,59.2765,0.999818
778.pgm,10000,65536,20928,31.9336,0.02599,0.076202,59.3111,0.999806
779.pgm,10000,65536,43184,65.8936,0.02771,0.075958,59.3251,0.999815
781.pgm,10000,65536,26400,40.2832,0.02341,0.076401,59.2998,0.999821
782.pgm,10000,65536,50624,77.2461,0.02619,0.076065,59.319,0.999784
783.pgm,10000,65536,20384,31.1035,0.02377,0.077744,59.2242,0.999839
784.pgm,10000,65536,48672,74.2676,0.03341,0.077209,59.2541,0.999853
785.pgm,10000,65536,22464,34.2773,0.0308,0.076248,59.3085,0.999765
786.pgm,10000,65536,19216,29.3213,0.03671,0.077042,59.2635,0.999662
787.pgm,10000,65536,38416,58.6182,0.04696,0.076889,59.2722,0.999873
788.pgm,10000,65536,35088,53.54,0.0453,0.076401,59.2998,0.999851
789.pgm,10000,65536,11920,18.1885,0.03392,0.076889,59.2722,0.999869
791.pgm,10000,65536,28784,43.9209,0.03495,0.076965,59.2679,0.999879
792.pgm,10000,65536,24320,37.1094,0.0308,0.076996,59.2661,0.999828
793.pgm,10000,65536,40128,61.2305,0.03067,0.075119,59.3733,0.999888
794.pgm,10000,65536,27312,41.6748,0.02735,0.07515,59.3715,0.999815
795.pgm,10000,65536,37488,57.2021,0.03186,0.075912,59.3277,0.999848
796.pgm,10000,65536,28080,42.8467,0.08911,0.075928,59.3268,0.999863
798.pgm,10000,65536,35760,54.5654,0.05323,0.076157,59.3137,0.999914
799.pgm,10000,65536,36880,56.2744,0.02657,0.07666,59.2851,0.999874
800.pgm,10000,65536,27664,42.2119,0.02087,0.077454,59.2404,0.999864
801.pgm,10000,65536,56016,85.4736,0.02179,0.07637,59.3016,0.999876
802.pgm,10000,65536,41856,63.8672,0.02136,0.075485,59.3522,0.999813
803.pgm,10000,65536,35248,53.7842,0.02285,0.077377,59.2447,0.999758
804.pgm,10000,65536,25568,39.0137,0.02367,0.076004,59.3224,0.999813
805.pgm,10000,65536,23584,35.9863,0.02341,0.076492,59.2946,0.999813
806.pgm,10000,65536,51920,79.2236,0.03443,0.076355,59.3024,0.999754
807.pgm,10000,65536,24528,37.4268,0.20163,0.077164,59.2567,0.999797
809.pgm,10000,65536,34416,52.5146,0.03702,0.075302,59.3627,0.999858
810.pgm,10000,65536,12096,18.457,0.02343,0.077469,59.2395,0.999677
811.pgm,10000,65536,29280,44.6777,0.02214,0.077255,59.2515,0.99981
812.pgm,10000,65536,27136,41.4062,0.02088,0.076355,59.3024,0.999863
813.pgm,10000,65536,22656,34.5703,0.01967,0.076889,59.2722,0.999855
814.pgm,10000,65536,39728,60.6201,0.02225,0.076416,59.299,0.999841
815.pgm,10000,65536,36080,55.0537,0.02413,0.074799,59.3919,0.999865
816.pgm,10000,65536,24608,37.5488,0.02538,0.07547,59.3531,0.999795
817.pgm,10000,65536,29248,44.6289,0.02652,0.076859,59.2739,0.999806
818.pgm,10000,65536,42992,65.6006,0.03061,0.075378,59.3583,0.999816
819.pgm,10000,65536,31952,48.7549,0.0417,0.076721,59.2817,0.999801
820.pgm,10000,65536,64448,98.3398,0.19117,0.075745,59.3373,0.999825
821.pgm,10000,65536,38112,58.1543,0.03435,0.076126,59.3155,0.999838
822.pgm,10000,65536,47792,72.9248,0.02573,0.075912,59.3277,0.999829
823.pgm,10000,65536,22128,33.7646,0.01917,0.077026,59.2644,0.99983
824.pgm,10000,65536,13808,21.0693,0.01766,0.076248,59.3085,0.999824
825.pgm,10000,65536,27440,41.8701,0.02234,0.077454,59.2404,0.999769
826.pgm,10000,65536,39120,59.6924,0.02644,0.076233,59.3094,0.999824
827.pgm,10000,65536,17904,27.3193,0.02317,0.076172,59.3129,0.999831
828.pgm,10000,65536,23008,35.1074,0.02592,0.076736,59.2808,0.999812
829.pgm,10000,65536,15664,23.9014,0.03097,0.076599,59.2886,0.999787
830.pgm,10000,65536,34320,52.3682,0.14404,0.076279,59.3068,0.999873
831.pgm,10000,65536,54944,83.8379,0.0609,0.077225,59.2532,0.999926
832.pgm,10000,65536,25584,39.0381,0.02649,0.077057,59.2627,0.999807
833.pgm,10000,65536,27104,41.3574,0.02083,0.075867,59.3303,0.999831
834.pgm,10000,65536,37008,56.4697,0.02018,0.076462,59.2964,0.99987
835.pgm,10000,65536,33872,51.6846,0.01944,0.075974,59.3242,0.999879
836.pgm,10000,65536,48816,74.4873,0.02534,0.07576,59.3364,0.999812
837.pgm,10000,65536,27152,41.4307,0.02377,0.077301,59.249,0.999724
838.pgm,10000,65536,40480,61.7676,0.02672,0.076431,59.2981,0.999877
839.pgm,10000,65536,28288,43.1641,0.04066,0.075607,59.3452,0.999841
840.pgm,10000,65536,47600,72.6318,0.15318,0.077087,59.261,0.999809
841.pgm,10000,65536,46768,71.3623,0.03318,0.075531,59.3496,0.999841
842.pgm,10000,65536,40880,62.3779,0.02326,0.077454,59.2404,0.999858
843.pgm,10000,65536,12960,19.7754,0.0245,0.076599,59.2886,0.999852
844.pgm,10000,65536,14016,21.3867,0.02339,0.077347,59.2464,0.999793
846.pgm,10000,65536,14016,21.3867,0.02289,0.076782,59.2782,0.999831
847.pgm,10000,65536,49616,75.708,0.0295,0.075577,59.3469,0.999862
848.pgm,10000,65536,51616,78.7598,0.04656,0.074661,59.3999,0.999788
849.pgm,10000,65536,47552,72.5586,0.21565,0.075867,59.3303,0.999847
850.pgm,10000,65536,60800,92.7734,0.04504,0.075928,59.3268,0.999883
851.pgm,10000,65536,22976,35.0586,0.02781,0.076767,59.2791,0.999784
852.pgm,10000,65536,31616,48.2422,0.02381,0.075836,59.332,0.999879
853.pgm,10000,65536,18208,27.7832,0.02136,0.076553,59.2912,0.999839
854.pgm,10000,65536,16368,24.9756,0.01988,0.076996,59.2661,0.999839
855.pgm,10000,65536,14032,21.4111,0.01953,0.075439,59.3548,0.999806
856.pgm,10000,65536,43248,65.9912,0.02282,0.076355,59.3024,0.999916
857.pgm,10000,65536,20800,31.7383,0.01908,0.07666,59.2851,0.999837
858.pgm,10000,65536,23360,35.6445,0.0201,0.076523,59.2929,0.99967
859.pgm,10000,65536,41632,63.5254,0.02258,0.076523,59.2929,0.999858
860.pgm,10000,65536,24208,36.9385,0.02289,0.075836,59.332,0.999845
861.pgm,10000,65536,21200,32.3486,0.04151,0.076813,59.2765,0.999856
862.pgm,10000,65536,60128,91.748,0.12331,0.077011,59.2653,0.999847
863.pgm,10000,65536,31216,47.6318,0.02894,0.074921,59.3848,0.999845
864.pgm,10000,65536,31504,48.0713,0.02246,0.076584,59.2894,0.999843
865.pgm,10000,65536,10736,16.3818,0.02266,0.076096,59.3172,0.999775
866.pgm,10000,65536,28752,43.8721,0.02812,0.076752,59.2799,0.999865
869.pgm,10000,65536,29824,45.5078,0.03373,0.076477,59.2955,0.999865
870.pgm,10000,65536,32864,50.1465,0.03204,0.075653,59.3425,0.999869
871.pgm,10000,65536,15728,23.999,0.02735,0.077896,59.2156,0.999846
872.pgm,10000,65536,33712,51.4404,0.0456,0.075684,59.3408,0.999811
873.pgm,10000,65536,28992,44.2383,0.2094,0.076721,59.2817,0.999842
875.pgm,10000,65536,27024,41.2354,0.03577,0.076065,59.319,0.999865
876.pgm,10000,65536,51744,78.9551,0.02867,0.076889,59.2722,0.999804
877.pgm,10000,65536,34576,52.7588,0.02192,0.07782,59.2199,0.999774
878.pgm,10000,65536,30272,46.1914,0.01956,0.076736,59.2808,0.999838
879.pgm,10000,65536,27552,42.041,0.01999,0.076752,59.2799,0.999882
880.pgm,10000,65536,33200,50.6592,0.02236,0.076706,59.2825,0.999858
881.pgm,10000,65536,20496,31.2744,0.02764,0.076553,59.2912,0.999898
882.pgm,10000,65536,20560,31.3721,0.1825,0.07724,59.2524,0.999865
883.pgm,10000,65536,29152,44.4824,0.04354,0.076996,59.2661,0.999889
884.pgm,10000,65536,26176,39.9414,0.02642,0.076172,59.3129,0.999742
885.pgm,10000,65536,15904,24.2676,0.02097,0.078217,59.1978,0.999711
886.pgm,10000,65536,26704,40.7471,0.02169,0.074814,59.391,0.999859
887.pgm,10000,65536,23072,35.2051,0.02009,0.077515,59.237,0.999847
888.pgm,10000,65536,37152,56.6895,0.02455,0.076538,59.292,0.999833
889.pgm,10000,65536,31936,48.7305,0.05174,0.077438,59.2412,0.999705
890.pgm,10000,65536,49200,75.0732,0.09739,0.077057,59.2627,0.999815
891.pgm,10000,65536,10528,16.0645,0.03924,0.076706,59.2825,0.999817
892.pgm,10000,65536,48480,73.9746,0.02702,0.076157,59.3137,0.999857
894.pgm,10000,65536,59440,90.6982,0.02435,0.077469,59.2395,0.999926
895.pgm,10000,65536,27520,41.9922,0.02042,0.076828,59.2756,0.999863
896.pgm,10000,65536,41408,63.1836,0.02316,0.074646,59.4007,0.99988
897.pgm,10000,65536,26080,39.7949,0.02354,0.076355,59.3024,0.999871
899.pgm,10000,65536,17712,27.0264,0.02772,0.076538,59.292,0.999855
900.pgm,10000,65536,31104,47.4609,0.07659,0.07785,59.2182,0.99976
901.pgm,10000,65536,35088,53.54,0.07633,0.076797,59.2773,0.999867
902.pgm,10000,65536,31600,48.2178,0.02845,0.07605,59.3198,0.999867
903.pgm,10000,65536,21728,33.1543,0.02068,0.076157,59.3137,0.999833
904.pgm,10000,65536,62768,95.7764,0.02507,0.07608,59.3181,0.999908
905.pgm,10000,65536,34016,51.9043,0.02464,0.075531,59.3496,0.99982
906.pgm,10000,65536,23856,36.4014,0.02526,0.076721,59.2817,0.999808
909.pgm,10000,65536,32880,50.1709,0.02324,0.077637,59.2301,0.999734
910.pgm,10000,65536,52256,79.7363,0.03001,0.075897,59.3285,0.999826
911.pgm,10000,65536,14992,22.876,0.05821,0.075882,59.3294,0.99972
912.pgm,10000,65536,32016,48.8525,0.1186,0.077927,59.2139,0.999833
913.pgm,10000,65536,36448,55.6152,0.03188,0.07637,59.3016,0.999843
914.pgm,10000,65536,15744,24.0234,0.0206,0.077209,59.2541,0.999744
915.pgm,10000,65536,13008,19.8486,0.01978,0.077026,59.2644,0.999781
916.pgm,10000,65536,44352,67.6758,0.02643,0.076004,59.3224,0.999834
917.pgm,10000,65536,35760,54.5654,0.02457,0.076523,59.2929,0.999876
918.pgm,10000,65536,36784,56.1279,0.02353,0.07634,59.3033,0.999857
919.pgm,10000,65536,42288,64.5264,0.02767,0.076813,59.2765,0.999848
920.pgm,10000,65536,25264,38.5498,0.17152,0.076248,59.3085,0.99982
921.pgm,10000,65536,19936,30.4199,0.05758,0.07724,59.2524,0.999778
922.pgm,10000,65536,16464,25.1221,0.02623,0.076355,59.3024,0.999835
923.pgm,10000,65536,43232,65.9668,0.02449,0.076111,59.3163,0.999774
925.pgm,10000,65536,20272,30.9326,0.01881,0.077515,59.237,0.999718
926.pgm,10000,65536,24240,36.9873,0.01778,0.076462,59.2964,0.999867
928.pgm,10000,65536,51536,78.6377,0.02008,0.076111,59.3163,0.999904
929.pgm,10000,65536,25520,38.9404,0.01898,0.076447,59.2972,0.999809
930.pgm,10000,65536,31536,48.1201,0.02135,0.07428,59.4221,0.99985
932.pgm,10000,65536,44720,68.2373,0.02608,0.075943,59.3259,0.999836
933.pgm,10000,65536,36032,54.9805,0.03605,0.07576,59.3364,0.999908
934.pgm,10000,65536,41120,62.7441,0.15425,0.075729,59.3382,0.999772
935.pgm,10000,65536,48576,74.1211,0.05399,0.077393,59.2438,0.999867
936.pgm,10000,65536,30752,46.9238,0.03129,0.07576,59.3364,0.999857
937.pgm,10000,65536,44736,68.2617,0.03037,0.076843,59.2747,0.999889
938.pgm,10000,65536,13968,21.3135,0.02341,0.076492,59.2946,0.999886
939.pgm,10000,65536,29024,44.2871,0.02581,0.075882,59.3294,0.999759
940.pgm,10000,65536,30144,45.9961,0.02532,0.075531,59.3496,0.999831
941.pgm,10000,65536,61280,93.5059,0.03202,0.076492,59.2946,0.999889
942.pgm,10000,65536,17264,26.3428,0.02743,0.076569,59.2903,0.999696
943.pgm,10000,65536,12768,19.4824,0.02783,0.076797,59.2773,0.999743
944.pgm,10000,65536,57536,87.793,0.03909,0.076492,59.2946,0.999933
945.pgm,10000,65536,42768,65.2588,0.05185,0.07547,59.3531,0.999782
946.pgm,10000,65536,46544,71.0205,0.05982,0.075348,59.3601,0.999885
947.pgm,10000,65536,21360,32.5928,0.04895,0.075592,59.346,0.999844
948.pgm,10000,65536,41760,63.7207,0.06093,0.076523,59.2929,0.999819
949.pgm,10000,65536,37152,56.6895,0.19927,0.076752,59.2799,0.999784
950.pgm,10000,65536,10496,16.0156,0.03179,0.076385,59.3007,0.999711
951.pgm,10000,65536,40192,61.3281,0.02634,0.075439,59.3548,0.999835
953.pgm,10000,65536,17520,26.7334,0.02134,0.075928,59.3268,0.999743
954.pgm,10000,65536,13392,20.4346,0.02041,0.076981,59.267,0.999742
955.pgm,10000,65536,14000,21.3623,0.02814,0.076218,59.3102,0.999644
956.pgm,10000,65536,51184,78.1006,0.2029,0.076187,59.312,0.999872
957.pgm,10000,65536,32192,49.1211,0.03532,0.076691,59.2834,0.999867
958.pgm,10000,65536,29776,45.4346,0.02585,0.076523,59.2929,0.99988
959.pgm,10000,65536,27760,42.3584,0.0231,0.076828,59.2756,0.99965
960.pgm,10000,65536,45216,68.9941,0.02479,0.076111,59.3163,0.999823
961.pgm,10000,65536,60704,92.627,0.02538,0.077301,59.249,0.999876
962.pgm,10000,65536,34160,52.124,0.0237,0.075943,59.3259,0.999874
963.pgm,10000,65536,58016,88.5254,0.0336,0.076904,59.2713,0.99995
964.pgm,10000,65536,36672,55.957,0.1925,0.076355,59.3024,0.999747
965.pgm,10000,65536,20816,31.7627,0.06377,0.076141,59.3146,0.999877
966.pgm,10000,65536,21328,32.5439,0.02611,0.076035,59.3207,0.99982
967.pgm,10000,65536,43616,66.5527,0.06739,0.077118,59.2593,0.999857
968.pgm,10000,65536,27360,41.748,0.10259,0.076553,59.2912,0.999813
969.pgm,10000,65536,21760,33.2031,0.0286,0.074707,59.3972,0.999762
970.pgm,10000,65536,23872,36.4258,0.02344,0.076706,59.2825,0.999744
971.pgm,10000,65536,29088,44.3848,0.02492,0.077118,59.2593,0.999797
972.pgm,10000,65536,21904,33.4229,0.02935,0.075592,59.346,0.999872
973.pgm,10000,65536,35504,54.1748,0.23076,0.076187,59.312,0.999881
974.pgm,10000,65536,26144,39.8926,0.04327,0.075394,59.3575,0.999819
975.pgm,10000,65536,23776,36.2793,0.02507,0.076065,59.319,0.999873
976.pgm,10000,65536,12352,18.8477,0.02094,0.077011,59.2653,0.999839
977.pgm,10000,65536,64896,99.0234,0.02522,0.076553,59.2912,0.999924
978.pgm,10000,65536,21456,32.7393,0.02289,0.075714,59.339,0.999782
979.pgm,10000,65536,26544,40.5029,0.03451,0.076691,59.2834,0.99974
980.pgm,10000,65536,27152,41.4307,0.17403,0.077057,59.2627,0.999876
981.pgm,10000,65536,38144,58.2031,0.03495,0.075531,59.3496,0.999846
983.pgm,10000,65536,22544,34.3994,0.02958,0.07608,59.3181,0.999807
984.pgm,10000,65536,37392,57.0557,0.02734,0.076675,59.2842,0.999833
985.pgm,10000,65536,58320,88.9893,0.03835,0.076035,59.3207,0.999874
986.pgm,10000,65536,37664,57.4707,0.03974,0.07724,59.2524,0.999713
987.pgm,10000,65536,30160,46.0205,0.04145,0.076752,59.2799,0.99982
988.pgm,10000,65536,17536,26.7578,0.08543,0.07692,59.2704,0.999829
989.pgm,10000,65536,35392,54.0039,0.09731,0.077087,59.261,0.999843
990.pgm,10000,65536,40352,61.5723,0.07036,0.074997,59.3804,0.999901
991.pgm,10000,65536,22320,34.0576,0.05406,0.076019,59.3216,0.999803
992.pgm,10000,65536,57568,87.8418,0.04783,0.075333,59.361,0.999928
993.pgm,10000,65536,39680,60.5469,0.04201,0.077026,59.2644,0.999877
994.pgm,10000,65536,27552,42.041,0.03089,0.076385,59.3007,0.999853
995.pgm,10000,65536,49632,75.7324,0.03241,0.075867,59.3303,0.999855
996.pgm,10000,65536,20080,30.6396,0.02513,0.077225,59.2532,0.999836
997.pgm,10000,65536,32960,50.293,0.02508,0.076309,59.305,0.999817
998.pgm,10000,65536,14640,22.3389,0.02572,0.076462,59.2964,0.999795
999.pgm,10000,65536,41744,63.6963,0.05404,0.077835,59.219,0.999887
1000.pgm,10000,65536,27120,41.3818,0.16299,0.077332,59.2472,0.999878
1001.pgm,10000,65536,12736,19.4336,0.05846,0.074707,59.3972,0.999704
1002.pgm,10000,65536,24144,36.8408,0.04098,0.076675,59.2842,0.999902
1003.pgm,10000,65536,38816,59.2285,0.03618,0.075928,59.3268,0.999812
1004.pgm,10000,65536,13168,20.0928,0.02831,0.076935,59.2696,0.999826
1005.pgm,10000,65536,37152,56.6895,0.03041,0.077011,59.2653,0.999878
1006.pgm,10000,65536,62304,95.0684,0.03196,0.077225,59.2532,0.999976
1007.pgm,10000,65536,47536,72.5342,0.02931,0.076706,59.2825,0.999871
1008.pgm,10000,65536,42144,64.3066,0.02851,0.075165,59.3707,0.999893
1009.pgm,10000,65536,37888,57.8125,0.02709,0.075165,59.3707,0.99985
1010.pgm,10000,65536,18096,27.6123,0.02548,0.076477,59.2955,0.999737
1011.pgm,10000,65536,27904,42.5781,0.03124,0.07663,59.2868,0.999851
1012.pgm,10000,65536,37120,56.6406,0.03756,0.076401,59.2998,0.999877
1013.pgm,10000,65536,37696,57.5195,0.04307,0.076279,59.3068,0.99988
1014.pgm,10000,65536,40112,61.2061,0.04461,0.074997,59.3804,0.999879
1015.pgm,10000,65536,39792,60.7178,0.04256,0.076569,59.2903,0.999853
1018.pgm,10000,65536,17168,26.1963,0.0346,0.075867,59.3303,0.99984
1019.pgm,10000,65536,31648,48.291,0.0383,0.076462,59.2964,0.999872
1020.pgm,10000,65536,35184,53.6865,0.04121,0.07634,59.3033,0.99987
1021.pgm,10000,65536,49776,75.9521,0.04291,0.075653,59.3425,0.999815
1022.pgm,10000,65536,50640,77.2705,0.04389,0.077042,59.2635,0.999724
1023.pgm,10000,65536,33248,50.7324,0.05213,0.077118,59.2593,0.999815
1024.pgm,10000,65536,49904,76.1475,0.07302,0.075897,59.3285,0.999863
1025.pgm,10000,65536,36144,55.1514,0.05491,0.075623,59.3443,0.999852
1026.pgm,10000,65536,25488,38.8916,0.0446,0.075546,59.3487,0.999867
1027.pgm,10000,65536,13424,20.4834,0.04058,0.076111,59.3163,0.999785
1028.pgm,10000,65536,26336,40.1855,0.04854,0.075562,59.3478,0.999791
1029.pgm,10000,65536,29168,44.5068,0.05463,0.076584,59.2894,0.999844
1030.pgm,10000,65536,18944,28.9062,0.04926,0.075638,59.3434,0.99983
1031.pgm,10000,65536,10176,15.5273,0.04162,0.076477,59.2955,0.999819
1032.pgm,10000,65536,36128,55.127,0.03888,0.07753,59.2361,0.999924
1033.pgm,10000,65536,27008,41.2109,0.03654,0.077469,59.2395,0.999837
1035.pgm,10000,65536,23312,35.5713,0.03382,0.077133,59.2584,0.99981
1036.pgm,10000,65536,36144,55.1514,0.04075,0.076202,59.3111,0.999764
1039.pgm,10000,65536,39824,60.7666,0.09825,0.077682,59.2276,0.999836
1040.pgm,10000,65536,35168,53.6621,0.09575,0.074921,59.3848,0.999904
1041.pgm,10000,65536,56624,86.4014,0.05377,0.076004,59.3224,0.999958
1042.pgm,10000,65536,12048,18.3838,0.03135,0.075226,59.3671,0.999781
1043.pgm,10000,65536,33344,50.8789,0.02958,0.076172,59.3129,0.999852
1045.pgm,10000,65536,12224,18.6523,0.02465,0.076187,59.312,0.999786
1046.pgm,10000,65536,14096,21.5088,0.0235,0.075272,59.3645,0.999674
1047.pgm,10000,65536,20320,31.0059,0.02345,0.076324,59.3042,0.99978
1048.pgm,10000,65536,20368,31.0791,0.0225,0.076035,59.3207,0.999801
1049.pgm,10000,65536,25824,39.4043,0.02276,0.077744,59.2242,0.9998
1050.pgm,10000,65536,59584,90.918,0.02623,0.07608,59.3181,0.999934
1051.pgm,10000,65536,13968,21.3135,0.0227,0.076035,59.3207,0.999668
1052.pgm,10000,65536,30816,47.0215,0.03381,0.076813,59.2765,0.999849
1053.pgm,10000,65536,17936,27.3682,0.19097,0.077225,59.2532,0.999795
1054.pgm,10000,65536,19744,30.127,0.04678,0.076416,59.299,0.999778
1055.pgm,10000,65536,51552,78.6621,0.03054,0.076279,59.3068,0.99978
1056.pgm,10000,65536,17008,25.9521,0.01988,0.076279,59.3068,0.999769
1057.pgm,10000,65536,21200,32.3486,0.02009,0.075851,59.3312,0.999773
1058.pgm,10000,65536,13376,20.4102,0.01672,0.076645,59.286,0.999764
1059.pgm,10000,65536,40080,61.1572,0.02025,0.076233,59.3094,0.999842
1060.pgm,10000,65536,32640,49.8047,0.01972,0.076843,59.2747,0.999757
1061.pgm,10000,65536,45568,69.5312,0.02285,0.075302,59.3627,0.999788
1063.pgm,10000,65536,25648,39.1357,0.02323,0.075241,59.3663,0.999781
1064.pgm,10000,65536,41296,63.0127,0.03134,0.078384,59.1885,0.999895
1065.pgm,10000,65536,37136,56.665,0.17532,0.077576,59.2335,0.999816
1066.pgm,10000,65536,12928,19.7266,0.03954,0.075592,59.346,0.999773
1067.pgm,10000,65536,25056,38.2324,0.02451,0.077286,59.2498,0.999847
1068.pgm,10000,65536,17248,26.3184,0.01868,0.07515,59.3715,0.999892
1069.pgm,10000,65536,48320,73.7305,0.02284,0.075424,59.3557,0.999903
1070.pgm,10000,65536,52144,79.5654,0.02576,0.076233,59.3094,0.999872
1071.pgm,10000,65536,27568,42.0654,0.02318,0.076385,59.3007,0.999747
1072.pgm,10000,65536,12912,19.7021,0.02077,0.076675,59.2842,0.99961
1073.pgm,10000,65536,23952,36.5479,0.02332,0.076813,59.2765,0.999808
1074.pgm,10000,65536,36960,56.3965,0.02929,0.077454,59.2404,0.999884
1075.pgm,10000,65536,36192,55.2246,0.03633,0.076691,59.2834,0.999757
1076.pgm,10000,65536,18832,28.7354,0.05596,0.075699,59.3399,0.999786
1077.pgm,10000,65536,35648,54.3945,0.08307,0.07637,59.3016,0.999851
1078.pgm,10000,65536,18848,28.7598,0.05446,0.07605,59.3198,0.999756
1079.pgm,10000,65536,30224,46.1182,0.04284,0.078674,59.1725,0.999797
1080.pgm,10000,65536,33488,51.0986,0.03613,0.077698,59.2267,0.999799
1081.pgm,10000,65536,34640,52.8564,0.03217,0.076767,59.2791,0.999896
1082.pgm,10000,65536,36640,55.9082,0.03,0.075684,59.3408,0.999883
1083.pgm,10000,65536,44512,67.9199,0.03104,0.076019,59.3216,0.999854
1084.pgm,10000,65536,22656,34.5703,0.02605,0.078552,59.1792,0.999785
1085.pgm,10000,65536,45152,68.8965,0.02744,0.076553,59.2912,0.999829
1086.pgm,10000,65536,12592,19.2139,0.02255,0.076431,59.2981,0.999821
1087.pgm,10000,65536,38928,59.3994,0.0268,0.077057,59.2627,0.999841
1088.pgm,10000,65536,16160,24.6582,0.02566,0.077667,59.2284,0.999807
1089.pgm,10000,65536,23408,35.7178,0.03473,0.076889,59.2722,0.999786
1090.pgm,10000,65536,35536,54.2236,0.04945,0.075272,59.3645,0.999808
1092.pgm,10000,65536,31536,48.1201,0.06458,0.076111,59.3163,0.999851
1094.pgm,10000,65536,38720,59.082,0.07137,0.076843,59.2747,0.999707
1095.pgm,10000,65536,24464,37.3291,0.05235,0.075531,59.3496,0.999718
1096.pgm,10000,65536,23280,35.5225,0.04532,0.077362,59.2455,0.999877
1097.pgm,10000,65536,24416,37.2559,0.04906,0.07634,59.3033,0.999773
1098.pgm,10000,65536,31072,47.4121,0.04657,0.076157,59.3137,0.999828
1099.pgm,10000,65536,45152,68.8965,0.04938,0.07605,59.3198,0.999901
1100.pgm,10000,65536,31440,47.9736,0.04202,0.077255,59.2515,0.99982
1102.pgm,10000,65536,15232,23.2422,0.03529,0.076889,59.2722,0.999868
1103.pgm,10000,65536,40912,62.4268,0.05198,0.074585,59.4043,0.99987
1104.pgm,10000,65536,48128,73.4375,0.24519,0.07547,59.3531,0.999679
1105.pgm,10000,65536,37040,56.5186,0.04243,0.075928,59.3268,0.999898
1106.pgm,10000,65536,23728,36.2061,0.0289,0.076859,59.2739,0.999819
1107.pgm,10000,65536,20496,31.2744,0.02449,0.076538,59.292,0.999815
1108.pgm,10000,65536,29504,45.0195,0.02338,0.075531,59.3496,0.999817
1109.pgm,10000,65536,18432,28.125,0.02037,0.076187,59.312,0.999864
1110.pgm,10000,65536,56448,86.1328,0.0348,0.076614,59.2877,0.99987
1111.pgm,10000,65536,24320,37.1094,0.03489,0.075775,59.3355,0.999741
1112.pgm,10000,65536,24880,37.9639,0.05289,0.076416,59.299,0.999698
1113.pgm,10000,65536,23040,35.1562,0.13852,0.075363,59.3592,0.999883
1114.pgm,10000,65536,22416,34.2041,0.06307,0.076218,59.3102,0.999663
1115.pgm,10000,65536,51712,78.9062,0.04206,0.075897,59.3285,0.999788
1116.pgm,10000,65536,32928,50.2441,0.0317,0.075409,59.3566,0.999804
1117.pgm,10000,65536,36160,55.1758,0.03061,0.075912,59.3277,0.999885
1118.pgm,10000,65536,31408,47.9248,0.027,0.076813,59.2765,0.99987
1119.pgm,10000,65536,55376,84.4971,0.03315,0.076004,59.3224,0.999914
1120.pgm,10000,65536,17680,26.9775,0.03071,0.076447,59.2972,0.999826
1121.pgm,10000,65536,50768,77.4658,0.05467,0.076431,59.2981,0.999881
1122.pgm,10000,65536,14832,22.6318,0.20249,0.076111,59.3163,0.999792
1123.pgm,10000,65536,46768,71.3623,0.04542,0.075256,59.3654,0.999878
1124.pgm,10000,65536,17024,25.9766,0.02462,0.077255,59.2515,0.9998
1125.pgm,10000,65536,10336,15.7715,0.02198,0.075439,59.3548,0.999762
1126.pgm,10000,65536,34480,52.6123,0.02239,0.07695,59.2687,0.999884
1127.pgm,10000,65536,24144,36.8408,0.02193,0.07486,59.3883,0.999838
1128.pgm,10000,65536,41760,63.7207,0.04264,0.07576,59.3364,0.999824
1129.pgm,10000,65536,15120,23.0713,0.16018,0.077133,59.2584,0.999702
1130.pgm,10000,65536,34256,52.2705,0.03529,0.077087,59.261,0.999906
1131.pgm,10000,65536,33408,50.9766,0.02638,0.075409,59.3566,0.99984
1132.pgm,10000,65536,39840,60.791,0.02417,0.07637,59.3016,0.999887
1133.pgm,10000,65536,59616,90.9668,0.02487,0.077515,59.237,0.999927
1134.pgm,10000,65536,29264,44.6533,0.0235,0.075562,59.3478,0.999867
1135.pgm,10000,65536,32032,48.877,0.02645,0.076614,59.2877,0.999827
1136.pgm,10000,65536,37984,57.959,0.03158,0.076218,59.3102,0.9997
1137.pgm,10000,65536,12592,19.2139,0.04001,0.075455,59.3539,0.999806
1138.pgm,10000,65536,24784,37.8174,0.17972,0.076431,59.2981,0.999817
1139.pgm,10000,65536,18336,27.9785,0.03149,0.076904,59.2713,0.999841
1140.pgm,10000,65536,34192,52.1729,0.02328,0.077515,59.237,0.999875
1141.pgm,10000,65536,10688,16.3086,0.01826,0.077164,59.2567,0.999777
1142.pgm,10000,65536,16736,25.5371,0.01956,0.07489,59.3866,0.999854
1143.pgm,10000,65536,44608,68.0664,0.02466,0.077591,59.2327,0.999864
1144.pgm,10000,65536,30752,46.9238,0.02325,0.076233,59.3094,0.999819
1145.pgm,10000,65536,20400,31.1279,0.02369,0.077087,59.261,0.999729
1146.pgm,10000,65536,30400,46.3867,0.02677,0.075836,59.332,0.999731
1147.pgm,10000,65536,25744,39.2822,0.03612,0.077515,59.237,0.999826
1148.pgm,10000,65536,43264,66.0156,0.18409,0.076614,59.2877,0.999872
1149.pgm,10000,65536,24672,37.6465,0.04197,0.075211,59.368,0.999844
1150.pgm,10000,65536,17536,26.7578,0.02681,0.075195,59.3689,0.999819
1152.pgm,10000,65536,60352,92.0898,0.02889,0.07576,59.3364,0.999836
1153.pgm,10000,65536,22128,33.7646,0.0221,0.076126,59.3155,0.999808
1154.pgm,10000,65536,17312,26.416,0.02113,0.07692,59.2704,0.999763
1155.pgm,10000,65536,18544,28.2959,0.02027,0.077255,59.2515,0.999675
1156.pgm,10000,65536,59520,90.8203,0.04118,0.074371,59.4167,0.999855
1157.pgm,10000,65536,32320,49.3164,0.17151,0.076187,59.312,0.999818
1159.pgm,10000,65536,44080,67.2607,0.03919,0.075409,59.3566,0.999834
1160.pgm,10000,65536,39920,60.9131,0.02482,0.07666,59.2851,0.999916
1161.pgm,10000,65536,14512,22.1436,0.01837,0.076645,59.286,0.999564
1162.pgm,10000,65536,10528,16.0645,0.02103,0.075897,59.3285,0.999819
1163.pgm,10000,65536,30736,46.8994,0.02398,0.076096,59.3172,0.999861
1164.pgm,10000,65536,35120,53.5889,0.02512,0.076752,59.2799,0.999863
1165.pgm,10000,65536,23328,35.5957,0.02386,0.077179,59.2558,0.999796
1166.pgm,10000,65536,22064,33.667,0.02367,0.077225,59.2532,0.999805
1167.pgm,10000,65536,26992,41.1865,0.03174,0.07692,59.2704,0.999874
1168.pgm,10000,65536,12432,18.9697,0.22035,0.076981,59.267,0.999817
1169.pgm,10000,65536,57936,88.4033,0.04341,0.076111,59.3163,0.999788
1170.pgm,10000,65536,23808,36.3281,0.02397,0.076477,59.2955,0.999746
1171.pgm,10000,65536,21152,32.2754,0.01928,0.076218,59.3102,0.999893
1172.pgm,10000,65536,43248,65.9912,0.0208,0.074005,59.4382,0.999895
1173.pgm,10000,65536,26976,41.1621,0.01804,0.076645,59.286,0.999816
1174.pgm,10000,65536,23408,35.7178,0.0179,0.076584,59.2894,0.999864
1175.pgm,10000,65536,46896,71.5576,0.02738,0.076706,59.2825,0.999868
1176.pgm,10000,65536,32208,49.1455,0.02664,0.077087,59.261,0.999841
1177.pgm,10000,65536,40240,61.4014,0.04096,0.076263,59.3076,0.999757
1178.pgm,10000,65536,18576,28.3447,0.18542,0.076797,59.2773,0.99984
1179.pgm,10000,65536,18144,27.6855,0.03431,0.077271,59.2507,0.999824
1180.pgm,10000,65536,14800,22.583,0.02211,0.075638,59.3434,0.999804
1181.pgm,10000,65536,32352,49.3652,0.02069,0.076828,59.2756,0.999815
1182.pgm,10000,65536,16160,24.6582,0.01752,0.076096,59.3172,0.999807
1183.pgm,10000,65536,20400,31.1279,0.02205,0.076508,59.2938,0.999758
1184.pgm,10000,65536,42480,64.8193,0.02657,0.078201,59.1987,0.99989
1185.pgm,10000,65536,36288,55.3711,0.02576,0.076553,59.2912,0.99985
1186.pgm,10000,65536,21808,33.2764,0.03367,0.076294,59.3059,0.999824
1187.pgm,10000,65536,13072,19.9463,0.18933,0.076202,59.3111,0.999907
1188.pgm,10000,65536,18960,28.9307,0.04163,0.077057,59.2627,0.999735
1189.pgm,10000,65536,15760,24.0479,0.02401,0.075974,59.3242,0.999821
1190.pgm,10000,65536,12496,19.0674,0.02083,0.076828,59.2756,0.99988
1191.pgm,10000,65536,24160,36.8652,0.02259,0.076569,59.2903,0.999802
1192.pgm,10000,65536,10640,16.2354,0.01985,0.076706,59.2825,0.999864
1193.pgm,10000,65536,59664,91.04,0.02454,0.077148,59.2575,0.999525
1195.pgm,10000,65536,52576,80.2246,0.02427,0.076874,59.273,0.999852
1196.pgm,10000,65536,51088,77.9541,0.0234,0.077667,59.2284,0.999864
1197.pgm,10000,65536,37632,57.4219,0.02232,0.07576,59.3364,0.999857
1199.pgm,10000,65536,44800,68.3594,0.02623,0.07634,59.3033,0.999833
1200.pgm,10000,65536,19552,29.834,0.02567,0.076828,59.2756,0.999723
1201.pgm,10000,65536,33680,51.3916,0.03028,0.076431,59.2981,0.999897
1202.pgm,10000,65536,37728,57.5684,0.03782,0.075851,59.3312,0.999849
1203.pgm,10000,65536,46944,71.6309,0.05568,0.075485,59.3522,0.999853
1204.pgm,10000,65536,23584,35.9863,0.14139,0.076157,59.3137,0.999816
1205.pgm,10000,65536,21088,32.1777,0.06104,0.076599,59.2886,0.99981
1206.pgm,10000,65536,43472,66.333,0.03154,0.076004,59.3224,0.999853
1207.pgm,10000,65536,36784,56.1279,0.02406,0.076797,59.2773,0.999869
1208.pgm,10000,65536,18368,28.0273,0.02029,0.07579,59.3347,0.999854
1209.pgm,10000,65536,54592,83.3008,0.02401,0.07547,59.3531,0.999871
1210.pgm,10000,65536,19488,29.7363,0.01908,0.076416,59.299,0.999803
1211.pgm,10000,65536,18096,27.6123,0.01941,0.075836,59.332,0.999841
1213.pgm,10000,65536,10992,16.7725,0.01959,0.07634,59.3033,0.999552
1214.pgm,10000,65536,28848,44.0186,0.02328,0.076355,59.3024,0.999807
1215.pgm,10000,65536,51536,78.6377,0.03254,0.076218,59.3102,0.999917
1216.pgm,10000,65536,20384,31.1035,0.18044,0.075668,59.3417,0.999881
1217.pgm,10000,65536,30432,46.4355,0.04372,0.07634,59.3033,0.99971
1218.pgm,10000,65536,26784,40.8691,0.02588,0.077011,59.2653,0.999876
1221.pgm,10000,65536,57136,87.1826,0.02486,0.076279,59.3068,0.999933
1222.pgm,10000,65536,21200,32.3486,0.02007,0.076233,59.3094,0.999803
1223.pgm,10000,65536,29616,45.1904,0.02798,0.076248,59.3085,0.999854
1224.pgm,10000,65536,30336,46.2891,0.10239,0.075623,59.3443,0.999845
1225.pgm,10000,65536,29104,44.4092,0.07734,0.07695,59.2687,0.99989
1226.pgm,10000,65536,24032,36.6699,0.02911,0.075226,59.3671,0.999789
1227.pgm,10000,65536,18000,27.4658,0.02367,0.076828,59.2756,0.999868
1228.pgm,10000,65536,19232,29.3457,0.02389,0.075821,59.3329,0.999703
1229.pgm,10000,65536,36720,56.0303,0.03647,0.07663,59.2868,0.999818
1230.pgm,10000,65536,50352,76.8311,0.17086,0.076141,59.3146,0.99986
1231.pgm,10000,65536,13072,19.9463,0.02731,0.076065,59.319,0.999709
1232.pgm,10000,65536,47456,72.4121,0.02651,0.076416,59.299,0.999865
1234.pgm,10000,65536,38432,58.6426,0.02242,0.076202,59.3111,0.999915
1235.pgm,10000,65536,22576,34.4482,0.01929,0.075226,59.3671,0.999841
1236.pgm,10000,65536,23616,36.0352,0.02107,0.076813,59.2765,0.999844
1237.pgm,10000,65536,20912,31.9092,0.02094,0.077271,59.2507,0.999844
1238.pgm,10000,65536,32800,50.0488,0.0231,0.075867,59.3303,0.999871
1239.pgm,10000,65536,22752,34.7168,0.02564,0.075378,59.3583,0.999829
1240.pgm,10000,65536,19776,30.1758,0.03036,0.076965,59.2679,0.999746
1241.pgm,10000,65536,29744,45.3857,0.16304,0.077286,59.2498,0.999878
1242.pgm,10000,65536,42608,65.0146,0.04999,0.076416,59.299,0.999793
1243.pgm,10000,65536,10080,15.3809,0.0264,0.07634,59.3033,0.999787
1244.pgm,10000,65536,48624,74.1943,0.02229,0.076828,59.2756,0.999829
1245.pgm,10000,65536,29520,45.0439,0.01782,0.075821,59.3329,0.999875
1246.pgm,10000,65536,34160,52.124,0.02016,0.075439,59.3548,0.9998
1247.pgm,10000,65536,10592,16.1621,0.02134,0.076843,59.2747,0.99983
1248.pgm,10000,65536,21184,32.3242,0.02381,0.075974,59.3242,0.999821
1249.pgm,10000,65536,38768,59.1553,0.02817,0.076355,59.3024,0.999847
1250.pgm,10000,65536,18400,28.0762,0.04779,0.075043,59.3777,0.9998
1251.pgm,10000,65536,46480,70.9229,0.12412,0.077301,59.249,0.999716
1253.pgm,10000,65536,18816,28.7109,0.02961,0.076126,59.3155,0.999825
1254.pgm,10000,65536,36560,55.7861,0.02529,0.075974,59.3242,0.999847
1255.pgm,10000,65536,24752,37.7686,0.02109,0.078018,59.2088,0.999853
1256.pgm,10000,65536,26720,40.7715,0.02061,0.075974,59.3242,0.999853
1257.pgm,10000,65536,42304,64.5508,0.02417,0.077271,59.2507,0.999818
1258.pgm,10000,65536,36624,55.8838,0.02149,0.077087,59.261,0.999889
1259.pgm,10000,65536,22032,33.6182,0.02005,0.076828,59.2756,0.999851
1260.pgm,10000,65536,52432,80.0049,0.02615,0.075455,59.3539,0.999878
1261.pgm,10000,65536,56192,85.7422,0.0382,0.077164,59.2567,0.999922
1262.pgm,10000,65536,14848,22.6562,0.1745,0.075958,59.3251,0.999774
1263.pgm,10000,65536,49344,75.293,0.04496,0.075562,59.3478,0.999895
1264.pgm,10000,65536,27792,42.4072,0.0254,0.075424,59.3557,0.999892
1265.pgm,10000,65536,39872,60.8398,0.02561,0.075897,59.3285,0.999864
1266.pgm,10000,65536,46368,70.752,0.02705,0.076004,59.3224,0.999867
1267.pgm,10000,65536,41840,63.8428,0.02939,0.074753,59.3945,0.999848
1269.pgm,10000,65536,35088,53.54,0.15059,0.075562,59.3478,0.999865
1270.pgm,10000,65536,54848,83.6914,0.06023,0.076355,59.3024,0.999913
1271.pgm,10000,65536,42544,64.917,0.02925,0.075943,59.3259,0.99984
1272.pgm,10000,65536,62016,94.6289,0.0258,0.07692,59.2704,0.999943
1274.pgm,10000,65536,58144,88.7207,0.02744,0.07663,59.2868,0.999819
1275.pgm,10000,65536,30864,47.0947,0.0714,0.07637,59.3016,0.999831
1276.pgm,10000,65536,38624,58.9355,0.10917,0.075989,59.3233,0.999867
1277.pgm,10000,65536,33616,51.2939,0.03489,0.077286,59.2498,0.999839
1278.pgm,10000,65536,14688,22.4121,0.02398,0.076584,59.2894,0.99985
1279.pgm,10000,65536,17936,27.3682,0.02477,0.074966,59.3821,0.999745
1280.pgm,10000,65536,14352,21.8994,0.0267,0.078384,59.1885,0.999821
1281.pgm,10000,65536,61584,93.9697,0.19149,0.07663,59.2868,0.999854
1282.pgm,10000,65536,10576,16.1377,0.03496,0.076111,59.3163,0.999869
1283.pgm,10000,65536,25088,38.2812,0.02527,0.075592,59.346,0.999817
1284.pgm,10000,65536,52608,80.2734,0.0256,0.076538,59.292,0.999876
1285.pgm,10000,65536,26880,41.0156,0.02093,0.075455,59.3539,0.999869
1286.pgm,10000,65536,24192,36.9141,0.02119,0.074982,59.3813,0.999857
1287.pgm,10000,65536,24240,36.9873,0.02279,0.076279,59.3068,0.999879
1288.pgm,10000,65536,41824,63.8184,0.02733,0.076859,59.2739,0.999846
1289.pgm,10000,65536,55728,85.0342,0.18751,0.077576,59.2335,0.999907
1290.pgm,10000,65536,46672,71.2158,0.04989,0.077301,59.249,0.999776
1291.pgm,10000,65536,28304,43.1885,0.02496,0.074585,59.4043,0.999839
1292.pgm,10000,65536,50304,76.7578,0.02332,0.075226,59.3671,0.999863
1293.pgm,10000,65536,18832,28.7354,0.01807,0.076447,59.2972,0.999828
1294.pgm,10000,65536,24496,37.3779,0.01777,0.075668,59.3417,0.999799
1295.pgm,10000,65536,36640,55.9082,0.02096,0.076157,59.3137,0.999871
1296.pgm,10000,65536,47664,72.7295,0.02224,0.077957,59.2122,0.999863
1297.pgm,10000,65536,38448,58.667,0.02161,0.076859,59.2739,0.999746
1298.pgm,10000,65536,26368,40.2344,0.02231,0.076813,59.2765,0.999852
1299.pgm,10000,65536,20560,31.3721,0.02531,0.077454,59.2404,0.999819
1300.pgm,10000,65536,23216,35.4248,0.10982,0.076263,59.3076,0.999749
1301.pgm,10000,65536,36480,55.6641,0.06751,0.075882,59.3294,0.999859
1302.pgm,10000,65536,45664,69.6777,0.03191,0.075912,59.3277,0.999846
1303.pgm,10000,65536,40736,62.1582,0.02483,0.075623,59.3443,0.999908
1304.pgm,10000,65536,31712,48.3887,0.02197,0.075912,59.3277,0.999704
1305.pgm,10000,65536,39008,59.5215,0.02327,0.076004,59.3224,0.999853
1306.pgm,10000,65536,30256,46.167,0.02844,0.076889,59.2722,0.999777
1307.pgm,10000,65536,51536,78.6377,0.20281,0.076736,59.2808,0.999768
1308.pgm,10000,65536,35856,54.7119,0.0391,0.076813,59.2765,0.999846
1309.pgm,10000,65536,36656,55.9326,0.02681,0.076035,59.3207,0.999872
1310.pgm,10000,65536,23632,36.0596,0.02461,0.07695,59.2687,0.999795
1311.pgm,10000,65536,23248,35.4736,0.03272,0.075287,59.3636,0.99966
1312.pgm,10000,65536,22592,34.4727,0.19885,0.076859,59.2739,0.999832
1313.pgm,10000,65536,10752,16.4062,0.03586,0.076187,59.312,0.999817
1314.pgm,10000,65536,24304,37.085,0.02508,0.076141,59.3146,0.999827
1315.pgm,10000,65536,60448,92.2363,0.02573,0.07518,59.3698,0.999864
1316.pgm,10000,65536,20368,31.0791,0.02027,0.075745,59.3373,0.999807
1317.pgm,10000,65536,27392,41.7969,0.02168,0.07666,59.2851,0.999864
1318.pgm,10000,65536,36848,56.2256,0.02816,0.075623,59.3443,0.999914
1319.pgm,10000,65536,40720,62.1338,0.20351,0.075363,59.3592,0.999854
1320.pgm,10000,65536,35216,53.7354,0.04169,0.075134,59.3724,0.999781
1321.pgm,10000,65536,17072,26.0498,0.02425,0.076538,59.292,0.999811
1322.pgm,10000,65536,12128,18.5059,0.02039,0.07637,59.3016,0.999682
1323.pgm,10000,65536,38224,58.3252,0.021,0.076202,59.3111,0.999905
1324.pgm,10000,65536,41344,63.0859,0.02043,0.07547,59.3531,0.999895
1325.pgm,10000,65536,18352,28.0029,0.01789,0.076691,59.2834,0.999784
1326.pgm,10000,65536,29328,44.751,0.0196,0.076309,59.305,0.999791
1327.pgm,10000,65536,42384,64.6729,0.02775,0.0746,59.4034,0.999898
1328.pgm,10000,65536,34160,52.124,0.19327,0.07724,59.2524,0.999801
1329.pgm,10000,65536,29824,45.5078,0.03974,0.076019,59.3216,0.999884
1330.pgm,10000,65536,31632,48.2666,0.0248,0.075546,59.3487,0.999806
1331.pgm,10000,65536,35024,53.4424,0.02106,0.076508,59.2938,0.99982
1332.pgm,10000,65536,13568,20.7031,0.01733,0.07518,59.3698,0.999772
1333.pgm,10000,65536,39088,59.6436,0.02106,0.077591,59.2327,0.999846
1334.pgm,10000,65536,10192,15.5518,0.02027,0.077209,59.2541,0.999757
1336.pgm,10000,65536,36000,54.9316,0.02229,0.077225,59.2532,0.999877
1337.pgm,10000,65536,14224,21.7041,0.02087,0.075836,59.332,0.999838
1338.pgm,10000,65536,30560,46.6309,0.02275,0.074524,59.4078,0.999846
1339.pgm,10000,65536,26800,40.8936,0.02521,0.076019,59.3216,0.999853
1340.pgm,10000,65536,16512,25.1953,0.02475,0.076218,59.3102,0.999829
1341.pgm,10000,65536,29376,44.8242,0.03225,0.074493,59.4096,0.999665
1342.pgm,10000,65536,23248,35.4736,0.14981,0.076584,59.2894,0.999833
1343.pgm,10000,65536,15920,24.292,0.05348,0.075974,59.3242,0.999802
1344.pgm,10000,65536,21680,33.0811,0.02735,0.076523,59.2929,0.999772
1345.pgm,10000,65536,15760,24.0479,0.02066,0.076828,59.2756,0.999795
1346.pgm,10000,65536,35968,54.8828,0.02078,0.076492,59.2946,0.999852
1347.pgm,10000,65536,19472,29.7119,0.01806,0.07634,59.3033,0.999827
1350.pgm,10000,65536,22928,34.9854,0.01859,0.076248,59.3085,0.999754
1351.pgm,10000,65536,51552,78.6621,0.02432,0.075241,59.3663,0.999812
1352.pgm,10000,65536,28864,44.043,0.03139,0.075729,59.3382,0.999849
1353.pgm,10000,65536,37440,57.1289,0.21266,0.077484,59.2387,0.999787
1354.pgm,10000,65536,31936,48.7305,0.03509,0.076202,59.3111,0.999844
1355.pgm,10000,65536,34224,52.2217,0.02497,0.076218,59.3102,0.999777
1356.pgm,10000,65536,14976,22.8516,0.01888,0.076294,59.3059,0.999803
1357.pgm,10000,65536,36496,55.6885,0.0198,0.076248,59.3085,0.999878
1358.pgm,10000,65536,23824,36.3525,0.01785,0.076538,59.292,0.999876
1359.pgm,10000,65536,39936,60.9375,0.02353,0.076935,59.2696,0.999841
1360.pgm,10000,65536,56768,86.6211,0.02466,0.075317,59.3619,0.999867
1361.pgm,10000,65536,14416,21.9971,0.01915,0.075775,59.3355,0.999795
1362.pgm,10000,65536,25984,39.6484,0.0227,0.075668,59.3417,0.999773
1363.pgm,10000,65536,38640,58.96,0.03457,0.076721,59.2817,0.999909
1364.pgm,10000,65536,11248,17.1631,0.19192,0.076584,59.2894,0.999786
1365.pgm,10000,65536,35792,54.6143,0.03978,0.077011,59.2653,0.999805
1366.pgm,10000,65536,38256,58.374,0.02624,0.075699,59.3399,0.999869
1367.pgm,10000,65536,43376,66.1865,0.02425,0.077728,59.225,0.999864
1368.pgm,10000,65536,38320,58.4717,0.0226,0.076584,59.2894,0.999884
1369.pgm,10000,65536,17536,26.7578,0.01938,0.076263,59.3076,0.999756
1370.pgm,10000,65536,27536,42.0166,0.02448,0.076523,59.2929,0.999782
1371.pgm,10000,65536,32704,49.9023,0.04265,0.075302,59.3627,0.999867
1372.pgm,10000,65536,39088,59.6436,0.14312,0.075745,59.3373,0.999864
1373.pgm,10000,65536,43152,65.8447,0.0327,0.07486,59.3883,0.999882
1374.pgm,10000,65536,46448,70.874,0.02522,0.077469,59.2395,0.999886
1375.pgm,10000,65536,24656,37.6221,0.02022,0.07605,59.3198,0.999846
1376.pgm,10000,65536,18064,27.5635,0.01872,0.07576,59.3364,0.999853
1377.pgm,10000,65536,64512,98.4375,0.0242,0.075912,59.3277,0.999911
1378.pgm,10000,65536,35312,53.8818,0.02236,0.076553,59.2912,0.999823
1379.pgm,10000,65536,44448,67.8223,0.03051,0.075638,59.3434,0.999844
1380.pgm,10000,65536,25248,38.5254,0.15077,0.076141,59.3146,0.999808
1381.pgm,10000,65536,34384,52.4658,0.05704,0.076019,59.3216,0.999873
1382.pgm,10000,65536,29568,45.1172,0.02618,0.075684,59.3408,0.999839
1383.pgm,10000,65536,42688,65.1367,0.02295,0.07785,59.2182,0.999886
1384.pgm,10000,65536,34736,53.0029,0.0199,0.075577,59.3469,0.999836
1385.pgm,10000,65536,47552,72.5586,0.0232,0.075302,59.3627,0.999873
1386.pgm,10000,65536,27072,41.3086,0.0193,0.07637,59.3016,0.999876
1387.pgm,10000,65536,31296,47.7539,0.02003,0.077042,59.2635,0.999858
1388.pgm,10000,65536,30368,46.3379,0.02325,0.077118,59.2593,0.999827
1389.pgm,10000,65536,41088,62.6953,0.04686,0.077499,59.2378,0.999841
1390.pgm,10000,65536,20128,30.7129,0.14977,0.076584,59.2894,0.999769
1392.pgm,10000,65536,46688,71.2402,0.03145,0.075806,59.3338,0.999865
1393.pgm,10000,65536,35888,54.7607,0.02239,0.076096,59.3172,0.999864
1394.pgm,10000,65536,20608,31.4453,0.01891,0.075836,59.332,0.999871
1395.pgm,10000,65536,43696,66.6748,0.02478,0.076569,59.2903,0.999871
1396.pgm,10000,65536,45344,69.1895,0.02635,0.07692,59.2704,0.999888
1397.pgm,10000,65536,42448,64.7705,0.14424,0.076416,59.299,0.999901
1398.pgm,10000,65536,26240,40.0391,0.05953,0.075653,59.3425,0.999767
1399.pgm,10000,65536,33040,50.415,0.02828,0.076187,59.312,0.999872
1400.pgm,10000,65536,57120,87.1582,0.02477,0.078232,59.197,0.999898
1401.pgm,10000,65536,32256,49.2188,0.02009,0.076828,59.2756,0.999823
1402.pgm,10000,65536,51520,78.6133,0.02326,0.075699,59.3399,0.999817
1403.pgm,10000,65536,25696,39.209,0.0201,0.075684,59.3408,0.999865
1404.pgm,10000,65536,21056,32.1289,0.01951,0.075699,59.3399,0.999844
1405.pgm,10000,65536,37696,57.5195,0.02102,0.075684,59.3408,0.999872
1406.pgm,10000,65536,36144,55.1514,0.02339,0.077026,59.2644,0.99985
1407.pgm,10000,65536,25104,38.3057,0.02954,0.075073,59.376,0.999834
1408.pgm,10000,65536,26416,40.3076,0.16282,0.075516,59.3504,0.999859
1409.pgm,10000,65536,30128,45.9717,0.04583,0.076462,59.2964,0.999876
1410.pgm,10000,65536,34928,53.2959,0.02577,0.075806,59.3338,0.999848
1411.pgm,10000,65536,22480,34.3018,0.02018,0.076935,59.2696,0.999806
1412.pgm,10000,65536,38496,58.7402,0.02006,0.074356,59.4176,0.999907
1413.pgm,10000,65536,20096,30.6641,0.0215,0.075989,59.3233,0.999684
1414.pgm,10000,65536,24512,37.4023,0.02238,0.076035,59.3207,0.99981
1415.pgm,10000,65536,40496,61.792,0.02444,0.075974,59.3242,0.999821
1416.pgm,10000,65536,46304,70.6543,0.03099,0.076691,59.2834,0.999809
1417.pgm,10000,65536,19760,30.1514,0.18269,0.075317,59.3619,0.999726
1418.pgm,10000,65536,10496,16.0156,0.04049,0.075623,59.3443,0.99977
1419.pgm,10000,65536,40800,62.2559,0.02762,0.077179,59.2558,0.999855
1420.pgm,10000,65536,33232,50.708,0.02184,0.075012,59.3795,0.999856
1421.pgm,10000,65536,19424,29.6387,0.01853,0.076248,59.3085,0.999791
1422.pgm,10000,65536,20096,30.6641,0.01976,0.076889,59.2722,0.999788
1423.pgm,10000,65536,11264,17.1875,0.02106,0.07663,59.2868,0.999704
1424.pgm,10000,65536,33760,51.5137,0.02364,0.075241,59.3663,0.999851
1425.pgm,10000,65536,17984,27.4414,0.02515,0.078125,59.2029,0.999763
1426.pgm,10000,65536,10320,15.7471,0.03256,0.077713,59.2259,0.999713
1427.pgm,10000,65536,62832,95.874,0.19971,0.075607,59.3452,0.999748
1428.pgm,10000,65536,10768,16.4307,0.03348,0.076263,59.3076,0.999632
1430.pgm,10000,65536,19696,30.0537,0.03282,0.07634,59.3033,0.999792
1431.pgm,10000,65536,15264,23.291,0.01737,0.076004,59.3224,0.999825
1432.pgm,10000,65536,13376,20.4102,0.01649,0.077438,59.2412,0.999883
1433.pgm,10000,65536,15504,23.6572,0.02196,0.075714,59.339,0.999795
1434.pgm,10000,65536,15584,23.7793,0.02211,0.077454,59.2404,0.99973
1435.pgm,10000,65536,28128,42.9199,0.0298,0.077362,59.2455,0.999819
1437.pgm,10000,65536,17296,26.3916,0.24995,0.076202,59.3111,0.999769
1438.pgm,10000,65536,22240,33.9355,0.0427,0.077042,59.2635,0.999817
1439.pgm,10000,65536,12224,18.6523,0.0251,0.07579,59.3347,0.999819
1440.pgm,10000,65536,16384,25.0,0.02412,0.076782,59.2782,0.999803
1441.pgm,10000,65536,18064,27.5635,0.02491,0.075562,59.3478,0.999759
1442.pgm,10000,65536,28112,42.8955,0.02787,0.077347,59.2464,0.999838
1443.pgm,10000,65536,18768,28.6377,0.05167,0.0755,59.3513,0.999702
1444.pgm,10000,65536,21712,33.1299,0.13783,0.075714,59.339,0.999806
1445.pgm,10000,65536,52096,79.4922,0.03556,0.07579,59.3347,0.999856
1446.pgm,10000,65536,22368,34.1309,0.02278,0.076263,59.3076,0.999862
1447.pgm,10000,65536,20000,30.5176,0.02041,0.076538,59.292,0.999736
1448.pgm,10000,65536,16816,25.6592,0.02098,0.076263,59.3076,0.99985
1449.pgm,10000,65536,25920,39.5508,0.02677,0.075851,59.3312,0.999834
1450.pgm,10000,65536,10224,15.6006,0.16598,0.075836,59.332,0.999761
1451.pgm,10000,65536,18272,27.8809,0.05331,0.077423,59.2421,0.999721
1452.pgm,10000,65536,56960,86.9141,0.02962,0.076492,59.2946,0.999964
1453.pgm,10000,65536,40976,62.5244,0.02283,0.075912,59.3277,0.999912
1454.pgm,10000,65536,31312,47.7783,0.01971,0.075714,59.339,0.999863
1455.pgm,10000,65536,37264,56.8604,0.02441,0.07666,59.2851,0.99988
1456.pgm,10000,65536,22528,34.375,0.02758,0.075348,59.3601,0.999765
1457.pgm,10000,65536,26880,41.0156,0.1968,0.074982,59.3813,0.999761
1459.pgm,10000,65536,12768,19.4824,0.04253,0.075378,59.3583,0.99977
1460.pgm,10000,65536,17872,27.2705,0.02565,0.07608,59.3181,0.999766
1461.pgm,10000,65536,24288,37.0605,0.02286,0.077087,59.261,0.999811
1462.pgm,10000,65536,47936,73.1445,0.02389,0.075058,59.3768,0.999918
1463.pgm,10000,65536,10192,15.5518,0.01994,0.07782,59.2199,0.999816
1465.pgm,10000,65536,19008,29.0039,0.02058,0.076523,59.2929,0.99989
1466.pgm,10000,65536,11984,18.2861,0.02026,0.075821,59.3329,0.999781
1467.pgm,10000,65536,19856,30.2979,0.0209,0.076279,59.3068,0.999777
1468.pgm,10000,65536,16704,25.4883,0.02002,0.076691,59.2834,0.99978
1469.pgm,10000,65536,49056,74.8535,0.02523,0.076599,59.2886,0.999921
1470.pgm,10000,65536,21760,33.2031,0.02969,0.075729,59.3382,0.999821
1471.pgm,10000,65536,17328,26.4404,0.19396,0.077362,59.2455,0.999718
1472.pgm,10000,65536,14960,22.8271,0.03666,0.075058,59.3768,0.999853
1473.pgm,10000,65536,25248,38.5254,0.02465,0.07518,59.3698,0.999693
1474.pgm,10000,65536,12192,18.6035,0.01869,0.075226,59.3671,0.999786
1475.pgm,10000,65536,19664,30.0049,0.02022,0.07695,59.2687,0.999856
1476.pgm,10000,65536,18800,28.6865,0.02255,0.07515,59.3715,0.999756
1477.pgm,10000,65536,13952,21.2891,0.02164,0.076416,59.299,0.99981
1478.pgm,10000,65536,15776,24.0723,0.02351,0.075378,59.3583,0.999778
1479.pgm,10000,65536,11104,16.9434,0.09816,0.075378,59.3583,0.999749
1480.pgm,10000,65536,45616,69.6045,0.0808,0.076355,59.3024,0.999913
1482.pgm,10000,65536,51984,79.3213,0.02871,0.07547,59.3531,0.999937
1483.pgm,10000,65536,18624,28.418,0.02129,0.076172,59.3129,0.999747
1484.pgm,10000,65536,11328,17.2852,0.01891,0.077087,59.261,0.999524
1485.pgm,10000,65536,16560,25.2686,0.01983,0.075836,59.332,0.999749
1486.pgm,10000,65536,18144,27.6855,0.02452,0.076279,59.3068,0.999833
1487.pgm,10000,65536,29808,45.4834,0.21975,0.07814,59.2021,0.999824
1488.pgm,10000,65536,16576,25.293,0.0463,0.076111,59.3163,0.999788
1489.pgm,10000,65536,36560,55.7861,0.03036,0.076508,59.2938,0.99987
1491.pgm,10000,65536,19232,29.3457,0.0232,0.076767,59.2791,0.999853
1492.pgm,10000,65536,19952,30.4443,0.02219,0.076187,59.312,0.99976
1493.pgm,10000,65536,10720,16.3574,0.02141,0.076477,59.2955,0.999916
1494.pgm,10000,65536,27616,42.1387,0.0241,0.075348,59.3601,0.999873
1495.pgm,10000,65536,56352,85.9863,0.0309,0.076202,59.3111,0.999946
1497.pgm,10000,65536,24160,36.8652,0.18768,0.077286,59.2498,0.999751
1498.pgm,10000,65536,51504,78.5889,0.04892,0.075851,59.3312,0.999924
1499.pgm,10000,65536,19328,29.4922,0.02421,0.07692,59.2704,0.999772
1500.pgm,10000,65536,42976,65.5762,0.02324,0.077362,59.2455,0.999912
1501.pgm,10000,65536,17712,27.0264,0.01863,0.074966,59.3821,0.999822
1502.pgm,10000,65536,12608,19.2383,0.02044,0.07515,59.3715,0.999801
1503.pgm,10000,65536,19856,30.2979,0.02299,0.07634,59.3033,0.999744
1505.pgm,10000,65536,37424,57.1045,0.02395,0.075668,59.3417,0.999868
1506.pgm,10000,65536,14720,22.4609,0.02619,0.07692,59.2704,0.99983
1507.pgm,10000,65536,10256,15.6494,0.04559,0.07399,59.4391,0.999799
1508.pgm,10000,65536,11184,17.0654,0.15844,0.077408,59.243,0.999793
1510.pgm,10000,65536,11616,17.7246,0.03041,0.075653,59.3425,0.999847
1511.pgm,10000,65536,17664,26.9531,0.02345,0.074814,59.391,0.999728
1512.pgm,10000,65536,39760,60.6689,0.02346,0.075928,59.3268,0.999924
1513.pgm,10000,65536,13760,20.9961,0.01861,0.077087,59.261,0.999806
1514.pgm,10000,65536,24000,36.6211,0.01876,0.077881,59.2165,0.999778
1516.pgm,10000,65536,31584,48.1934,0.01892,0.076462,59.2964,0.999864
1517.pgm,10000,65536,22704,34.6436,0.0187,0.076202,59.3111,0.999759
1519.pgm,10000,65536,14320,21.8506,0.01985,0.076248,59.3085,0.999649
1520.pgm,10000,65536,15472,23.6084,0.0216,0.076645,59.286,0.999854
1521.pgm,10000,65536,20896,31.8848,0.02834,0.075653,59.3425,0.999817
1522.pgm,10000,65536,16496,25.1709,0.16338,0.075104,59.3742,0.999789
1523.pgm,10000,65536,11728,17.8955,0.04537,0.075897,59.3285,0.999825
1524.pgm,10000,65536,11648,17.7734,0.02553,0.076721,59.2817,0.999821
1525.pgm,10000,65536,33200,50.6592,0.02412,0.076508,59.2938,0.999892
1526.pgm,10000,65536,52352,79.8828,0.02408,0.075943,59.3259,0.999757
1527.pgm,10000,65536,23536,35.9131,0.0203,0.077011,59.2653,0.999756
1528.pgm,10000,65536,18944,28.9062,0.02078,0.076355,59.3024,0.999675
1530.pgm,10000,65536,23232,35.4492,0.0223,0.076645,59.286,0.999805
1531.pgm,10000,65536,18464,28.1738,0.02238,0.077576,59.2335,0.999822
1532.pgm,10000,65536,17632,26.9043,0.0229,0.075134,59.3724,0.999883
1534.pgm,10000,65536,11616,17.7246,0.03047,0.076447,59.2972,0.999824
1536.pgm,10000,65536,27792,42.4072,0.18869,0.075394,59.3575,0.999855
1537.pgm,10000,65536,56256,85.8398,0.03821,0.075928,59.3268,0.999938
1538.pgm,10000,65536,12768,19.4824,0.02042,0.076752,59.2799,0.999672
1539.pgm,10000,65536,11552,17.627,0.01787,0.075928,59.3268,0.999739
1541.pgm,10000,65536,17184,26.2207,0.02072,0.076569,59.2903,0.999783
1542.pgm,10000,65536,29328,44.751,0.02553,0.076416,59.299,0.999805
1543.pgm,10000,65536,24560,37.4756,0.0947,0.075729,59.3382,0.999737
1544.pgm,10000,65536,18528,28.2715,0.07859,0.07724,59.2524,0.999818
1545.pgm,10000,65536,21008,32.0557,0.03244,0.075714,59.339,0.999708
1546.pgm,10000,65536,43376,66.1865,0.02701,0.075928,59.3268,0.999911
1547.pgm,10000,65536,14192,21.6553,0.02326,0.075455,59.3539,0.999827
1548.pgm,10000,65536,22464,34.2773,0.02072,0.076828,59.2756,0.999833
1549.pgm,10000,65536,14848,22.6562,0.0192,0.075806,59.3338,0.999823
1550.pgm,10000,65536,29312,44.7266,0.02182,0.077209,59.2541,0.999756
1551.pgm,10000,65536,18976,28.9551,0.02386,0.076248,59.3085,0.999805
1552.pgm,10000,65536,55664,84.9365,0.03404,0.076385,59.3007,0.999944
1553.pgm,10000,65536,25616,39.0869,0.07767,0.07637,59.3016,0.999718
1554.pgm,10000,65536,17760,27.0996,0.06058,0.075668,59.3417,0.999752
1555.pgm,10000,65536,22080,33.6914,0.02717,0.076675,59.2842,0.999753
1557.pgm,10000,65536,25888,39.502,0.02139,0.076492,59.2946,0.999771
1558.pgm,10000,65536,21152,32.2754,0.01971,0.076019,59.3216,0.999742
1560.pgm,10000,65536,14240,21.7285,0.02078,0.076233,59.3094,0.999771
1561.pgm,10000,65536,39072,59.6191,0.02548,0.076797,59.2773,0.999847
1562.pgm,10000,65536,14944,22.8027,0.0205,0.077087,59.261,0.99965
1563.pgm,10000,65536,19056,29.0771,0.02108,0.075989,59.3233,0.999757
1564.pgm,10000,65536,10800,16.4795,0.02396,0.075089,59.3751,0.999684
1566.pgm,10000,65536,17232,26.2939,0.1733,0.076828,59.2756,0.999784
1567.pgm,10000,65536,40880,62.3779,0.06663,0.076385,59.3007,0.999936
1568.pgm,10000,65536,20240,30.8838,0.0278,0.076279,59.3068,0.999757
1569.pgm,10000,65536,26688,40.7227,0.02402,0.075073,59.376,0.999823
1570.pgm,10000,65536,55120,84.1064,0.02553,0.076202,59.3111,0.999944
1571.pgm,10000,65536,19808,30.2246,0.02043,0.075714,59.339,0.999773
1572.pgm,10000,65536,64864,98.9746,0.02572,0.075912,59.3277,0.999911
1573.pgm,10000,65536,33424,51.001,0.02572,0.077301,59.249,0.999833
1574.pgm,10000,65536,19296,29.4434,0.02467,0.077103,59.2601,0.999791
1575.pgm,10000,65536,17968,27.417,0.03753,0.076248,59.3085,0.999821
1576.pgm,10000,65536,26016,39.6973,0.19024,0.076385,59.3007,0.999846
1577.pgm,10000,65536,29904,45.6299,0.03363,0.07605,59.3198,0.999821
1578.pgm,10000,65536,26688,40.7227,0.02362,0.075592,59.346,0.999826
1579.pgm,10000,65536,64896,99.0234,0.02327,0.075378,59.3583,0.999931
1580.pgm,10000,65536,22432,34.2285,0.0211,0.07608,59.3181,0.999772
1581.pgm,10000,65536,13888,21.1914,0.02219,0.075073,59.376,0.999744
1582.pgm,10000,65536,27360,41.748,0.02662,0.07576,59.3364,0.99983
1583.pgm,10000,65536,17392,26.5381,0.11235,0.07576,59.3364,0.999806
1584.pgm,10000,65536,19968,30.4688,0.08031,0.077057,59.2627,0.999723
1585.pgm,10000,65536,57312,87.4512,0.03518,0.077515,59.237,0.999922
1586.pgm,10000,65536,13200,20.1416,0.02343,0.076431,59.2981,0.99933
1587.pgm,10000,65536,10096,15.4053,0.02507,0.078049,59.2071,0.99969
1588.pgm,10000,65536,15520,23.6816,0.02251,0.077835,59.219,0.999754
1589.pgm,10000,65536,19728,30.1025,0.02423,0.076889,59.2722,0.999715
1591.pgm,10000,65536,46896,71.5576,0.0369,0.077576,59.2335,0.999915
1594.pgm,10000,65536,28784,43.9209,0.14421,0.076324,59.3042,0.999916
1595.pgm,10000,65536,13920,21.2402,0.05458,0.075775,59.3355,0.999768
1596.pgm,10000,65536,27616,42.1387,0.03048,0.077682,59.2276,0.999861
1597.pgm,10000,65536,14464,22.0703,0.02341,0.076248,59.3085,0.999849
1598.pgm,10000,65536,40736,62.1582,0.02543,0.076584,59.2894,0.999872
1599.pgm,10000,65536,10080,15.3809,0.02408,0.076843,59.2747,0.999812
1600.pgm,10000,65536,47328,72.2168,0.02419,0.075165,59.3707,0.999548
1601.pgm,10000,65536,14784,22.5586,0.01932,0.077148,59.2575,0.999844
1602.pgm,10000,65536,23200,35.4004,0.02121,0.076752,59.2799,0.999748
1605.pgm,10000,65536,16080,24.5361,0.02128,0.077118,59.2593,0.999898
1606.pgm,10000,65536,20624,31.4697,0.03364,0.075989,59.3233,0.999692
1607.pgm,10000,65536,22624,34.5215,0.17394,0.076508,59.2938,0.999724
1608.pgm,10000,65536,23504,35.8643,0.03953,0.076538,59.292,0.999884
1609.pgm,10000,65536,12192,18.6035,0.02491,0.076218,59.3102,0.999824
1610.pgm,10000,65536,19024,29.0283,0.02225,0.075912,59.3277,0.999733
1612.pgm,10000,65536,15488,23.6328,0.01988,0.075867,59.3303,0.999819
1614.pgm,10000,65536,18368,28.0273,0.01996,0.076294,59.3059,0.999686
1615.pgm,10000,65536,20896,31.8848,0.02378,0.074966,59.3821,0.999821
1616.pgm,10000,65536,12256,18.7012,0.02533,0.076859,59.2739,0.999819
1618.pgm,10000,65536,17696,27.002,0.05309,0.075638,59.3434,0.999732
1619.pgm,10000,65536,22560,34.4238,0.0931,0.074829,59.3901,0.999747
1620.pgm,10000,65536,22064,33.667,0.03401,0.076523,59.2929,0.999744
1621.pgm,10000,65536,20624,31.4697,0.02513,0.075699,59.3399,0.999817
1622.pgm,10000,65536,45744,69.7998,0.02679,0.075989,59.3233,0.999813
1623.pgm,10000,65536,17088,26.0742,0.02378,0.076233,59.3094,0.999787
1624.pgm,10000,65536,13712,20.9229,0.02665,0.077332,59.2472,0.999823
1625.pgm,10000,65536,28816,43.9697,0.03522,0.075394,59.3575,0.999872
1626.pgm,10000,65536,13600,20.752,0.09993,0.075104,59.3742,0.999741
1627.pgm,10000,65536,16560,25.2686,0.06151,0.075745,59.3373,0.999712
1631.pgm,10000,65536,31632,48.2666,0.0265,0.075058,59.3768,0.999882
1632.pgm,10000,65536,12256,18.7012,0.01889,0.076599,59.2886,0.999797
1633.pgm,10000,65536,21584,32.9346,0.01894,0.076202,59.3111,0.999779
1634.pgm,10000,65536,20960,31.9824,0.02172,0.076614,59.2877,0.999757
1635.pgm,10000,65536,14928,22.7783,0.02079,0.077103,59.2601,0.999739
1636.pgm,10000,65536,46256,70.5811,0.02482,0.076309,59.305,0.999885
1638.pgm,10000,65536,16880,25.7568,0.0212,0.076447,59.2972,0.999581
1639.pgm,10000,65536,31344,47.8271,0.02626,0.07782,59.2199,0.999783
1640.pgm,10000,65536,10448,15.9424,0.03543,0.075729,59.3382,0.999791
1641.pgm,10000,65536,20336,31.0303,0.18581,0.076599,59.2886,0.999705
1642.pgm,10000,65536,58048,88.5742,0.03911,0.077332,59.2472,0.999794
1643.pgm,10000,65536,25088,38.2812,0.02264,0.076691,59.2834,0.999778
1644.pgm,10000,65536,42128,64.2822,0.02203,0.075455,59.3539,0.999877
1645.pgm,10000,65536,25056,38.2324,0.02061,0.076187,59.312,0.999859
1647.pgm,10000,65536,15680,23.9258,0.01973,0.074432,59.4132,0.999772
1648.pgm,10000,65536,24544,37.4512,0.02177,0.076706,59.2825,0.999886
1649.pgm,10000,65536,14880,22.7051,0.03112,0.076447,59.2972,0.99982
1650.pgm,10000,65536,14912,22.7539,0.19854,0.078064,59.2063,0.999695
1651.pgm,10000,65536,19936,30.4199,0.04554,0.076065,59.319,0.999821
1652.pgm,10000,65536,28080,42.8467,0.02851,0.077179,59.2558,0.999911
1653.pgm,10000,65536,15456,23.584,0.02265,0.075104,59.3742,0.999726
1654.pgm,10000,65536,36768,56.1035,0.02547,0.075699,59.3399,0.999866
1655.pgm,10000,65536,12656,19.3115,0.02479,0.075714,59.339,0.999774
1656.pgm,10000,65536,15760,24.0479,0.04356,0.077194,59.255,0.9998
1657.pgm,10000,65536,26480,40.4053,0.14349,0.076492,59.2946,0.999811
1658.pgm,10000,65536,28432,43.3838,0.03543,0.076782,59.2782,0.999796
1659.pgm,10000,65536,31056,47.3877,0.02776,0.077591,59.2327,0.999839
1660.pgm,10000,65536,52528,80.1514,0.02849,0.076996,59.2661,0.999753
1661.pgm,10000,65536,28960,44.1895,0.02493,0.075836,59.332,0.999855
1662.pgm,10000,65536,13392,20.4346,0.02372,0.074829,59.3901,0.999746
1663.pgm,10000,65536,18288,27.9053,0.02836,0.075089,59.3751,0.999832
1664.pgm,10000,65536,12176,18.5791,0.04352,0.076385,59.3007,0.99978
1665.pgm,10000,65536,29408,44.873,0.15658,0.075958,59.3251,0.999748
1666.pgm,10000,65536,15360,23.4375,0.03144,0.077682,59.2276,0.999748
1667.pgm,10000,65536,19872,30.3223,0.02266,0.077087,59.261,0.999846
1669.pgm,10000,65536,12656,19.3115,0.01928,0.076263,59.3076,0.999732
1670.pgm,10000,65536,10592,16.1621,0.01819,0.07663,59.2868,0.999766
1671.pgm,10000,65536,19040,29.0527,0.02107,0.076294,59.3059,0.999839
1672.pgm,10000,65536,10480,15.9912,0.0214,0.075897,59.3285,0.999773
1673.pgm,10000,65536,11504,17.5537,0.02143,0.075302,59.3627,0.999671
1674.pgm,10000,65536,20560,31.3721,0.02746,0.076904,59.2713,0.999844
1675.pgm,10000,65536,57440,87.6465,0.16507,0.075775,59.3355,0.999929
1676.pgm,10000,65536,57104,87.1338,0.054,0.076599,59.2886,0.999949
1677.pgm,10000,65536,25120,38.3301,0.02584,0.075104,59.3742,0.999744
1678.pgm,10000,65536,25744,39.2822,0.02037,0.075897,59.3285,0.999897
1679.pgm,10000,65536,17696,27.002,0.0181,0.076508,59.2938,0.999822
1680.pgm,10000,65536,11648,17.7734,0.01678,0.074997,59.3804,0.999754
1681.pgm,10000,65536,22976,35.0586,0.01865,0.076462,59.2964,0.999812
1683.pgm,10000,65536,23984,36.5967,0.02144,0.075424,59.3557,0.999799
1684.pgm,10000,65536,37328,56.958,0.02731,0.075394,59.3575,0.999838
1685.pgm,10000,65536,16048,24.4873,0.15514,0.075455,59.3539,0.99978
1686.pgm,10000,65536,40368,61.5967,0.05785,0.076828,59.2756,0.999911
1687.pgm,10000,65536,17664,26.9531,0.02656,0.077316,59.2481,0.999747
1688.pgm,10000,65536,15264,23.291,0.02073,0.076172,59.3129,0.999835
1689.pgm,10000,65536,60512,92.334,0.0244,0.075058,59.3768,0.999899
1690.pgm,10000,65536,11600,17.7002,0.01944,0.077194,59.255,0.999769
1691.pgm,10000,65536,15152,23.1201,0.02243,0.076111,59.3163,0.999654
1692.pgm,10000,65536,19072,29.1016,0.0403,0.075989,59.3233,0.999853
1693.pgm,10000,65536,30704,46.8506,0.12337,0.077774,59.2225,0.999857
1694.pgm,10000,65536,24416,37.2559,0.03504,0.076691,59.2834,0.99983
1695.pgm,10000,65536,20208,30.835,0.02483,0.075546,59.3487,0.999841
1696.pgm,10000,65536,18304,27.9297,0.02245,0.075546,59.3487,0.999809
1697.pgm,10000,65536,19792,30.2002,0.0216,0.075409,59.3566,0.999798
1698.pgm,10000,65536,27632,42.1631,0.02189,0.075974,59.3242,0.999891
1700.pgm,10000,65536,41168,62.8174,0.02462,0.076767,59.2791,0.999912
1701.pgm,10000,65536,20880,31.8604,0.02239,0.076508,59.2938,0.99972
1702.pgm,10000,65536,12496,19.0674,0.02186,0.076614,59.2877,0.999757
1703.pgm,10000,65536,14384,21.9482,0.02621,0.07576,59.3364,0.999605
1705.pgm,10000,65536,16816,25.6592,0.18526,0.075806,59.3338,0.99967
1706.pgm,10000,65536,21008,32.0557,0.03674,0.076706,59.2825,0.999752
1707.pgm,10000,65536,23216,35.4248,0.02501,0.077728,59.225,0.999738
1708.pgm,10000,65536,12240,18.6768,0.02041,0.077667,59.2284,0.99978
1709.pgm,10000,65536,17408,26.5625,0.0187,0.076965,59.2679,0.999858
1710.pgm,10000,65536,20496,31.2744,0.02346,0.074173,59.4283,0.999729
1711.pgm,10000,65536,18784,28.6621,0.02895,0.077225,59.2532,0.999767
1712.pgm,10000,65536,12288,18.75,0.10579,0.075653,59.3425,0.999768
1713.pgm,10000,65536,46400,70.8008,0.06863,0.076431,59.2981,0.99995
1714.pgm,10000,65536,37392,57.0557,0.03104,0.078506,59.1817,0.999909
1715.pgm,10000,65536,22736,34.6924,0.02438,0.076279,59.3068,0.999795
1716.pgm,10000,65536,16544,25.2441,0.02246,0.076599,59.2886,0.999712
1717.pgm,10000,65536,14928,22.7783,0.02153,0.07547,59.3531,0.999839
1718.pgm,10000,65536,12784,19.5068,0.02124,0.075272,59.3645,0.999706
1719.pgm,10000,65536,14736,22.4854,0.02519,0.077911,59.2148,0.999811
1720.pgm,10000,65536,20320,31.0059,0.13529,0.075729,59.3382,0.999699
1721.pgm,10000,65536,22512,34.3506,0.05763,0.076462,59.2964,0.999685
1723.pgm,10000,65536,24320,37.1094,0.02688,0.075729,59.3382,0.999763
1724.pgm,10000,65536,20576,31.3965,0.02142,0.07692,59.2704,0.999823
1725.pgm,10000,65536,12096,18.457,0.0194,0.076126,59.3155,0.999751
1726.pgm,10000,65536,28704,43.7988,0.02077,0.077057,59.2627,0.999786
1727.pgm,10000,65536,14992,22.876,0.01983,0.076569,59.2903,0.99982
1728.pgm,10000,65536,19600,29.9072,0.0215,0.076691,59.2834,0.999829
1730.pgm,10000,65536,18272,27.8809,0.02146,0.076553,59.2912,0.999809
1731.pgm,10000,65536,20576,31.3965,0.02441,0.076797,59.2773,0.9998
1732.pgm,10000,65536,22576,34.4482,0.02647,0.076218,59.3102,0.999895
1733.pgm,10000,65536,30992,47.29,0.05204,0.0755,59.3513,0.999834
1734.pgm,10000,65536,13760,20.9961,0.11206,0.077637,59.2301,0.999674
1735.pgm,10000,65536,18864,28.7842,0.03372,0.076523,59.2929,0.999861
1736.pgm,10000,65536,11248,17.1631,0.0238,0.077225,59.2532,0.999694
1737.pgm,10000,65536,52112,79.5166,0.02609,0.076172,59.3129,0.999745
1739.pgm,10000,65536,16720,25.5127,0.0222,0.075577,59.3469,0.999761
1740.pgm,10000,65536,18880,28.8086,0.02777,0.076401,59.2998,0.999712
1741.pgm,10000,65536,18576,28.3447,0.21553,0.075912,59.3277,0.999791
1742.pgm,10000,65536,15728,23.999,0.04189,0.075653,59.3425,0.999898
1744.pgm,10000,65536,14832,22.6318,0.02446,0.077499,59.2378,0.999783
1745.pgm,10000,65536,29808,45.4834,0.0247,0.076126,59.3155,0.999851
1746.pgm,10000,65536,17472,26.6602,0.02379,0.076096,59.3172,0.999699
1747.pgm,10000,65536,64144,97.876,0.04411,0.076233,59.3094,0.999883
1748.pgm,10000,65536,13088,19.9707,0.14736,0.076447,59.2972,0.999707
1750.pgm,10000,65536,19264,29.3945,0.03205,0.076416,59.299,0.999848
1751.pgm,10000,65536,11200,17.0898,0.0212,0.076294,59.3059,0.999828
1752.pgm,10000,65536,48672,74.2676,0.02309,0.075333,59.361,0.999935
1753.pgm,10000,65536,16960,25.8789,0.01889,0.076996,59.2661,0.999796
1754.pgm,10000,65536,30368,46.3379,0.01962,0.076706,59.2825,0.999797
1756.pgm,10000,65536,12560,19.165,0.01973,0.077621,59.231,0.999757
1757.pgm,10000,65536,10896,16.626,0.02119,0.076233,59.3094,0.999807
1758.pgm,10000,65536,19872,30.3223,0.03239,0.077011,59.2653,0.999656
1759.pgm,10000,65536,50256,76.6846,0.15891,0.076279,59.3068,0.999924
1760.pgm,10000,65536,28960,44.1895,0.0365,0.076599,59.2886,0.999848
1761.pgm,10000,65536,53840,82.1533,0.0274,0.076523,59.2929,0.999827
1762.pgm,10000,65536,17920,27.3438,0.01835,0.076248,59.3085,0.99969
1763.pgm,10000,65536,15680,23.9258,0.01617,0.076492,59.2946,0.999799
1764.pgm,10000,65536,31216,47.6318,0.01707,0.076508,59.2938,0.9998
1765.pgm,10000,65536,16624,25.3662,0.01677,0.075623,59.3443,0.999602
1766.pgm,10000,65536,29072,44.3604,0.01795,0.07515,59.3715,0.999925
1767.pgm,10000,65536,19520,29.7852,0.01888,0.076309,59.305,0.999768
1768.pgm,10000,65536,20096,30.6641,0.02118,0.077423,59.2421,0.999736
1770.pgm,10000,65536,13296,20.2881,0.02467,0.076553,59.2912,0.999749
1771.pgm,10000,65536,21728,33.1543,0.13992,0.07724,59.2524,0.99983
1772.pgm,10000,65536,17424,26.5869,0.05418,0.076218,59.3102,0.999851
1773.pgm,10000,65536,10480,15.9912,0.0274,0.076019,59.3216,0.999788
1774.pgm,10000,65536,22336,34.082,0.02278,0.0755,59.3513,0.999825
1775.pgm,10000,65536,33200,50.6592,0.02141,0.076843,59.2747,0.999804
1776.pgm,10000,65536,18880,28.8086,0.01979,0.076355,59.3024,0.999827
1777.pgm,10000,65536,30176,46.0449,0.02491,0.076126,59.3155,0.999875
1778.pgm,10000,65536,12176,18.5791,0.02734,0.077652,59.2293,0.999829
1779.pgm,10000,65536,20160,30.7617,0.19817,0.075699,59.3399,0.999844
1780.pgm,10000,65536,18288,27.9053,0.04463,0.076279,59.3068,0.999868
1782.pgm,10000,65536,20304,30.9814,0.02606,0.075424,59.3557,0.999766
1783.pgm,10000,65536,14544,22.1924,0.02137,0.07666,59.2851,0.999774
1784.pgm,10000,65536,46480,70.9229,0.02377,0.076202,59.3111,0.999725
1785.pgm,10000,65536,53776,82.0557,0.02437,0.076736,59.2808,0.999903
1786.pgm,10000,65536,55920,85.3271,0.02657,0.074799,59.3919,0.999944
1787.pgm,10000,65536,20096,30.6641,0.02344,0.07605,59.3198,0.999781
1788.pgm,10000,65536,17504,26.709,0.02411,0.075638,59.3434,0.999766
1789.pgm,10000,65536,19808,30.2246,0.0325,0.076584,59.2894,0.999767
1790.pgm,10000,65536,61328,93.5791,0.17605,0.075607,59.3452,0.999898
1791.pgm,10000,65536,22192,33.8623,0.03607,0.075577,59.3469,0.999744
1792.pgm,10000,65536,19568,29.8584,0.02414,0.076141,59.3146,0.999801
1794.pgm,10000,65536,15568,23.7549,0.01873,0.075836,59.332,0.999737
1795.pgm,10000,65536,50128,76.4893,0.02134,0.076416,59.299,0.99994
1796.pgm,10000,65536,18752,28.6133,0.01735,0.075882,59.3294,0.999775
1797.pgm,10000,65536,13232,20.1904,0.0165,0.076248,59.3085,0.999839
1798.pgm,10000,65536,19184,29.2725,0.01914,0.0755,59.3513,0.999766
1799.pgm,10000,65536,21264,32.4463,0.0212,0.07518,59.3698,0.999847
1800.pgm,10000,65536,28640,43.7012,0.02898,0.076416,59.299,0.999824
1801.pgm,10000,65536,18672,28.4912,0.15608,0.076309,59.305,0.999876
1802.pgm,10000,65536,19936,30.4199,0.04765,0.075439,59.3548,0.99978
1803.pgm,10000,65536,23792,36.3037,0.02607,0.075897,59.3285,0.999771
1804.pgm,10000,65536,59088,90.1611,0.02454,0.076706,59.2825,0.999943
1806.pgm,10000,65536,11648,17.7734,0.01962,0.077087,59.261,0.999833
1807.pgm,10000,65536,14272,21.7773,0.02166,0.075912,59.3277,0.999771
1808.pgm,10000,65536,10544,16.0889,0.02655,0.077148,59.2575,0.999763
1809.pgm,10000,65536,12080,18.4326,0.17793,0.076111,59.3163,0.999772
1810.pgm,10000,65536,19824,30.249,0.04703,0.076477,59.2955,0.999877
1811.pgm,10000,65536,22160,33.8135,0.02576,0.07608,59.3181,0.999796
1812.pgm,10000,65536,16080,24.5361,0.02117,0.076569,59.2903,0.999813
1813.pgm,10000,65536,62576,95.4834,0.02445,0.076889,59.2722,0.999863
1814.pgm,10000,65536,13936,21.2646,0.01969,0.077103,59.2601,0.999769
1815.pgm,10000,65536,56704,86.5234,0.02466,0.076202,59.3111,0.999895
1816.pgm,10000,65536,18096,27.6123,0.02159,0.077057,59.2627,0.999786
1817.pgm,10000,65536,17040,26.001,0.0234,0.077133,59.2584,0.999639
1819.pgm,10000,65536,17456,26.6357,0.03173,0.076843,59.2747,0.999753
1820.pgm,10000,65536,34544,52.71,0.19967,0.076752,59.2799,0.9999
1821.pgm,10000,65536,26656,40.6738,0.04023,0.075714,59.339,0.999806
1822.pgm,10000,65536,16496,25.1709,0.0236,0.07634,59.3033,0.999739
1823.pgm,10000,65536,20096,30.6641,0.01962,0.076797,59.2773,0.999828
1824.pgm,10000,65536,22144,33.7891,0.01835,0.076706,59.2825,0.999671
1825.pgm,10000,65536,52272,79.7607,0.0202,0.076431,59.2981,0.999759
1826.pgm,10000,65536,13488,20.5811,0.01701,0.076797,59.2773,0.999806
1827.pgm,10000,65536,45456,69.3604,0.02273,0.076187,59.312,0.999937
1828.pgm,10000,65536,22848,34.8633,0.02046,0.076294,59.3059,0.999747
1830.pgm,10000,65536,33504,51.123,0.02751,0.075958,59.3251,0.999834
1831.pgm,10000,65536,11808,18.0176,0.15918,0.076111,59.3163,0.999792
1832.pgm,10000,65536,18048,27.5391,0.0576,0.075958,59.3251,0.999878
1833.pgm,10000,65536,11456,17.4805,0.02652,0.075684,59.3408,0.999729
1834.pgm,10000,65536,42768,65.2588,0.0264,0.076675,59.2842,0.999831
1835.pgm,10000,65536,27264,41.6016,0.02178,0.076019,59.3216,0.999793
1836.pgm,10000,65536,27456,41.8945,0.02309,0.076492,59.2946,0.999761
1837.pgm,10000,65536,14032,21.4111,0.02409,0.076767,59.2791,0.999825
1838.pgm,10000,65536,43696,66.6748,0.03702,0.077591,59.2327,0.999879
1840.pgm,10000,65536,18544,28.2959,0.18777,0.075562,59.3478,0.999739
1841.pgm,10000,65536,44592,68.042,0.04533,0.075363,59.3592,0.999952
1842.pgm,10000,65536,25760,39.3066,0.02503,0.076004,59.3224,0.999872
1843.pgm,10000,65536,16944,25.8545,0.02041,0.078262,59.1953,0.999804
1844.pgm,10000,65536,26256,40.0635,0.01872,0.076797,59.2773,0.999798
1845.pgm,10000,65536,17056,26.0254,0.01678,0.076477,59.2955,0.999829
1846.pgm,10000,65536,20544,31.3477,0.01622,0.077087,59.261,0.99982
1847.pgm,10000,65536,19088,29.126,0.01752,0.077164,59.2567,0.999704
1848.pgm,10000,65536,12912,19.7021,0.01768,0.077515,59.237,0.999759
1849.pgm,10000,65536,21504,32.8125,0.02002,0.075836,59.332,0.999786
1852.pgm,10000,65536,20352,31.0547,0.03218,0.075256,59.3654,0.999832
1853.pgm,10000,65536,23840,36.377,0.17123,0.077728,59.225,0.999757
1854.pgm,10000,65536,13632,20.8008,0.03093,0.076797,59.2773,0.999648
1855.pgm,10000,65536,12992,19.8242,0.0223,0.076645,59.286,0.999805
1856.pgm,10000,65536,18464,28.1738,0.01928,0.075653,59.3425,0.99976
1857.pgm,10000,65536,18432,28.125,0.01703,0.076294,59.3059,0.999775
1858.pgm,10000,65536,29664,45.2637,0.01762,0.075363,59.3592,0.999798
1859.pgm,10000,65536,53840,82.1533,0.01988,0.076309,59.305,0.999824
1860.pgm,10000,65536,20128,30.7129,0.01895,0.075165,59.3707,0.999612
1862.pgm,10000,65536,64592,98.5596,0.02366,0.075745,59.3373,0.999918
1863.pgm,10000,65536,14816,22.6074,0.02127,0.07605,59.3198,0.99983
1864.pgm,10000,65536,17200,26.2451,0.03623,0.075348,59.3601,0.999887
1865.pgm,10000,65536,11248,17.1631,0.18291,0.075943,59.3259,0.999808
1866.pgm,10000,65536,20352,31.0547,0.03338,0.078262,59.1953,0.99977
1867.pgm,10000,65536,20304,30.9814,0.02426,0.074646,59.4007,0.999769
1868.pgm,10000,65536,18800,28.6865,0.02263,0.07605,59.3198,0.999828
1869.pgm,10000,65536,10544,16.0889,0.01893,0.076233,59.3094,0.999824
1871.pgm,10000,65536,29136,44.458,0.02085,0.076904,59.2713,0.999744
1872.pgm,10000,65536,14592,22.2656,0.02027,0.077011,59.2653,0.999776
1873.pgm,10000,65536,27728,42.3096,0.02614,0.075439,59.3548,0.999774
1874.pgm,10000,65536,16672,25.4395,0.09004,0.076981,59.267,0.99975
1875.pgm,10000,65536,17648,26.9287,0.0816,0.075958,59.3251,0.999775
1876.pgm,10000,65536,19168,29.248,0.0309,0.077072,59.2618,0.999754
1877.pgm,10000,65536,16448,25.0977,0.02316,0.076538,59.292,0.99984
1878.pgm,10000,65536,14512,22.1436,0.02071,0.075989,59.3233,0.999765
1879.pgm,10000,65536,29024,44.2871,0.02351,0.075439,59.3548,0.99977
1880.pgm,10000,65536,20272,30.9326,0.0267,0.076828,59.2756,0.999703
1881.pgm,10000,65536,19712,30.0781,0.04158,0.076263,59.3076,0.999819
1882.pgm,10000,65536,45664,69.6777,0.17555,0.074951,59.383,0.999905
1883.pgm,10000,65536,26704,40.7471,0.0311,0.077637,59.2301,0.999869
1884.pgm,10000,65536,14544,22.1924,0.02149,0.075409,59.3566,0.999738
1886.pgm,10000,65536,24704,37.6953,0.01962,0.075745,59.3373,0.999902
1887.pgm,10000,65536,18880,28.8086,0.0186,0.076721,59.2817,0.999649
1888.pgm,10000,65536,10240,15.625,0.01787,0.076263,59.3076,0.999501
1889.pgm,10000,65536,32112,48.999,0.01875,0.077164,59.2567,0.999869
1890.pgm,10000,65536,32176,49.0967,0.01777,0.076843,59.2747,0.999899
1891.pgm,10000,65536,21568,32.9102,0.01726,0.075974,59.3242,0.999738
1892.pgm,10000,65536,25024,38.1836,0.01919,0.076218,59.3102,0.999822
1894.pgm,10000,65536,17328,26.4404,0.02175,0.075333,59.361,0.999785
1896.pgm,10000,65536,39056,59.5947,0.03481,0.074997,59.3804,0.999714
1897.pgm,10000,65536,17936,27.3682,0.15794,0.073563,59.4642,0.999777
1898.pgm,10000,65536,14864,22.6807,0.03285,0.077667,59.2284,0.999763
1899.pgm,10000,65536,14752,22.5098,0.02324,0.075317,59.3619,0.999765
1900.pgm,10000,65536,17680,26.9775,0.01981,0.07692,59.2704,0.999771
1901.pgm,10000,65536,15392,23.4863,0.02135,0.076431,59.2981,0.999794
1902.pgm,10000,65536,31472,48.0225,0.02538,0.076523,59.2929,0.999812
1903.pgm,10000,65536,56752,86.5967,0.03507,0.077789,59.2216,0.999829
1904.pgm,10000,65536,56864,86.7676,0.05847,0.076447,59.2972,0.999938
1905.pgm,10000,65536,21136,32.251,0.12903,0.075058,59.3768,0.999758
1906.pgm,10000,65536,14768,22.5342,0.0329,0.076935,59.2696,0.999793
1908.pgm,10000,65536,12272,18.7256,0.0246,0.076752,59.2799,0.999824
1909.pgm,10000,65536,11840,18.0664,0.0236,0.074951,59.383,0.999798
1910.pgm,10000,65536,21840,33.3252,0.02811,0.076218,59.3102,0.999881
1911.pgm,10000,65536,65232,99.5361,0.10656,0.077423,59.2421,0.999904
1912.pgm,10000,65536,40544,61.8652,0.07422,0.075897,59.3285,0.999715
1913.pgm,10000,65536,16672,25.4395,0.02675,0.074539,59.407,0.999819
1914.pgm,10000,65536,15568,23.7549,0.02172,0.074829,59.3901,0.999767
1915.pgm,10000,65536,10960,16.7236,0.01904,0.075653,59.3425,0.999636
1916.pgm,10000,65536,15856,24.1943,0.01983,0.076477,59.2955,0.999738
1917.pgm,10000,65536,14352,21.8994,0.02017,0.075821,59.3329,0.999808
1918.pgm,10000,65536,27168,41.4551,0.02197,0.074921,59.3848,0.999909
1919.pgm,10000,65536,17520,26.7334,0.02524,0.076324,59.3042,0.999648
1921.pgm,10000,65536,16480,25.1465,0.12557,0.076462,59.2964,0.999735
1922.pgm,10000,65536,22272,33.9844,0.06827,0.076294,59.3059,0.999758
1924.pgm,10000,65536,35216,53.7354,0.03047,0.07605,59.3198,0.999879
1925.pgm,10000,65536,19648,29.9805,0.02244,0.076324,59.3042,0.999756
1926.pgm,10000,65536,14224,21.7041,0.02012,0.07579,59.3347,0.999704
1927.pgm,10000,65536,23984,36.5967,0.02035,0.076645,59.286,0.999823
1928.pgm,10000,65536,27232,41.5527,0.02179,0.075546,59.3487,0.999802
1930.pgm,10000,65536,19200,29.2969,0.02196,0.075455,59.3539,0.999779
1931.pgm,10000,65536,22400,34.1797,0.02472,0.076355,59.3024,0.999747
1932.pgm,10000,65536,23536,35.9131,0.13073,0.075836,59.332,0.999739
1933.pgm,10000,65536,24112,36.792,0.06581,0.076675,59.2842,0.999863
1934.pgm,10000,65536,36096,55.0781,0.03077,0.074234,59.4248,0.999904
1935.pgm,10000,65536,23920,36.499,0.02241,0.076813,59.2765,0.999787
1936.pgm,10000,65536,25824,39.4043,0.02053,0.076508,59.2938,0.999785
1937.pgm,10000,65536,33424,51.001,0.01975,0.077087,59.261,0.999879
1938.pgm,10000,65536,23936,36.5234,0.01838,0.075653,59.3425,0.999884
1940.pgm,10000,65536,16288,24.8535,0.01737,0.076965,59.2679,0.999838
1941.pgm,10000,65536,15840,24.1699,0.0198,0.076599,59.2886,0.999754
1942.pgm,10000,65536,22576,34.4482,0.02439,0.076874,59.273,0.999795
1943.pgm,10000,65536,21808,33.2764,0.0979,0.077377,59.2447,0.999731
1945.pgm,10000,65536,23776,36.2793,0.0732,0.074219,59.4257,0.999766
1946.pgm,10000,65536,36144,55.1514,0.03406,0.07634,59.3033,0.999704
1947.pgm,10000,65536,19696,30.0537,0.02461,0.076096,59.3172,0.999749
1948.pgm,10000,65536,21376,32.6172,0.02354,0.077225,59.2532,0.999819
1949.pgm,10000,65536,20112,30.6885,0.02212,0.07605,59.3198,0.999801
1950.pgm,10000,65536,23872,36.4258,0.02256,0.07724,59.2524,0.999795
1951.pgm,10000,65536,23904,36.4746,0.02539,0.07576,59.3364,0.999791
1952.pgm,10000,65536,29392,44.8486,0.03824,0.074692,59.3981,0.999815
1953.pgm,10000,65536,44176,67.4072,0.18784,0.076859,59.2739,0.999934
1955.pgm,10000,65536,41984,64.0625,0.03679,0.077576,59.2335,0.999797
1956.pgm,10000,65536,15696,23.9502,0.02247,0.075363,59.3592,0.999752
1957.pgm,10000,65536,20976,32.0068,0.02096,0.076782,59.2782,0.99981
1958.pgm,10000,65536,25872,39.4775,0.02115,0.075989,59.3233,0.999775
1959.pgm,10000,65536,23840,36.377,0.02072,0.074936,59.3839,0.999854
1960.pgm,10000,65536,13648,20.8252,0.01952,0.076462,59.2964,0.999745
1961.pgm,10000,65536,65040,99.2432,0.02457,0.076462,59.2964,0.999915
1962.pgm,10000,65536,15456,23.584,0.02495,0.077423,59.2421,0.999802
1963.pgm,10000,65536,41232,62.915,0.0374,0.076889,59.2722,0.999935
1964.pgm,10000,65536,24048,36.6943,0.17629,0.075165,59.3707,0.999784
1965.pgm,10000,65536,54704,83.4717,0.04239,0.075455,59.3539,0.999878
1966.pgm,10000,65536,15536,23.7061,0.02354,0.07637,59.3016,0.999785
1967.pgm,10000,65536,23920,36.499,0.02329,0.076294,59.3059,0.999704
1968.pgm,10000,65536,33120,50.5371,0.02332,0.077393,59.2438,0.999799
1970.pgm,10000,65536,14016,21.3867,0.02348,0.076309,59.305,0.999775
1971.pgm,10000,65536,16768,25.5859,0.02895,0.077148,59.2575,0.999771
1972.pgm,10000,65536,22048,33.6426,0.18934,0.075943,59.3259,0.99977
1973.pgm,10000,65536,31488,48.0469,0.05157,0.075363,59.3592,0.999816
1974.pgm,10000,65536,17216,26.2695,0.02741,0.076126,59.3155,0.999754
1975.pgm,10000,65536,48736,74.3652,0.02818,0.075745,59.3373,0.999929
1976.pgm,10000,65536,21808,33.2764,0.02288,0.076263,59.3076,0.999867
1977.pgm,10000,65536,12368,18.8721,0.02167,0.076157,59.3137,0.999665
1978.pgm,10000,65536,24640,37.5977,0.02393,0.076569,59.2903,0.99977
1979.pgm,10000,65536,13744,20.9717,0.02224,0.076218,59.3102,0.999791
1980.pgm,10000,65536,35904,54.7852,0.02599,0.076279,59.3068,0.999889
1981.pgm,10000,65536,52752,80.4932,0.03269,0.07547,59.3531,0.999753
1982.pgm,10000,65536,41568,63.4277,0.04517,0.075607,59.3452,0.999936
1983.pgm,10000,65536,17840,27.2217,0.11543,0.075226,59.3671,0.99984
1984.pgm,10000,65536,16144,24.6338,0.06224,0.077698,59.2267,0.99966
1985.pgm,10000,65536,62704,95.6787,0.03681,0.077744,59.2242,0.999939
1986.pgm,10000,65536,22496,34.3262,0.0245,0.076157,59.3137,0.999768
1987.pgm,10000,65536,14512,22.1436,0.02105,0.076218,59.3102,0.99988
1988.pgm,10000,65536,19056,29.0771,0.02116,0.076813,59.2765,0.999805
1989.pgm,10000,65536,22688,34.6191,0.02215,0.076721,59.2817,0.99979
1990.pgm,10000,65536,17136,26.1475,0.02552,0.075592,59.346,0.999775
1991.pgm,10000,65536,39808,60.7422,0.1681,0.077164,59.2567,0.999909
1992.pgm,10000,65536,17792,27.1484,0.05583,0.075562,59.3478,0.999851
1993.pgm,10000,65536,18000,27.4658,0.0302,0.075989,59.3233,0.999745
1994.pgm,10000,65536,25504,38.916,0.02515,0.07634,59.3033,0.999777
1995.pgm,10000,65536,12272,18.7256,0.02107,0.076431,59.2981,0.999789
1996.pgm,10000,65536,13984,21.3379,0.02017,0.075851,59.3312,0.999847
1997.pgm,10000,65536,18768,28.6377,0.02094,0.075165,59.3707,0.999677
1998.pgm,10000,65536,12208,18.6279,0.02027,0.077271,59.2507,0.99978
1999.pgm,10000,65536,20912,31.9092,0.02407,0.07489,59.3866,0.999799
2000.pgm,10000,65536,20688,31.5674,0.04142,0.076416,59.299,0.999826
2001.pgm,10000,65536,26768,40.8447,0.16055,0.075653,59.3425,0.999853
2002.pgm,10000,65536,11936,18.2129,0.02955,0.075928,59.3268,0.999691
2003.pgm,10000,65536,50864,77.6123,0.02631,0.075699,59.3399,0.999861
2004.pgm,10000,65536,59632,90.9912,0.02262,0.077255,59.2515,0.999935
2005.pgm,10000,65536,55184,84.2041,0.0244,0.076416,59.299,0.999937
2006.pgm,10000,65536,52736,80.4688,0.02592,0.075562,59.3478,0.999752
2007.pgm,10000,65536,10688,16.3086,0.01982,0.076614,59.2877,0.999779
2008.pgm,10000,65536,39360,60.0586,0.02293,0.076935,59.2696,0.999884
2009.pgm,10000,65536,63520,96.9238,0.02783,0.075928,59.3268,0.999939
2010.pgm,10000,65536,20896,31.8848,0.03969,0.077194,59.255,0.999856
2011.pgm,10000,65536,10304,15.7227,0.17048,0.076675,59.2842,0.999759
2012.pgm,10000,65536,10400,15.8691,0.03368,0.077972,59.2114,0.999747
2013.pgm,10000,65536,51808,79.0527,0.03026,0.076309,59.305,0.999931
2014.pgm,10000,65536,18496,28.2227,0.02277,0.077499,59.2378,0.999763
2015.pgm,10000,65536,36784,56.1279,0.02317,0.076187,59.312,0.999907
2016.pgm,10000,65536,13440,20.5078,0.0194,0.077332,59.2472,0.999855
2017.pgm,10000,65536,24016,36.6455,0.02285,0.076553,59.2912,0.999892
2018.pgm,10000,65536,23584,35.9863,0.08036,0.075623,59.3443,0.999785
2019.pgm,10000,65536,18400,28.0762,0.07334,0.075821,59.3329,0.999747
2020.pgm,10000,65536,38960,59.4482,0.03218,0.076492,59.2946,0.999878
2021.pgm,10000,65536,34656,52.8809,0.02575,0.076736,59.2808,0.999879
2022.pgm,10000,65536,16976,25.9033,0.02241,0.075684,59.3408,0.999777
2023.pgm,10000,65536,21424,32.6904,0.02543,0.076019,59.3216,0.999748
2025.pgm,10000,65536,22224,33.9111,0.13386,0.07518,59.3698,0.999868
2026.pgm,10000,65536,19056,29.0771,0.05467,0.076477,59.2955,0.999827
2028.pgm,10000,65536,14464,22.0703,0.02511,0.075348,59.3601,0.99979
2029.pgm,10000,65536,15904,24.2676,0.02134,0.076248,59.3085,0.999844
2030.pgm,10000,65536,16768,25.5859,0.02067,0.075851,59.3312,0.999765
2031.pgm,10000,65536,13680,20.874,0.01985,0.075668,59.3417,0.999779
2032.pgm,10000,65536,17904,27.3193,0.02003,0.075638,59.3434,0.999783
2033.pgm,10000,65536,65408,99.8047,0.02501,0.076233,59.3094,0.99991
2034.pgm,10000,65536,21104,32.2021,0.02317,0.076813,59.2765,0.999855
2035.pgm,10000,65536,18480,28.1982,0.03458,0.076172,59.3129,0.99966
2036.pgm,10000,65536,18400,28.0762,0.17237,0.077255,59.2515,0.999787
2037.pgm,10000,65536,15440,23.5596,0.04115,0.076752,59.2799,0.999824
2038.pgm,10000,65536,11424,17.4316,0.02242,0.076385,59.3007,0.999643
2039.pgm,10000,65536,14464,22.0703,0.01926,0.076248,59.3085,0.999761
2040.pgm,10000,65536,12368,18.8721,0.017,0.076584,59.2894,0.99974
2041.pgm,10000,65536,18432,28.125,0.02078,0.076675,59.2842,0.999797
2042.pgm,10000,65536,13936,21.2646,0.02092,0.076447,59.2972,0.999802
2043.pgm,10000,65536,30752,46.9238,0.02199,0.077133,59.2584,0.999778
2044.pgm,10000,65536,12448,18.9941,0.02165,0.075729,59.3382,0.99973
2045.pgm,10000,65536,26544,40.5029,0.02562,0.076126,59.3155,0.999829
2046.pgm,10000,65536,19024,29.0283,0.02898,0.076111,59.3163,0.999841
2047.pgm,10000,65536,17040,26.001,0.03787,0.07579,59.3347,0.999862
2049.pgm,10000,65536,18224,27.8076,0.0629,0.07608,59.3181,0.999812
2050.pgm,10000,65536,16608,25.3418,0.08529,0.074921,59.3848,0.999852
2051.pgm,10000,65536,30352,46.3135,0.08681,0.077179,59.2558,0.99987
2052.pgm,10000,65536,24448,37.3047,0.06085,0.077209,59.2541,0.999758
2053.pgm,10000,65536,45216,68.9941,0.05668,0.075516,59.3504,0.999892
2054.pgm,10000,65536,21024,32.0801,0.04262,0.076721,59.2817,0.999831
2055.pgm,10000,65536,13216,20.166,0.03717,0.075821,59.3329,0.9997
2056.pgm,10000,65536,41392,63.1592,0.04064,0.075272,59.3645,0.999894
2057.pgm,10000,65536,19120,29.1748,0.03309,0.076141,59.3146,0.999729
2058.pgm,10000,65536,23936,36.5234,0.03411,0.077133,59.2584,0.99989
2059.pgm,10000,65536,14288,21.8018,0.03742,0.076614,59.2877,0.999719
2060.pgm,10000,65536,19632,29.9561,0.05391,0.076706,59.2825,0.999789
2062.pgm,10000,65536,42208,64.4043,0.2059,0.076523,59.2929,0.999795
2063.pgm,10000,65536,65424,99.8291,0.10242,0.077789,59.2216,0.999906
2064.pgm,10000,65536,16096,24.5605,0.08006,0.076126,59.3155,0.999791
2065.pgm,10000,65536,49072,74.8779,0.08583,0.077545,59.2353,0.999846
2066.pgm,10000,65536,32160,49.0723,0.05548,0.076599,59.2886,0.999902
2067.pgm,10000,65536,14032,21.4111,0.10468,0.076675,59.2842,0.999738
2068.pgm,10000,65536,18512,28.2471,0.09382,0.076248,59.3085,0.999689
2069.pgm,10000,65536,20832,31.7871,0.07647,0.076126,59.3155,0.999725
2070.pgm,10000,65536,17840,27.2217,0.08115,0.076385,59.3007,0.999835
2071.pgm,10000,65536,20336,31.0303,0.07964,0.075729,59.3382,0.999766
2072.pgm,10000,65536,36704,56.0059,0.05803,0.076172,59.3129,0.999889
2073.pgm,10000,65536,15520,23.6816,0.04207,0.075485,59.3522,0.999858
2074.pgm,10000,65536,17280,26.3672,0.03839,0.074677,59.399,0.999844
2075.pgm,10000,65536,13520,20.6299,0.03658,0.075119,59.3733,0.999759
2076.pgm,10000,65536,19104,29.1504,0.03283,0.076126,59.3155,0.999761
2077.pgm,10000,65536,27440,41.8701,0.03311,0.075363,59.3592,0.999839
2079.pgm,10000,65536,13296,20.2881,0.03134,0.07637,59.3016,0.999838
2081.pgm,10000,65536,11024,16.8213,0.03321,0.075653,59.3425,0.999845
2083.pgm,10000,65536,22864,34.8877,0.13821,0.075531,59.3496,0.999775
2084.pgm,10000,65536,23728,36.2061,0.07451,0.076294,59.3059,0.999744
2086.pgm,10000,65536,15920,24.292,0.04508,0.076675,59.2842,0.999733
2089.pgm,10000,65536,17424,26.5869,0.03943,0.076233,59.3094,0.999764
2090.pgm,10000,65536,16832,25.6836,0.04176,0.076782,59.2782,0.999874
2091.pgm,10000,65536,15952,24.3408,0.04232,0.076431,59.2981,0.999758
2092.pgm,10000,65536,20640,31.4941,0.05364,0.0755,59.3513,0.99985
2093.pgm,10000,65536,15840,24.1699,0.16775,0.075989,59.3233,0.999728
2095.pgm,10000,65536,42080,64.209,0.03864,0.077377,59.2447,0.999904
2096.pgm,10000,65536,24576,37.5,0.02366,0.076584,59.2894,0.999777
2097.pgm,10000,65536,14960,22.8271,0.02029,0.076309,59.305,0.999756
2098.pgm,10000,65536,39664,60.5225,0.02356,0.077179,59.2558,0.999919
2100.pgm,10000,65536,12800,19.5312,0.02169,0.074463,59.4114,0.999864
2101.pgm,10000,65536,23184,35.376,0.05942,0.076385,59.3007,0.999796
2102.pgm,10000,65536,11744,17.9199,0.11434,0.076828,59.2756,0.999824
2103.pgm,10000,65536,59488,90.7715,0.04067,0.076675,59.2842,0.999947
2104.pgm,10000,65536,16912,25.8057,0.02556,0.07637,59.3016,0.999848
2105.pgm,10000,65536,19600,29.9072,0.02561,0.075607,59.3452,0.999818
2106.pgm,10000,65536,11872,18.1152,0.02505,0.07634,59.3033,0.999779
2107.pgm,10000,65536,19712,30.0781,0.03781,0.076004,59.3224,0.99981
2108.pgm,10000,65536,24480,37.3535,0.06094,0.075256,59.3654,0.999787
2109.pgm,10000,65536,45344,69.1895,0.0982,0.07692,59.2704,0.99975
2110.pgm,10000,65536,12288,18.75,0.08064,0.076492,59.2946,0.999844
2111.pgm,10000,65536,38192,58.2764,0.07277,0.077164,59.2567,0.999865
2112.pgm,10000,65536,22432,34.2285,0.04966,0.077423,59.2421,0.999821
2113.pgm,10000,65536,26512,40.4541,0.04047,0.0755,59.3513,0.999748
2114.pgm,10000,65536,28208,43.042,0.03668,0.076981,59.267,0.999864
2115.pgm,10000,65536,17904,27.3193,0.0324,0.075211,59.368,0.999732
2116.pgm,10000,65536,14336,21.875,0.02942,0.076355,59.3024,0.999892
2117.pgm,10000,65536,16592,25.3174,0.02792,0.076935,59.2696,0.99984
2118.pgm,10000,65536,18464,28.1738,0.02941,0.07692,59.2704,0.999746
2119.pgm,10000,65536,22000,33.5693,0.04423,0.075668,59.3417,0.999808
2120.pgm,10000,65536,24464,37.3291,0.17431,0.075241,59.3663,0.999744
2121.pgm,10000,65536,24528,37.4268,0.04557,0.076706,59.2825,0.999763
2122.pgm,10000,65536,13392,20.4346,0.02432,0.075958,59.3251,0.999801
2124.pgm,10000,65536,19968,30.4688,0.0216,0.076324,59.3042,0.999814
2125.pgm,10000,65536,31152,47.5342,0.02189,0.076096,59.3172,0.999861
2126.pgm,10000,65536,22144,33.7891,0.02062,0.076157,59.3137,0.999843
2127.pgm,10000,65536,21216,32.373,0.02221,0.076599,59.2886,0.999731
2128.pgm,10000,65536,15152,23.1201,0.02329,0.077301,59.249,0.999837
2129.pgm,10000,65536,13936,21.2646,0.05103,0.076782,59.2782,0.999848
2130.pgm,10000,65536,13424,20.4834,0.11691,0.077362,59.2455,0.999795
2131.pgm,10000,65536,15872,24.2188,0.03212,0.075821,59.3329,0.999746
2132.pgm,10000,65536,11728,17.8955,0.0247,0.07663,59.2868,0.999674
2133.pgm,10000,65536,58928,89.917,0.02754,0.076813,59.2765,0.999943
2134.pgm,10000,65536,30688,46.8262,0.02312,0.076859,59.2739,0.99987
2135.pgm,10000,65536,30384,46.3623,0.02274,0.076141,59.3146,0.999829
2136.pgm,10000,65536,13360,20.3857,0.02016,0.075638,59.3434,0.999905
2137.pgm,10000,65536,17840,27.2217,0.02243,0.076508,59.2938,0.999747
2138.pgm,10000,65536,15280,23.3154,0.0242,0.075363,59.3592,0.999841
2139.pgm,10000,65536,18192,27.7588,0.03438,0.076294,59.3059,0.999682
2140.pgm,10000,65536,12544,19.1406,0.20885,0.074509,59.4087,0.999734
2141.pgm,10000,65536,23680,36.1328,0.04339,0.076904,59.2713,0.999899
2142.pgm,10000,65536,13920,21.2402,0.02661,0.075577,59.3469,0.999826
2143.pgm,10000,65536,21328,32.5439,0.02277,0.07515,59.3715,0.999831
2145.pgm,10000,65536,16672,25.4395,0.02002,0.076385,59.3007,0.999754
2146.pgm,10000,65536,28464,43.4326,0.02356,0.076797,59.2773,0.999856
2148.pgm,10000,65536,16336,24.9268,0.02213,0.075241,59.3663,0.999784
2149.pgm,10000,65536,10576,16.1377,0.02251,0.075745,59.3373,0.999783
2150.pgm,10000,65536,27456,41.8945,0.03159,0.076111,59.3163,0.999758
2151.pgm,10000,65536,24528,37.4268,0.16031,0.076508,59.2938,0.999814
2152.pgm,10000,65536,13792,21.0449,0.04755,0.077255,59.2515,0.999754
2154.pgm,10000,65536,24176,36.8896,0.02591,0.076797,59.2773,0.999785
2155.pgm,10000,65536,16400,25.0244,0.01947,0.074951,59.383,0.999858
2156.pgm,10000,65536,15936,24.3164,0.0168,0.07695,59.2687,0.999841
2157.pgm,10000,65536,16224,24.7559,0.01597,0.074539,59.407,0.999757
2158.pgm,10000,65536,26944,41.1133,0.01994,0.076263,59.3076,0.999839
2159.pgm,10000,65536,65376,99.7559,0.02552,0.076614,59.2877,0.999919
2160.pgm,10000,65536,19168,29.248,0.02099,0.076828,59.2756,0.999736
2161.pgm,10000,65536,38608,58.9111,0.02654,0.076447,59.2972,0.999931
2162.pgm,10000,65536,17600,26.8555,0.03262,0.074783,59.3928,0.999777
2163.pgm,10000,65536,20272,30.9326,0.19213,0.075546,59.3487,0.99962
2164.pgm,10000,65536,18912,28.8574,0.04246,0.075653,59.3425,0.999784
2165.pgm,10000,65536,16608,25.3418,0.02467,0.07634,59.3033,0.999821
2166.pgm,10000,65536,41552,63.4033,0.02408,0.075699,59.3399,0.999898
2167.pgm,10000,65536,20848,31.8115,0.01915,0.076569,59.2903,0.999801
2168.pgm,10000,65536,27584,42.0898,0.02271,0.07666,59.2851,0.999775
2169.pgm,10000,65536,18400,28.0762,0.02171,0.076309,59.305,0.999758
2170.pgm,10000,65536,26288,40.1123,0.02728,0.076385,59.3007,0.999805
2171.pgm,10000,65536,22496,34.3262,0.18191,0.076675,59.2842,0.999776
2172.pgm,10000,65536,18160,27.71,0.04657,0.075577,59.3469,0.999738
2173.pgm,10000,65536,26400,40.2832,0.02828,0.075409,59.3566,0.999754
2174.pgm,10000,65536,23760,36.2549,0.02349,0.075943,59.3259,0.999762
2176.pgm,10000,65536,13776,21.0205,0.02044,0.075378,59.3583,0.999713
2177.pgm,10000,65536,29408,44.873,0.02111,0.07515,59.3715,0.999745
2178.pgm,10000,65536,27072,41.3086,0.02252,0.076172,59.3129,0.999746
2179.pgm,10000,65536,25728,39.2578,0.02301,0.07811,59.2038,0.999833
2180.pgm,10000,65536,19360,29.541,0.02489,0.075821,59.3329,0.999781
2181.pgm,10000,65536,20960,31.9824,0.04937,0.076691,59.2834,0.999752
2182.pgm,10000,65536,17920,27.3438,0.11701,0.077606,59.2318,0.99974
2183.pgm,10000,65536,63232,96.4844,0.03649,0.075241,59.3663,0.999946
2184.pgm,10000,65536,46064,70.2881,0.02575,0.07663,59.2868,0.999899
2185.pgm,10000,65536,18672,28.4912,0.01855,0.075455,59.3539,0.999823
2187.pgm,10000,65536,16368,24.9756,0.01994,0.076828,59.2756,0.999734
2188.pgm,10000,65536,21280,32.4707,0.02042,0.077805,59.2208,0.999701
2190.pgm,10000,65536,12128,18.5059,0.01839,0.076965,59.2679,0.99985
2191.pgm,10000,65536,27040,41.2598,0.01975,0.075409,59.3566,0.999886
2192.pgm,10000,65536,13088,19.9707,0.02209,0.075958,59.3251,0.99982
2193.pgm,10000,65536,10288,15.6982,0.17625,0.075378,59.3583,0.999715
2194.pgm,10000,65536,16176,24.6826,0.04583,0.075851,59.3312,0.999767
2195.pgm,10000,65536,28768,43.8965,0.02807,0.076172,59.3129,0.999826
2196.pgm,10000,65536,25184,38.4277,0.02336,0.076492,59.2946,0.999889
2198.pgm,10000,65536,17712,27.0264,0.02032,0.076065,59.319,0.999757
2199.pgm,10000,65536,13024,19.873,0.02002,0.076385,59.3007,0.999687
2200.pgm,10000,65536,16144,24.6338,0.02398,0.075684,59.3408,0.999775
2201.pgm,10000,65536,17776,27.124,0.15904,0.076019,59.3216,0.999751
2202.pgm,10000,65536,55520,84.7168,0.06331,0.075882,59.3294,0.999973
2203.pgm,10000,65536,24080,36.7432,0.02675,0.076431,59.2981,0.999844
2204.pgm,10000,65536,17440,26.6113,0.02113,0.075653,59.3425,0.99986
2205.pgm,10000,65536,23136,35.3027,0.02024,0.07637,59.3016,0.999868
2206.pgm,10000,65536,10352,15.7959,0.0188,0.076096,59.3172,0.999724
2207.pgm,10000,65536,24352,37.1582,0.02018,0.076172,59.3129,0.999846
2208.pgm,10000,65536,14608,22.29,0.01995,0.077042,59.2635,0.999872
2210.pgm,10000,65536,16880,25.7568,0.0244,0.07515,59.3715,0.999754
2211.pgm,10000,65536,22896,34.9365,0.04348,0.075333,59.361,0.999832
2212.pgm,10000,65536,15200,23.1934,0.13888,0.076614,59.2877,0.999781
2213.pgm,10000,65536,19120,29.1748,0.03082,0.075516,59.3504,0.999671
2214.pgm,10000,65536,16976,25.9033,0.02142,0.077103,59.2601,0.99978
2215.pgm,10000,65536,16544,25.2441,0.01825,0.075882,59.3294,0.999747
2216.pgm,10000,65536,12160,18.5547,0.01626,0.075058,59.3768,0.999762
2217.pgm,10000,65536,11648,17.7734,0.01533,0.076691,59.2834,0.999768
2219.pgm,10000,65536,48128,73.4375,0.01969,0.076172,59.3129,0.999865
2220.pgm,10000,65536,24064,36.7188,0.01842,0.074921,59.3848,0.999806
2221.pgm,10000,65536,16848,25.708,0.01805,0.077209,59.2541,0.999689
2222.pgm,10000,65536,22352,34.1064,0.01999,0.076111,59.3163,0.999734
2223.pgm,10000,65536,19920,30.3955,0.02161,0.075134,59.3724,0.999824
2224.pgm,10000,65536,22032,33.6182,0.02967,0.076614,59.2877,0.999729
2225.pgm,10000,65536,17472,26.6602,0.15798,0.077515,59.237,0.999755
2227.pgm,10000,65536,10096,15.4053,0.05545,0.075638,59.3434,0.999789
2228.pgm,10000,65536,57216,87.3047,0.04402,0.076996,59.2661,0.999811
2230.pgm,10000,65536,12400,18.9209,0.03149,0.076279,59.3068,0.99981
2231.pgm,10000,65536,25808,39.3799,0.03421,0.077271,59.2507,0.999767
2232.pgm,10000,65536,54864,83.7158,0.04587,0.075546,59.3487,0.999918
2233.pgm,10000,65536,12176,18.5791,0.10152,0.076309,59.305,0.999785
2234.pgm,10000,65536,15584,23.7793,0.07799,0.076523,59.2929,0.99975
2235.pgm,10000,65536,23904,36.4746,0.04999,0.075241,59.3663,0.999801
2236.pgm,10000,65536,59152,90.2588,0.04893,0.075989,59.3233,0.999946
2237.pgm,10000,65536,48496,73.999,0.04269,0.075607,59.3452,0.99992
2238.pgm,10000,65536,63216,96.46,0.03932,0.076141,59.3146,0.999936
2240.pgm,10000,65536,39488,60.2539,0.03609,0.074814,59.391,0.999912
2241.pgm,10000,65536,20016,30.542,0.04057,0.076263,59.3076,0.999734
2242.pgm,10000,65536,19360,29.541,0.1109,0.076859,59.2739,0.99979
2243.pgm,10000,65536,17744,27.0752,0.08025,0.076706,59.2825,0.999708
2244.pgm,10000,65536,18064,27.5635,0.06717,0.076691,59.2834,0.999618
2245.pgm,10000,65536,28112,42.8955,0.05396,0.076035,59.3207,0.999892
2246.pgm,10000,65536,21648,33.0322,0.0409,0.075806,59.3338,0.999856
2247.pgm,10000,65536,14720,22.4609,0.03354,0.076828,59.2756,0.999825
2249.pgm,10000,65536,13600,20.752,0.03198,0.075134,59.3724,0.9998
2251.pgm,10000,65536,22640,34.5459,0.03474,0.076981,59.267,0.999815
2252.pgm,10000,65536,17632,26.9043,0.03384,0.075562,59.3478,0.999695
2253.pgm,10000,65536,26608,40.6006,0.04042,0.075912,59.3277,0.999843
2254.pgm,10000,65536,17856,27.2461,0.04178,0.077377,59.2447,0.999782
2255.pgm,10000,65536,46592,71.0938,0.05126,0.077087,59.261,0.999889
2256.pgm,10000,65536,21792,33.252,0.04203,0.075485,59.3522,0.999742
2258.pgm,10000,65536,28912,44.1162,0.04318,0.076141,59.3146,0.99985
2259.pgm,10000,65536,15936,24.3164,0.0396,0.076645,59.286,0.999675
2260.pgm,10000,65536,23152,35.3271,0.03857,0.076111,59.3163,0.999773
2261.pgm,10000,65536,13328,20.3369,0.03202,0.076767,59.2791,0.99976
2262.pgm,10000,65536,18624,28.418,0.03197,0.075928,59.3268,0.999707
2263.pgm,10000,65536,35680,54.4434,0.03712,0.076813,59.2765,0.999859
2264.pgm,10000,65536,18320,27.9541,0.09789,0.077072,59.2618,0.999863
2265.pgm,10000,65536,17024,25.9766,0.05998,0.076996,59.2661,0.999761
2266.pgm,10000,65536,58608,89.4287,0.03284,0.076263,59.3076,0.999943
2267.pgm,10000,65536,23888,36.4502,0.02237,0.077316,59.2481,0.99976
2268.pgm,10000,65536,25840,39.4287,0.02002,0.077454,59.2404,0.999842
2269.pgm,10000,65536,16096,24.5605,0.01997,0.074814,59.391,0.999721
2270.pgm,10000,65536,17520,26.7334,0.02229,0.077286,59.2498,0.999852
2271.pgm,10000,65536,64688,98.7061,0.02844,0.075256,59.3654,0.999855
2272.pgm,10000,65536,20160,30.7617,0.03211,0.07634,59.3033,0.999855
2273.pgm,10000,65536,23088,35.2295,0.18474,0.07547,59.3531,0.999792
2274.pgm,10000,65536,20080,30.6396,0.03306,0.076935,59.2696,0.999784
2275.pgm,10000,65536,13536,20.6543,0.02224,0.075775,59.3355,0.999751
2276.pgm,10000,65536,30720,46.875,0.02023,0.076172,59.3129,0.999827
2277.pgm,10000,65536,15616,23.8281,0.0166,0.075714,59.339,0.999792
2279.pgm,10000,65536,33328,50.8545,0.0172,0.075623,59.3443,0.999842
2280.pgm,10000,65536,20112,30.6885,0.01586,0.07637,59.3016,0.999794
2281.pgm,10000,65536,38976,59.4727,0.01939,0.076645,59.286,0.999874
2282.pgm,10000,65536,13632,20.8008,0.0177,0.075333,59.361,0.999763
2283.pgm,10000,65536,15328,23.3887,0.01751,0.075531,59.3496,0.999858
2284.pgm,10000,65536,18960,28.9307,0.01827,0.076706,59.2825,0.999786
2285.pgm,10000,65536,19648,29.9805,0.01949,0.07753,59.2361,0.999738
2286.pgm,10000,65536,20640,31.4941,0.02187,0.074753,59.3945,0.99985
2287.pgm,10000,65536,26704,40.7471,0.03452,0.076675,59.2842,0.99977
2289.pgm,10000,65536,18624,28.418,0.20468,0.076599,59.2886,0.999709
2290.pgm,10000,65536,27536,42.0166,0.03862,0.077591,59.2327,0.999848
2291.pgm,10000,65536,48576,74.1211,0.02896,0.07579,59.3347,0.999903
2293.pgm,10000,65536,21792,33.252,0.02295,0.075851,59.3312,0.99973
2294.pgm,10000,65536,23088,35.2295,0.02327,0.075516,59.3504,0.999865
2296.pgm,10000,65536,32432,49.4873,0.03567,0.075699,59.3399,0.999891
2297.pgm,10000,65536,39952,60.9619,0.18547,0.075455,59.3539,0.999878
2298.pgm,10000,65536,26848,40.9668,0.02993,0.076309,59.305,0.999892
2299.pgm,10000,65536,12928,19.7266,0.02081,0.077591,59.2327,0.99972
2300.pgm,10000,65536,24080,36.7432,0.02004,0.07576,59.3364,0.999895
2301.pgm,10000,65536,58400,89.1113,0.02275,0.076477,59.2955,0.99993
2302.pgm,10000,65536,10352,15.7959,0.02073,0.077682,59.2276,0.999803
2303.pgm,10000,65536,14256,21.7529,0.02161,0.075897,59.3285,0.999751
2304.pgm,10000,65536,22784,34.7656,0.02715,0.077774,59.2225,0.999812
2306.pgm,10000,65536,29776,45.4346,0.05137,0.077057,59.2627,0.999864
2307.pgm,10000,65536,14816,22.6074,0.11147,0.076248,59.3085,0.999625
2308.pgm,10000,65536,51856,79.126,0.03583,0.07637,59.3016,0.999933
2309.pgm,10000,65536,15200,23.1934,0.02124,0.075745,59.3373,0.999796
2310.pgm,10000,65536,16704,25.4883,0.01887,0.077042,59.2635,0.999662
2312.pgm,10000,65536,14656,22.3633,0.02016,0.077789,59.2216,0.999722
2313.pgm,10000,65536,21664,33.0566,0.02334,0.075256,59.3654,0.999862
2314.pgm,10000,65536,18304,27.9297,0.03296,0.076172,59.3129,0.999717
2315.pgm,10000,65536,33600,51.2695,0.18935,0.076233,59.3094,0.999907
2316.pgm,10000,65536,10704,16.333,0.03171,0.077438,59.2412,0.999787
2317.pgm,10000,65536,25280,38.5742,0.02568,0.075668,59.3417,0.999909
2318.pgm,10000,65536,17504,26.709,0.02076,0.075668,59.3417,0.999793
2320.pgm,10000,65536,10656,16.2598,0.01905,0.075607,59.3452,0.999847
2321.pgm,10000,65536,24352,37.1582,0.02035,0.076309,59.305,0.999779
2323.pgm,10000,65536,31120,47.4854,0.02336,0.077194,59.255,0.99984
2324.pgm,10000,65536,12496,19.0674,0.03791,0.075378,59.3583,0.999764
2326.pgm,10000,65536,20368,31.0791,0.10828,0.076004,59.3224,0.999792
2327.pgm,10000,65536,21184,32.3242,0.02966,0.077164,59.2567,0.999761
2328.pgm,10000,65536,20912,31.9092,0.02525,0.076385,59.3007,0.999672
2329.pgm,10000,65536,15360,23.4375,0.02273,0.074982,59.3813,0.999784
2330.pgm,10000,65536,65360,99.7314,0.03097,0.075211,59.368,0.999887
2332.pgm,10000,65536,13104,19.9951,0.0245,0.075195,59.3689,0.999838
2333.pgm,10000,65536,25584,39.0381,0.02847,0.076004,59.3224,0.999759
2334.pgm,10000,65536,57184,87.2559,0.05651,0.076096,59.3172,0.99995
2335.pgm,10000,65536,22976,35.0586,0.12157,0.076813,59.2765,0.999752
2336.pgm,10000,65536,12608,19.2383,0.03282,0.076309,59.305,0.999831
2337.pgm,10000,65536,57184,87.2559,0.0266,0.075943,59.3259,0.999955
2338.pgm,10000,65536,15968,24.3652,0.01937,0.077011,59.2653,0.99989
2339.pgm,10000,65536,15328,23.3887,0.01843,0.076599,59.2886,0.999764
2340.pgm,10000,65536,17568,26.8066,0.01948,0.076736,59.2808,0.999781
2341.pgm,10000,65536,17552,26.7822,0.01923,0.075729,59.3382,0.999837
2342.pgm,10000,65536,13584,20.7275,0.02041,0.074997,59.3804,0.999824
2343.pgm,10000,65536,26464,40.3809,0.05089,0.075623,59.3443,0.99987
2344.pgm,10000,65536,12160,18.5547,0.08744,0.07515,59.3715,0.999789
2346.pgm,10000,65536,47584,72.6074,0.04721,0.074905,59.3857,0.999925
2347.pgm,10000,65536,42608,65.0146,0.02498,0.074829,59.3901,0.999941
2349.pgm,10000,65536,25808,39.3799,0.02463,0.075821,59.3329,0.999786
2350.pgm,10000,65536,13600,20.752,0.03523,0.076248,59.3085,0.999782
2351.pgm,10000,65536,21120,32.2266,0.14899,0.075455,59.3539,0.999784
2352.pgm,10000,65536,18496,28.2227,0.02929,0.076996,59.2661,0.999844
2353.pgm,10000,65536,26704,40.7471,0.02279,0.075684,59.3408,0.999762
2355.pgm,10000,65536,43744,66.748,0.0217,0.075745,59.3373,0.9999
2356.pgm,10000,65536,23888,36.4502,0.01966,0.075928,59.3268,0.999801
2357.pgm,10000,65536,11088,16.9189,0.0186,0.077179,59.2558,0.999813
2358.pgm,10000,65536,18400,28.0762,0.0193,0.076309,59.305,0.999745
2359.pgm,10000,65536,21376,32.6172,0.01956,0.076797,59.2773,0.999761
2360.pgm,10000,65536,22224,33.9111,0.02192,0.075394,59.3575,0.999865
2361.pgm,10000,65536,30032,45.8252,0.03229,0.076843,59.2747,0.999886
2362.pgm,10000,65536,18544,28.2959,0.16305,0.075684,59.3408,0.999769
2363.pgm,10000,65536,14944,22.8027,0.02867,0.075241,59.3663,0.999811
2364.pgm,10000,65536,20176,30.7861,0.02172,0.075623,59.3443,0.999754
2365.pgm,10000,65536,19792,30.2002,0.0192,0.0755,59.3513,0.999862
2366.pgm,10000,65536,33120,50.5371,0.02023,0.076462,59.2964,0.999793
2367.pgm,10000,65536,16688,25.4639,0.02133,0.077484,59.2387,0.999708
2368.pgm,10000,65536,15952,24.3408,0.02131,0.075821,59.3329,0.999789
2369.pgm,10000,65536,12720,19.4092,0.02144,0.075378,59.3583,0.999778
2370.pgm,10000,65536,50336,76.8066,0.03111,0.076202,59.3111,0.999937
2371.pgm,10000,65536,57488,87.7197,0.18678,0.077057,59.2627,0.999937
2372.pgm,10000,65536,20992,32.0312,0.05262,0.075867,59.3303,0.999696
2373.pgm,10000,65536,20528,31.3232,0.02654,0.076675,59.2842,0.99978
2374.pgm,10000,65536,14656,22.3633,0.02108,0.075211,59.368,0.999792
2375.pgm,10000,65536,22128,33.7646,0.02067,0.075912,59.3277,0.999828
2376.pgm,10000,65536,16624,25.3662,0.02012,0.074829,59.3901,0.999766
2377.pgm,10000,65536,12112,18.4814,0.02215,0.076675,59.2842,0.999789
2379.pgm,10000,65536,17120,26.123,0.17685,0.076233,59.3094,0.999786
2380.pgm,10000,65536,24544,37.4512,0.066,0.077347,59.2464,0.999892
2381.pgm,10000,65536,15056,22.9736,0.028,0.077133,59.2584,0.999751
2382.pgm,10000,65536,15008,22.9004,0.02303,0.07518,59.3698,0.999811
2383.pgm,10000,65536,11872,18.1152,0.02139,0.077225,59.2532,0.999746
2384.pgm,10000,65536,12896,19.6777,0.02172,0.076492,59.2946,0.999781
2387.pgm,10000,65536,17792,27.1484,0.02731,0.074783,59.3928,0.999888
2388.pgm,10000,65536,13488,20.5811,0.04028,0.075607,59.3452,0.999776
2389.pgm,10000,65536,19216,29.3213,0.14763,0.075195,59.3689,0.999777
2390.pgm,10000,65536,13488,20.5811,0.02953,0.075729,59.3382,0.999736
2391.pgm,10000,65536,11776,17.9688,0.02168,0.076218,59.3102,0.999797
2392.pgm,10000,65536,11984,18.2861,0.02009,0.077164,59.2567,0.999718
2393.pgm,10000,65536,22928,34.9854,0.02051,0.075378,59.3583,0.999791
2394.pgm,10000,65536,51200,78.125,0.02368,0.077072,59.2618,0.999805
2395.pgm,10000,65536,15328,23.3887,0.02006,0.076508,59.2938,0.999838
2396.pgm,10000,65536,28288,43.1641,0.02243,0.075989,59.3233,0.999753
2398.pgm,10000,65536,14176,21.6309,0.02055,0.076309,59.305,0.99975
2399.pgm,10000,65536,25568,39.0137,0.02246,0.075867,59.3303,0.999866
2400.pgm,10000,65536,12592,19.2139,0.02483,0.076874,59.273,0.999871
2401.pgm,10000,65536,25696,39.209,0.14172,0.076797,59.2773,0.999748
2402.pgm,10000,65536,15872,24.2188,0.04877,0.075775,59.3355,0.99976
2403.pgm,10000,65536,28480,43.457,0.02656,0.076141,59.3146,0.999783
2404.pgm,10000,65536,16304,24.8779,0.01977,0.074738,59.3954,0.999731
2405.pgm,10000,65536,13008,19.8486,0.01913,0.074661,59.3999,0.999823
2406.pgm,10000,65536,15120,23.0713,0.01951,0.075745,59.3373,0.999821
2408.pgm,10000,65536,29664,45.2637,0.02548,0.076202,59.3111,0.999815
2409.pgm,10000,65536,21136,32.251,0.14969,0.076599,59.2886,0.999766
2410.pgm,10000,65536,14944,22.8027,0.06725,0.076462,59.2964,0.999812
2411.pgm,10000,65536,30640,46.7529,0.03191,0.075699,59.3399,0.999869
2412.pgm,10000,65536,14048,21.4355,0.02534,0.076645,59.286,0.99982
2413.pgm,10000,65536,11312,17.2607,0.02434,0.076431,59.2981,0.999704
2414.pgm,10000,65536,61696,94.1406,0.11938,0.075699,59.3399,0.999857
2415.pgm,10000,65536,20272,30.9326,0.06618,0.076157,59.3137,0.99975
2416.pgm,10000,65536,41840,63.8428,0.03076,0.076828,59.2756,0.999936
2417.pgm,10000,65536,22464,34.2773,0.02102,0.075729,59.3382,0.999728
2418.pgm,10000,65536,25008,38.1592,0.01873,0.076065,59.319,0.999898
2419.pgm,10000,65536,26224,40.0146,0.01896,0.074844,59.3892,0.99986
2420.pgm,10000,65536,29712,45.3369,0.02073,0.076172,59.3129,0.999888
2421.pgm,10000,65536,21040,32.1045,0.02188,0.076508,59.2938,0.999824
2422.pgm,10000,65536,20688,31.5674,0.02893,0.076401,59.2998,0.999896
2423.pgm,10000,65536,29696,45.3125,0.18583,0.076477,59.2955,0.999864
2424.pgm,10000,65536,19824,30.249,0.03641,0.075729,59.3382,0.999827
2425.pgm,10000,65536,29168,44.5068,0.02477,0.077225,59.2532,0.999753
2426.pgm,10000,65536,15712,23.9746,0.01978,0.075821,59.3329,0.999733
2427.pgm,10000,65536,10640,16.2354,0.01819,0.074783,59.3928,0.999669
2428.pgm,10000,65536,55616,84.8633,0.02278,0.075241,59.3663,0.999937
2429.pgm,10000,65536,32704,49.9023,0.02109,0.076477,59.2955,0.999867
2430.pgm,10000,65536,25760,39.3066,0.02144,0.076736,59.2808,0.999782
2431.pgm,10000,65536,16608,25.3418,0.02322,0.077103,59.2601,0.999755
2433.pgm,10000,65536,13936,21.2646,0.02588,0.075745,59.3373,0.999818
2434.pgm,10000,65536,10880,16.6016,0.03028,0.076309,59.305,0.999785
2435.pgm,10000,65536,12624,19.2627,0.04711,0.077347,59.2464,0.999814
2437.pgm,10000,65536,19600,29.9072,0.13505,0.07637,59.3016,0.99982
2438.pgm,10000,65536,17520,26.7334,0.08547,0.075256,59.3654,0.999776
2439.pgm,10000,65536,22608,34.4971,0.05779,0.076584,59.2894,0.999821
2440.pgm,10000,65536,52784,80.542,0.05305,0.07811,59.2038,0.9999
2441.pgm,10000,65536,22144,33.7891,0.03666,0.077423,59.2421,0.999733
2442.pgm,10000,65536,30272,46.1914,0.0315,0.07666,59.2851,0.999849
2443.pgm,10000,65536,11216,17.1143,0.02697,0.075989,59.3233,0.999784
2444.pgm,10000,65536,18320,27.9541,0.02723,0.076599,59.2886,0.999677
2445.pgm,10000,65536,15968,24.3652,0.02709,0.077484,59.2387,0.999798
2446.pgm,10000,65536,19232,29.3457,0.04398,0.077377,59.2447,0.999861
2447.pgm,10000,65536,22800,34.79,0.16707,0.076874,59.273,0.999673
2448.pgm,10000,65536,22112,33.7402,0.06642,0.076309,59.305,0.999826
2449.pgm,10000,65536,17456,26.6357,0.04915,0.077377,59.2447,0.999733
2450.pgm,10000,65536,21616,32.9834,0.06818,0.075821,59.3329,0.99985
2451.pgm,10000,65536,14672,22.3877,0.15336,0.07637,59.3016,0.999721
2452.pgm,10000,65536,17824,27.1973,0.07064,0.075623,59.3443,0.999744
2453.pgm,10000,65536,15168,23.1445,0.03899,0.076569,59.2903,0.999771
2454.pgm,10000,65536,13776,21.0205,0.03277,0.076538,59.292,0.999824
2455.pgm,10000,65536,28320,43.2129,0.03227,0.07608,59.3181,0.99974
2456.pgm,10000,65536,18128,27.6611,0.02904,0.075699,59.3399,0.999827
2457.pgm,10000,65536,15760,24.0479,0.02629,0.077103,59.2601,0.999781
2458.pgm,10000,65536,26896,41.04,0.02637,0.075287,59.3636,0.999906
2460.pgm,10000,65536,23712,36.1816,0.02794,0.076797,59.2773,0.999725
2461.pgm,10000,65536,56160,85.6934,0.03879,0.077133,59.2584,0.999933
2462.pgm,10000,65536,14864,22.6807,0.03393,0.075775,59.3355,0.999845
2463.pgm,10000,65536,16544,25.2441,0.03386,0.075974,59.3242,0.999818
2464.pgm,10000,65536,57088,87.1094,0.04162,0.076797,59.2773,0.999946
2465.pgm,10000,65536,19120,29.1748,0.03985,0.076157,59.3137,0.999817
2466.pgm,10000,65536,18768,28.6377,0.06306,0.076889,59.2722,0.999745
2467.pgm,10000,65536,21104,32.2021,0.08763,0.075623,59.3443,0.999756
2469.pgm,10000,65536,13664,20.8496,0.0485,0.075058,59.3768,0.999727
2470.pgm,10000,65536,11712,17.8711,0.03351,0.075928,59.3268,0.999751
2472.pgm,10000,65536,19136,29.1992,0.03475,0.077957,59.2122,0.999789
2473.pgm,10000,65536,26416,40.3076,0.03214,0.076691,59.2834,0.999829
2476.pgm,10000,65536,28816,43.9697,0.03128,0.076477,59.2955,0.99986
2477.pgm,10000,65536,17216,26.2695,0.02969,0.076553,59.2912,0.999659
2478.pgm,10000,65536,14048,21.4355,0.02916,0.075684,59.3408,0.999794
2479.pgm,10000,65536,27936,42.627,0.03334,0.077286,59.2498,0.999776
2480.pgm,10000,65536,23520,35.8887,0.03553,0.076538,59.292,0.999744
2481.pgm,10000,65536,59600,90.9424,0.04589,0.076614,59.2877,0.999944
2482.pgm,10000,65536,56992,86.9629,0.0464,0.07489,59.3866,0.999938
2483.pgm,10000,65536,26112,39.8438,0.03552,0.076523,59.2929,0.99979
2484.pgm,10000,65536,26560,40.5273,0.03082,0.074982,59.3813,0.999731
2485.pgm,10000,65536,17264,26.3428,0.0258,0.07486,59.3883,0.999774
2486.pgm,10000,65536,42560,64.9414,0.02862,0.076996,59.2661,0.999706
2487.pgm,10000,65536,22672,34.5947,0.02328,0.076004,59.3224,0.9998
2488.pgm,10000,65536,43488,66.3574,0.02729,0.075668,59.3417,0.999901
2489.pgm,10000,65536,20160,30.7617,0.03176,0.075897,59.3285,0.999754
2490.pgm,10000,65536,14784,22.5586,0.04242,0.077179,59.2558,0.999696
2491.pgm,10000,65536,32464,49.5361,0.21051,0.075989,59.3233,0.9998
2492.pgm,10000,65536,18288,27.9053,0.0458,0.076218,59.3102,0.99982
2493.pgm,10000,65536,15600,23.8037,0.0319,0.076385,59.3007,0.99972
2494.pgm,10000,65536,12416,18.9453,0.02819,0.076065,59.319,0.999618
2495.pgm,10000,65536,16912,25.8057,0.02861,0.076859,59.2739,0.999777
2496.pgm,10000,65536,14608,22.29,0.02532,0.076263,59.3076,0.999803
2497.pgm,10000,65536,22512,34.3506,0.02576,0.077026,59.2644,0.999789
2498.pgm,10000,65536,17392,26.5381,0.0243,0.075241,59.3663,0.999749
2499.pgm,10000,65536,34448,52.5635,0.02579,0.076859,59.2739,0.999842
2500.pgm,10000,65536,21744,33.1787,0.02527,0.076431,59.2981,0.999675
2501.pgm,10000,65536,23744,36.2305,0.03042,0.076309,59.305,0.999864
2503.pgm,10000,65536,18544,28.2959,0.16201,0.076721,59.2817,0.999729
2504.pgm,10000,65536,10384,15.8447,0.08567,0.076813,59.2765,0.999759
2505.pgm,10000,65536,28768,43.8965,0.05471,0.076981,59.267,0.999862
2506.pgm,10000,65536,12000,18.3105,0.03794,0.076447,59.2972,0.999785
2507.pgm,10000,65536,13152,20.0684,0.03165,0.076706,59.2825,0.999847
2508.pgm,10000,65536,20928,31.9336,0.02999,0.07634,59.3033,0.999811
2510.pgm,10000,65536,22592,34.4727,0.0272,0.077072,59.2618,0.999705
2511.pgm,10000,65536,13296,20.2881,0.02458,0.075546,59.3487,0.999668
2512.pgm,10000,65536,12400,18.9209,0.02346,0.076172,59.3129,0.999772
2513.pgm,10000,65536,17968,27.417,0.02481,0.076096,59.3172,0.999851
2514.pgm,10000,65536,56432,86.1084,0.03612,0.075958,59.3251,0.999894
2515.pgm,10000,65536,41056,62.6465,0.18316,0.076584,59.2894,0.999903
2516.pgm,10000,65536,11776,17.9688,0.03814,0.076935,59.2696,0.999715
2517.pgm,10000,65536,20944,31.958,0.02554,0.077164,59.2567,0.999709
2518.pgm,10000,65536,48320,73.7305,0.02354,0.075684,59.3408,0.999883
2519.pgm,10000,65536,27792,42.4072,0.01814,0.075638,59.3434,0.999829
2520.pgm,10000,65536,18832,28.7354,0.01789,0.076248,59.3085,0.99984
2521.pgm,10000,65536,21184,32.3242,0.02033,0.074997,59.3804,0.999776
2522.pgm,10000,65536,20864,31.8359,0.02155,0.076126,59.3155,0.999716
2523.pgm,10000,65536,17344,26.4648,0.02537,0.077545,59.2353,0.999681
2525.pgm,10000,65536,42272,64.502,0.20146,0.076904,59.2713,0.999859
2526.pgm,10000,65536,20496,31.2744,0.03764,0.076401,59.2998,0.999863
2527.pgm,10000,65536,16848,25.708,0.02331,0.076782,59.2782,0.999768
2528.pgm,10000,65536,11424,17.4316,0.01905,0.075851,59.3312,0.999759
2529.pgm,10000,65536,12336,18.8232,0.01659,0.074249,59.4239,0.999769
2530.pgm,10000,65536,16704,25.4883,0.01561,0.077301,59.249,0.99979
2531.pgm,10000,65536,56832,86.7188,0.02014,0.077652,59.2293,0.999946
2532.pgm,10000,65536,23504,35.8643,0.01746,0.076065,59.319,0.999884
2533.pgm,10000,65536,12320,18.7988,0.01662,0.07608,59.3181,0.999769
2534.pgm,10000,65536,14992,22.876,0.01705,0.075821,59.3329,0.999774
2535.pgm,10000,65536,43744,66.748,0.02061,0.077148,59.2575,0.999901
2536.pgm,10000,65536,12416,18.9453,0.01816,0.075821,59.3329,0.999788
2537.pgm,10000,65536,19072,29.1016,0.02008,0.075531,59.3496,0.999782
2538.pgm,10000,65536,43968,67.0898,0.02656,0.075775,59.3355,0.999879
2539.pgm,10000,65536,15216,23.2178,0.03204,0.076447,59.2972,0.999858
2540.pgm,10000,65536,26544,40.5029,0.2058,0.076477,59.2955,0.999776
2541.pgm,10000,65536,53504,81.6406,0.04623,0.074982,59.3813,0.999827
2542.pgm,10000,65536,40960,62.5,0.02688,0.076675,59.2842,0.999932
2543.pgm,10000,65536,17568,26.8066,0.02007,0.074341,59.4185,0.99978
2545.pgm,10000,65536,12736,19.4336,0.02097,0.076187,59.312,0.999791
2546.pgm,10000,65536,33200,50.6592,0.02152,0.074982,59.3813,0.999805
2547.pgm,10000,65536,55104,84.082,0.029,0.075989,59.3233,0.999972
2548.pgm,10000,65536,24704,37.6953,0.092,0.076523,59.2929,0.999796
2550.pgm,10000,65536,54064,82.4951,0.06724,0.07579,59.3347,0.999801
2551.pgm,10000,65536,39216,59.8389,0.02792,0.076752,59.2799,0.999917
2552.pgm,10000,65536,64256,98.0469,0.02474,0.075287,59.3636,0.9999
2553.pgm,10000,65536,11472,17.5049,0.01764,0.076401,59.2998,0.999793
2554.pgm,10000,65536,15776,24.0723,0.01907,0.075882,59.3294,0.999562
2555.pgm,10000,65536,13728,20.9473,0.02016,0.077087,59.261,0.999856
2556.pgm,10000,65536,18160,27.71,0.02067,0.076004,59.3224,0.999714
2557.pgm,10000,65536,20992,32.0312,0.01953,0.07695,59.2687,0.999755
2558.pgm,10000,65536,25904,39.5264,0.02007,0.076355,59.3024,0.999857
2559.pgm,10000,65536,65312,99.6582,0.02764,0.077271,59.2507,0.999878
2560.pgm,10000,65536,34624,52.832,0.03169,0.076706,59.2825,0.999842
2561.pgm,10000,65536,16432,25.0732,0.13066,0.076111,59.3163,0.999845
2562.pgm,10000,65536,14416,21.9971,0.05249,0.076462,59.2964,0.999861
2564.pgm,10000,65536,26480,40.4053,0.02795,0.076645,59.286,0.999771
2565.pgm,10000,65536,16000,24.4141,0.02088,0.074783,59.3928,0.999877
2567.pgm,10000,65536,34912,53.2715,0.02153,0.075317,59.3619,0.99982
2568.pgm,10000,65536,12656,19.3115,0.0186,0.076569,59.2903,0.999734
2569.pgm,10000,65536,18000,27.4658,0.02128,0.076584,59.2894,0.999819
2570.pgm,10000,65536,22224,33.9111,0.02405,0.076233,59.3094,0.999882
2571.pgm,10000,65536,34272,52.2949,0.03644,0.076599,59.2886,0.999922
2572.pgm,10000,65536,15376,23.4619,0.17886,0.075836,59.332,0.99981
2573.pgm,10000,65536,28880,44.0674,0.03949,0.076828,59.2756,0.999824
2574.pgm,10000,65536,10304,15.7227,0.02421,0.075562,59.3478,0.999533
2575.pgm,10000,65536,22880,34.9121,0.02157,0.076279,59.3068,0.999819
2576.pgm,10000,65536,53088,81.0059,0.02421,0.076416,59.299,0.99993
2577.pgm,10000,65536,11856,18.0908,0.02005,0.076797,59.2773,0.99977
2579.pgm,10000,65536,19984,30.4932,0.02781,0.077316,59.2481,0.999788
2580.pgm,10000,65536,14528,22.168,0.20092,0.076874,59.273,0.999822
2581.pgm,10000,65536,15920,24.292,0.03702,0.07695,59.2687,0.999854
2582.pgm,10000,65536,26480,40.4053,0.0247,0.075821,59.3329,0.999833
2583.pgm,10000,65536,12528,19.1162,0.01963,0.075394,59.3575,0.999824
2584.pgm,10000,65536,20752,31.665,0.01944,0.075714,59.339,0.999706
2585.pgm,10000,65536,12016,18.335,0.01843,0.076614,59.2877,0.999831
2586.pgm,10000,65536,21952,33.4961,0.02173,0.07579,59.3347,0.999861
2587.pgm,10000,65536,19872,30.3223,0.02085,0.076935,59.2696,0.99977
2588.pgm,10000,65536,20144,30.7373,0.02112,0.077164,59.2567,0.999758
2589.pgm,10000,65536,52432,80.0049,0.02964,0.075928,59.3268,0.999828
2590.pgm,10000,65536,15408,23.5107,0.13623,0.07695,59.2687,0.99974
2593.pgm,10000,65536,17808,27.1729,0.04309,0.076111,59.3163,0.999793
2594.pgm,10000,65536,12320,18.7988,0.02446,0.076447,59.2972,0.99977
2596.pgm,10000,65536,61568,93.9453,0.02345,0.077087,59.261,0.999924
2597.pgm,10000,65536,21328,32.5439,0.01786,0.077087,59.261,0.999742
2598.pgm,10000,65536,11744,17.9199,0.02096,0.0755,59.3513,0.99975
2599.pgm,10000,65536,13584,20.7275,0.02081,0.077438,59.2412,0.999768
2600.pgm,10000,65536,18784,28.6621,0.02228,0.07692,59.2704,0.999863
2601.pgm,10000,65536,15808,24.1211,0.02917,0.0755,59.3513,0.999644
2603.pgm,10000,65536,24880,37.9639,0.20853,0.076355,59.3024,0.999764
2604.pgm,10000,65536,27792,42.4072,0.03728,0.076431,59.2981,0.999862
2605.pgm,10000,65536,18608,28.3936,0.02515,0.077118,59.2593,0.999849
2606.pgm,10000,65536,24928,38.0371,0.02476,0.076736,59.2808,0.999747
2607.pgm,10000,65536,19552,29.834,0.02333,0.076065,59.319,0.999841
2608.pgm,10000,65536,46544,71.0205,0.03505,0.077087,59.261,0.999924
2609.pgm,10000,65536,22032,33.6182,0.13974,0.076248,59.3085,0.999807
2610.pgm,10000,65536,41952,64.0137,0.05372,0.076019,59.3216,0.999949
2611.pgm,10000,65536,12624,19.2627,0.02457,0.077133,59.2584,0.999757
2612.pgm,10000,65536,17648,26.9287,0.02141,0.075485,59.3522,0.999722
2613.pgm,10000,65536,17760,27.0996,0.02023,0.075302,59.3627,0.999779
2614.pgm,10000,65536,20016,30.542,0.02026,0.07634,59.3033,0.999775
2616.pgm,10000,65536,14096,21.5088,0.01909,0.075989,59.3233,0.999566
2617.pgm,10000,65536,19456,29.6875,0.01954,0.07663,59.2868,0.999863
2618.pgm,10000,65536,46736,71.3135,0.02387,0.075775,59.3355,0.999894
2619.pgm,10000,65536,20032,30.5664,0.0241,0.075333,59.361,0.999746
2620.pgm,10000,65536,18752,28.6133,0.04779,0.07666,59.2851,0.999688
2621.pgm,10000,65536,42496,64.8438,0.12434,0.074112,59.4319,0.999941
2622.pgm,10000,65536,24480,37.3535,0.02921,0.076355,59.3024,0.999737
2623.pgm,10000,65536,35664,54.4189,0.02355,0.076111,59.3163,0.99985
2624.pgm,10000,65536,13952,21.2891,0.0176,0.075821,59.3329,0.999768
2625.pgm,10000,65536,15664,23.9014,0.0194,0.076294,59.3059,0.999798
2627.pgm,10000,65536,18432,28.125,0.02001,0.077164,59.2567,0.999849
2629.pgm,10000,65536,11600,17.7002,0.02045,0.07608,59.3181,0.99982
2630.pgm,10000,65536,24720,37.7197,0.02545,0.073883,59.4454,0.999797
2631.pgm,10000,65536,11312,17.2607,0.05243,0.075912,59.3277,0.999775
2632.pgm,10000,65536,11456,17.4805,0.10459,0.076279,59.3068,0.999705
2633.pgm,10000,65536,19216,29.3213,0.02876,0.077118,59.2593,0.999705
2634.pgm,10000,65536,20288,30.957,0.02207,0.075134,59.3724,0.99981
2635.pgm,10000,65536,15632,23.8525,0.01835,0.075424,59.3557,0.999749
2636.pgm,10000,65536,46160,70.4346,0.02078,0.075272,59.3645,0.999873
2637.pgm,10000,65536,17856,27.2461,0.01913,0.074066,59.4346,0.999867
2638.pgm,10000,65536,30272,46.1914,0.02296,0.076492,59.2946,0.999916
2639.pgm,10000,65536,13248,20.2148,0.02183,0.07666,59.2851,0.999796
2640.pgm,10000,65536,28560,43.5791,0.03406,0.077377,59.2447,0.999792
2641.pgm,10000,65536,18384,28.0518,0.1924,0.076553,59.2912,0.999792
2642.pgm,10000,65536,32768,50.0,0.03867,0.075943,59.3259,0.999879
2643.pgm,10000,65536,26816,40.918,0.0248,0.076309,59.305,0.99982
2644.pgm,10000,65536,14560,22.2168,0.01962,0.075897,59.3285,0.999797
2645.pgm,10000,65536,13776,21.0205,0.01744,0.076385,59.3007,0.999804
2646.pgm,10000,65536,23488,35.8398,0.018,0.076706,59.2825,0.999773
2647.pgm,10000,65536,12256,18.7012,0.01958,0.076416,59.299,0.999775
2648.pgm,10000,65536,12304,18.7744,0.02051,0.075455,59.3539,0.999646
2649.pgm,10000,65536,20928,31.9336,0.02902,0.075958,59.3251,0.999841
2650.pgm,10000,65536,16064,24.5117,0.19598,0.076248,59.3085,0.999739
2651.pgm,10000,65536,10304,15.7227,0.03684,0.076279,59.3068,0.999677
2652.pgm,10000,65536,35184,53.6865,0.02545,0.07605,59.3198,0.999811
2653.pgm,10000,65536,13632,20.8008,0.01892,0.076401,59.2998,0.999681
2654.pgm,10000,65536,17168,26.1963,0.01915,0.076569,59.2903,0.999701
2655.pgm,10000,65536,15696,23.9502,0.02059,0.076065,59.319,0.999697
2656.pgm,10000,65536,14832,22.6318,0.02117,0.077774,59.2225,0.999779
2657.pgm,10000,65536,26384,40.2588,0.02241,0.07634,59.3033,0.999736
2658.pgm,10000,65536,10736,16.3818,0.02008,0.077606,59.2318,0.999672
2659.pgm,10000,65536,13504,20.6055,0.02165,0.076996,59.2661,0.999785
2660.pgm,10000,65536,21664,33.0566,0.02625,0.076813,59.2765,0.999759
2661.pgm,10000,65536,28976,44.2139,0.14746,0.076599,59.2886,0.999857
2663.pgm,10000,65536,62320,95.0928,0.05005,0.07486,59.3883,0.999866
2664.pgm,10000,65536,14144,21.582,0.02264,0.075409,59.3566,0.999784
2665.pgm,10000,65536,16816,25.6592,0.02057,0.075836,59.332,0.999759
2666.pgm,10000,65536,26752,40.8203,0.02064,0.076645,59.286,0.999791
2667.pgm,10000,65536,30224,46.1182,0.02045,0.075806,59.3338,0.999804
2668.pgm,10000,65536,10496,16.0156,0.02025,0.077301,59.249,0.999823
2669.pgm,10000,65536,10160,15.5029,0.03292,0.076294,59.3059,0.999646
2671.pgm,10000,65536,15808,24.1211,0.14509,0.076126,59.3155,0.999775
2672.pgm,10000,65536,26256,40.0635,0.03228,0.075272,59.3645,0.999767
2673.pgm,10000,65536,20576,31.3965,0.02283,0.074966,59.3821,0.999838
2674.pgm,10000,65536,53344,81.3965,0.02407,0.075867,59.3303,0.999936
2675.pgm,10000,65536,25824,39.4043,0.01957,0.076721,59.2817,0.999762
2676.pgm,10000,65536,46160,70.4346,0.0217,0.076065,59.319,0.999915
2677.pgm,10000,65536,12272,18.7256,0.01732,0.07634,59.3033,0.999803
2678.pgm,10000,65536,10928,16.6748,0.01685,0.077164,59.2567,0.999741
2679.pgm,10000,65536,23904,36.4746,0.01866,0.076431,59.2981,0.999715
2680.pgm,10000,65536,11952,18.2373,0.01911,0.07547,59.3531,0.999748
2681.pgm,10000,65536,10608,16.1865,0.02458,0.07515,59.3715,0.999731
2682.pgm,10000,65536,23184,35.376,0.16975,0.076096,59.3172,0.999773
2683.pgm,10000,65536,25856,39.4531,0.04866,0.076233,59.3094,0.99981
2684.pgm,10000,65536,20880,31.8604,0.02631,0.075134,59.3724,0.999744
2685.pgm,10000,65536,23328,35.5957,0.02182,0.07634,59.3033,0.999723
2686.pgm,10000,65536,16544,25.2441,0.01931,0.075394,59.3575,0.99985
2687.pgm,10000,65536,17376,26.5137,0.02209,0.076416,59.299,0.999639
2688.pgm,10000,65536,11072,16.8945,0.02605,0.077881,59.2165,0.999774
2690.pgm,10000,65536,24112,36.792,0.19517,0.074356,59.4176,0.999828
2691.pgm,10000,65536,15312,23.3643,0.03694,0.07666,59.2851,0.999788
2692.pgm,10000,65536,12384,18.8965,0.02299,0.076385,59.3007,0.999709
2693.pgm,10000,65536,32160,49.0723,0.02249,0.075623,59.3443,0.999826
2694.pgm,10000,65536,38256,58.374,0.02237,0.077301,59.249,0.999891
2695.pgm,10000,65536,44112,67.3096,0.02274,0.076477,59.2955,0.999813
2697.pgm,10000,65536,16000,24.4141,0.01983,0.075424,59.3557,0.999624
2698.pgm,10000,65536,19552,29.834,0.0238,0.075638,59.3434,0.999764
2699.pgm,10000,65536,64832,98.9258,0.04957,0.074997,59.3804,0.999887
2700.pgm,10000,65536,11664,17.7979,0.1125,0.075272,59.3645,0.999742
2701.pgm,10000,65536,18256,27.8564,0.03076,0.07576,59.3364,0.999834
2702.pgm,10000,65536,27856,42.5049,0.02331,0.077148,59.2575,0.999743
2703.pgm,10000,65536,43040,65.6738,0.02322,0.075378,59.3583,0.999881
2704.pgm,10000,65536,15280,23.3154,0.01822,0.076691,59.2834,0.999847
2705.pgm,10000,65536,12368,18.8721,0.02205,0.076889,59.2722,0.999849
2706.pgm,10000,65536,32224,49.1699,0.03124,0.076111,59.3163,0.999875
2707.pgm,10000,65536,28096,42.8711,0.2011,0.076294,59.3059,0.999857
2708.pgm,10000,65536,10384,15.8447,0.03546,0.077026,59.2644,0.999759
2709.pgm,10000,65536,15872,24.2188,0.02436,0.076004,59.3224,0.999831
2710.pgm,10000,65536,12144,18.5303,0.02183,0.077698,59.2267,0.999759
2712.pgm,10000,65536,39344,60.0342,0.02371,0.076385,59.3007,0.999908
2713.pgm,10000,65536,20000,30.5176,0.02143,0.07695,59.2687,0.999852
2714.pgm,10000,65536,15552,23.7305,0.02181,0.076492,59.2946,0.999906
2715.pgm,10000,65536,14384,21.9482,0.02333,0.075623,59.3443,0.999843
2716.pgm,10000,65536,10208,15.5762,0.02728,0.076385,59.3007,0.999816
2717.pgm,10000,65536,30864,47.0947,0.0363,0.074524,59.4078,0.999844
2718.pgm,10000,65536,12976,19.7998,0.03678,0.075012,59.3795,0.999805
2719.pgm,10000,65536,42256,64.4775,0.05313,0.07547,59.3531,0.999854
2720.pgm,10000,65536,51440,78.4912,0.06021,0.075989,59.3233,0.999752
2721.pgm,10000,65536,18240,27.832,0.07057,0.07634,59.3033,0.999701
2722.pgm,10000,65536,15168,23.1445,0.05793,0.076492,59.2946,0.999716
2723.pgm,10000,65536,27200,41.5039,0.05451,0.075912,59.3277,0.999796
2724.pgm,10000,65536,22544,34.3994,0.05952,0.076294,59.3059,0.999871
2725.pgm,10000,65536,17152,26.1719,0.07737,0.077225,59.2532,0.999802
2726.pgm,10000,65536,28128,42.9199,0.0799,0.075668,59.3417,0.999868
2727.pgm,10000,65536,22944,35.0098,0.06001,0.07692,59.2704,0.99991
2728.pgm,10000,65536,26672,40.6982,0.04992,0.076721,59.2817,0.99977
2729.pgm,10000,65536,13584,20.7275,0.04125,0.077667,59.2284,0.999798
2730.pgm,10000,65536,15856,24.1943,0.0388,0.075806,59.3338,0.99976
2731.pgm,10000,65536,20192,30.8105,0.03623,0.077179,59.2558,0.999731
2732.pgm,10000,65536,50448,76.9775,0.0403,0.077652,59.2293,0.999929
2733.pgm,10000,65536,53584,81.7627,0.03855,0.077118,59.2593,0.999942
2734.pgm,10000,65536,36592,55.835,0.03745,0.076813,59.2765,0.999863
2735.pgm,10000,65536,18336,27.9785,0.03929,0.075333,59.361,0.999779
2736.pgm,10000,65536,26192,39.9658,0.05315,0.075348,59.3601,0.999778
2737.pgm,10000,65536,16096,24.5605,0.09877,0.076584,59.2894,0.999795
2738.pgm,10000,65536,19840,30.2734,0.07888,0.074936,59.3839,0.999735
2739.pgm,10000,65536,10384,15.8447,0.04729,0.076035,59.3207,0.999753
2740.pgm,10000,65536,32208,49.1455,0.04093,0.075958,59.3251,0.999869
2741.pgm,10000,65536,21728,33.1543,0.03632,0.076904,59.2713,0.999585
2742.pgm,10000,65536,14720,22.4609,0.03814,0.075256,59.3654,0.999814
2743.pgm,10000,65536,11440,17.4561,0.05672,0.076004,59.3224,0.999835
2744.pgm,10000,65536,19568,29.8584,0.08793,0.076645,59.286,0.999682
2745.pgm,10000,65536,10992,16.7725,0.10154,0.077545,59.2353,0.999834
2746.pgm,10000,65536,13312,20.3125,0.06062,0.075272,59.3645,0.999826
2747.pgm,10000,65536,55776,85.1074,0.0527,0.074814,59.391,0.999923
2748.pgm,10000,65536,13136,20.0439,0.0376,0.076691,59.2834,0.999578
2749.pgm,10000,65536,19792,30.2002,0.03667,0.075989,59.3233,0.999856
2751.pgm,10000,65536,16448,25.0977,0.03297,0.07515,59.3715,0.999785
2752.pgm,10000,65536,18560,28.3203,0.0342,0.077148,59.2575,0.99986
2753.pgm,10000,65536,14320,21.8506,0.14275,0.076233,59.3094,0.999775
2754.pgm,10000,65536,13376,20.4102,0.04545,0.076538,59.292,0.999857
2755.pgm,10000,65536,35696,54.4678,0.02762,0.076355,59.3024,0.999889
2756.pgm,10000,65536,12480,19.043,0.02035,0.076462,59.2964,0.999748
2757.pgm,10000,65536,14432,22.0215,0.0192,0.077621,59.231,0.999742
2759.pgm,10000,65536,30992,47.29,0.02102,0.076248,59.3085,0.999845
2760.pgm,10000,65536,18656,28.4668,0.01996,0.075974,59.3242,0.999795
2761.pgm,10000,65536,28032,42.7734,0.02215,0.075668,59.3417,0.999918
2762.pgm,10000,65536,24832,37.8906,0.0242,0.076523,59.2929,0.999844
2763.pgm,10000,65536,15152,23.1201,0.03112,0.077225,59.2532,0.999841
2764.pgm,10000,65536,16240,24.7803,0.15734,0.077438,59.2412,0.999659
2765.pgm,10000,65536,25312,38.623,0.0382,0.075638,59.3434,0.999813
2766.pgm,10000,65536,17728,27.0508,0.02346,0.075272,59.3645,0.99977
2767.pgm,10000,65536,65456,99.8779,0.02552,0.075821,59.3329,0.99992
2768.pgm,10000,65536,54064,82.4951,0.02359,0.07605,59.3198,0.999788
2769.pgm,10000,65536,12944,19.751,0.01979,0.075943,59.3259,0.999727
2770.pgm,10000,65536,40848,62.3291,0.02563,0.076843,59.2747,0.999874
2771.pgm,10000,65536,35376,53.9795,0.02772,0.076035,59.3207,0.999873
2772.pgm,10000,65536,59008,90.0391,0.1651,0.077408,59.243,0.999874
2773.pgm,10000,65536,28848,44.0186,0.04963,0.076813,59.2765,0.999908
2774.pgm,10000,65536,51024,77.8564,0.0303,0.076324,59.3042,0.999877
2775.pgm,10000,65536,19088,29.126,0.02283,0.076065,59.319,0.999878
2776.pgm,10000,65536,35872,54.7363,0.02372,0.076538,59.292,0.999847
2777.pgm,10000,65536,34192,52.1729,0.02284,0.075592,59.346,0.999885
2778.pgm,10000,65536,43264,66.0156,0.02501,0.076233,59.3094,0.999882
2779.pgm,10000,65536,30480,46.5088,0.02567,0.074524,59.4078,0.999835
2780.pgm,10000,65536,35040,53.4668,0.08496,0.074966,59.3821,0.999836
2781.pgm,10000,65536,33488,51.0986,0.06774,0.076706,59.2825,0.999866
2782.pgm,10000,65536,29984,45.752,0.02874,0.076691,59.2834,0.999926
2783.pgm,10000,65536,43568,66.4795,0.02403,0.076813,59.2765,0.999884
2784.pgm,10000,65536,48496,73.999,0.02075,0.075745,59.3373,0.999878
2785.pgm,10000,65536,24800,37.8418,0.01726,0.076096,59.3172,0.999813
2786.pgm,10000,65536,20592,31.4209,0.01589,0.076904,59.2713,0.999766
2787.pgm,10000,65536,50368,76.8555,0.02043,0.076614,59.2877,0.999939
2788.pgm,10000,65536,16240,24.7803,0.01748,0.077286,59.2498,0.999827
2789.pgm,10000,65536,14224,21.7041,0.01752,0.07663,59.2868,0.999814
2790.pgm,10000,65536,21696,33.1055,0.01941,0.07515,59.3715,0.999855
2791.pgm,10000,65536,23936,36.5234,0.02279,0.076675,59.2842,0.999847
2793.pgm,10000,65536,39760,60.6689,0.03536,0.076523,59.2929,0.999876
2794.pgm,10000,65536,14896,22.7295,0.19411,0.076111,59.3163,0.999825
2795.pgm,10000,65536,10576,16.1377,0.03179,0.075729,59.3382,0.999813
2796.pgm,10000,65536,13376,20.4102,0.02299,0.076172,59.3129,0.999732
2797.pgm,10000,65536,53952,82.3242,0.0254,0.075241,59.3663,0.999952
2798.pgm,10000,65536,48624,74.1943,0.02368,0.07547,59.3531,0.999909
2799.pgm,10000,65536,44128,67.334,0.02404,0.076752,59.2799,0.999897
2800.pgm,10000,65536,37296,56.9092,0.02411,0.075592,59.346,0.999823
2801.pgm,10000,65536,61328,93.5791,0.03697,0.075836,59.332,0.999933
2802.pgm,10000,65536,53296,81.3232,0.20329,0.077103,59.2601,0.999901
2803.pgm,10000,65536,52864,80.6641,0.04584,0.076508,59.2938,0.999918
2804.pgm,10000,65536,55264,84.3262,0.03195,0.076553,59.2912,0.99994
2805.pgm,10000,65536,50608,77.2217,0.02895,0.077164,59.2567,0.999786
2806.pgm,10000,65536,36384,55.5176,0.02739,0.075485,59.3522,0.999881
2807.pgm,10000,65536,52928,80.7617,0.03474,0.075424,59.3557,0.999925
2808.pgm,10000,65536,51008,77.832,0.1723,0.075272,59.3645,0.999924
2809.pgm,10000,65536,41488,63.3057,0.04404,0.075363,59.3592,0.999936
2810.pgm,10000,65536,32592,49.7314,0.0258,0.076569,59.2903,0.999921
2811.pgm,10000,65536,34784,53.0762,0.02203,0.07692,59.2704,0.999897
2812.pgm,10000,65536,35376,53.9795,0.02085,0.076797,59.2773,0.999914
2813.pgm,10000,65536,38160,58.2275,0.02261,0.075241,59.3663,0.999919
2814.pgm,10000,65536,29712,45.3369,0.02373,0.077438,59.2412,0.999924
2815.pgm,10000,65536,28176,42.9932,0.18981,0.074799,59.3919,0.999856
2816.pgm,10000,65536,33184,50.6348,0.04061,0.075623,59.3443,0.999921
2817.pgm,10000,65536,27536,42.0166,0.0256,0.074905,59.3857,0.999896
2818.pgm,10000,65536,26992,41.1865,0.02161,0.075348,59.3601,0.999879
2819.pgm,10000,65536,21584,32.9346,0.01931,0.075455,59.3539,0.999718
2820.pgm,10000,65536,20576,31.3965,0.01803,0.076355,59.3024,0.999784
2821.pgm,10000,65536,22752,34.7168,0.01723,0.076691,59.2834,0.999775
2822.pgm,10000,65536,24272,37.0361,0.01769,0.075287,59.3636,0.999796
2823.pgm,10000,65536,24064,36.7188,0.01855,0.075699,59.3399,0.999791
2824.pgm,10000,65536,26640,40.6494,0.02002,0.076614,59.2877,0.999776
2825.pgm,10000,65536,17856,27.2461,0.0227,0.076508,59.2938,0.999792
2827.pgm,10000,65536,34688,52.9297,0.04719,0.075577,59.3469,0.999765
2829.pgm,10000,65536,10880,16.6016,0.08875,0.076248,59.3085,0.999794
2830.pgm,10000,65536,16944,25.8545,0.02851,0.077393,59.2438,0.999874
2831.pgm,10000,65536,17120,26.123,0.02206,0.076996,59.2661,0.99978
2832.pgm,10000,65536,29136,44.458,0.02126,0.076111,59.3163,0.999825
2833.pgm,10000,65536,16304,24.8779,0.01874,0.075363,59.3592,0.999822
2834.pgm,10000,65536,21120,32.2266,0.01957,0.076599,59.2886,0.999849
2835.pgm,10000,65536,44624,68.0908,0.02391,0.075256,59.3654,0.9999
2836.pgm,10000,65536,29696,45.3125,0.03015,0.076813,59.2765,0.999878
2837.pgm,10000,65536,38816,59.2285,0.19304,0.076828,59.2756,0.999845
2838.pgm,10000,65536,37056,56.543,0.03506,0.075546,59.3487,0.999816
2840.pgm,10000,65536,37104,56.6162,0.02499,0.076599,59.2886,0.999881
2841.pgm,10000,65536,32576,49.707,0.02058,0.075928,59.3268,0.999872
2842.pgm,10000,65536,26368,40.2344,0.01948,0.076508,59.2938,0.999863
2843.pgm,10000,65536,19472,29.7119,0.02064,0.076172,59.3129,0.999909
2844.pgm,10000,65536,10864,16.5771,0.02023,0.076447,59.2972,0.999757
2845.pgm,10000,65536,41008,62.5732,0.02544,0.076431,59.2981,0.999924
2847.pgm,10000,65536,26320,40.1611,0.02667,0.077057,59.2627,0.999794
2848.pgm,10000,65536,39712,60.5957,0.10754,0.076294,59.3059,0.999919
2849.pgm,10000,65536,48336,73.7549,0.06881,0.075821,59.3329,0.999921
2850.pgm,10000,65536,45648,69.6533,0.03011,0.07663,59.2868,0.999907
2851.pgm,10000,65536,44144,67.3584,0.02455,0.075607,59.3452,0.999892
2852.pgm,10000,65536,36032,54.9805,0.02063,0.074921,59.3848,0.999887
2853.pgm,10000,65536,25920,39.5508,0.01928,0.077194,59.255,0.999813
2854.pgm,10000,65536,26416,40.3076,0.01939,0.075821,59.3329,0.999819
2855.pgm,10000,65536,17984,27.4414,0.01836,0.076752,59.2799,0.999777
2856.pgm,10000,65536,32000,48.8281,0.02269,0.076187,59.312,0.999799
2857.pgm,10000,65536,59600,90.9424,0.05693,0.076324,59.3042,0.999883
2858.pgm,10000,65536,49184,75.0488,0.10375,0.075333,59.361,0.999904
2859.pgm,10000,65536,51472,78.54,0.03295,0.075439,59.3548,0.999842
2860.pgm,10000,65536,44608,68.0664,0.02612,0.07608,59.3181,0.999852
2861.pgm,10000,65536,46640,71.167,0.0246,0.07663,59.2868,0.999856
2862.pgm,10000,65536,46144,70.4102,0.02586,0.0755,59.3513,0.999854
2863.pgm,10000,65536,49968,76.2451,0.0426,0.07579,59.3347,0.999857
2864.pgm,10000,65536,13312,20.3125,0.15487,0.077454,59.2404,0.999822
2865.pgm,10000,65536,10480,15.9912,0.03438,0.076202,59.3111,0.99984
2866.pgm,10000,65536,17888,27.2949,0.02447,0.075592,59.346,0.999799
2867.pgm,10000,65536,47888,73.0713,0.02591,0.076828,59.2756,0.999862
2868.pgm,10000,65536,52816,80.5908,0.02488,0.076279,59.3068,0.999904
2869.pgm,10000,65536,35728,54.5166,0.02453,0.075806,59.3338,0.999858
2870.pgm,10000,65536,19552,29.834,0.04231,0.076889,59.2722,0.999688
2871.pgm,10000,65536,49200,75.0732,0.13048,0.07608,59.3181,0.999872
2872.pgm,10000,65536,39760,60.6689,0.0331,0.075226,59.3671,0.999867
2873.pgm,10000,65536,35216,53.7354,0.0241,0.076599,59.2886,0.999867
2874.pgm,10000,65536,23712,36.1816,0.02114,0.075653,59.3425,0.999855
2875.pgm,10000,65536,30976,47.2656,0.02101,0.07576,59.3364,0.999891
2876.pgm,10000,65536,27552,42.041,0.02096,0.07663,59.2868,0.999864
2877.pgm,10000,65536,27856,42.5049,0.02347,0.075943,59.3259,0.999837
2878.pgm,10000,65536,52160,79.5898,0.03219,0.07785,59.2182,0.99979
2879.pgm,10000,65536,19152,29.2236,0.12092,0.075729,59.3382,0.99983
2880.pgm,10000,65536,56080,85.5713,0.06803,0.075745,59.3373,0.99987
2881.pgm,10000,65536,48688,74.292,0.03029,0.076813,59.2765,0.999848
2882.pgm,10000,65536,41648,63.5498,0.02353,0.076187,59.312,0.999885
2883.pgm,10000,65536,60592,92.4561,0.02226,0.077255,59.2515,0.999855
2884.pgm,10000,65536,17040,26.001,0.01972,0.077454,59.2404,0.999859
2885.pgm,10000,65536,31264,47.7051,0.02191,0.077148,59.2575,0.999891
2886.pgm,10000,65536,15888,24.2432,0.01894,0.075943,59.3259,0.999887
2887.pgm,10000,65536,43568,66.4795,0.02416,0.075928,59.3268,0.999896
2888.pgm,10000,65536,14016,21.3867,0.02111,0.076401,59.2998,0.999915
2889.pgm,10000,65536,15584,23.7793,0.02934,0.076843,59.2747,0.999719
2890.pgm,10000,65536,35040,53.4668,0.19518,0.075806,59.3338,0.999799
2891.pgm,10000,65536,37552,57.2998,0.04664,0.076202,59.3111,0.999808
2892.pgm,10000,65536,23808,36.3281,0.02479,0.075211,59.368,0.999909
2893.pgm,10000,65536,28672,43.75,0.02264,0.076538,59.292,0.999871
2894.pgm,10000,65536,53024,80.9082,0.02495,0.076263,59.3076,0.999915
2895.pgm,10000,65536,46256,70.5811,0.02333,0.0755,59.3513,0.999889
2896.pgm,10000,65536,34512,52.6611,0.0217,0.07605,59.3198,0.999845
2897.pgm,10000,65536,27488,41.9434,0.02465,0.077301,59.249,0.999824
2898.pgm,10000,65536,23888,36.4502,0.04721,0.077194,59.255,0.999805
2899.pgm,10000,65536,57280,87.4023,0.14294,0.076462,59.2964,0.999877
2900.pgm,10000,65536,59584,90.918,0.03564,0.075882,59.3294,0.999869
2901.pgm,10000,65536,43984,67.1143,0.03003,0.076904,59.2713,0.999839
2902.pgm,10000,65536,17040,26.001,0.02294,0.074707,59.3972,0.999765
2903.pgm,10000,65536,12832,19.5801,0.02197,0.076187,59.312,0.999762
2904.pgm,10000,65536,32768,50.0,0.02249,0.075348,59.3601,0.999856
2905.pgm,10000,65536,30896,47.1436,0.02285,0.077072,59.2618,0.999838
2906.pgm,10000,65536,31264,47.7051,0.03214,0.076508,59.2938,0.999831
2907.pgm,10000,65536,36288,55.3711,0.16392,0.077362,59.2455,0.999861
2908.pgm,10000,65536,50256,76.6846,0.03799,0.076477,59.2955,0.999902
2909.pgm,10000,65536,46224,70.5322,0.02549,0.076706,59.2825,0.999795
2910.pgm,10000,65536,51760,78.9795,0.02315,0.075638,59.3434,0.999821
2911.pgm,10000,65536,25120,38.3301,0.02156,0.078369,59.1894,0.999755
2912.pgm,10000,65536,20176,30.7861,0.0223,0.075699,59.3399,0.999858
2913.pgm,10000,65536,61952,94.5312,0.03708,0.077286,59.2498,0.999707
2914.pgm,10000,65536,31552,48.1445,0.19875,0.076004,59.3224,0.999871
2915.pgm,10000,65536,63776,97.3145,0.04104,0.077179,59.2558,0.999922
2916.pgm,10000,65536,62160,94.8486,0.02661,0.077011,59.2653,0.999936
2917.pgm,10000,65536,50592,77.1973,0.02158,0.076935,59.2696,0.999857
2918.pgm,10000,65536,50288,76.7334,0.02429,0.075577,59.3469,0.99986
2919.pgm,10000,65536,63216,96.46,0.02436,0.075089,59.3751,0.999945
2920.pgm,10000,65536,51408,78.4424,0.02348,0.076004,59.3224,0.999938
2921.pgm,10000,65536,50992,77.8076,0.02407,0.076935,59.2696,0.999938
2922.pgm,10000,65536,33024,50.3906,0.02443,0.075378,59.3583,0.999871
2923.pgm,10000,65536,33904,51.7334,0.03794,0.077179,59.2558,0.999873
2924.pgm,10000,65536,36144,55.1514,0.20418,0.075714,59.339,0.999875
2925.pgm,10000,65536,21024,32.0801,0.03569,0.076141,59.3146,0.999812
2926.pgm,10000,65536,19888,30.3467,0.02521,0.076309,59.305,0.999799
2927.pgm,10000,65536,27072,41.3086,0.02402,0.075943,59.3259,0.999821
2928.pgm,10000,65536,33184,50.6348,0.02452,0.076965,59.2679,0.999734
2929.pgm,10000,65536,41936,63.9893,0.02899,0.077225,59.2532,0.99971
2930.pgm,10000,65536,28048,42.7979,0.03227,0.07576,59.3364,0.999742
2931.pgm,10000,65536,27104,41.3574,0.05848,0.075836,59.332,0.999772
2932.pgm,10000,65536,35616,54.3457,0.11318,0.076736,59.2808,0.999861
2933.pgm,10000,65536,27984,42.7002,0.03741,0.078186,59.1995,0.999811
2934.pgm,10000,65536,22512,34.3506,0.02976,0.076431,59.2981,0.999831
2935.pgm,10000,65536,30544,46.6064,0.02881,0.07634,59.3033,0.999848
2936.pgm,10000,65536,32624,49.7803,0.02822,0.075775,59.3355,0.99984
2937.pgm,10000,65536,52944,80.7861,0.03258,0.076477,59.2955,0.999869
2938.pgm,10000,65536,65152,99.4141,0.07641,0.077042,59.2635,0.999945
2939.pgm,10000,65536,64880,98.999,0.14182,0.076263,59.3076,0.999931
2940.pgm,10000,65536,26192,39.9658,0.05482,0.075943,59.3259,0.999857
2941.pgm,10000,65536,25680,39.1846,0.03813,0.075195,59.3689,0.999795
2942.pgm,10000,65536,22272,33.9844,0.03088,0.076492,59.2946,0.99974
2943.pgm,10000,65536,27296,41.6504,0.02991,0.075958,59.3251,0.999662
2944.pgm,10000,65536,17600,26.8555,0.03224,0.075851,59.3312,0.999862
2945.pgm,10000,65536,15488,23.6328,0.02695,0.07576,59.3364,0.999861
2946.pgm,10000,65536,17360,26.4893,0.2088,0.075699,59.3399,0.999894
2947.pgm,10000,65536,21616,32.9834,0.0579,0.07692,59.2704,0.999893
2948.pgm,10000,65536,18048,27.5391,0.02881,0.076218,59.3102,0.999891
2949.pgm,10000,65536,21968,33.5205,0.02468,0.076859,59.2739,0.999872
2950.pgm,10000,65536,25648,39.1357,0.02346,0.077332,59.2472,0.999876
2951.pgm,10000,65536,23472,35.8154,0.02505,0.076141,59.3146,0.999873
2952.pgm,10000,65536,17920,27.3438,0.02934,0.075378,59.3583,0.999877
2953.pgm,10000,65536,27408,41.8213,0.18312,0.076172,59.3129,0.999816
2954.pgm,10000,65536,21824,33.3008,0.0472,0.075836,59.332,0.99989
2955.pgm,10000,65536,25840,39.4287,0.02901,0.075592,59.346,0.999729
2956.pgm,10000,65536,18880,28.8086,0.02386,0.07756,59.2344,0.999746
2957.pgm,10000,65536,30880,47.1191,0.02472,0.075394,59.3575,0.999864
2958.pgm,10000,65536,34480,52.6123,0.02775,0.076263,59.3076,0.999857
2959.pgm,10000,65536,33520,51.1475,0.14507,0.075485,59.3522,0.999757
2960.pgm,10000,65536,19504,29.7607,0.05303,0.075836,59.332,0.999727
2961.pgm,10000,65536,21808,33.2764,0.0285,0.076721,59.2817,0.999806
2962.pgm,10000,65536,22368,34.1309,0.02427,0.076157,59.3137,0.999742
2963.pgm,10000,65536,45456,69.3604,0.02667,0.075958,59.3251,0.999724
2964.pgm,10000,65536,64816,98.9014,0.04276,0.075729,59.3382,0.999943
2965.pgm,10000,65536,32048,48.9014,0.13809,0.076004,59.3224,0.999864
2966.pgm,10000,65536,19536,29.8096,0.03163,0.076584,59.2894,0.999844
2967.pgm,10000,65536,34192,52.1729,0.02546,0.076736,59.2808,0.999797
2968.pgm,10000,65536,38144,58.2031,0.02514,0.076157,59.3137,0.999793
2969.pgm,10000,65536,49472,75.4883,0.02784,0.074326,59.4194,0.999825
2970.pgm,10000,65536,45248,69.043,0.029,0.076828,59.2756,0.999793
2971.pgm,10000,65536,58208,88.8184,0.03341,0.075775,59.3355,0.999867
2972.pgm,10000,65536,45568,69.5312,0.0446,0.07666,59.2851,0.999791
2973.pgm,10000,65536,22432,34.2285,0.17214,0.075974,59.3242,0.999845
2974.pgm,10000,65536,23872,36.4258,0.07453,0.077377,59.2447,0.999837
2975.pgm,10000,65536,63232,96.4844,0.05791,0.076248,59.3085,0.999902
2976.pgm,10000,65536,26672,40.6982,0.03992,0.075851,59.3312,0.999834
2977.pgm,10000,65536,32832,50.0977,0.03448,0.077133,59.2584,0.999902
2978.pgm,10000,65536,32464,49.5361,0.03156,0.07634,59.3033,0.9999
2979.pgm,10000,65536,21296,32.4951,0.02779,0.076004,59.3224,0.999896
2980.pgm,10000,65536,35632,54.3701,0.02908,0.076431,59.2981,0.999889
2981.pgm,10000,65536,37424,57.1045,0.02899,0.076782,59.2782,0.999892
2982.pgm,10000,65536,25936,39.5752,0.03949,0.075592,59.346,0.99989
2983.pgm,10000,65536,39968,60.9863,0.12315,0.07608,59.3181,0.999919
2984.pgm,10000,65536,53408,81.4941,0.06683,0.076294,59.3059,0.999922
2985.pgm,10000,65536,31488,48.0469,0.03363,0.076233,59.3094,0.999862
2986.pgm,10000,65536,36336,55.4443,0.02916,0.077164,59.2567,0.999895
2987.pgm,10000,65536,39808,60.7422,0.02842,0.077011,59.2653,0.999894
2988.pgm,10000,65536,30592,46.6797,0.02563,0.076263,59.3076,0.999885
2989.pgm,10000,65536,61360,93.6279,0.02839,0.076157,59.3137,0.999883
2990.pgm,10000,65536,42448,64.7705,0.02554,0.075043,59.3777,0.99984
2991.pgm,10000,65536,58016,88.5254,0.02645,0.076706,59.2825,0.999903
2992.pgm,10000,65536,56288,85.8887,0.02866,0.077423,59.2421,0.999857
2993.pgm,10000,65536,51776,79.0039,0.03206,0.075729,59.3382,0.999851
2994.pgm,10000,65536,53200,81.1768,0.03713,0.076218,59.3102,0.999793
2995.pgm,10000,65536,49408,75.3906,0.03675,0.075943,59.3259,0.99977
2996.pgm,10000,65536,54320,82.8857,0.03678,0.07547,59.3531,0.999843
2997.pgm,10000,65536,58976,89.9902,0.06447,0.076721,59.2817,0.999803
2998.pgm,10000,65536,28416,43.3594,0.14202,0.076157,59.3137,0.99987
2999.pgm,10000,65536,21440,32.7148,0.02981,0.07515,59.3715,0.999868
3000.pgm,10000,65536,30464,46.4844,0.02264,0.075516,59.3504,0.999891
3001.pgm,10000,65536,22224,33.9111,0.02037,0.075195,59.3689,0.999863
3002.pgm,10000,65536,32976,50.3174,0.0238,0.076218,59.3102,0.999872
3003.pgm,10000,65536,30848,47.0703,0.02671,0.07692,59.2704,0.999883
3004.pgm,10000,65536,35872,54.7363,0.17875,0.075684,59.3408,0.999855
3005.pgm,10000,65536,28944,44.165,0.0516,0.076965,59.2679,0.999846
3006.pgm,10000,65536,17408,26.5625,0.02499,0.077881,59.2165,0.999837
3007.pgm,10000,65536,11712,17.8711,0.02004,0.07637,59.3016,0.999823
3011.pgm,10000,65536,12864,19.6289,0.01993,0.076462,59.2964,0.999792
3012.pgm,10000,65536,20192,30.8105,0.02283,0.077194,59.255,0.999848
3013.pgm,10000,65536,34912,53.2715,0.03442,0.077179,59.2558,0.999911
3014.pgm,10000,65536,37376,57.0312,0.07574,0.076309,59.305,0.999845
3015.pgm,10000,65536,37808,57.6904,0.0979,0.076157,59.3137,0.999836
3016.pgm,10000,65536,35040,53.4668,0.04763,0.075562,59.3478,0.999843
3017.pgm,10000,65536,21680,33.0811,0.03312,0.076752,59.2799,0.999671
3018.pgm,10000,65536,14592,22.2656,0.02822,0.074875,59.3874,0.999618
3019.pgm,10000,65536,34592,52.7832,0.02804,0.075729,59.3382,0.99988
3020.pgm,10000,65536,10416,15.8936,0.0245,0.076828,59.2756,0.999824
3021.pgm,10000,65536,17360,26.4893,0.02455,0.077286,59.2498,0.99979
3022.pgm,10000,65536,24464,37.3291,0.0251,0.075439,59.3548,0.999722
3023.pgm,10000,65536,58368,89.0625,0.02906,0.075317,59.3619,0.999743
3024.pgm,10000,65536,49552,75.6104,0.03398,0.076538,59.292,0.999819
3025.pgm,10000,65536,51168,78.0762,0.04993,0.076675,59.2842,0.9997
3026.pgm,10000,65536,52128,79.541,0.07069,0.075241,59.3663,0.99968
3027.pgm,10000,65536,35248,53.7842,0.06216,0.075638,59.3434,0.999851
3028.pgm,10000,65536,63920,97.5342,0.05643,0.076599,59.2886,0.999916
3029.pgm,10000,65536,55712,85.0098,0.04362,0.074829,59.3901,0.999869
3030.pgm,10000,65536,32704,49.9023,0.03243,0.077118,59.2593,0.999838
3031.pgm,10000,65536,31472,48.0225,0.03018,0.076508,59.2938,0.999798
3032.pgm,10000,65536,17472,26.6602,0.02652,0.075714,59.339,0.999648
3033.pgm,10000,65536,29152,44.4824,0.02876,0.076889,59.2722,0.999775
3034.pgm,10000,65536,25792,39.3555,0.02834,0.076797,59.2773,0.999743
3035.pgm,10000,65536,25712,39.2334,0.02732,0.075974,59.3242,0.999854
3036.pgm,10000,65536,29248,44.6289,0.02667,0.075546,59.3487,0.999852
3037.pgm,10000,65536,29008,44.2627,0.0258,0.075974,59.3242,0.999906
3038.pgm,10000,65536,43936,67.041,0.02852,0.075989,59.3233,0.99981
3039.pgm,10000,65536,40160,61.2793,0.02934,0.076828,59.2756,0.999817
3040.pgm,10000,65536,46960,71.6553,0.03402,0.07666,59.2851,0.999803
3041.pgm,10000,65536,49104,74.9268,0.04699,0.076752,59.2799,0.999822
3042.pgm,10000,65536,45440,69.3359,0.10365,0.076508,59.2938,0.999819
3043.pgm,10000,65536,45344,69.1895,0.07268,0.077545,59.2353,0.999863
3044.pgm,10000,65536,44352,67.6758,0.03737,0.075348,59.3601,0.999823
3045.pgm,10000,65536,38048,58.0566,0.02785,0.077454,59.2404,0.999823
3046.pgm,10000,65536,21168,32.2998,0.02236,0.076996,59.2661,0.999862
3047.pgm,10000,65536,24272,37.0361,0.02225,0.077148,59.2575,0.999866
3048.pgm,10000,65536,26160,39.917,0.02188,0.077271,59.2507,0.999858
3049.pgm,10000,65536,20720,31.6162,0.02039,0.076828,59.2756,0.999899
3050.pgm,10000,65536,27056,41.2842,0.02183,0.077316,59.2481,0.99987
3051.pgm,10000,65536,33568,51.2207,0.02462,0.075943,59.3259,0.999861
3052.pgm,10000,65536,27424,41.8457,0.02503,0.075821,59.3329,0.999834
3053.pgm,10000,65536,28128,42.9199,0.02897,0.076553,59.2912,0.999857
3054.pgm,10000,65536,26656,40.6738,0.04436,0.077194,59.255,0.999825
3055.pgm,10000,65536,49232,75.1221,0.12235,0.077713,59.2259,0.999849
3056.pgm,10000,65536,28672,43.75,0.05913,0.076553,59.2912,0.999865
3057.pgm,10000,65536,28944,44.165,0.03862,0.074951,59.383,0.99986
3058.pgm,10000,65536,30592,46.6797,0.03008,0.074951,59.383,0.999795
3059.pgm,10000,65536,41584,63.4521,0.02711,0.076111,59.3163,0.999826
3060.pgm,10000,65536,32880,50.1709,0.02309,0.076477,59.2955,0.999865
3061.pgm,10000,65536,32352,49.3652,0.02183,0.075836,59.332,0.999884
3062.pgm,10000,65536,28064,42.8223,0.02194,0.075317,59.3619,0.999877
3063.pgm,10000,65536,56512,86.2305,0.02633,0.075562,59.3478,0.999878
3064.pgm,10000,65536,56112,85.6201,0.02809,0.076706,59.2825,0.999853
3065.pgm,10000,65536,25104,38.3057,0.03783,0.076859,59.2739,0.999866
3066.pgm,10000,65536,24352,37.1582,0.20995,0.07811,59.2038,0.999823
3067.pgm,10000,65536,25968,39.624,0.0416,0.076096,59.3172,0.999828
3068.pgm,10000,65536,19264,29.3945,0.02998,0.074921,59.3848,0.999845
3069.pgm,10000,65536,25584,39.0381,0.02658,0.07666,59.2851,0.999815
3070.pgm,10000,65536,29008,44.2627,0.02568,0.07692,59.2704,0.999834
3071.pgm,10000,65536,30704,46.8506,0.02602,0.076279,59.3068,0.999819
3072.pgm,10000,65536,34992,53.3936,0.02968,0.075821,59.3329,0.999805
3073.pgm,10000,65536,27792,42.4072,0.02986,0.076294,59.3059,0.999875
3074.pgm,10000,65536,13568,20.7031,0.18905,0.075851,59.3312,0.999741
3075.pgm,10000,65536,42768,65.2588,0.05651,0.075699,59.3399,0.999841
3076.pgm,10000,65536,19248,29.3701,0.02651,0.077393,59.2438,0.999697
3077.pgm,10000,65536,23216,35.4248,0.02201,0.076263,59.3076,0.999797
3078.pgm,10000,65536,16672,25.4395,0.01892,0.076828,59.2756,0.999637
3079.pgm,10000,65536,17056,26.0254,0.01736,0.076492,59.2946,0.999888
3082.pgm,10000,65536,20816,31.7627,0.01987,0.076538,59.292,0.999904
3083.pgm,10000,65536,13136,20.0439,0.01921,0.076355,59.3024,0.999642
3084.pgm,10000,65536,12000,18.3105,0.02048,0.077362,59.2455,0.999817
3085.pgm,10000,65536,11632,17.749,0.02402,0.075485,59.3522,0.999601
3086.pgm,10000,65536,36064,55.0293,0.06397,0.075867,59.3303,0.99989
3087.pgm,10000,65536,14304,21.8262,0.07309,0.077026,59.2644,0.999854
3088.pgm,10000,65536,28704,43.7988,0.03018,0.076782,59.2782,0.999859
3089.pgm,10000,65536,47008,71.7285,0.02587,0.076675,59.2842,0.999849
3090.pgm,10000,65536,43568,66.4795,0.02191,0.07608,59.3181,0.999817
3092.pgm,10000,65536,30800,46.9971,0.02494,0.076385,59.3007,0.999912
3093.pgm,10000,65536,28896,44.0918,0.0234,0.076233,59.3094,0.9999
3094.pgm,10000,65536,32800,50.0488,0.02307,0.076279,59.3068,0.999887
3095.pgm,10000,65536,39040,59.5703,0.02502,0.076843,59.2747,0.999893
3096.pgm,10000,65536,32880,50.1709,0.02364,0.076859,59.2739,0.999871
3097.pgm,10000,65536,35856,54.7119,0.02606,0.07724,59.2524,0.99986
3098.pgm,10000,65536,33120,50.5371,0.03724,0.077835,59.219,0.999885
3099.pgm,10000,65536,15360,23.4375,0.20689,0.076569,59.2903,0.999715
3100.pgm,10000,65536,29808,45.4834,0.04423,0.076843,59.2747,0.99985
3101.pgm,10000,65536,25024,38.1836,0.02516,0.075211,59.368,0.999914
3102.pgm,10000,65536,20192,30.8105,0.02166,0.076431,59.2981,0.999895
3103.pgm,10000,65536,32448,49.5117,0.02343,0.076843,59.2747,0.999926
3104.pgm,10000,65536,18720,28.5645,0.02479,0.076675,59.2842,0.999911
3105.pgm,10000,65536,30592,46.6797,0.12918,0.076614,59.2877,0.999952
3106.pgm,10000,65536,21840,33.3252,0.07416,0.075043,59.3777,0.999837
3107.pgm,10000,65536,11376,17.3584,0.0217,0.076935,59.2696,0.999803
3108.pgm,10000,65536,16304,24.8779,0.01978,0.076675,59.2842,0.999797
3109.pgm,10000,65536,22400,34.1797,0.01996,0.075058,59.3768,0.999895
3110.pgm,10000,65536,21296,32.4951,0.01977,0.076096,59.3172,0.999897
3111.pgm,10000,65536,41600,63.4766,0.0244,0.076431,59.2981,0.999862
3112.pgm,10000,65536,17856,27.2461,0.02622,0.077225,59.2532,0.999784
3113.pgm,10000,65536,19664,30.0049,0.07149,0.074066,59.4346,0.999842
3114.pgm,10000,65536,31328,47.8027,0.08047,0.076797,59.2773,0.999855
3115.pgm,10000,65536,42512,64.8682,0.03232,0.076767,59.2791,0.999877
3116.pgm,10000,65536,29808,45.4834,0.02248,0.075363,59.3592,0.999855
3117.pgm,10000,65536,38656,58.9844,0.0214,0.076782,59.2782,0.999885
3118.pgm,10000,65536,19008,29.0039,0.01871,0.077698,59.2267,0.999809
3119.pgm,10000,65536,18640,28.4424,0.01816,0.075226,59.3671,0.99978
3120.pgm,10000,65536,20096,30.6641,0.01967,0.07666,59.2851,0.99976
3121.pgm,10000,65536,16240,24.7803,0.02012,0.07634,59.3033,0.99976
3122.pgm,10000,65536,14576,22.2412,0.0225,0.077026,59.2644,0.999801
3123.pgm,10000,65536,10624,16.2109,0.03366,0.076202,59.3111,0.9998
3124.pgm,10000,65536,17648,26.9287,0.18281,0.076401,59.2998,0.999767
3125.pgm,10000,65536,25264,38.5498,0.035,0.076126,59.3155,0.999864
3126.pgm,10000,65536,32496,49.585,0.02319,0.07518,59.3698,0.999851
3127.pgm,10000,65536,23824,36.3525,0.01928,0.076019,59.3216,0.99981
3128.pgm,10000,65536,27472,41.9189,0.01861,0.076736,59.2808,0.999824
3129.pgm,10000,65536,20624,31.4697,0.01983,0.076401,59.2998,0.999779
3130.pgm,10000,65536,22736,34.6924,0.02118,0.07692,59.2704,0.999821
3131.pgm,10000,65536,25808,39.3799,0.02286,0.07489,59.3866,0.999795
3132.pgm,10000,65536,47584,72.6074,0.03395,0.075317,59.3619,0.999752
3133.pgm,10000,65536,46016,70.2148,0.03796,0.076431,59.2981,0.999735
3134.pgm,10000,65536,26480,40.4053,0.11506,0.077026,59.2644,0.999813
3135.pgm,10000,65536,17792,27.1484,0.08042,0.075043,59.3777,0.999843
3136.pgm,10000,65536,28400,43.335,0.04226,0.07663,59.2868,0.999885
3137.pgm,10000,65536,22464,34.2773,0.0297,0.076431,59.2981,0.999839
3138.pgm,10000,65536,25840,39.4287,0.02494,0.076172,59.3129,0.99981
3139.pgm,10000,65536,42704,65.1611,0.02703,0.076019,59.3216,0.999921
3140.pgm,10000,65536,22800,34.79,0.02476,0.075409,59.3566,0.999823
3141.pgm,10000,65536,36544,55.7617,0.02997,0.076233,59.3094,0.999891
3142.pgm,10000,65536,32816,50.0732,0.20236,0.076553,59.2912,0.999879
3143.pgm,10000,65536,26672,40.6982,0.0368,0.075912,59.3277,0.999886
3144.pgm,10000,65536,31296,47.7539,0.02469,0.077744,59.2242,0.999869
3145.pgm,10000,65536,34928,53.2959,0.02192,0.077026,59.2644,0.999834
3146.pgm,10000,65536,29088,44.3848,0.01932,0.077286,59.2498,0.999856
3147.pgm,10000,65536,31824,48.5596,0.02038,0.075958,59.3251,0.999852
3148.pgm,10000,65536,49808,76.001,0.0224,0.076202,59.3111,0.999874
3149.pgm,10000,65536,42880,65.4297,0.02181,0.077164,59.2567,0.999888
3150.pgm,10000,65536,29376,44.8242,0.01933,0.075867,59.3303,0.999867
3151.pgm,10000,65536,27136,41.4062,0.02048,0.075882,59.3294,0.999863
3152.pgm,10000,65536,24416,37.2559,0.02228,0.076508,59.2938,0.99989
3153.pgm,10000,65536,29952,45.7031,0.02863,0.075592,59.346,0.999861
3154.pgm,10000,65536,20656,31.5186,0.16365,0.075363,59.3592,0.999824
3155.pgm,10000,65536,35920,54.8096,0.04893,0.076889,59.2722,0.999855
3156.pgm,10000,65536,34992,53.3936,0.02651,0.076324,59.3042,0.999866
3158.pgm,10000,65536,44896,68.5059,0.0235,0.075912,59.3277,0.99992
3159.pgm,10000,65536,44880,68.4814,0.02724,0.075623,59.3443,0.999914
3160.pgm,10000,65536,39936,60.9375,0.02907,0.076065,59.319,0.9999
3161.pgm,10000,65536,44000,67.1387,0.02995,0.075546,59.3487,0.99986
3162.pgm,10000,65536,33872,51.6846,0.02597,0.075256,59.3654,0.999908
3163.pgm,10000,65536,24400,37.2314,0.02632,0.077682,59.2276,0.999872
3164.pgm,10000,65536,24304,37.085,0.14204,0.076614,59.2877,0.999879
3165.pgm,10000,65536,19136,29.1992,0.05825,0.075394,59.3575,0.999759
3166.pgm,10000,65536,31488,48.0469,0.02793,0.075699,59.3399,0.999744
3167.pgm,10000,65536,26784,40.8691,0.02055,0.07576,59.3364,0.999749
3168.pgm,10000,65536,17680,26.9775,0.01693,0.077011,59.2653,0.999781
3169.pgm,10000,65536,31584,48.1934,0.01881,0.077042,59.2635,0.999787
3170.pgm,10000,65536,43312,66.0889,0.02552,0.075928,59.3268,0.999764
3171.pgm,10000,65536,20896,31.8848,0.02217,0.076935,59.2696,0.999825
3172.pgm,10000,65536,26960,41.1377,0.02229,0.076828,59.2756,0.999865
3173.pgm,10000,65536,26128,39.8682,0.02297,0.075272,59.3645,0.999807
3174.pgm,10000,65536,32176,49.0967,0.02451,0.076294,59.3059,0.999872
3175.pgm,10000,65536,32000,48.8281,0.02961,0.076202,59.3111,0.999874
3176.pgm,10000,65536,26704,40.7471,0.04596,0.075989,59.3233,0.999867
3177.pgm,10000,65536,29472,44.9707,0.15498,0.076523,59.2929,0.999856
3178.pgm,10000,65536,26608,40.6006,0.06271,0.076157,59.3137,0.999703
3179.pgm,10000,65536,29968,45.7275,0.03651,0.075592,59.346,0.99988
3180.pgm,10000,65536,32512,49.6094,0.02982,0.076782,59.2782,0.999883
3181.pgm,10000,65536,34912,53.2715,0.02845,0.075348,59.3601,0.999831
3182.pgm,10000,65536,26752,40.8203,0.02535,0.076447,59.2972,0.999846
3183.pgm,10000,65536,14592,22.2656,0.0231,0.075882,59.3294,0.999746
3184.pgm,10000,65536,18912,28.8574,0.02536,0.07695,59.2687,0.999767
3185.pgm,10000,65536,47232,72.0703,0.04797,0.075562,59.3478,0.999832
3186.pgm,10000,65536,48784,74.4385,0.16987,0.077087,59.261,0.999844
3187.pgm,10000,65536,23264,35.498,0.04293,0.07579,59.3347,0.999818
3188.pgm,10000,65536,43504,66.3818,0.03273,0.07608,59.3181,0.999738
3189.pgm,10000,65536,20848,31.8115,0.02448,0.075928,59.3268,0.999865
3190.pgm,10000,65536,12560,19.165,0.02271,0.076416,59.299,0.999818
3191.pgm,10000,65536,14656,22.3633,0.0223,0.076248,59.3085,0.9998
3192.pgm,10000,65536,40720,62.1338,0.02604,0.077225,59.2532,0.999835
3193.pgm,10000,65536,38064,58.0811,0.02562,0.076447,59.2972,0.99984
3194.pgm,10000,65536,42272,64.502,0.02648,0.074905,59.3857,0.999794
3195.pgm,10000,65536,20912,31.9092,0.02309,0.075867,59.3303,0.999812
3196.pgm,10000,65536,11472,17.5049,0.02306,0.076111,59.3163,0.999739
3197.pgm,10000,65536,49328,75.2686,0.03372,0.077072,59.2618,0.999816
3198.pgm,10000,65536,33392,50.9521,0.04661,0.077713,59.2259,0.999828
3199.pgm,10000,65536,30512,46.5576,0.07882,0.076767,59.2791,0.999802
3200.pgm,10000,65536,11728,17.8955,0.07317,0.076523,59.2929,0.999755
3201.pgm,10000,65536,34480,52.6123,0.05368,0.076248,59.3085,0.999784
3202.pgm,10000,65536,16960,25.8789,0.03668,0.076035,59.3207,0.99982
3203.pgm,10000,65536,40032,61.084,0.03816,0.075989,59.3233,0.999777
3204.pgm,10000,65536,23920,36.499,0.03441,0.077454,59.2404,0.99978
3205.pgm,10000,65536,24864,37.9395,0.04199,0.076904,59.2713,0.999766
3206.pgm,10000,65536,23696,36.1572,0.20371,0.077713,59.2259,0.9998
3207.pgm,10000,65536,37712,57.5439,0.0345,0.078812,59.1649,0.999788
3208.pgm,10000,65536,26880,41.0156,0.02389,0.076874,59.273,0.99979
3209.pgm,10000,65536,36000,54.9316,0.02238,0.07785,59.2182,0.99988
3210.pgm,10000,65536,32736,49.9512,0.02165,0.075806,59.3338,0.99989
3211.pgm,10000,65536,39008,59.5215,0.02662,0.076096,59.3172,0.999799
3212.pgm,10000,65536,25312,38.623,0.06095,0.077438,59.2412,0.999839
3213.pgm,10000,65536,29712,45.3369,0.10097,0.076492,59.2946,0.999887
3214.pgm,10000,65536,19792,30.2002,0.05404,0.076797,59.2773,0.99982
3215.pgm,10000,65536,33680,51.3916,0.03593,0.075684,59.3408,0.999857
3216.pgm,10000,65536,31472,48.0225,0.02949,0.076538,59.292,0.999901
3217.pgm,10000,65536,15984,24.3896,0.02556,0.075638,59.3434,0.999845
3218.pgm,10000,65536,36096,55.0781,0.02716,0.07634,59.3033,0.999881
3219.pgm,10000,65536,35952,54.8584,0.02669,0.076172,59.3129,0.999878
3220.pgm,10000,65536,32048,48.9014,0.02625,0.077057,59.2627,0.99982
3221.pgm,10000,65536,30832,47.0459,0.03744,0.076599,59.2886,0.999833
3222.pgm,10000,65536,33392,50.9521,0.18021,0.077988,59.2105,0.99989
3223.pgm,10000,65536,26544,40.5029,0.03384,0.076187,59.312,0.999846
3224.pgm,10000,65536,28384,43.3105,0.02291,0.075867,59.3303,0.999852
3225.pgm,10000,65536,33072,50.4639,0.01926,0.076172,59.3129,0.999879
3226.pgm,10000,65536,26560,40.5273,0.01742,0.07785,59.2182,0.999876
3227.pgm,10000,65536,32880,50.1709,0.0175,0.077499,59.2378,0.999862
3228.pgm,10000,65536,35232,53.7598,0.01962,0.076324,59.3042,0.999887
3229.pgm,10000,65536,28592,43.6279,0.01907,0.077576,59.2335,0.999851
3230.pgm,10000,65536,19632,29.9561,0.01815,0.075882,59.3294,0.999783
3231.pgm,10000,65536,42208,64.4043,0.02099,0.075516,59.3504,0.999884
3232.pgm,10000,65536,41968,64.0381,0.02415,0.07576,59.3364,0.999899
3233.pgm,10000,65536,34832,53.1494,0.02784,0.075058,59.3768,0.999886
3234.pgm,10000,65536,41360,63.1104,0.19029,0.076065,59.319,0.999784
3235.pgm,10000,65536,36224,55.2734,0.05328,0.074356,59.4176,0.999904
3236.pgm,10000,65536,28656,43.7256,0.02705,0.0784,59.1877,0.999824
3237.pgm,10000,65536,37344,56.9824,0.02291,0.075592,59.346,0.999901
3238.pgm,10000,65536,28944,44.165,0.0201,0.07756,59.2344,0.99972
3239.pgm,10000,65536,30464,46.4844,0.02104,0.076538,59.292,0.99972
3240.pgm,10000,65536,39552,60.3516,0.02152,0.07663,59.2868,0.999864
3241.pgm,10000,65536,23696,36.1572,0.01884,0.076324,59.3042,0.999882
3242.pgm,10000,65536,40496,61.792,0.02374,0.076401,59.2998,0.999918
3243.pgm,10000,65536,40016,61.0596,0.02822,0.076004,59.3224,0.999902
3244.pgm,10000,65536,39936,60.9375,0.03299,0.077469,59.2395,0.999904
3245.pgm,10000,65536,33200,50.6592,0.03358,0.075272,59.3645,0.99982
3246.pgm,10000,65536,63888,97.4854,0.17937,0.076904,59.2713,0.999945
3247.pgm,10000,65536,35072,53.5156,0.04287,0.075317,59.3619,0.999797
3248.pgm,10000,65536,16000,24.4141,0.02312,0.07634,59.3033,0.999775
3249.pgm,10000,65536,24640,37.5977,0.02272,0.075394,59.3575,0.999781
3250.pgm,10000,65536,51392,78.418,0.02512,0.076538,59.292,0.99991
3251.pgm,10000,65536,35744,54.541,0.02579,0.075134,59.3724,0.999861
3252.pgm,10000,65536,60176,91.8213,0.14496,0.077301,59.249,0.999944
3253.pgm,10000,65536,42240,64.4531,0.05786,0.076859,59.2739,0.999896
3254.pgm,10000,65536,42000,64.0869,0.028,0.077744,59.2242,0.999891
3255.pgm,10000,65536,49520,75.5615,0.02277,0.075562,59.3478,0.999922
3256.pgm,10000,65536,44608,68.0664,0.02044,0.076859,59.2739,0.999885
3257.pgm,10000,65536,38560,58.8379,0.01934,0.075851,59.3312,0.999871
3258.pgm,10000,65536,27968,42.6758,0.01996,0.076279,59.3068,0.999797
3259.pgm,10000,65536,62064,94.7021,0.02256,0.076889,59.2722,0.999905
3260.pgm,10000,65536,35984,54.9072,0.02114,0.074509,59.4087,0.999914
3261.pgm,10000,65536,56512,86.2305,0.02515,0.075836,59.332,0.999902
3262.pgm,10000,65536,32640,49.8047,0.02443,0.076859,59.2739,0.999866
3263.pgm,10000,65536,25888,39.502,0.02744,0.077103,59.2601,0.999839
3264.pgm,10000,65536,37648,57.4463,0.03611,0.076523,59.2929,0.99989
3265.pgm,10000,65536,46128,70.3857,0.04085,0.076492,59.2946,0.999912
3266.pgm,10000,65536,33376,50.9277,0.04272,0.075974,59.3242,0.999921
3267.pgm,10000,65536,36496,55.6885,0.05587,0.075195,59.3689,0.999863
3268.pgm,10000,65536,39184,59.79,0.07991,0.075302,59.3627,0.999822
3269.pgm,10000,65536,49856,76.0742,0.06567,0.07637,59.3016,0.999853
3270.pgm,10000,65536,22240,33.9355,0.04979,0.075882,59.3294,0.999846
3271.pgm,10000,65536,46544,71.0205,0.05271,0.07666,59.2851,0.999886
3272.pgm,10000,65536,38832,59.2529,0.0786,0.076233,59.3094,0.999901
3273.pgm,10000,65536,28608,43.6523,0.15577,0.076477,59.2955,0.999888
3274.pgm,10000,65536,39808,60.7422,0.04865,0.077271,59.2507,0.999858
3275.pgm,10000,65536,30800,46.9971,0.02607,0.077423,59.2421,0.999855
3276.pgm,10000,65536,39264,59.9121,0.0217,0.076447,59.2972,0.999836
3277.pgm,10000,65536,51600,78.7354,0.02204,0.077255,59.2515,0.999852
3278.pgm,10000,65536,44768,68.3105,0.02558,0.076843,59.2747,0.999854
3279.pgm,10000,65536,41888,63.916,0.02447,0.075516,59.3504,0.999856
3280.pgm,10000,65536,39600,60.4248,0.02403,0.075684,59.3408,0.999889
3281.pgm,10000,65536,26096,39.8193,0.02351,0.075378,59.3583,0.999815
3282.pgm,10000,65536,41872,63.8916,0.03395,0.074982,59.3813,0.999832
3283.pgm,10000,65536,39264,59.9121,0.19019,0.076904,59.2713,0.999825
3284.pgm,10000,65536,36320,55.4199,0.04254,0.075409,59.3566,0.999792
3285.pgm,10000,65536,15632,23.8525,0.02329,0.07486,59.3883,0.999807
3286.pgm,10000,65536,20448,31.2012,0.02029,0.07666,59.2851,0.999807
3287.pgm,10000,65536,35216,53.7354,0.01992,0.07634,59.3033,0.999901
3288.pgm,10000,65536,33200,50.6592,0.01816,0.076187,59.312,0.999911
3289.pgm,10000,65536,48928,74.6582,0.0219,0.077057,59.2627,0.999918
3290.pgm,10000,65536,52064,79.4434,0.02372,0.076645,59.286,0.999922
3291.pgm,10000,65536,53056,80.957,0.0238,0.076721,59.2817,0.999898
3292.pgm,10000,65536,25088,38.2812,0.02096,0.0746,59.4034,0.999831
3293.pgm,10000,65536,22512,34.3506,0.02043,0.07666,59.2851,0.999833
3294.pgm,10000,65536,25856,39.4531,0.02176,0.076538,59.292,0.999841
3295.pgm,10000,65536,20464,31.2256,0.02488,0.076187,59.312,0.999894
3296.pgm,10000,65536,24032,36.6699,0.06279,0.075363,59.3592,0.999891
3297.pgm,10000,65536,21712,33.1299,0.08261,0.075439,59.3548,0.999885
3298.pgm,10000,65536,17120,26.123,0.02616,0.07608,59.3181,0.999879
3299.pgm,10000,65536,28160,42.9688,0.02214,0.076675,59.2842,0.999868
3300.pgm,10000,65536,14160,21.6064,0.01776,0.076904,59.2713,0.999865
3301.pgm,10000,65536,35264,53.8086,0.02185,0.075867,59.3303,0.999902
3302.pgm,10000,65536,34176,52.1484,0.02486,0.074966,59.3821,0.999904
3303.pgm,10000,65536,36224,55.2734,0.02433,0.074524,59.4078,0.99984
3304.pgm,10000,65536,13728,20.9473,0.02443,0.074783,59.3928,0.999868
3305.pgm,10000,65536,24496,37.3779,0.02543,0.075256,59.3654,0.99988
3308.pgm,10000,65536,39232,59.8633,0.02701,0.076843,59.2747,0.999885
3309.pgm,10000,65536,41072,62.6709,0.02721,0.07666,59.2851,0.999879
3310.pgm,10000,65536,50320,76.7822,0.02796,0.076767,59.2791,0.999881
3311.pgm,10000,65536,50608,77.2217,0.02778,0.076996,59.2661,0.999871
3312.pgm,10000,65536,17744,27.0752,0.02457,0.076324,59.3042,0.999774
3313.pgm,10000,65536,10064,15.3564,0.03053,0.077316,59.2481,0.999754
3314.pgm,10000,65536,28624,43.6768,0.046,0.07605,59.3198,0.999856
3315.pgm,10000,65536,28752,43.8721,0.08844,0.07695,59.2687,0.999855
3316.pgm,10000,65536,11744,17.9199,0.06371,0.075867,59.3303,0.999555
3317.pgm,10000,65536,42320,64.5752,0.05843,0.075699,59.3399,0.999917
3318.pgm,10000,65536,43264,66.0156,0.05147,0.075241,59.3663,0.999917
3319.pgm,10000,65536,41360,63.1104,0.05373,0.075958,59.3251,0.99984
3320.pgm,10000,65536,35968,54.8828,0.0458,0.076523,59.2929,0.999919
3321.pgm,10000,65536,46032,70.2393,0.04465,0.075775,59.3355,0.999873
3322.pgm,10000,65536,42784,65.2832,0.04661,0.077438,59.2412,0.999874
3323.pgm,10000,65536,40176,61.3037,0.0473,0.076874,59.273,0.999892
3324.pgm,10000,65536,42064,64.1846,0.04663,0.078125,59.2029,0.999883
3325.pgm,10000,65536,20784,31.7139,0.03738,0.076416,59.299,0.999808
3326.pgm,10000,65536,24528,37.4268,0.03404,0.076309,59.305,0.999873
3327.pgm,10000,65536,36912,56.3232,0.03296,0.076401,59.2998,0.999865
3328.pgm,10000,65536,45408,69.2871,0.0298,0.076767,59.2791,0.999889
3329.pgm,10000,65536,17840,27.2217,0.02361,0.07692,59.2704,0.999859
3330.pgm,10000,65536,13760,20.9961,0.02321,0.076416,59.299,0.999814
3331.pgm,10000,65536,14320,21.8506,0.02197,0.076553,59.2912,0.999841
3333.pgm,10000,65536,19856,30.2979,0.02375,0.075439,59.3548,0.999861
3334.pgm,10000,65536,21232,32.3975,0.02734,0.077515,59.237,0.999836
3335.pgm,10000,65536,23072,35.2051,0.07568,0.075974,59.3242,0.999859
3336.pgm,10000,65536,28912,44.1162,0.07974,0.078384,59.1885,0.99983
3337.pgm,10000,65536,24576,37.5,0.03821,0.077682,59.2276,0.999821
3338.pgm,10000,65536,38896,59.3506,0.03318,0.07547,59.3531,0.999886
3339.pgm,10000,65536,30176,46.0449,0.02653,0.07692,59.2704,0.999891
3341.pgm,10000,65536,44304,67.6025,0.02798,0.074936,59.3839,0.999865
3342.pgm,10000,65536,36352,55.4688,0.02512,0.075714,59.339,0.999875
3343.pgm,10000,65536,16656,25.415,0.02173,0.07608,59.3181,0.999801
3344.pgm,10000,65536,37248,56.8359,0.02396,0.075729,59.3382,0.999907
3345.pgm,10000,65536,40208,61.3525,0.02549,0.076401,59.2998,0.99989
3346.pgm,10000,65536,25072,38.2568,0.02479,0.075806,59.3338,0.999892
3347.pgm,10000,65536,35968,54.8828,0.02796,0.075714,59.339,0.999906
3348.pgm,10000,65536,28560,43.5791,0.03022,0.075745,59.3373,0.99989
3349.pgm,10000,65536,10720,16.3574,0.03251,0.077225,59.2532,0.99978
3351.pgm,10000,65536,14288,21.8018,0.03749,0.074814,59.391,0.99976
3352.pgm,10000,65536,41872,63.8916,0.04134,0.075928,59.3268,0.999878
3353.pgm,10000,65536,36640,55.9082,0.04188,0.074432,59.4132,0.99988
3354.pgm,10000,65536,60064,91.6504,0.05207,0.076385,59.3007,0.999891
3355.pgm,10000,65536,10960,16.7236,0.04527,0.077713,59.2259,0.999773
3356.pgm,10000,65536,23664,36.1084,0.08058,0.076828,59.2756,0.999847
3357.pgm,10000,65536,17216,26.2695,0.08429,0.076126,59.3155,0.999825
3358.pgm,10000,65536,20912,31.9092,0.05543,0.077209,59.2541,0.999885
3359.pgm,10000,65536,30704,46.8506,0.04828,0.075653,59.3425,0.999733
3360.pgm,10000,65536,25328,38.6475,0.03934,0.076263,59.3076,0.999851
3361.pgm,10000,65536,29744,45.3857,0.03578,0.074707,59.3972,0.999869
3362.pgm,10000,65536,62272,95.0195,0.04762,0.077255,59.2515,0.999883
3363.pgm,10000,65536,63424,96.7773,0.07292,0.074631,59.4016,0.999876
3364.pgm,10000,65536,63008,96.1426,0.0709,0.077133,59.2584,0.999886
3365.pgm,10000,65536,64176,97.9248,0.05939,0.076126,59.3155,0.999884
3366.pgm,10000,65536,15536,23.7061,0.03697,0.075745,59.3373,0.999836
3367.pgm,10000,65536,13920,21.2402,0.03163,0.076859,59.2739,0.999819
3368.pgm,10000,65536,54032,82.4463,0.03601,0.077087,59.261,0.999921
3369.pgm,10000,65536,43888,66.9678,0.0341,0.075989,59.3233,0.999878
3370.pgm,10000,65536,39504,60.2783,0.03241,0.074844,59.3892,0.999868
3371.pgm,10000,65536,45120,68.8477,0.03124,0.076538,59.292,0.999931
3372.pgm,10000,65536,32000,48.8281,0.02662,0.075577,59.3469,0.999925
3373.pgm,10000,65536,33824,51.6113,0.02704,0.077042,59.2635,0.999918
3374.pgm,10000,65536,64512,98.4375,0.03079,0.077148,59.2575,0.999935
3375.pgm,10000,65536,58160,88.7451,0.03245,0.075943,59.3259,0.999924
3376.pgm,10000,65536,64160,97.9004,0.03931,0.075668,59.3417,0.999933
3377.pgm,10000,65536,61904,94.458,0.0435,0.076508,59.2938,0.999877
3378.pgm,10000,65536,57104,87.1338,0.04529,0.076172,59.3129,0.999874
3379.pgm,10000,65536,61008,93.0908,0.04936,0.076294,59.3059,0.999937
3380.pgm,10000,65536,51056,77.9053,0.05006,0.076447,59.2972,0.999908
3381.pgm,10000,65536,33136,50.5615,0.03982,0.076492,59.2946,0.999858
3382.pgm,10000,65536,26192,39.9658,0.04089,0.076141,59.3146,0.999868
3383.pgm,10000,65536,37248,56.8359,0.0447,0.075302,59.3627,0.999899
3384.pgm,10000,65536,33728,51.4648,0.04842,0.076263,59.3076,0.999891
3385.pgm,10000,65536,31664,48.3154,0.04949,0.077698,59.2267,0.99988
3386.pgm,10000,65536,31888,48.6572,0.04231,0.076584,59.2894,0.999881
3387.pgm,10000,65536,17840,27.2217,0.03642,0.076355,59.3024,0.99982
3388.pgm,10000,65536,18928,28.8818,0.03698,0.076172,59.3129,0.999837
3389.pgm,10000,65536,20400,31.1279,0.03903,0.075974,59.3242,0.999802
3390.pgm,10000,65536,29440,44.9219,0.03846,0.075745,59.3373,0.99983
3391.pgm,10000,65536,38656,58.9844,0.03623,0.076294,59.3059,0.999846
3392.pgm,10000,65536,40688,62.085,0.03458,0.075607,59.3452,0.999859
3393.pgm,10000,65536,22240,33.9355,0.03096,0.076996,59.2661,0.999698
3394.pgm,10000,65536,62640,95.5811,0.03775,0.075912,59.3277,0.999831
3395.pgm,10000,65536,63680,97.168,0.04161,0.077209,59.2541,0.99985
3396.pgm,10000,65536,21232,32.3975,0.03292,0.076096,59.3172,0.999831
3397.pgm,10000,65536,12544,19.1406,0.02903,0.076767,59.2791,0.999782
3401.pgm,10000,65536,25472,38.8672,0.03019,0.075928,59.3268,0.999877
3402.pgm,10000,65536,32432,49.4873,0.0281,0.076218,59.3102,0.999816
3403.pgm,10000,65536,31712,48.3887,0.02713,0.076401,59.2998,0.999803
3404.pgm,10000,65536,28304,43.1885,0.02682,0.076569,59.2903,0.999819
3405.pgm,10000,65536,28528,43.5303,0.02629,0.076904,59.2713,0.999786
3406.pgm,10000,65536,20416,31.1523,0.02499,0.075897,59.3285,0.999763
3407.pgm,10000,65536,21184,32.3242,0.02551,0.076721,59.2817,0.999749
3408.pgm,10000,65536,31856,48.6084,0.02731,0.075424,59.3557,0.999851
3409.pgm,10000,65536,33904,51.7334,0.02774,0.076691,59.2834,0.999862
3410.pgm,10000,65536,31200,47.6074,0.02779,0.076187,59.312,0.999844
3411.pgm,10000,65536,59952,91.4795,0.03332,0.076172,59.3129,0.99989
3412.pgm,10000,65536,60528,92.3584,0.04511,0.076111,59.3163,0.999805
3413.pgm,10000,65536,58992,90.0146,0.05263,0.075211,59.368,0.999804
3414.pgm,10000,65536,12112,18.4814,0.03642,0.076111,59.3163,0.999787
3415.pgm,10000,65536,22128,33.7646,0.03404,0.076202,59.3111,0.999845
3416.pgm,10000,65536,24384,37.207,0.03127,0.075562,59.3478,0.999808
3417.pgm,10000,65536,25408,38.7695,0.02897,0.076462,59.2964,0.99981
3418.pgm,10000,65536,27104,41.3574,0.02644,0.075806,59.3338,0.999807
3419.pgm,10000,65536,46224,70.5322,0.02899,0.077469,59.2395,0.999807
3420.pgm,10000,65536,22496,34.3262,0.02656,0.076736,59.2808,0.999453
3421.pgm,10000,65536,48704,74.3164,0.03027,0.075348,59.3601,0.99962
3422.pgm,10000,65536,64144,97.876,0.05874,0.076324,59.3042,0.999849
3423.pgm,10000,65536,61584,93.9697,0.12471,0.075714,59.339,0.999852
3424.pgm,10000,65536,61088,93.2129,0.0637,0.076065,59.319,0.99987
3425.pgm,10000,65536,62896,95.9717,0.04082,0.077393,59.2438,0.999881
3426.pgm,10000,65536,57184,87.2559,0.03262,0.076797,59.2773,0.999854
3427.pgm,10000,65536,57984,88.4766,0.02747,0.074127,59.431,0.999879
3428.pgm,10000,65536,65216,99.5117,0.02644,0.075653,59.3425,0.99992
3429.pgm,10000,65536,58800,89.7217,0.02438,0.076447,59.2972,0.999888
3430.pgm,10000,65536,54736,83.5205,0.02367,0.07576,59.3364,0.999859
3431.pgm,10000,65536,62368,95.166,0.02331,0.075714,59.339,0.999753
3432.pgm,10000,65536,55744,85.0586,0.02319,0.07634,59.3033,0.999781
3433.pgm,10000,65536,58832,89.7705,0.0241,0.07692,59.2704,0.999791
3434.pgm,10000,65536,62432,95.2637,0.02854,0.076431,59.2981,0.999753
3435.pgm,10000,65536,45072,68.7744,0.03322,0.077438,59.2412,0.99981
3436.pgm,10000,65536,60336,92.0654,0.063,0.076431,59.2981,0.999835
3437.pgm,10000,65536,54048,82.4707,0.22024,0.076981,59.267,0.99982
3438.pgm,10000,65536,60704,92.627,0.04126,0.077484,59.2387,0.999855
3439.pgm,10000,65536,58640,89.4775,0.02631,0.075806,59.3338,0.999867
3440.pgm,10000,65536,62928,96.0205,0.02348,0.074844,59.3892,0.999886
3441.pgm,10000,65536,62544,95.4346,0.02524,0.075867,59.3303,0.99986
3442.pgm,10000,65536,63872,97.4609,0.02857,0.075729,59.3382,0.999864
3443.pgm,10000,65536,63200,96.4355,0.02904,0.07753,59.2361,0.999854
3444.pgm,10000,65536,64560,98.5107,0.02904,0.076385,59.3007,0.99985
3445.pgm,10000,65536,62560,95.459,0.029,0.076309,59.305,0.999871
3446.pgm,10000,65536,54688,83.4473,0.03058,0.07515,59.3715,0.99989
3447.pgm,10000,65536,50112,76.4648,0.03954,0.076477,59.2955,0.999889
3448.pgm,10000,65536,54064,82.4951,0.20395,0.077347,59.2464,0.999892
3449.pgm,10000,65536,56592,86.3525,0.05752,0.076447,59.2972,0.999883
3450.pgm,10000,65536,45168,68.9209,0.0389,0.076202,59.3111,0.999896
3451.pgm,10000,65536,58976,89.9902,0.03448,0.076645,59.286,0.999843
3452.pgm,10000,65536,62880,95.9473,0.03207,0.076843,59.2747,0.99987
3453.pgm,10000,65536,61888,94.4336,0.03042,0.076492,59.2946,0.99991
3454.pgm,10000,65536,52336,79.8584,0.02818,0.077011,59.2653,0.999877
3455.pgm,10000,65536,48400,73.8525,0.02631,0.076477,59.2955,0.999884
3456.pgm,10000,65536,31360,47.8516,0.02336,0.075256,59.3654,0.999934
3457.pgm,10000,65536,37920,57.8613,0.02805,0.07724,59.2524,0.999897
3458.pgm,10000,65536,42304,64.5508,0.0308,0.076416,59.299,0.999927
3459.pgm,10000,65536,61232,93.4326,0.03765,0.075912,59.3277,0.999868
3460.pgm,10000,65536,61952,94.5312,0.04556,0.076447,59.2972,0.999847
3461.pgm,10000,65536,61856,94.3848,0.06909,0.07605,59.3198,0.999941
3462.pgm,10000,65536,60032,91.6016,0.09351,0.076019,59.3216,0.999931
3463.pgm,10000,65536,46576,71.0693,0.04924,0.076996,59.2661,0.999904
3464.pgm,10000,65536,47376,72.29,0.0378,0.075516,59.3504,0.999909
3465.pgm,10000,65536,35664,54.4189,0.03138,0.074997,59.3804,0.999866
3466.pgm,10000,65536,57424,87.6221,0.03153,0.077087,59.261,0.999893
3467.pgm,10000,65536,18528,28.2715,0.02507,0.075409,59.3566,0.999882
3468.pgm,10000,65536,19744,30.127,0.02567,0.075806,59.3338,0.99989
3469.pgm,10000,65536,18544,28.2959,0.02516,0.07663,59.2868,0.999821
3470.pgm,10000,65536,22608,34.4971,0.02448,0.07637,59.3016,0.999838
3474.pgm,10000,65536,32640,49.8047,0.03006,0.075272,59.3645,0.999891
3475.pgm,10000,65536,36160,55.1758,0.03148,0.07637,59.3016,0.999797
3476.pgm,10000,65536,36064,55.0293,0.03525,0.077469,59.2395,0.999771
3477.pgm,10000,65536,34112,52.0508,0.04375,0.07753,59.2361,0.999817
3478.pgm,10000,65536,47264,72.1191,0.05619,0.075943,59.3259,0.999845
3479.pgm,10000,65536,45632,69.6289,0.08655,0.07608,59.3181,0.999857
3480.pgm,10000,65536,48400,73.8525,0.20041,0.07634,59.3033,0.999841
3481.pgm,10000,65536,45376,69.2383,0.05962,0.07637,59.3016,0.999838
3482.pgm,10000,65536,15504,23.6572,0.02777,0.076202,59.3111,0.999816
3483.pgm,10000,65536,56064,85.5469,0.02805,0.075287,59.3636,0.999885
3484.pgm,10000,65536,30320,46.2646,0.02156,0.075775,59.3355,0.999844
3485.pgm,10000,65536,33984,51.8555,0.02108,0.075958,59.3251,0.999895
3486.pgm,10000,65536,25296,38.5986,0.02009,0.075378,59.3583,0.99988
3487.pgm,10000,65536,17408,26.5625,0.01917,0.075363,59.3592,0.999786
3488.pgm,10000,65536,12864,19.6289,0.01859,0.076416,59.299,0.999815
3489.pgm,10000,65536,12080,18.4326,0.01863,0.075424,59.3557,0.999809
3490.pgm,10000,65536,10768,16.4307,0.01936,0.077148,59.2575,0.999776
3491.pgm,10000,65536,13584,20.7275,0.02115,0.076981,59.267,0.999741
3492.pgm,10000,65536,19312,29.4678,0.02403,0.077347,59.2464,0.999813
3493.pgm,10000,65536,26944,41.1133,0.03245,0.077347,59.2464,0.999852
3494.pgm,10000,65536,24032,36.6699,0.19175,0.076965,59.2679,0.99983
3495.pgm,10000,65536,52816,80.5908,0.04128,0.075272,59.3645,0.99994
3496.pgm,10000,65536,45472,69.3848,0.02531,0.075638,59.3434,0.99991
3497.pgm,10000,65536,41744,63.6963,0.02225,0.075821,59.3329,0.999873
3498.pgm,10000,65536,40448,61.7188,0.02647,0.076859,59.2739,0.999872
3499.pgm,10000,65536,19296,29.4434,0.0253,0.078156,59.2012,0.999876
3500.pgm,10000,65536,24096,36.7676,0.12839,0.075974,59.3242,0.999853
3501.pgm,10000,65536,33440,51.0254,0.06308,0.078262,59.1953,0.999897
3502.pgm,10000,65536,24096,36.7676,0.02789,0.075562,59.3478,0.999905
3503.pgm,10000,65536,49072,74.8779,0.02516,0.076141,59.3146,0.999778
3504.pgm,10000,65536,23520,35.8887,0.01898,0.075348,59.3601,0.999774
3505.pgm,10000,65536,46128,70.3857,0.02488,0.07634,59.3033,0.999813
3506.pgm,10000,65536,50976,77.7832,0.0259,0.076111,59.3163,0.999804
3507.pgm,10000,65536,14000,21.3623,0.02349,0.07724,59.2524,0.999781
3508.pgm,10000,65536,26176,39.9414,0.0245,0.076675,59.2842,0.999811
3509.pgm,10000,65536,26240,40.0391,0.02448,0.07489,59.3866,0.999815
3510.pgm,10000,65536,18064,27.5635,0.02922,0.077621,59.231,0.999785
3512.pgm,10000,65536,20160,30.7617,0.0839,0.074677,59.399,0.999854
3513.pgm,10000,65536,19696,30.0537,0.06412,0.07634,59.3033,0.999775
3514.pgm,10000,65536,33408,50.9766,0.0283,0.07608,59.3181,0.999855
3515.pgm,10000,65536,13568,20.7031,0.02009,0.077255,59.2515,0.999812
3516.pgm,10000,65536,20512,31.2988,0.0191,0.076645,59.286,0.999886
3517.pgm,10000,65536,22944,35.0098,0.01948,0.076294,59.3059,0.999888
3518.pgm,10000,65536,27456,41.8945,0.0236,0.076431,59.2981,0.999901
3519.pgm,10000,65536,26752,40.8203,0.02449,0.07724,59.2524,0.999894
3520.pgm,10000,65536,32736,49.9512,0.02725,0.075317,59.3619,0.999853
3521.pgm,10000,65536,19552,29.834,0.052,0.075226,59.3671,0.999705
3522.pgm,10000,65536,23760,36.2549,0.11587,0.076324,59.3042,0.999708
3523.pgm,10000,65536,27904,42.5781,0.03075,0.075409,59.3566,0.999727
3524.pgm,10000,65536,28336,43.2373,0.02368,0.075867,59.3303,0.999718
3525.pgm,10000,65536,29760,45.4102,0.02253,0.07608,59.3181,0.999765
3526.pgm,10000,65536,59600,90.9424,0.02555,0.076904,59.2713,0.999959
3527.pgm,10000,65536,51024,77.8564,0.02827,0.075806,59.3338,0.99992
3528.pgm,10000,65536,42224,64.4287,0.02812,0.076782,59.2782,0.999855
3529.pgm,10000,65536,42992,65.6006,0.03495,0.076706,59.2825,0.999876
3530.pgm,10000,65536,38128,58.1787,0.17959,0.075531,59.3496,0.999831
3531.pgm,10000,65536,33200,50.6592,0.04702,0.077209,59.2541,0.999835
3532.pgm,10000,65536,35664,54.4189,0.02663,0.077499,59.2378,0.999625
3533.pgm,10000,65536,47760,72.876,0.02291,0.077179,59.2558,0.999706
3534.pgm,10000,65536,47392,72.3145,0.02244,0.076645,59.286,0.999717
3535.pgm,10000,65536,38224,58.3252,0.02456,0.07457,59.4052,0.999894
3536.pgm,10000,65536,32752,49.9756,0.02341,0.076492,59.2946,0.999878
3537.pgm,10000,65536,24304,37.085,0.02339,0.075958,59.3251,0.999854
3538.pgm,10000,65536,47456,72.4121,0.02764,0.077271,59.2507,0.999883
3539.pgm,10000,65536,48432,73.9014,0.02836,0.076889,59.2722,0.999883
3540.pgm,10000,65536,18896,28.833,0.02403,0.076691,59.2834,0.999822
3541.pgm,10000,65536,12304,18.7744,0.02351,0.076233,59.3094,0.999823
3542.pgm,10000,65536,13696,20.8984,0.02531,0.076096,59.3172,0.999725
3543.pgm,10000,65536,17104,26.0986,0.02889,0.076599,59.2886,0.999721
3544.pgm,10000,65536,25488,38.8916,0.03533,0.075928,59.3268,0.999811
3545.pgm,10000,65536,27104,41.3574,0.06275,0.076462,59.2964,0.999808
3546.pgm,10000,65536,25664,39.1602,0.11815,0.076553,59.2912,0.99982
3547.pgm,10000,65536,36048,55.0049,0.04732,0.076263,59.3076,0.999891
3548.pgm,10000,65536,36032,54.9805,0.0349,0.076294,59.3059,0.999895
3549.pgm,10000,65536,31472,48.0225,0.03076,0.07811,59.2038,0.999792
3550.pgm,10000,65536,31632,48.2666,0.03237,0.075745,59.3373,0.999853
3551.pgm,10000,65536,24816,37.8662,0.0407,0.076141,59.3146,0.999812
3552.pgm,10000,65536,41264,62.9639,0.0897,0.077164,59.2567,0.999883
3553.pgm,10000,65536,45952,70.1172,0.0778,0.07579,59.3347,0.999876
3554.pgm,10000,65536,34112,52.0508,0.05116,0.076157,59.3137,0.999884
3555.pgm,10000,65536,29344,44.7754,0.04177,0.075897,59.3285,0.999845
3556.pgm,10000,65536,30480,46.5088,0.03804,0.078171,59.2004,0.999853
3557.pgm,10000,65536,26560,40.5273,0.03929,0.075546,59.3487,0.999829
3558.pgm,10000,65536,15792,24.0967,0.04428,0.076218,59.3102,0.999776
3560.pgm,10000,65536,27632,42.1631,0.05339,0.076813,59.2765,0.999909
3561.pgm,10000,65536,26768,40.8447,0.06299,0.075745,59.3373,0.99987
3562.pgm,10000,65536,31808,48.5352,0.06625,0.076889,59.2722,0.999889
3563.pgm,10000,65536,38208,58.3008,0.06278,0.076813,59.2765,0.999877
3564.pgm,10000,65536,27968,42.6758,0.05822,0.075272,59.3645,0.999898
3565.pgm,10000,65536,36848,56.2256,0.05458,0.076492,59.2946,0.999885
3566.pgm,10000,65536,16464,25.1221,0.03614,0.076126,59.3155,0.999874
3567.pgm,10000,65536,24768,37.793,0.03234,0.077454,59.2404,0.999875
3568.pgm,10000,65536,24720,37.7197,0.03093,0.076279,59.3068,0.999824
3569.pgm,10000,65536,28560,43.5791,0.03718,0.076767,59.2791,0.999868
3570.pgm,10000,65536,35840,54.6875,0.15779,0.077179,59.2558,0.999794
3571.pgm,10000,65536,21936,33.4717,0.06299,0.074219,59.4257,0.999884
3572.pgm,10000,65536,21632,33.0078,0.03842,0.075134,59.3724,0.999884
3573.pgm,10000,65536,39888,60.8643,0.03693,0.075729,59.3382,0.999879
3574.pgm,10000,65536,30352,46.3135,0.03025,0.075912,59.3277,0.999877
3575.pgm,10000,65536,44032,67.1875,0.03039,0.0755,59.3513,0.999893
3576.pgm,10000,65536,22224,33.9111,0.0263,0.076385,59.3007,0.999903
3577.pgm,10000,65536,28512,43.5059,0.02846,0.076797,59.2773,0.99991
3578.pgm,10000,65536,35184,53.6865,0.02882,0.076553,59.2912,0.999891
3579.pgm,10000,65536,32560,49.6826,0.02828,0.077744,59.2242,0.999881
3580.pgm,10000,65536,33200,50.6592,0.0288,0.075577,59.3469,0.999888
3581.pgm,10000,65536,28560,43.5791,0.02988,0.075928,59.3268,0.999885
3582.pgm,10000,65536,21264,32.4463,0.03425,0.07579,59.3347,0.999855
3583.pgm,10000,65536,32864,50.1465,0.06052,0.077148,59.2575,0.999885
3584.pgm,10000,65536,32384,49.4141,0.06897,0.076645,59.286,0.999878
3585.pgm,10000,65536,29472,44.9707,0.04781,0.075394,59.3575,0.999866
3586.pgm,10000,65536,33088,50.4883,0.03498,0.076111,59.3163,0.999853
3587.pgm,10000,65536,30544,46.6064,0.02876,0.07756,59.2344,0.99985
3588.pgm,10000,65536,32672,49.8535,0.02617,0.077835,59.219,0.999857
3589.pgm,10000,65536,23504,35.8643,0.02374,0.074753,59.3945,0.999874
3590.pgm,10000,65536,29072,44.3604,0.023,0.077347,59.2464,0.999913
3591.pgm,10000,65536,36464,55.6396,0.02441,0.075821,59.3329,0.999843
3592.pgm,10000,65536,35920,54.8096,0.02426,0.076981,59.267,0.999863
3593.pgm,10000,65536,28848,44.0186,0.02399,0.076965,59.2679,0.99986
3594.pgm,10000,65536,44928,68.5547,0.04573,0.075699,59.3399,0.999842
3595.pgm,10000,65536,44432,67.7979,0.18146,0.076447,59.2972,0.999835
3596.pgm,10000,65536,46944,71.6309,0.03443,0.076736,59.2808,0.999876
3597.pgm,10000,65536,47216,72.0459,0.02511,0.078613,59.1758,0.999876
3598.pgm,10000,65536,40448,61.7188,0.02358,0.076279,59.3068,0.999873
3599.pgm,10000,65536,40384,61.6211,0.02793,0.075485,59.3522,0.999872
3600.pgm,10000,65536,14528,22.168,0.04488,0.076889,59.2722,0.999793
3601.pgm,10000,65536,17328,26.4404,0.13646,0.075439,59.3548,0.999859
3602.pgm,10000,65536,17328,26.4404,0.02905,0.076889,59.2722,0.999815
3603.pgm,10000,65536,37232,56.8115,0.02417,0.074738,59.3954,0.999813
3604.pgm,10000,65536,35520,54.1992,0.0207,0.075592,59.346,0.9998
3605.pgm,10000,65536,37280,56.8848,0.01922,0.076538,59.292,0.999792
3606.pgm,10000,65536,51136,78.0273,0.02068,0.07634,59.3033,0.999915
3607.pgm,10000,65536,50128,76.4893,0.02267,0.074692,59.3981,0.999883
3608.pgm,10000,65536,10976,16.748,0.01792,0.076202,59.3111,0.999862
3609.pgm,10000,65536,51760,78.9795,0.02224,0.076019,59.3216,0.999826
3610.pgm,10000,65536,13136,20.0439,0.01874,0.07663,59.2868,0.99983
3611.pgm,10000,65536,12224,18.6523,0.01966,0.075562,59.3478,0.999838
3612.pgm,10000,65536,19776,30.1758,0.02484,0.075775,59.3355,0.999755
3613.pgm,10000,65536,10336,15.7715,0.0397,0.076233,59.3094,0.999767
3614.pgm,10000,65536,13072,19.9463,0.18788,0.077332,59.2472,0.99977
3615.pgm,10000,65536,22400,34.1797,0.03374,0.076599,59.2886,0.999747
3616.pgm,10000,65536,13616,20.7764,0.02233,0.076096,59.3172,0.99979
3617.pgm,10000,65536,13216,20.166,0.01875,0.076263,59.3076,0.999812
3618.pgm,10000,65536,12448,18.9941,0.01938,0.077362,59.2455,0.999817
3620.pgm,10000,65536,32192,49.1211,0.02346,0.076462,59.2964,0.999781
3621.pgm,10000,65536,40672,62.0605,0.02629,0.07666,59.2851,0.999774
3622.pgm,10000,65536,19712,30.0781,0.02401,0.075607,59.3452,0.999865
3623.pgm,10000,65536,24928,38.0371,0.02527,0.076782,59.2782,0.99968
3624.pgm,10000,65536,29584,45.1416,0.0302,0.075272,59.3645,0.9998
3625.pgm,10000,65536,19648,29.9805,0.08742,0.075714,59.339,0.999686
3626.pgm,10000,65536,19040,29.0527,0.06592,0.076462,59.2964,0.99972
3627.pgm,10000,65536,24672,37.6465,0.02813,0.07489,59.3866,0.999727
3628.pgm,10000,65536,20416,31.1523,0.02084,0.075485,59.3522,0.999732
3629.pgm,10000,65536,38592,58.8867,0.02031,0.075943,59.3259,0.999825
3630.pgm,10000,65536,35488,54.1504,0.02355,0.07637,59.3016,0.999812
3631.pgm,10000,65536,24240,36.9873,0.02012,0.077637,59.2301,0.999797
3632.pgm,10000,65536,21488,32.7881,0.01952,0.076126,59.3155,0.999819
3633.pgm,10000,65536,18112,27.6367,0.01881,0.075821,59.3329,0.999762
3634.pgm,10000,65536,22944,35.0098,0.0188,0.075867,59.3303,0.999767
3635.pgm,10000,65536,23664,36.1084,0.01896,0.077332,59.2472,0.99989
3636.pgm,10000,65536,17008,25.9521,0.01936,0.075577,59.3469,0.999796
3637.pgm,10000,65536,22464,34.2773,0.02343,0.075653,59.3425,0.999842
3638.pgm,10000,65536,18112,27.6367,0.03918,0.075989,59.3233,0.999826
3639.pgm,10000,65536,28096,42.8711,0.15615,0.07695,59.2687,0.999845
3640.pgm,10000,65536,16176,24.6826,0.02887,0.076157,59.3137,0.999792
3641.pgm,10000,65536,20704,31.5918,0.02218,0.076065,59.319,0.999826
3642.pgm,10000,65536,14736,22.4854,0.01921,0.076752,59.2799,0.99976
3643.pgm,10000,65536,14176,21.6309,0.01798,0.07637,59.3016,0.999771
3644.pgm,10000,65536,27456,41.8945,0.01891,0.076401,59.2998,0.999803
3645.pgm,10000,65536,18400,28.0762,0.01993,0.076096,59.3172,0.9998
3646.pgm,10000,65536,20784,31.7139,0.02026,0.076508,59.2938,0.999861
3647.pgm,10000,65536,42352,64.624,0.0235,0.076096,59.3172,0.999913
3648.pgm,10000,65536,10976,16.748,0.02047,0.075226,59.3671,0.999847
3649.pgm,10000,65536,30928,47.1924,0.02452,0.075638,59.3434,0.999897
3650.pgm,10000,65536,36832,56.2012,0.03246,0.075424,59.3557,0.999887
3651.pgm,10000,65536,35248,53.7842,0.04754,0.077072,59.2618,0.999867
3652.pgm,10000,65536,38288,58.4229,0.07433,0.075684,59.3408,0.999849
3653.pgm,10000,65536,20528,31.3232,0.17323,0.075714,59.339,0.999901
3654.pgm,10000,65536,43488,66.3574,0.0641,0.076706,59.2825,0.999897
3655.pgm,10000,65536,16672,25.4395,0.03298,0.075424,59.3557,0.999877
3656.pgm,10000,65536,36208,55.249,0.033,0.077332,59.2472,0.999828
3657.pgm,10000,65536,30624,46.7285,0.02831,0.075699,59.3399,0.999833
3658.pgm,10000,65536,11696,17.8467,0.02504,0.076218,59.3102,0.999864
3661.pgm,10000,65536,12272,18.7256,0.02634,0.077118,59.2593,0.999789
3662.pgm,10000,65536,14320,21.8506,0.03029,0.076584,59.2894,0.999789
3663.pgm,10000,65536,20464,31.2256,0.05081,0.07489,59.3866,0.999729
3664.pgm,10000,65536,17408,26.5625,0.06239,0.075806,59.3338,0.99981
3665.pgm,10000,65536,28576,43.6035,0.05867,0.075455,59.3539,0.999848
3666.pgm,10000,65536,14080,21.4844,0.04378,0.075577,59.3469,0.999781
3668.pgm,10000,65536,17840,27.2217,0.04114,0.074707,59.3972,0.999829
3669.pgm,10000,65536,18400,28.0762,0.04235,0.077805,59.2208,0.99961
3674.pgm,10000,65536,36928,56.3477,0.04631,0.075882,59.3294,0.999692
3675.pgm,10000,65536,23008,35.1074,0.04705,0.076492,59.2946,0.999807
3676.pgm,10000,65536,26576,40.5518,0.04108,0.077087,59.261,0.999766
3677.pgm,10000,65536,28368,43.2861,0.0351,0.076843,59.2747,0.999861
3678.pgm,10000,65536,14352,21.8994,0.03386,0.076645,59.286,0.999853
3680.pgm,10000,65536,12464,19.0186,0.03398,0.075302,59.3627,0.999808
3682.pgm,10000,65536,15696,23.9502,0.04135,0.07692,59.2704,0.999823
3684.pgm,10000,65536,23408,35.7178,0.05156,0.077789,59.2216,0.999745
3685.pgm,10000,65536,23312,35.5713,0.05021,0.077316,59.2481,0.999786
3686.pgm,10000,65536,17200,26.2451,0.0423,0.078339,59.191,0.999905
3687.pgm,10000,65536,19520,29.7852,0.03893,0.076599,59.2886,0.999733
3688.pgm,10000,65536,27552,42.041,0.04952,0.077728,59.225,0.999819
3689.pgm,10000,65536,18048,27.5391,0.17857,0.074951,59.383,0.999749
3690.pgm,10000,65536,16512,25.1953,0.04074,0.076447,59.2972,0.999779
3691.pgm,10000,65536,17024,25.9766,0.02371,0.076843,59.2747,0.999758
3692.pgm,10000,65536,52304,79.8096,0.02269,0.077286,59.2498,0.999872
3693.pgm,10000,65536,54624,83.3496,0.02474,0.075455,59.3539,0.999891
3694.pgm,10000,65536,31456,47.998,0.02334,0.075851,59.3312,0.999844
3695.pgm,10000,65536,18448,28.1494,0.02614,0.076553,59.2912,0.999909
3696.pgm,10000,65536,25184,38.4277,0.15904,0.07547,59.3531,0.999806
3698.pgm,10000,65536,32320,49.3164,0.04997,0.076126,59.3155,0.99976
3699.pgm,10000,65536,30864,47.0947,0.02655,0.075226,59.3671,0.999814
3700.pgm,10000,65536,38192,58.2764,0.02319,0.076599,59.2886,0.999864
3701.pgm,10000,65536,40208,61.3525,0.02255,0.076599,59.2886,0.999937
3702.pgm,10000,65536,16992,25.9277,0.018,0.07547,59.3531,0.999841
3704.pgm,10000,65536,19456,29.6875,0.01793,0.076096,59.3172,0.999839
3706.pgm,10000,65536,26448,40.3564,0.01877,0.075562,59.3478,0.999829
3707.pgm,10000,65536,44560,67.9932,0.02064,0.078583,59.1775,0.99983
3708.pgm,10000,65536,39424,60.1562,0.02175,0.076904,59.2713,0.999846
3709.pgm,10000,65536,25136,38.3545,0.02243,0.076675,59.2842,0.999831
3710.pgm,10000,65536,43856,66.9189,0.03857,0.076508,59.2938,0.999773
3713.pgm,10000,65536,12608,19.2383,0.12177,0.075592,59.346,0.999787
3714.pgm,10000,65536,15728,23.999,0.03081,0.075089,59.3751,0.999788
3715.pgm,10000,65536,33376,50.9277,0.0243,0.076111,59.3163,0.999809
3716.pgm,10000,65536,57856,88.2812,0.02331,0.075577,59.3469,0.999818
3717.pgm,10000,65536,15888,24.2432,0.02263,0.077179,59.2558,0.999778
3718.pgm,10000,65536,19104,29.1504,0.02263,0.076187,59.312,0.999831
3719.pgm,10000,65536,15904,24.2676,0.02154,0.075302,59.3627,0.999804
3720.pgm,10000,65536,45728,69.7754,0.02591,0.077209,59.2541,0.99987
3721.pgm,10000,65536,22528,34.375,0.02322,0.077209,59.2541,0.999887
3722.pgm,10000,65536,41200,62.8662,0.02688,0.07608,59.3181,0.99985
3723.pgm,10000,65536,10736,16.3818,0.03192,0.075897,59.3285,0.99991
3724.pgm,10000,65536,10096,15.4053,0.21741,0.075775,59.3355,0.999849
3725.pgm,10000,65536,12544,19.1406,0.03935,0.075928,59.3268,0.999817
3726.pgm,10000,65536,24688,37.6709,0.02574,0.076202,59.3111,0.999711
3727.pgm,10000,65536,29456,44.9463,0.02301,0.075897,59.3285,0.999859
3728.pgm,10000,65536,17056,26.0254,0.0203,0.077255,59.2515,0.999842
3729.pgm,10000,65536,17360,26.4893,0.0247,0.07634,59.3033,0.999873
3730.pgm,10000,65536,36112,55.1025,0.04404,0.075607,59.3452,0.999751
3731.pgm,10000,65536,34496,52.6367,0.13854,0.076462,59.2964,0.99988
3732.pgm,10000,65536,19280,29.4189,0.0319,0.077408,59.243,0.99984
3733.pgm,10000,65536,24576,37.5,0.02393,0.075775,59.3355,0.99984
3734.pgm,10000,65536,18544,28.2959,0.02013,0.075577,59.3469,0.99987
3735.pgm,10000,65536,19184,29.2725,0.01916,0.075867,59.3303,0.999804
3736.pgm,10000,65536,18864,28.7842,0.01858,0.076431,59.2981,0.999868
3737.pgm,10000,65536,22160,33.8135,0.022,0.075989,59.3233,0.999828
3738.pgm,10000,65536,45344,69.1895,0.02735,0.075699,59.3399,0.999687
3739.pgm,10000,65536,35152,53.6377,0.02709,0.076126,59.3155,0.999843
3740.pgm,10000,65536,25248,38.5254,0.03149,0.07756,59.2344,0.999883
3741.pgm,10000,65536,20256,30.9082,0.05185,0.076584,59.2894,0.999835
3742.pgm,10000,65536,26320,40.1611,0.23691,0.075851,59.3312,0.999846
3743.pgm,10000,65536,47808,72.9492,0.07506,0.075256,59.3654,0.999817
3744.pgm,10000,65536,33888,51.709,0.04598,0.075577,59.3469,0.999876
3745.pgm,10000,65536,21136,32.251,0.03798,0.07637,59.3016,0.999822
3746.pgm,10000,65536,30032,45.8252,0.03867,0.076492,59.2946,0.999782
3747.pgm,10000,65536,14352,21.8994,0.03665,0.077606,59.2318,0.999822
3748.pgm,10000,65536,10976,16.748,0.03281,0.075363,59.3592,0.99979
3749.pgm,10000,65536,24288,37.0605,0.0324,0.077118,59.2593,0.999859
3750.pgm,10000,65536,22144,33.7891,0.03161,0.076828,59.2756,0.999848
3751.pgm,10000,65536,23040,35.1562,0.0307,0.076202,59.3111,0.999824
3752.pgm,10000,65536,22608,34.4971,0.03399,0.076935,59.2696,0.999888
3753.pgm,10000,65536,24304,37.085,0.05293,0.076645,59.286,0.999858
3754.pgm,10000,65536,21168,32.2998,0.06646,0.07605,59.3198,0.99986
3755.pgm,10000,65536,38000,57.9834,0.05732,0.076675,59.2842,0.999881
3756.pgm,10000,65536,38944,59.4238,0.04853,0.075211,59.368,0.999922
3757.pgm,10000,65536,32272,49.2432,0.04036,0.076035,59.3207,0.999862
3758.pgm,10000,65536,25088,38.2812,0.03694,0.076126,59.3155,0.999832
3759.pgm,10000,65536,46800,71.4111,0.04753,0.078018,59.2088,0.999858
3760.pgm,10000,65536,58080,88.623,0.17627,0.075363,59.3592,0.999837
3761.pgm,10000,65536,39680,60.5469,0.07043,0.075638,59.3434,0.999833
3762.pgm,10000,65536,22320,34.0576,0.03816,0.075302,59.3627,0.999815
3764.pgm,10000,65536,23984,36.5967,0.03025,0.076294,59.3059,0.999721
3765.pgm,10000,65536,31440,47.9736,0.02748,0.075806,59.3338,0.999942
3766.pgm,10000,65536,23152,35.3271,0.02726,0.075516,59.3504,0.999857
3767.pgm,10000,65536,15072,22.998,0.02755,0.076675,59.2842,0.99967
3769.pgm,10000,65536,33568,51.2207,0.03257,0.07724,59.2524,0.999815
3770.pgm,10000,65536,55184,84.2041,0.03861,0.076111,59.3163,0.999902
3771.pgm,10000,65536,58688,89.5508,0.05457,0.075806,59.3338,0.999881
3772.pgm,10000,65536,19408,29.6143,0.07677,0.077316,59.2481,0.999864
3773.pgm,10000,65536,47328,72.2168,0.08913,0.075684,59.3408,0.999867
3774.pgm,10000,65536,44144,67.3584,0.07253,0.075623,59.3443,0.999862
3775.pgm,10000,65536,33712,51.4404,0.05086,0.076248,59.3085,0.999813
3777.pgm,10000,65536,32592,49.7314,0.05767,0.076614,59.2877,0.999711
3778.pgm,10000,65536,23872,36.4258,0.14039,0.07637,59.3016,0.999754
3779.pgm,10000,65536,25104,38.3057,0.03116,0.075424,59.3557,0.999755
3780.pgm,10000,65536,37968,57.9346,0.02431,0.076111,59.3163,0.999821
3781.pgm,10000,65536,23152,35.3271,0.01957,0.077042,59.2635,0.999809
3782.pgm,10000,65536,33712,51.4404,0.02367,0.074829,59.3901,0.999811
3783.pgm,10000,65536,29648,45.2393,0.02266,0.077148,59.2575,0.999743
3784.pgm,10000,65536,47440,72.3877,0.025,0.07579,59.3347,0.999879
3785.pgm,10000,65536,29824,45.5078,0.02093,0.076752,59.2799,0.999845
3786.pgm,10000,65536,32208,49.1455,0.02118,0.07634,59.3033,0.999934
3787.pgm,10000,65536,34096,52.0264,0.02258,0.075058,59.3768,0.99993
3788.pgm,10000,65536,52736,80.4688,0.03048,0.076553,59.2912,0.999927
3789.pgm,10000,65536,28784,43.9209,0.04411,0.076813,59.2765,0.999885
3790.pgm,10000,65536,25504,38.916,0.19415,0.07695,59.2687,0.999755
3791.pgm,10000,65536,23808,36.3281,0.03221,0.075623,59.3443,0.999703
3792.pgm,10000,65536,45088,68.7988,0.0256,0.076904,59.2713,0.999926
3793.pgm,10000,65536,48720,74.3408,0.0215,0.076828,59.2756,0.999922
3794.pgm,10000,65536,52880,80.6885,0.02029,0.077271,59.2507,0.999923
3795.pgm,10000,65536,47872,73.0469,0.02038,0.076004,59.3224,0.999888
3796.pgm,10000,65536,44928,68.5547,0.0246,0.076447,59.2972,0.999879
3797.pgm,10000,65536,49856,76.0742,0.02996,0.075745,59.3373,0.999929
3798.pgm,10000,65536,46736,71.3135,0.12873,0.075821,59.3329,0.999903
3799.pgm,10000,65536,47696,72.7783,0.07686,0.076752,59.2799,0.99992
3800.pgm,10000,65536,41168,62.8174,0.03312,0.076218,59.3102,0.999923
3801.pgm,10000,65536,45680,69.7021,0.02509,0.076492,59.2946,0.999903
3802.pgm,10000,65536,41264,62.9639,0.0212,0.076172,59.3129,0.999913
3803.pgm,10000,65536,46896,71.5576,0.02047,0.076736,59.2808,0.999908
3804.pgm,10000,65536,42288,64.5264,0.01954,0.07637,59.3016,0.999934
3805.pgm,10000,65536,50528,77.0996,0.01973,0.075989,59.3233,0.999907
3806.pgm,10000,65536,39632,60.4736,0.01976,0.077103,59.2601,0.99989
3807.pgm,10000,65536,34272,52.2949,0.02638,0.076904,59.2713,0.999884
3808.pgm,10000,65536,50448,76.9775,0.02714,0.077301,59.249,0.99991
3809.pgm,10000,65536,41984,64.0625,0.12322,0.076874,59.273,0.999904
3810.pgm,10000,65536,46640,71.167,0.06975,0.07634,59.3033,0.999919
3811.pgm,10000,65536,48592,74.1455,0.02971,0.077164,59.2567,0.999904
3812.pgm,10000,65536,47040,71.7773,0.02415,0.076157,59.3137,0.999899
3813.pgm,10000,65536,46992,71.7041,0.02102,0.076736,59.2808,0.99987
3814.pgm,10000,65536,51760,78.9795,0.02074,0.077393,59.2438,0.999894
3815.pgm,10000,65536,57344,87.5,0.02347,0.075546,59.3487,0.999915
3816.pgm,10000,65536,47568,72.583,0.02358,0.076172,59.3129,0.999904
3817.pgm,10000,65536,20176,30.7861,0.02069,0.076233,59.3094,0.999909
3818.pgm,10000,65536,33280,50.7812,0.02541,0.076843,59.2747,0.999801
3819.pgm,10000,65536,53168,81.1279,0.03285,0.076477,59.2955,0.99991
3820.pgm,10000,65536,50848,77.5879,0.07298,0.075897,59.3285,0.999901
3821.pgm,10000,65536,11968,18.2617,0.06306,0.076599,59.2886,0.999907
3822.pgm,10000,65536,38544,58.8135,0.02994,0.076767,59.2791,0.9999
3823.pgm,10000,65536,54736,83.5205,0.02444,0.07637,59.3016,0.999931
3824.pgm,10000,65536,55184,84.2041,0.02457,0.077408,59.243,0.999934
3825.pgm,10000,65536,42864,65.4053,0.02291,0.07576,59.3364,0.999918
3826.pgm,10000,65536,39072,59.6191,0.026,0.075165,59.3707,0.9999
3827.pgm,10000,65536,53440,81.543,0.02972,0.076202,59.3111,0.99991
3828.pgm,10000,65536,25888,39.502,0.03101,0.07547,59.3531,0.999956
3829.pgm,10000,65536,41584,63.4521,0.11185,0.075348,59.3601,0.999915
3830.pgm,10000,65536,41552,63.4033,0.0629,0.077271,59.2507,0.999901
3831.pgm,10000,65536,26352,40.21,0.0281,0.077652,59.2293,0.999954
3832.pgm,10000,65536,49040,74.8291,0.02636,0.075058,59.3768,0.999931
3833.pgm,10000,65536,59936,91.4551,0.02468,0.077377,59.2447,0.999908
3834.pgm,10000,65536,47328,72.2168,0.02496,0.076202,59.3111,0.999923
3835.pgm,10000,65536,53616,81.8115,0.02807,0.076141,59.3146,0.999923
3836.pgm,10000,65536,48928,74.6582,0.03038,0.07605,59.3198,0.999899
3837.pgm,10000,65536,47040,71.7773,0.02985,0.07547,59.3531,0.999902
3838.pgm,10000,65536,56880,86.792,0.03546,0.076233,59.3094,0.999907
3839.pgm,10000,65536,43152,65.8447,0.04734,0.075623,59.3443,0.999881
3840.pgm,10000,65536,50176,76.5625,0.17794,0.075485,59.3522,0.999894
3841.pgm,10000,65536,13472,20.5566,0.0284,0.075806,59.3338,0.999756
3842.pgm,10000,65536,12816,19.5557,0.02129,0.075821,59.3329,0.999756
3843.pgm,10000,65536,29216,44.5801,0.02011,0.076965,59.2679,0.999868
3844.pgm,10000,65536,34832,53.1494,0.02223,0.075912,59.3277,0.999874
3845.pgm,10000,65536,38032,58.0322,0.02668,0.075989,59.3233,0.99984
3846.pgm,10000,65536,31088,47.4365,0.04551,0.075577,59.3469,0.999841
3847.pgm,10000,65536,30592,46.6797,0.15922,0.075989,59.3233,0.999891
3848.pgm,10000,65536,35040,53.4668,0.03636,0.07811,59.2038,0.999841
3849.pgm,10000,65536,21552,32.8857,0.02666,0.075912,59.3277,0.999799
3850.pgm,10000,65536,21856,33.3496,0.0244,0.077652,59.2293,0.999857
3851.pgm,10000,65536,24944,38.0615,0.02857,0.075302,59.3627,0.999875
3852.pgm,10000,65536,13440,20.5078,0.03014,0.075745,59.3373,0.999765
3853.pgm,10000,65536,17488,26.6846,0.02701,0.076553,59.2912,0.999772
3854.pgm,10000,65536,22288,34.0088,0.03927,0.076736,59.2808,0.999792
3855.pgm,10000,65536,12416,18.9453,0.25307,0.0755,59.3513,0.999798
3858.pgm,10000,65536,35648,54.3945,0.07032,0.076263,59.3076,0.999907
3859.pgm,10000,65536,31872,48.6328,0.04384,0.076355,59.3024,0.999845
3860.pgm,10000,65536,30592,46.6797,0.03522,0.076401,59.2998,0.999822
3861.pgm,10000,65536,20176,30.7861,0.02572,0.076462,59.2964,0.999816
3862.pgm,10000,65536,20656,31.5186,0.02343,0.07608,59.3181,0.999845
3864.pgm,10000,65536,14416,21.9971,0.0265,0.075089,59.3751,0.999864
3865.pgm,10000,65536,18128,27.6611,0.04197,0.078568,59.1784,0.999834
3866.pgm,10000,65536,28992,44.2383,0.17132,0.076981,59.267,0.999803
3867.pgm,10000,65536,23920,36.499,0.03402,0.076797,59.2773,0.999799
3868.pgm,10000,65536,28976,44.2139,0.02456,0.075897,59.3285,0.999803
3869.pgm,10000,65536,18240,27.832,0.02021,0.076294,59.3059,0.999822
3870.pgm,10000,65536,16288,24.8535,0.01981,0.075623,59.3443,0.999771
3871.pgm,10000,65536,18784,28.6621,0.01929,0.076767,59.2791,0.999837
3872.pgm,10000,65536,23952,36.5479,0.02074,0.075851,59.3312,0.999856
3873.pgm,10000,65536,39536,60.3271,0.05106,0.076904,59.2713,0.999851
3874.pgm,10000,65536,37664,57.4707,0.13378,0.076355,59.3024,0.999878
3875.pgm,10000,65536,34320,52.3682,0.03069,0.076187,59.312,0.999902
3876.pgm,10000,65536,33728,51.4648,0.02441,0.076614,59.2877,0.999873
3877.pgm,10000,65536,37904,57.8369,0.02326,0.077377,59.2447,0.999884
3878.pgm,10000,65536,40048,61.1084,0.02314,0.076614,59.2877,0.999899
3879.pgm,10000,65536,35936,54.834,0.02195,0.075836,59.332,0.999901
3880.pgm,10000,65536,27792,42.4072,0.02075,0.076706,59.2825,0.999832
3881.pgm,10000,65536,31360,47.8516,0.02152,0.07608,59.3181,0.999916
3882.pgm,10000,65536,32928,50.2441,0.02591,0.076126,59.3155,0.999914
3883.pgm,10000,65536,46656,71.1914,0.04728,0.075363,59.3592,0.999913
3884.pgm,10000,65536,35872,54.7363,0.17451,0.077194,59.255,0.999927
3885.pgm,10000,65536,47520,72.5098,0.03893,0.076614,59.2877,0.999927
3886.pgm,10000,65536,27728,42.3096,0.02555,0.076431,59.2981,0.999724
3887.pgm,10000,65536,21824,33.3008,0.02248,0.075699,59.3399,0.999824
3888.pgm,10000,65536,27984,42.7002,0.02225,0.076965,59.2679,0.999764
3889.pgm,10000,65536,22640,34.5459,0.02131,0.075165,59.3707,0.999738
3890.pgm,10000,65536,30272,46.1914,0.02466,0.076065,59.319,0.999703
3891.pgm,10000,65536,15696,23.9502,0.03247,0.075958,59.3251,0.999796
3892.pgm,10000,65536,21232,32.3975,0.19026,0.076309,59.305,0.999821
3893.pgm,10000,65536,16736,25.5371,0.03436,0.076172,59.3129,0.999795
3894.pgm,10000,65536,53904,82.251,0.02847,0.075928,59.3268,0.999843
3895.pgm,10000,65536,42000,64.0869,0.02202,0.076767,59.2791,0.999675
3896.pgm,10000,65536,41488,63.3057,0.02253,0.07692,59.2704,0.999657
3897.pgm,10000,65536,28176,42.9932,0.02361,0.07637,59.3016,0.999696
3898.pgm,10000,65536,33600,51.2695,0.02404,0.078033,59.208,0.999752
3899.pgm,10000,65536,19216,29.3213,0.02748,0.076065,59.319,0.999741
3900.pgm,10000,65536,30224,46.1182,0.02361,0.076462,59.2964,0.999718
3901.pgm,10000,65536,33120,50.5371,0.0246,0.077408,59.243,0.999686
3902.pgm,10000,65536,35632,54.3701,0.03075,0.076431,59.2981,0.999718
3903.pgm,10000,65536,22640,34.5459,0.12297,0.076355,59.3024,0.999739
3904.pgm,10000,65536,33344,50.8789,0.06326,0.075058,59.3768,0.999908
3905.pgm,10000,65536,48256,73.6328,0.03338,0.076538,59.292,0.999874
3906.pgm,10000,65536,52864,80.6641,0.02557,0.076385,59.3007,0.999881
3907.pgm,10000,65536,41200,62.8662,0.02175,0.076523,59.2929,0.999889
3908.pgm,10000,65536,40512,61.8164,0.02593,0.076767,59.2791,0.999882
3909.pgm,10000,65536,48352,73.7793,0.0272,0.07724,59.2524,0.999899
3910.pgm,10000,65536,47520,72.5098,0.02858,0.074295,59.4212,0.999841
3911.pgm,10000,65536,38256,58.374,0.03136,0.074326,59.4194,0.999868
3912.pgm,10000,65536,34496,52.6367,0.04524,0.076828,59.2756,0.999873
3913.pgm,10000,65536,44800,68.3594,0.18108,0.075882,59.3294,0.999875
3914.pgm,10000,65536,32208,49.1455,0.06411,0.076233,59.3094,0.999852
3915.pgm,10000,65536,19024,29.0283,0.04536,0.076157,59.3137,0.999777
3916.pgm,10000,65536,49056,74.8535,0.04718,0.077148,59.2575,0.999883
3917.pgm,10000,65536,53920,82.2754,0.04221,0.076538,59.292,0.999874
3918.pgm,10000,65536,57040,87.0361,0.03859,0.078033,59.208,0.999898
3919.pgm,10000,65536,52704,80.4199,0.03561,0.077164,59.2567,0.999872
3920.pgm,10000,65536,54816,83.6426,0.03765,0.077301,59.249,0.999902
3921.pgm,10000,65536,64208,97.9736,0.04458,0.078293,59.1936,0.999914
3922.pgm,10000,65536,46240,70.5566,0.18451,0.077026,59.2644,0.999838
3923.pgm,10000,65536,31424,47.9492,0.04604,0.076965,59.2679,0.999871
3924.pgm,10000,65536,64288,98.0957,0.02993,0.074982,59.3813,0.999935
3925.pgm,10000,65536,54688,83.4473,0.02348,0.076874,59.273,0.999863
3926.pgm,10000,65536,45872,69.9951,0.02263,0.07605,59.3198,0.999882
3927.pgm,10000,65536,63648,97.1191,0.02586,0.076767,59.2791,0.999907
3928.pgm,10000,65536,42832,65.3564,0.02521,0.076569,59.2903,0.999848
3929.pgm,10000,65536,50016,76.3184,0.02626,0.075974,59.3242,0.999873
3930.pgm,10000,65536,48032,73.291,0.02885,0.075485,59.3522,0.999878
3931.pgm,10000,65536,48240,73.6084,0.03902,0.076477,59.2955,0.999905
3932.pgm,10000,65536,40384,61.6211,0.18374,0.075897,59.3285,0.999906
3933.pgm,10000,65536,51024,77.8564,0.0543,0.075531,59.3496,0.999914
3934.pgm,10000,65536,42832,65.3564,0.02853,0.076233,59.3094,0.999894
3935.pgm,10000,65536,52480,80.0781,0.02496,0.075897,59.3285,0.999878
3936.pgm,10000,65536,53136,81.0791,0.02415,0.075592,59.346,0.999884
3937.pgm,10000,65536,51680,78.8574,0.0242,0.076584,59.2894,0.999873
3938.pgm,10000,65536,54144,82.6172,0.02691,0.075546,59.3487,0.999861
3939.pgm,10000,65536,52960,80.8105,0.03181,0.075485,59.3522,0.999912
3940.pgm,10000,65536,52176,79.6143,0.09343,0.076859,59.2739,0.999877
3941.pgm,10000,65536,55936,85.3516,0.08336,0.076523,59.2929,0.999909
3942.pgm,10000,65536,43376,66.1865,0.03177,0.076401,59.2998,0.999871
3943.pgm,10000,65536,52032,79.3945,0.02567,0.076355,59.3024,0.999903
3944.pgm,10000,65536,51488,78.5645,0.0218,0.076447,59.2972,0.999891
3945.pgm,10000,65536,53760,82.0312,0.02118,0.076508,59.2938,0.999897
3946.pgm,10000,65536,51136,78.0273,0.02416,0.077209,59.2541,0.99991
3947.pgm,10000,65536,62816,95.8496,0.02588,0.07605,59.3198,0.999931
3948.pgm,10000,65536,60112,91.7236,0.02752,0.076691,59.2834,0.999911
3949.pgm,10000,65536,58720,89.5996,0.03237,0.076462,59.2964,0.999929
3950.pgm,10000,65536,52080,79.4678,0.03909,0.076141,59.3146,0.999913
3951.pgm,10000,65536,58816,89.7461,0.20489,0.075821,59.3329,0.99994
3952.pgm,10000,65536,52320,79.834,0.05012,0.076813,59.2765,0.999879
3953.pgm,10000,65536,55744,85.0586,0.02968,0.077621,59.231,0.999871
3954.pgm,10000,65536,53232,81.2256,0.02547,0.07637,59.3016,0.999905
3955.pgm,10000,65536,46112,70.3613,0.02663,0.07785,59.2182,0.9999
3956.pgm,10000,65536,51568,78.6865,0.03278,0.076157,59.3137,0.999893
3957.pgm,10000,65536,32000,48.8281,0.03365,0.078766,59.1674,0.999798
3958.pgm,10000,65536,53328,81.3721,0.04186,0.076035,59.3207,0.999919
3959.pgm,10000,65536,50048,76.3672,0.06928,0.077301,59.249,0.999888
3960.pgm,10000,65536,50864,77.6123,0.22332,0.076752,59.2799,0.999895
3961.pgm,10000,65536,54960,83.8623,0.05591,0.077118,59.2593,0.999901
3962.pgm,10000,65536,54496,83.1543,0.04221,0.076538,59.292,0.999909
3963.pgm,10000,65536,52000,79.3457,0.03735,0.076035,59.3207,0.999909
3964.pgm,10000,65536,60800,92.7734,0.0357,0.076248,59.3085,0.999899
3965.pgm,10000,65536,61040,93.1396,0.0362,0.075821,59.3329,0.999891
3966.pgm,10000,65536,59216,90.3564,0.04985,0.077286,59.2498,0.999875
3967.pgm,10000,65536,52896,80.7129,0.18052,0.075882,59.3294,0.999868
3968.pgm,10000,65536,64608,98.584,0.0501,0.07666,59.2851,0.999887
3969.pgm,10000,65536,57344,87.5,0.03163,0.077118,59.2593,0.999912
3970.pgm,10000,65536,48560,74.0967,0.02755,0.076691,59.2834,0.999902
3971.pgm,10000,65536,54384,82.9834,0.02628,0.076202,59.3111,0.999898
3972.pgm,10000,65536,54096,82.5439,0.02699,0.076126,59.3155,0.999905
3973.pgm,10000,65536,53328,81.3721,0.03677,0.077026,59.2644,0.999902
3974.pgm,10000,65536,53312,81.3477,0.17915,0.075928,59.3268,0.999908
3975.pgm,10000,65536,52160,79.5898,0.03674,0.076874,59.273,0.999869
3976.pgm,10000,65536,54496,83.1543,0.02702,0.077942,59.2131,0.9999
3977.pgm,10000,65536,46544,71.0205,0.02239,0.074371,59.4167,0.999903
3978.pgm,10000,65536,57952,88.4277,0.02293,0.076157,59.3137,0.999861
3979.pgm,10000,65536,54624,83.3496,0.03192,0.077209,59.2541,0.999874
3980.pgm,10000,65536,55792,85.1318,0.03961,0.077255,59.2515,0.999892
3981.pgm,10000,65536,38016,58.0078,0.04552,0.076309,59.305,0.999864
3982.pgm,10000,65536,56576,86.3281,0.14268,0.077286,59.2498,0.999905
3983.pgm,10000,65536,64720,98.7549,0.10802,0.075516,59.3504,0.999929
3984.pgm,10000,65536,64096,97.8027,0.08534,0.075745,59.3373,0.999927
3985.pgm,10000,65536,62976,96.0938,0.05515,0.076965,59.2679,0.999924
3986.pgm,10000,65536,52432,80.0049,0.03933,0.077316,59.2481,0.999918
3987.pgm,10000,65536,57504,87.7441,0.03501,0.075912,59.3277,0.999925
3988.pgm,10000,65536,56880,86.792,0.03292,0.076309,59.305,0.999922
3989.pgm,10000,65536,29168,44.5068,0.02781,0.076813,59.2765,0.999812
3990.pgm,10000,65536,39904,60.8887,0.03136,0.076035,59.3207,0.99987
3991.pgm,10000,65536,43712,66.6992,0.04055,0.075455,59.3539,0.999862
3992.pgm,10000,65536,64112,97.8271,0.09352,0.07576,59.3364,0.999918
3993.pgm,10000,65536,57680,88.0127,0.07789,0.07695,59.2687,0.999908
3994.pgm,10000,65536,48880,74.585,0.04732,0.0755,59.3513,0.999874
3995.pgm,10000,65536,36672,55.957,0.03858,0.075714,59.339,0.99983
3996.pgm,10000,65536,61440,93.75,0.03771,0.07724,59.2524,0.999862
3997.pgm,10000,65536,59296,90.4785,0.03488,0.075607,59.3452,0.999877
3998.pgm,10000,65536,47904,73.0957,0.03089,0.075226,59.3671,0.999866
3999.pgm,10000,65536,56320,85.9375,0.03059,0.076141,59.3146,0.999863
4000.pgm,10000,65536,55584,84.8145,0.02942,0.076981,59.267,0.99987
4001.pgm,10000,65536,52048,79.4189,0.02743,0.077194,59.255,0.999884
4002.pgm,10000,65536,43008,65.625,0.02631,0.075653,59.3425,0.99988
4003.pgm,10000,65536,52464,80.0537,0.02696,0.078201,59.1987,0.999885
4004.pgm,10000,65536,40864,62.3535,0.02617,0.076401,59.2998,0.999889
4005.pgm,10000,65536,37120,56.6406,0.02597,0.077179,59.2558,0.999806
4006.pgm,10000,65536,34192,52.1729,0.02717,0.075699,59.3399,0.999786
4007.pgm,10000,65536,36448,55.6152,0.03613,0.076614,59.2877,0.999775
4008.pgm,10000,65536,30208,46.0938,0.17018,0.076859,59.2739,0.999719
4009.pgm,10000,65536,35504,54.1748,0.04832,0.076355,59.3024,0.999876
4010.pgm,10000,65536,28608,43.6523,0.02477,0.075836,59.332,0.99989
4011.pgm,10000,65536,27888,42.5537,0.02075,0.077362,59.2455,0.999847
4012.pgm,10000,65536,45824,69.9219,0.02197,0.075485,59.3522,0.999856
4013.pgm,10000,65536,30864,47.0947,0.02446,0.076172,59.3129,0.999881
4014.pgm,10000,65536,37568,57.3242,0.02506,0.076248,59.3085,0.999853
4015.pgm,10000,65536,44448,67.8223,0.02701,0.076294,59.3059,0.999833
4016.pgm,10000,65536,63232,96.4844,0.034,0.077362,59.2455,0.999878
4017.pgm,10000,65536,40336,61.5479,0.17246,0.076324,59.3042,0.999846
4018.pgm,10000,65536,43616,66.5527,0.05916,0.076263,59.3076,0.999852
4019.pgm,10000,65536,43680,66.6504,0.02971,0.076233,59.3094,0.999854
4020.pgm,10000,65536,37760,57.6172,0.02356,0.077576,59.2335,0.999824
4021.pgm,10000,65536,36736,56.0547,0.02236,0.077179,59.2558,0.999786
4022.pgm,10000,65536,17840,27.2217,0.02172,0.076477,59.2955,0.999799
4023.pgm,10000,65536,60048,91.626,0.02959,0.0755,59.3513,0.999886
4024.pgm,10000,65536,63840,97.4121,0.03114,0.07666,59.2851,0.99991
4025.pgm,10000,65536,28144,42.9443,0.03631,0.077164,59.2567,0.999837
4026.pgm,10000,65536,37152,56.6895,0.18517,0.075638,59.3434,0.999851
4027.pgm,10000,65536,21568,32.9102,0.03687,0.077377,59.2447,0.999898
4028.pgm,10000,65536,30960,47.2412,0.02327,0.075653,59.3425,0.999925
4029.pgm,10000,65536,17376,26.5137,0.01846,0.076584,59.2894,0.999832
4030.pgm,10000,65536,52624,80.2979,0.02437,0.076996,59.2661,0.999883
4031.pgm,10000,65536,39088,59.6436,0.02537,0.074966,59.3821,0.999897
4032.pgm,10000,65536,44688,68.1885,0.02623,0.075851,59.3312,0.999891
4033.pgm,10000,65536,56464,86.1572,0.02668,0.076752,59.2799,0.999904
4034.pgm,10000,65536,48800,74.4629,0.02628,0.076141,59.3146,0.999913
4035.pgm,10000,65536,50224,76.6357,0.03216,0.076248,59.3085,0.999888
4036.pgm,10000,65536,58960,89.9658,0.17649,0.077377,59.2447,0.999843
4037.pgm,10000,65536,32752,49.9756,0.05586,0.075272,59.3645,0.999827
4038.pgm,10000,65536,42144,64.3066,0.03034,0.076065,59.319,0.999818
4039.pgm,10000,65536,39328,60.0098,0.02324,0.076385,59.3007,0.999815
4040.pgm,10000,65536,39776,60.6934,0.02069,0.077164,59.2567,0.99983
4041.pgm,10000,65536,50256,76.6846,0.02149,0.076447,59.2972,0.999911
4042.pgm,10000,65536,50896,77.6611,0.02632,0.076309,59.305,0.999905
4043.pgm,10000,65536,47168,71.9727,0.02751,0.07695,59.2687,0.999922
4044.pgm,10000,65536,57808,88.208,0.02971,0.078659,59.1733,0.999866
4045.pgm,10000,65536,48672,74.2676,0.10227,0.075592,59.346,0.999907
4046.pgm,10000,65536,46752,71.3379,0.07523,0.075684,59.3408,0.999904
4047.pgm,10000,65536,59088,90.1611,0.03099,0.077072,59.2618,0.999859
4048.pgm,10000,65536,51168,78.0762,0.02455,0.075851,59.3312,0.999864
4049.pgm,10000,65536,39728,60.6201,0.02219,0.076691,59.2834,0.999841
4050.pgm,10000,65536,51376,78.3936,0.0246,0.076874,59.273,0.999848
4051.pgm,10000,65536,56464,86.1572,0.02684,0.077286,59.2498,0.999857
4052.pgm,10000,65536,61344,93.6035,0.02824,0.075531,59.3496,0.99987
4053.pgm,10000,65536,41872,63.8916,0.03512,0.076096,59.3172,0.999852
4054.pgm,10000,65536,55152,84.1553,0.21842,0.07695,59.2687,0.999907
4055.pgm,10000,65536,44032,67.1875,0.04299,0.076996,59.2661,0.99983
4056.pgm,10000,65536,43888,66.9678,0.02798,0.07637,59.3016,0.999885
4057.pgm,10000,65536,34560,52.7344,0.0225,0.077759,59.2233,0.999848
4058.pgm,10000,65536,38816,59.2285,0.02124,0.077393,59.2438,0.999824
4059.pgm,10000,65536,47248,72.0947,0.02264,0.07637,59.3016,0.999757
4060.pgm,10000,65536,61760,94.2383,0.02544,0.076248,59.3085,0.999856
4061.pgm,10000,65536,54992,83.9111,0.02832,0.077774,59.2225,0.999862
4062.pgm,10000,65536,43648,66.6016,0.02811,0.077118,59.2593,0.999829
4063.pgm,10000,65536,42416,64.7217,0.03008,0.07605,59.3198,0.999842
4064.pgm,10000,65536,49776,75.9521,0.05393,0.076614,59.2877,0.999864
4065.pgm,10000,65536,48752,74.3896,0.19847,0.076721,59.2817,0.999865
4066.pgm,10000,65536,41072,62.6709,0.03268,0.076309,59.305,0.999835
4067.pgm,10000,65536,38784,59.1797,0.023,0.076538,59.292,0.999837
4068.pgm,10000,65536,45392,69.2627,0.02112,0.076981,59.267,0.999873
4069.pgm,10000,65536,39216,59.8389,0.01891,0.077194,59.255,0.999839
4070.pgm,10000,65536,44000,67.1387,0.02278,0.075119,59.3733,0.999876
4071.pgm,10000,65536,39536,60.3271,0.02031,0.075226,59.3671,0.999877
4072.pgm,10000,65536,58400,89.1113,0.02137,0.076187,59.312,0.999894
4073.pgm,10000,65536,43200,65.918,0.02554,0.076065,59.319,0.999851
4074.pgm,10000,65536,47712,72.8027,0.02788,0.077042,59.2635,0.999843
4075.pgm,10000,65536,51648,78.8086,0.03193,0.077377,59.2447,0.999832
4076.pgm,10000,65536,19152,29.2236,0.03516,0.074646,59.4007,0.999836
4077.pgm,10000,65536,28736,43.8477,0.1707,0.077301,59.249,0.999838
4078.pgm,10000,65536,33488,51.0986,0.0465,0.076279,59.3068,0.999828
4079.pgm,10000,65536,60704,92.627,0.03013,0.075623,59.3443,0.999917
4080.pgm,10000,65536,54304,82.8613,0.02672,0.07634,59.3033,0.999902
4081.pgm,10000,65536,58976,89.9902,0.02586,0.076843,59.2747,0.999787
4082.pgm,10000,65536,61632,94.043,0.02784,0.076859,59.2739,0.999868
4083.pgm,10000,65536,55568,84.79,0.03462,0.076706,59.2825,0.999854
4084.pgm,10000,65536,57600,87.8906,0.0586,0.076828,59.2756,0.999874
4085.pgm,10000,65536,59600,90.9424,0.13988,0.076141,59.3146,0.999794
4086.pgm,10000,65536,57904,88.3545,0.06726,0.078064,59.2063,0.999772
4087.pgm,10000,65536,44224,67.4805,0.07869,0.075729,59.3382,0.999869
4088.pgm,10000,65536,61536,93.8965,0.10211,0.076111,59.3163,0.999871
4089.pgm,10000,65536,57632,87.9395,0.10251,0.07518,59.3698,0.999832
4090.pgm,10000,65536,34848,53.1738,0.09734,0.075531,59.3496,0.999914
4091.pgm,10000,65536,64112,97.8271,0.07729,0.076996,59.2661,0.99993
4092.pgm,10000,65536,45504,69.4336,0.05373,0.077057,59.2627,0.999901
4093.pgm,10000,65536,41952,64.0137,0.04214,0.077148,59.2575,0.999909
4094.pgm,10000,65536,45216,68.9941,0.04131,0.075333,59.361,0.999919
4095.pgm,10000,65536,52992,80.8594,0.04803,0.076385,59.3007,0.999905
4096.pgm,10000,65536,55584,84.8145,0.05331,0.076096,59.3172,0.999916
4097.pgm,10000,65536,36544,55.7617,0.04843,0.075775,59.3355,0.999877
4098.pgm,10000,65536,38864,59.3018,0.04474,0.076355,59.3024,0.999863
4099.pgm,10000,65536,62848,95.8984,0.05626,0.075928,59.3268,0.999899
4100.pgm,10000,65536,35648,54.3945,0.0549,0.075745,59.3373,0.999847
4101.pgm,10000,65536,57328,87.4756,0.15306,0.076904,59.2713,0.999888
4102.pgm,10000,65536,62368,95.166,0.05848,0.07637,59.3016,0.999752
4103.pgm,10000,65536,63040,96.1914,0.03751,0.07579,59.3347,0.999722
4104.pgm,10000,65536,39120,59.6924,0.02975,0.076416,59.299,0.999614
4105.pgm,10000,65536,56048,85.5225,0.03253,0.075424,59.3557,0.999913
4106.pgm,10000,65536,56512,86.2305,0.04568,0.075577,59.3469,0.999898
4107.pgm,10000,65536,56304,85.9131,0.17102,0.076538,59.292,0.999891
4108.pgm,10000,65536,64608,98.584,0.0342,0.077805,59.2208,0.999929
4109.pgm,10000,65536,63312,96.6064,0.02517,0.076248,59.3085,0.999927
4110.pgm,10000,65536,49040,74.8291,0.02251,0.074875,59.3874,0.999939
4111.pgm,10000,65536,36176,55.2002,0.02356,0.075928,59.3268,0.999805
4112.pgm,10000,65536,34832,53.1494,0.02534,0.076614,59.2877,0.999872
4113.pgm,10000,65536,44992,68.6523,0.03501,0.076736,59.2808,0.999873
4114.pgm,10000,65536,54528,83.2031,0.18688,0.075943,59.3259,0.999892
4115.pgm,10000,65536,37360,57.0068,0.0367,0.077255,59.2515,0.999835
4116.pgm,10000,65536,45424,69.3115,0.02705,0.075424,59.3557,0.99986
4117.pgm,10000,65536,39296,59.9609,0.02185,0.075058,59.3768,0.999914
4118.pgm,10000,65536,37504,57.2266,0.01934,0.076126,59.3155,0.999854
4119.pgm,10000,65536,42064,64.1846,0.022,0.076599,59.2886,0.99987
4120.pgm,10000,65536,42640,65.0635,0.02507,0.077103,59.2601,0.999878
4123.pgm,10000,65536,42464,64.7949,0.02428,0.076675,59.2842,0.999914
4124.pgm,10000,65536,26720,40.7715,0.02257,0.073883,59.4454,0.999795
4125.pgm,10000,65536,35456,54.1016,0.02798,0.076324,59.3042,0.999877
4126.pgm,10000,65536,39696,60.5713,0.1406,0.075943,59.3259,0.999843
4127.pgm,10000,65536,47008,71.7285,0.06088,0.07634,59.3033,0.999924
4128.pgm,10000,65536,45056,68.75,0.0292,0.075409,59.3566,0.999917
4129.pgm,10000,65536,33248,50.7324,0.02143,0.077179,59.2558,0.999844
4130.pgm,10000,65536,32992,50.3418,0.02178,0.076904,59.2713,0.999862
4131.pgm,10000,65536,14800,22.583,0.0214,0.07724,59.2524,0.99973
4132.pgm,10000,65536,34800,53.1006,0.03125,0.07695,59.2687,0.99989
4133.pgm,10000,65536,53248,81.25,0.20648,0.076202,59.3111,0.99986
4134.pgm,10000,65536,52288,79.7852,0.04207,0.076248,59.3085,0.999877
4135.pgm,10000,65536,39680,60.5469,0.02766,0.075775,59.3355,0.99982
4136.pgm,10000,65536,39696,60.5713,0.02487,0.076752,59.2799,0.999832
4137.pgm,10000,65536,40272,61.4502,0.02386,0.075958,59.3251,0.999848
4138.pgm,10000,65536,31360,47.8516,0.02152,0.076569,59.2903,0.999829
4139.pgm,10000,65536,27072,41.3086,0.02533,0.077667,59.2284,0.999874
4140.pgm,10000,65536,30848,47.0703,0.02927,0.075424,59.3557,0.999871
4141.pgm,10000,65536,35136,53.6133,0.04904,0.077271,59.2507,0.999879
4142.pgm,10000,65536,33312,50.8301,0.16958,0.07579,59.3347,0.999839
4143.pgm,10000,65536,38384,58.5693,0.04312,0.075653,59.3425,0.99983
4144.pgm,10000,65536,37248,56.8359,0.02637,0.075775,59.3355,0.999883
4145.pgm,10000,65536,33664,51.3672,0.02068,0.076538,59.292,0.999814
4146.pgm,10000,65536,23488,35.8398,0.01929,0.075562,59.3478,0.999827
4147.pgm,10000,65536,32928,50.2441,0.02267,0.075592,59.346,0.999852
4148.pgm,10000,65536,37424,57.1045,0.02334,0.076874,59.273,0.999848
4149.pgm,10000,65536,39392,60.1074,0.02706,0.075653,59.3425,0.999809
4150.pgm,10000,65536,30416,46.4111,0.02448,0.076019,59.3216,0.999867
4151.pgm,10000,65536,42832,65.3564,0.0266,0.076553,59.2912,0.999845
4152.pgm,10000,65536,31952,48.7549,0.02408,0.074738,59.3954,0.999875
4153.pgm,10000,65536,13680,20.874,0.0216,0.075867,59.3303,0.999822
4154.pgm,10000,65536,12464,19.0186,0.02284,0.07489,59.3866,0.999854
4157.pgm,10000,65536,39520,60.3027,0.03827,0.075104,59.3742,0.999914
4159.pgm,10000,65536,10480,15.9912,0.195,0.077301,59.249,0.99987
4160.pgm,10000,65536,33968,51.8311,0.04086,0.076233,59.3094,0.999893
4161.pgm,10000,65536,43200,65.918,0.02704,0.07634,59.3033,0.999894
4162.pgm,10000,65536,34752,53.0273,0.02045,0.077515,59.237,0.999899
4163.pgm,10000,65536,18464,28.1738,0.01858,0.076965,59.2679,0.999873
4164.pgm,10000,65536,22880,34.9121,0.01907,0.079025,59.1531,0.999843
4165.pgm,10000,65536,25504,38.916,0.02237,0.075714,59.339,0.999685
4166.pgm,10000,65536,23488,35.8398,0.02361,0.076996,59.2661,0.999854
4167.pgm,10000,65536,23888,36.4502,0.0696,0.075836,59.332,0.999847
4168.pgm,10000,65536,25936,39.5752,0.14431,0.076324,59.3042,0.999852
4169.pgm,10000,65536,23552,35.9375,0.03625,0.075821,59.3329,0.999824
4170.pgm,10000,65536,33856,51.6602,0.02785,0.075851,59.3312,0.999847
4171.pgm,10000,65536,28416,43.3594,0.02358,0.075745,59.3373,0.999795
4172.pgm,10000,65536,38880,59.3262,0.02482,0.07608,59.3181,0.999885
4173.pgm,10000,65536,41792,63.7695,0.02493,0.07637,59.3016,0.999793
4174.pgm,10000,65536,21952,33.4961,0.02159,0.076767,59.2791,0.999819
4175.pgm,10000,65536,43968,67.0898,0.02582,0.075943,59.3259,0.999787
4176.pgm,10000,65536,43792,66.8213,0.03668,0.075165,59.3707,0.999801
4177.pgm,10000,65536,44256,67.5293,0.18231,0.075195,59.3689,0.999806
4178.pgm,10000,65536,15808,24.1211,0.03901,0.077011,59.2653,0.999744
4179.pgm,10000,65536,31328,47.8027,0.02528,0.076218,59.3102,0.999893
4180.pgm,10000,65536,16496,25.1709,0.01956,0.076477,59.2955,0.999753
4181.pgm,10000,65536,42224,64.4287,0.02334,0.076889,59.2722,0.999898
4182.pgm,10000,65536,41024,62.5977,0.02217,0.077316,59.2481,0.999907
4183.pgm,10000,65536,49200,75.0732,0.02227,0.077148,59.2575,0.999907
4184.pgm,10000,65536,31248,47.6807,0.01935,0.075256,59.3654,0.999843
4185.pgm,10000,65536,19808,30.2246,0.01881,0.075699,59.3399,0.999846
4186.pgm,10000,65536,29744,45.3857,0.01943,0.076309,59.305,0.999921
4187.pgm,10000,65536,31568,48.1689,0.02037,0.075958,59.3251,0.99992
4188.pgm,10000,65536,56224,85.791,0.02511,0.07782,59.2199,0.99992
4189.pgm,10000,65536,63888,97.4854,0.03673,0.075943,59.3259,0.999973
4190.pgm,10000,65536,51376,78.3936,0.19827,0.075974,59.3242,0.9999
4191.pgm,10000,65536,24256,37.0117,0.0333,0.076736,59.2808,0.999772
4192.pgm,10000,65536,33408,50.9766,0.02343,0.076996,59.2661,0.99984
4193.pgm,10000,65536,35760,54.5654,0.02189,0.076218,59.3102,0.999904
4194.pgm,10000,65536,35328,53.9062,0.02108,0.077118,59.2593,0.999893
4195.pgm,10000,65536,34144,52.0996,0.022,0.076889,59.2722,0.999914
4196.pgm,10000,65536,26320,40.1611,0.02658,0.076782,59.2782,0.999891
4197.pgm,10000,65536,28640,43.7012,0.18232,0.076401,59.2998,0.99988
4198.pgm,10000,65536,27632,42.1631,0.05257,0.075897,59.3285,0.999871
4199.pgm,10000,65536,18384,28.0518,0.02582,0.076157,59.3137,0.999891
4200.pgm,10000,65536,19264,29.3945,0.02169,0.077499,59.2378,0.999853
4201.pgm,10000,65536,51600,78.7354,0.02309,0.074905,59.3857,0.999897
4202.pgm,10000,65536,31808,48.5352,0.0215,0.076355,59.3024,0.999858
4203.pgm,10000,65536,37648,57.4463,0.0302,0.076111,59.3163,0.999902
4204.pgm,10000,65536,38832,59.2529,0.02999,0.076462,59.2964,0.999892
4205.pgm,10000,65536,16928,25.8301,0.03474,0.076401,59.2998,0.999769
4206.pgm,10000,65536,40080,61.1572,0.05557,0.077118,59.2593,0.999893
4207.pgm,10000,65536,33056,50.4395,0.08607,0.077377,59.2447,0.999894
4208.pgm,10000,65536,41584,63.4521,0.07911,0.076477,59.2955,0.999911
4209.pgm,10000,65536,37056,56.543,0.05364,0.075714,59.339,0.999884
4210.pgm,10000,65536,57552,87.8174,0.04636,0.073669,59.4579,0.999893
4211.pgm,10000,65536,51344,78.3447,0.03835,0.075409,59.3566,0.999898
4212.pgm,10000,65536,47584,72.6074,0.03308,0.075287,59.3636,0.999911
4213.pgm,10000,65536,38880,59.3262,0.02927,0.075546,59.3487,0.999883
4214.pgm,10000,65536,39008,59.5215,0.02962,0.075729,59.3382,0.999908
4215.pgm,10000,65536,35024,53.4424,0.03016,0.076996,59.2661,0.999854
4216.pgm,10000,65536,34688,52.9297,0.04463,0.075638,59.3434,0.999865
4217.pgm,10000,65536,54992,83.9111,0.06322,0.076797,59.2773,0.999939
4218.pgm,10000,65536,55488,84.668,0.06423,0.075836,59.332,0.999936
4219.pgm,10000,65536,40416,61.6699,0.04927,0.076035,59.3207,0.999902
4220.pgm,10000,65536,49600,75.6836,0.04075,0.076523,59.2929,0.99991
4221.pgm,10000,65536,58752,89.6484,0.03743,0.0755,59.3513,0.999922
4222.pgm,10000,65536,47200,72.0215,0.03747,0.076843,59.2747,0.9999
4223.pgm,10000,65536,50096,76.4404,0.0387,0.077484,59.2387,0.999919
4224.pgm,10000,65536,57088,87.1094,0.04711,0.074432,59.4132,0.999902
4225.pgm,10000,65536,51824,79.0771,0.05519,0.075195,59.3689,0.999912
4226.pgm,10000,65536,56112,85.6201,0.05931,0.074295,59.4212,0.999927
4227.pgm,10000,65536,52448,80.0293,0.06226,0.075256,59.3654,0.99992
4228.pgm,10000,65536,61424,93.7256,0.0582,0.075302,59.3627,0.999916
4229.pgm,10000,65536,49408,75.3906,0.05495,0.075363,59.3592,0.99991
4230.pgm,10000,65536,33600,51.2695,0.04836,0.076157,59.3137,0.999857
4231.pgm,10000,65536,52160,79.5898,0.05086,0.07608,59.3181,0.999932
4232.pgm,10000,65536,35232,53.7598,0.03933,0.075363,59.3592,0.999917
4233.pgm,10000,65536,36480,55.6641,0.03503,0.074188,59.4275,0.999891
4234.pgm,10000,65536,34304,52.3438,0.03389,0.075546,59.3487,0.999883
4235.pgm,10000,65536,51472,78.54,0.04367,0.076279,59.3068,0.999925
4236.pgm,10000,65536,31600,48.2178,0.16044,0.075302,59.3627,0.999828
4237.pgm,10000,65536,33952,51.8066,0.05197,0.076645,59.286,0.99984
4238.pgm,10000,65536,38256,58.374,0.02829,0.076141,59.3146,0.999838
4239.pgm,10000,65536,41472,63.2812,0.02451,0.077499,59.2378,0.9999
4240.pgm,10000,65536,55728,85.0342,0.03559,0.074219,59.4257,0.999895
4241.pgm,10000,65536,41760,63.7207,0.05981,0.077301,59.249,0.999856
4242.pgm,10000,65536,40720,62.1338,0.10608,0.076569,59.2903,0.99987
4243.pgm,10000,65536,46944,71.6309,0.03165,0.076508,59.2938,0.999908
4244.pgm,10000,65536,41520,63.3545,0.02519,0.075562,59.3478,0.999867
4245.pgm,10000,65536,58384,89.0869,0.03279,0.076111,59.3163,0.99987
4246.pgm,10000,65536,55536,84.7412,0.05037,0.076614,59.2877,0.999894
4247.pgm,10000,65536,55424,84.5703,0.13044,0.076828,59.2756,0.99992
4248.pgm,10000,65536,50816,77.5391,0.03183,0.075302,59.3627,0.999795
4249.pgm,10000,65536,52400,79.9561,0.02351,0.07608,59.3181,0.999714
4250.pgm,10000,65536,43472,66.333,0.02133,0.075516,59.3504,0.999611
4251.pgm,10000,65536,23936,36.5234,0.01801,0.076248,59.3085,0.999521
4252.pgm,10000,65536,59664,91.04,0.02179,0.075684,59.3408,0.999936
4253.pgm,10000,65536,63744,97.2656,0.02269,0.077377,59.2447,0.999915
4254.pgm,10000,65536,50432,76.9531,0.02556,0.076675,59.2842,0.999908
4255.pgm,10000,65536,58464,89.209,0.04026,0.077545,59.2353,0.999881
4256.pgm,10000,65536,55888,85.2783,0.20172,0.07576,59.3364,0.999907
4257.pgm,10000,65536,36752,56.0791,0.03483,0.077225,59.2532,0.999922
4258.pgm,10000,65536,51440,78.4912,0.02552,0.076004,59.3224,0.999828
4259.pgm,10000,65536,49584,75.6592,0.02256,0.076233,59.3094,0.999835
4260.pgm,10000,65536,55040,83.9844,0.02297,0.075974,59.3242,0.999908
4261.pgm,10000,65536,59216,90.3564,0.02801,0.076019,59.3216,0.99991
4262.pgm,10000,65536,57152,87.207,0.0297,0.076233,59.3094,0.999879
4263.pgm,10000,65536,60576,92.4316,0.03637,0.076996,59.2661,0.99989
4264.pgm,10000,65536,52720,80.4443,0.1098,0.075424,59.3557,0.999894
4265.pgm,10000,65536,62736,95.7275,0.07627,0.075989,59.3233,0.999918
4266.pgm,10000,65536,46208,70.5078,0.02981,0.076904,59.2713,0.999894
4267.pgm,10000,65536,61824,94.3359,0.0249,0.077164,59.2567,0.999891
4268.pgm,10000,65536,29968,45.7275,0.02012,0.075928,59.3268,0.999884
4269.pgm,10000,65536,57728,88.0859,0.0279,0.077316,59.2481,0.999927
4270.pgm,10000,65536,45664,69.6777,0.02791,0.07637,59.3016,0.999887
4271.pgm,10000,65536,59344,90.5518,0.03063,0.076279,59.3068,0.999915
4272.pgm,10000,65536,38672,59.0088,0.21916,0.077209,59.2541,0.999881
4273.pgm,10000,65536,51664,78.833,0.05973,0.076859,59.2739,0.9999
4274.pgm,10000,65536,39984,61.0107,0.02851,0.077866,59.2173,0.999852
4275.pgm,10000,65536,54768,83.5693,0.02437,0.07608,59.3181,0.999887
4276.pgm,10000,65536,51584,78.7109,0.02375,0.076309,59.305,0.999851
4277.pgm,10000,65536,46096,70.3369,0.02487,0.07666,59.2851,0.999901
4278.pgm,10000,65536,39216,59.8389,0.02657,0.075043,59.3777,0.99985
4279.pgm,10000,65536,46640,71.167,0.04151,0.076263,59.3076,0.999894
4280.pgm,10000,65536,57456,87.6709,0.20309,0.077164,59.2567,0.99991
4281.pgm,10000,65536,55312,84.3994,0.03627,0.076721,59.2817,0.999892
4282.pgm,10000,65536,41872,63.8916,0.02397,0.075577,59.3469,0.999883
4283.pgm,10000,65536,51936,79.248,0.02176,0.07634,59.3033,0.999889
4284.pgm,10000,65536,41680,63.5986,0.01864,0.077713,59.2259,0.9999
4285.pgm,10000,65536,52960,80.8105,0.01989,0.076279,59.3068,0.999904
4286.pgm,10000,65536,61424,93.7256,0.0209,0.077454,59.2404,0.999911
4287.pgm,10000,65536,53312,81.3477,0.02635,0.076859,59.2739,0.999845
4288.pgm,10000,65536,50800,77.5146,0.03029,0.077026,59.2644,0.999795
4289.pgm,10000,65536,32432,49.4873,0.03254,0.077179,59.2558,0.999649
4290.pgm,10000,65536,24384,37.207,0.06015,0.075409,59.3566,0.999851
4291.pgm,10000,65536,22784,34.7656,0.11794,0.076599,59.2886,0.999838
4292.pgm,10000,65536,30816,47.0215,0.03094,0.076279,59.3068,0.999847
4293.pgm,10000,65536,38176,58.252,0.02356,0.076218,59.3102,0.99986
4294.pgm,10000,65536,45632,69.6289,0.02366,0.076508,59.2938,0.999885
4295.pgm,10000,65536,31472,48.0225,0.02585,0.076126,59.3155,0.999866
4296.pgm,10000,65536,45520,69.458,0.03067,0.076157,59.3137,0.999895
4297.pgm,10000,65536,54512,83.1787,0.05112,0.077362,59.2455,0.999899
4298.pgm,10000,65536,40608,61.9629,0.19268,0.076172,59.3129,0.999888
4299.pgm,10000,65536,46144,70.4102,0.07711,0.077408,59.243,0.999889
4300.pgm,10000,65536,50192,76.5869,0.04933,0.076584,59.2894,0.999923
4301.pgm,10000,65536,50752,77.4414,0.03996,0.076172,59.3129,0.999899
4302.pgm,10000,65536,32928,50.2441,0.02782,0.076645,59.286,0.999878
4303.pgm,10000,65536,23968,36.5723,0.02493,0.075531,59.3496,0.999795
4304.pgm,10000,65536,30000,45.7764,0.02445,0.075684,59.3408,0.999869
4305.pgm,10000,65536,27344,41.7236,0.02309,0.077377,59.2447,0.999879
4306.pgm,10000,65536,58752,89.6484,0.02658,0.076324,59.3042,0.999898
4307.pgm,10000,65536,18704,28.54,0.02301,0.076645,59.286,0.999842
4308.pgm,10000,65536,30064,45.874,0.03291,0.075363,59.3592,0.999851
4309.pgm,10000,65536,27440,41.8701,0.06005,0.075607,59.3452,0.999849
4310.pgm,10000,65536,31744,48.4375,0.14158,0.076416,59.299,0.999868
4311.pgm,10000,65536,24496,37.3779,0.05249,0.076508,59.2938,0.999858
4312.pgm,10000,65536,19984,30.4932,0.03214,0.075592,59.346,0.999864
4313.pgm,10000,65536,44992,68.6523,0.03136,0.07576,59.3364,0.999904
4314.pgm,10000,65536,56224,85.791,0.03015,0.07634,59.3033,0.999919
4315.pgm,10000,65536,36416,55.5664,0.02618,0.076309,59.305,0.999912
4316.pgm,10000,65536,51664,78.833,0.03577,0.076202,59.3111,0.999905
4317.pgm,10000,65536,35664,54.4189,0.19377,0.075455,59.3539,0.999878
4318.pgm,10000,65536,48368,73.8037,0.03647,0.076553,59.2912,0.999865
4319.pgm,10000,65536,33680,51.3916,0.02376,0.074966,59.3821,0.999859
4320.pgm,10000,65536,45840,69.9463,0.02332,0.077179,59.2558,0.99986
4321.pgm,10000,65536,56464,86.1572,0.02336,0.077133,59.2584,0.999885
4322.pgm,10000,65536,40464,61.7432,0.02572,0.077759,59.2233,0.999831
4323.pgm,10000,65536,29616,45.1904,0.03037,0.075745,59.3373,0.999908
4324.pgm,10000,65536,27312,41.6748,0.1671,0.076599,59.2886,0.999885
4325.pgm,10000,65536,16608,25.3418,0.03801,0.0755,59.3513,0.999809
4326.pgm,10000,65536,22192,33.8623,0.02421,0.076935,59.2696,0.999821
4327.pgm,10000,65536,32544,49.6582,0.02068,0.075195,59.3689,0.99987
4328.pgm,10000,65536,28256,43.1152,0.01928,0.0755,59.3513,0.999862
4329.pgm,10000,65536,39984,61.0107,0.0197,0.07666,59.2851,0.999891
4330.pgm,10000,65536,22128,33.7646,0.01835,0.078308,59.1927,0.999893
4331.pgm,10000,65536,23280,35.5225,0.02391,0.076859,59.2739,0.999802
4332.pgm,10000,65536,44880,68.4814,0.02912,0.076233,59.3094,0.999918
4333.pgm,10000,65536,40352,61.5723,0.0279,0.077469,59.2395,0.999894
4334.pgm,10000,65536,38032,58.0322,0.03335,0.076019,59.3216,0.999814
4335.pgm,10000,65536,38272,58.3984,0.04798,0.076981,59.267,0.999899
4336.pgm,10000,65536,36960,56.3965,0.05849,0.075729,59.3382,0.999899
4337.pgm,10000,65536,39552,60.3516,0.05556,0.07756,59.2344,0.999792
4338.pgm,10000,65536,39248,59.8877,0.04336,0.074844,59.3892,0.999917
4339.pgm,10000,65536,46464,70.8984,0.04046,0.076309,59.305,0.999916
4340.pgm,10000,65536,35328,53.9062,0.03612,0.075806,59.3338,0.999895
4341.pgm,10000,65536,27664,42.2119,0.03223,0.075989,59.3233,0.999877
4342.pgm,10000,65536,28944,44.165,0.0299,0.076294,59.3059,0.999889
4343.pgm,10000,65536,35728,54.5166,0.02975,0.077026,59.2644,0.999885
4344.pgm,10000,65536,40672,62.0605,0.02998,0.077011,59.2653,0.999896
4345.pgm,10000,65536,37360,57.0068,0.04049,0.075928,59.3268,0.999907
4346.pgm,10000,65536,41888,63.916,0.21142,0.074631,59.4016,0.999917
4347.pgm,10000,65536,24832,37.8906,0.0337,0.076797,59.2773,0.999849
4348.pgm,10000,65536,42656,65.0879,0.0259,0.077866,59.2173,0.99992
4349.pgm,10000,65536,22752,34.7168,0.01874,0.076981,59.267,0.999802
4350.pgm,10000,65536,37840,57.7393,0.01789,0.076828,59.2756,0.999873
4351.pgm,10000,65536,28304,43.1885,0.01691,0.076218,59.3102,0.999872
4352.pgm,10000,65536,33408,50.9766,0.02126,0.076828,59.2756,0.999871
4353.pgm,10000,65536,27456,41.8945,0.02048,0.074982,59.3813,0.999903
4354.pgm,10000,65536,23936,36.5234,0.02027,0.077179,59.2558,0.999891
4356.pgm,10000,65536,18704,28.54,0.02058,0.075272,59.3645,0.999833
4357.pgm,10000,65536,11584,17.6758,0.02085,0.075943,59.3259,0.999786
4358.pgm,10000,65536,20112,30.6885,0.02501,0.076447,59.2972,0.99988
4359.pgm,10000,65536,14208,21.6797,0.03803,0.07666,59.2851,0.999893
4360.pgm,10000,65536,22080,33.6914,0.14774,0.077377,59.2447,0.999819
4361.pgm,10000,65536,20832,31.7871,0.03066,0.076965,59.2679,0.99981
4362.pgm,10000,65536,34192,52.1729,0.02334,0.076111,59.3163,0.999844
4363.pgm,10000,65536,35648,54.3945,0.02065,0.07515,59.3715,0.999852
4364.pgm,10000,65536,14816,22.6074,0.01925,0.076797,59.2773,0.999867
4365.pgm,10000,65536,27984,42.7002,0.02325,0.076767,59.2791,0.99977
4366.pgm,10000,65536,23600,36.0107,0.02197,0.075836,59.332,0.999723
4367.pgm,10000,65536,14368,21.9238,0.02054,0.07608,59.3181,0.999719
4368.pgm,10000,65536,19120,29.1748,0.02219,0.077133,59.2584,0.999734
4369.pgm,10000,65536,25376,38.7207,0.03019,0.075455,59.3539,0.999763
4370.pgm,10000,65536,14912,22.7539,0.029,0.075089,59.3751,0.999874
4371.pgm,10000,65536,16768,25.5859,0.04326,0.075653,59.3425,0.999853
4373.pgm,10000,65536,12208,18.6279,0.21165,0.075775,59.3355,0.999812
4374.pgm,10000,65536,11808,18.0176,0.04003,0.077484,59.2387,0.999862
4375.pgm,10000,65536,33504,51.123,0.03002,0.075882,59.3294,0.999807
4376.pgm,10000,65536,11296,17.2363,0.02457,0.076279,59.3068,0.999815
4377.pgm,10000,65536,48608,74.1699,0.0271,0.076584,59.2894,0.999877
4378.pgm,10000,65536,41424,63.208,0.02543,0.076065,59.319,0.99985
4379.pgm,10000,65536,41440,63.2324,0.02403,0.075562,59.3478,0.999888
4380.pgm,10000,65536,29648,45.2393,0.02274,0.077454,59.2404,0.999835
4381.pgm,10000,65536,19264,29.3945,0.02433,0.075958,59.3251,0.999753
4382.pgm,10000,65536,52576,80.2246,0.03053,0.077179,59.2558,0.999837
4383.pgm,10000,65536,14144,21.582,0.02988,0.076279,59.3068,0.99974
4384.pgm,10000,65536,43040,65.6738,0.1373,0.075897,59.3285,0.999852
4385.pgm,10000,65536,46112,70.3613,0.0647,0.074509,59.4087,0.999901
4386.pgm,10000,65536,27696,42.2607,0.02689,0.076385,59.3007,0.999886
4387.pgm,10000,65536,16240,24.7803,0.02058,0.076126,59.3155,0.999846
4389.pgm,10000,65536,17056,26.0254,0.02129,0.077225,59.2532,0.999778
4390.pgm,10000,65536,41200,62.8662,0.02761,0.075989,59.3233,0.999889
4391.pgm,10000,65536,53856,82.1777,0.02965,0.076263,59.3076,0.999846
4392.pgm,10000,65536,45152,68.8965,0.03071,0.075958,59.3251,0.999836
4393.pgm,10000,65536,37552,57.2998,0.04009,0.076675,59.2842,0.999932
4394.pgm,10000,65536,27056,41.2842,0.20795,0.075745,59.3373,0.999786
4395.pgm,10000,65536,18192,27.7588,0.07384,0.077087,59.261,0.999773
4396.pgm,10000,65536,51664,78.833,0.05121,0.077026,59.2644,0.999824
4397.pgm,10000,65536,17744,27.0752,0.03212,0.076111,59.3163,0.999772
4398.pgm,10000,65536,46400,70.8008,0.03374,0.07608,59.3181,0.999933
4399.pgm,10000,65536,32176,49.0967,0.02772,0.075943,59.3259,0.999872
4400.pgm,10000,65536,28528,43.5303,0.02798,0.076599,59.2886,0.999888
4401.pgm,10000,65536,43984,67.1143,0.03411,0.074814,59.391,0.999919
4402.pgm,10000,65536,16256,24.8047,0.02994,0.075546,59.3487,0.999841
4403.pgm,10000,65536,19024,29.0283,0.05186,0.076691,59.2834,0.999696
4404.pgm,10000,65536,52688,80.3955,0.11799,0.076538,59.292,0.999906
4405.pgm,10000,65536,48560,74.0967,0.03074,0.076599,59.2886,0.999876
4406.pgm,10000,65536,61008,93.0908,0.02397,0.075851,59.3312,0.999792
4407.pgm,10000,65536,39568,60.376,0.0206,0.076569,59.2903,0.999887
4408.pgm,10000,65536,21024,32.0801,0.02233,0.076096,59.3172,0.999725
4409.pgm,10000,65536,18096,27.6123,0.02325,0.076401,59.2998,0.999801
4410.pgm,10000,65536,51440,78.4912,0.02873,0.07724,59.2524,0.999823
4411.pgm,10000,65536,10512,16.04,0.02396,0.076965,59.2679,0.999723
4412.pgm,10000,65536,33168,50.6104,0.02997,0.076279,59.3068,0.999766
4413.pgm,10000,65536,41504,63.3301,0.0986,0.075439,59.3548,0.999905
4414.pgm,10000,65536,24240,36.9873,0.06197,0.076096,59.3172,0.999904
4415.pgm,10000,65536,25792,39.3555,0.03424,0.07547,59.3531,0.999853
4416.pgm,10000,65536,11104,16.9434,0.02375,0.077393,59.2438,0.999846
4417.pgm,10000,65536,15600,23.8037,0.02255,0.076004,59.3224,0.999789
4418.pgm,10000,65536,53152,81.1035,0.02607,0.075806,59.3338,0.999925
4419.pgm,10000,65536,52176,79.6143,0.02461,0.076767,59.2791,0.999833
4420.pgm,10000,65536,58944,89.9414,0.02348,0.076263,59.3076,0.999804
4421.pgm,10000,65536,43088,65.7471,0.02286,0.077728,59.225,0.999905
4422.pgm,10000,65536,26752,40.8203,0.02289,0.075211,59.368,0.999875
4423.pgm,10000,65536,29040,44.3115,0.02862,0.076218,59.3102,0.999846
4424.pgm,10000,65536,26992,41.1865,0.06816,0.078049,59.2071,0.999804
4425.pgm,10000,65536,25104,38.3057,0.09887,0.074722,59.3963,0.999777
4426.pgm,10000,65536,27152,41.4307,0.05511,0.077393,59.2438,0.999819
4427.pgm,10000,65536,42432,64.7461,0.04038,0.076157,59.3137,0.999931
4428.pgm,10000,65536,27504,41.9678,0.0327,0.07547,59.3531,0.999899
4429.pgm,10000,65536,30480,46.5088,0.03143,0.075165,59.3707,0.999866
4430.pgm,10000,65536,11632,17.749,0.02662,0.076508,59.2938,0.999849
4431.pgm,10000,65536,15120,23.0713,0.02733,0.076813,59.2765,0.999832
4432.pgm,10000,65536,37360,57.0068,0.03,0.076218,59.3102,0.999904
4433.pgm,10000,65536,47680,72.7539,0.03023,0.075745,59.3373,0.999875
4434.pgm,10000,65536,44592,68.042,0.03177,0.076675,59.2842,0.999783
4435.pgm,10000,65536,41888,63.916,0.03745,0.075836,59.332,0.999902
4436.pgm,10000,65536,29216,44.5801,0.18296,0.074646,59.4007,0.999771
4437.pgm,10000,65536,20672,31.543,0.05099,0.075974,59.3242,0.999778
4438.pgm,10000,65536,17456,26.6357,0.02537,0.076218,59.3102,0.999802
4439.pgm,10000,65536,20784,31.7139,0.02082,0.076294,59.3059,0.999734
4440.pgm,10000,65536,25168,38.4033,0.01914,0.077545,59.2353,0.999804
4441.pgm,10000,65536,39616,60.4492,0.01966,0.075607,59.3452,0.999924
4442.pgm,10000,65536,44064,67.2363,0.02013,0.077469,59.2395,0.99988
4443.pgm,10000,65536,31712,48.3887,0.01954,0.074036,59.4364,0.999863
4444.pgm,10000,65536,24896,37.9883,0.02109,0.077057,59.2627,0.999871
4445.pgm,10000,65536,16864,25.7324,0.02121,0.076324,59.3042,0.999826
4446.pgm,10000,65536,48096,73.3887,0.02813,0.076065,59.319,0.999926
4447.pgm,10000,65536,37680,57.4951,0.03913,0.076965,59.2679,0.999844
4448.pgm,10000,65536,37440,57.1289,0.1888,0.076233,59.3094,0.999843
4449.pgm,10000,65536,35888,54.7607,0.03217,0.076218,59.3102,0.999896
4450.pgm,10000,65536,30528,46.582,0.02212,0.077591,59.2327,0.999837
4451.pgm,10000,65536,22800,34.79,0.01855,0.077667,59.2284,0.999729
4452.pgm,10000,65536,13008,19.8486,0.01633,0.076508,59.2938,0.999847
4453.pgm,10000,65536,27536,42.0166,0.01806,0.076385,59.3007,0.999785
4454.pgm,10000,65536,31504,48.0713,0.01981,0.074997,59.3804,0.99986
4455.pgm,10000,65536,26288,40.1123,0.02059,0.07666,59.2851,0.999759
4456.pgm,10000,65536,48688,74.292,0.0228,0.076141,59.3146,0.999898
4457.pgm,10000,65536,28832,43.9941,0.02074,0.077026,59.2644,0.999864
4458.pgm,10000,65536,25200,38.4521,0.02379,0.074219,59.4257,0.999924
4459.pgm,10000,65536,20816,31.7627,0.04557,0.077026,59.2644,0.999816
4460.pgm,10000,65536,54064,82.4951,0.14312,0.076385,59.3007,0.999922
4461.pgm,10000,65536,21552,32.8857,0.02752,0.077011,59.2653,0.999776
4462.pgm,10000,65536,47824,72.9736,0.02465,0.076538,59.292,0.999846
4463.pgm,10000,65536,42496,64.8438,0.02192,0.075729,59.3382,0.999916
4464.pgm,10000,65536,33648,51.3428,0.02417,0.077438,59.2412,0.999874
4465.pgm,10000,65536,16304,24.8779,0.02143,0.076675,59.2842,0.999707
4466.pgm,10000,65536,34640,52.8564,0.02995,0.075134,59.3724,0.999442
4467.pgm,10000,65536,26208,39.9902,0.03149,0.075851,59.3312,0.999768
4468.pgm,10000,65536,48064,73.3398,0.0467,0.075897,59.3285,0.999859
4469.pgm,10000,65536,15184,23.1689,0.20147,0.075668,59.3417,0.999851
4470.pgm,10000,65536,46016,70.2148,0.05105,0.0755,59.3513,0.999902
4471.pgm,10000,65536,28032,42.7734,0.0246,0.076462,59.2964,0.999844
4472.pgm,10000,65536,24880,37.9639,0.02056,0.07663,59.2868,0.999914
4474.pgm,10000,65536,24208,36.9385,0.02502,0.076263,59.3076,0.99984
4475.pgm,10000,65536,44176,67.4072,0.02735,0.076492,59.2946,0.999851
4476.pgm,10000,65536,40928,62.4512,0.02891,0.076218,59.3102,0.999841
4477.pgm,10000,65536,48256,73.6328,0.02938,0.076141,59.3146,0.99992
4478.pgm,10000,65536,47472,72.4365,0.02974,0.076126,59.3155,0.999884
4479.pgm,10000,65536,46992,71.7041,0.03566,0.075363,59.3592,0.999751
4480.pgm,10000,65536,13216,20.166,0.17764,0.075134,59.3724,0.999756
4481.pgm,10000,65536,16208,24.7314,0.04825,0.077576,59.2335,0.999765
4482.pgm,10000,65536,37920,57.8613,0.0357,0.077087,59.261,0.999849
4483.pgm,10000,65536,22640,34.5459,0.02828,0.076736,59.2808,0.999872
4484.pgm,10000,65536,54448,83.0811,0.03175,0.076126,59.3155,0.99992
4485.pgm,10000,65536,43440,66.2842,0.0361,0.076401,59.2998,0.999835
4486.pgm,10000,65536,22032,33.6182,0.03796,0.07666,59.2851,0.999844
4487.pgm,10000,65536,22080,33.6914,0.04539,0.076538,59.292,0.999841
4488.pgm,10000,65536,23936,36.5234,0.06096,0.076279,59.3068,0.999828
4489.pgm,10000,65536,39808,60.7422,0.09397,0.075531,59.3496,0.999834
4490.pgm,10000,65536,45408,69.2871,0.11537,0.075974,59.3242,0.99984
4491.pgm,10000,65536,64480,98.3887,0.05422,0.074966,59.3821,0.999906
4492.pgm,10000,65536,19856,30.2979,0.02997,0.074814,59.391,0.999758
4493.pgm,10000,65536,35520,54.1992,0.02581,0.076859,59.2739,0.999867
4494.pgm,10000,65536,32528,49.6338,0.02321,0.075562,59.3478,0.99985
4495.pgm,10000,65536,18400,28.0762,0.02125,0.077484,59.2387,0.999746
4496.pgm,10000,65536,41056,62.6465,0.02483,0.075211,59.368,0.999899
4497.pgm,10000,65536,18288,27.9053,0.03038,0.076874,59.273,0.999841
4498.pgm,10000,65536,61056,93.1641,0.21782,0.077667,59.2284,0.99982
4499.pgm,10000,65536,32432,49.4873,0.03298,0.077347,59.2464,0.999881
4500.pgm,10000,65536,54720,83.4961,0.02671,0.076385,59.3007,0.999726
4501.pgm,10000,65536,24944,38.0615,0.01992,0.076172,59.3129,0.999889
4502.pgm,10000,65536,33440,51.0254,0.02113,0.076309,59.305,0.999905
4503.pgm,10000,65536,40432,61.6943,0.02688,0.077133,59.2584,0.999835
4504.pgm,10000,65536,58016,88.5254,0.03088,0.076416,59.299,0.99986
4505.pgm,10000,65536,56688,86.499,0.08856,0.076965,59.2679,0.999908
4506.pgm,10000,65536,38992,59.4971,0.06868,0.076202,59.3111,0.999884
4507.pgm,10000,65536,35504,54.1748,0.02834,0.076569,59.2903,0.999867
4508.pgm,10000,65536,29792,45.459,0.02115,0.075165,59.3707,0.999842
4509.pgm,10000,65536,25120,38.3301,0.01954,0.076065,59.319,0.999868
4510.pgm,10000,65536,49344,75.293,0.02606,0.076462,59.2964,0.999896
4511.pgm,10000,65536,16896,25.7812,0.02276,0.077377,59.2447,0.99978
4512.pgm,10000,65536,61536,93.8965,0.02772,0.075302,59.3627,0.999834
4513.pgm,10000,65536,35440,54.0771,0.02581,0.076645,59.286,0.999897
4514.pgm,10000,65536,32544,49.6582,0.02518,0.075195,59.3689,0.999885
4515.pgm,10000,65536,12560,19.165,0.02462,0.077332,59.2472,0.99984
4516.pgm,10000,65536,35776,54.5898,0.02843,0.077499,59.2378,0.999912
4517.pgm,10000,65536,42640,65.0635,0.04019,0.075058,59.3768,0.999855
4518.pgm,10000,65536,40400,61.6455,0.05582,0.077423,59.2421,0.999811
4519.pgm,10000,65536,56480,86.1816,0.05314,0.076218,59.3102,0.999909
4520.pgm,10000,65536,26992,41.1865,0.04021,0.07637,59.3016,0.999823
4521.pgm,10000,65536,43280,66.04,0.04128,0.077271,59.2507,0.999728
4522.pgm,10000,65536,29920,45.6543,0.03484,0.075836,59.332,0.999782
4523.pgm,10000,65536,26912,41.0645,0.03616,0.076721,59.2817,0.999832
4524.pgm,10000,65536,38048,58.0566,0.03749,0.075729,59.3382,0.999893
4525.pgm,10000,65536,16464,25.1221,0.03235,0.07486,59.3883,0.999823
4526.pgm,10000,65536,45280,69.0918,0.04338,0.07666,59.2851,0.999903
4527.pgm,10000,65536,28896,44.0918,0.04669,0.075485,59.3522,0.999897
4528.pgm,10000,65536,33744,51.4893,0.12074,0.076126,59.3155,0.99988
4529.pgm,10000,65536,28960,44.1895,0.07432,0.076706,59.2825,0.99985
4530.pgm,10000,65536,22928,34.9854,0.04584,0.076218,59.3102,0.999808
4531.pgm,10000,65536,39152,59.7412,0.04006,0.075684,59.3408,0.99986
4532.pgm,10000,65536,60768,92.7246,0.03897,0.075653,59.3425,0.999923
4533.pgm,10000,65536,43760,66.7725,0.0325,0.07666,59.2851,0.999821
4534.pgm,10000,65536,29760,45.4102,0.02654,0.077332,59.2472,0.999794
4535.pgm,10000,65536,40752,62.1826,0.02727,0.07782,59.2199,0.999824
4536.pgm,10000,65536,25280,38.5742,0.02331,0.075104,59.3742,0.99977
4537.pgm,10000,65536,18640,28.4424,0.02174,0.07634,59.3033,0.999783
4538.pgm,10000,65536,56000,85.4492,0.02599,0.077469,59.2395,0.999822
4539.pgm,10000,65536,17568,26.8066,0.02463,0.076523,59.2929,0.999815
4540.pgm,10000,65536,34432,52.5391,0.03567,0.077393,59.2438,0.999869
4541.pgm,10000,65536,26272,40.0879,0.18698,0.075424,59.3557,0.999888
4542.pgm,10000,65536,30848,47.0703,0.03703,0.077164,59.2567,0.999882
4543.pgm,10000,65536,30096,45.9229,0.0246,0.076447,59.2972,0.999811
4544.pgm,10000,65536,24880,37.9639,0.02041,0.075348,59.3601,0.99985
4545.pgm,10000,65536,56032,85.498,0.02204,0.075409,59.3566,0.999854
4546.pgm,10000,65536,38128,58.1787,0.02209,0.076431,59.2981,0.999839
4547.pgm,10000,65536,43632,66.5771,0.02408,0.077057,59.2627,0.999797
4548.pgm,10000,65536,28384,43.3105,0.0228,0.075226,59.3671,0.999646
4549.pgm,10000,65536,32368,49.3896,0.02442,0.076218,59.3102,0.999811
4550.pgm,10000,65536,13504,20.6055,0.02718,0.077606,59.2318,0.999784
4551.pgm,10000,65536,22672,34.5947,0.03757,0.075745,59.3373,0.999761
4552.pgm,10000,65536,49584,75.6592,0.19278,0.076401,59.2998,0.999789
4553.pgm,10000,65536,21536,32.8613,0.03165,0.075485,59.3522,0.999893
4554.pgm,10000,65536,33696,51.416,0.02372,0.075363,59.3592,0.999927
4555.pgm,10000,65536,28336,43.2373,0.02064,0.075821,59.3329,0.999897
4556.pgm,10000,65536,32240,49.1943,0.02012,0.075729,59.3382,0.999905
4557.pgm,10000,65536,30080,45.8984,0.02015,0.076691,59.2834,0.999819
4558.pgm,10000,65536,33920,51.7578,0.02991,0.075317,59.3619,0.999927
4559.pgm,10000,65536,46944,71.6309,0.17551,0.077484,59.2387,0.99983
4560.pgm,10000,65536,28176,42.9932,0.04344,0.075668,59.3417,0.9999
4561.pgm,10000,65536,41632,63.5254,0.02756,0.07695,59.2687,0.999802
4562.pgm,10000,65536,20112,30.6885,0.01959,0.076813,59.2765,0.999745
4563.pgm,10000,65536,40512,61.8164,0.02311,0.076599,59.2886,0.999779
4564.pgm,10000,65536,20016,30.542,0.02401,0.07637,59.3016,0.999811
4565.pgm,10000,65536,20384,31.1035,0.02617,0.076645,59.286,0.999757
4566.pgm,10000,65536,50400,76.9043,0.03431,0.077454,59.2404,0.999894
4567.pgm,10000,65536,18576,28.3447,0.03895,0.076355,59.3024,0.999817
4568.pgm,10000,65536,40256,61.4258,0.20383,0.076523,59.2929,0.999894
4569.pgm,10000,65536,32176,49.0967,0.03981,0.075317,59.3619,0.999899
4570.pgm,10000,65536,32448,49.5117,0.02435,0.076843,59.2747,0.999902
4571.pgm,10000,65536,37600,57.373,0.02246,0.077118,59.2593,0.999822
4572.pgm,10000,65536,45856,69.9707,0.02857,0.075897,59.3285,0.999912
4573.pgm,10000,65536,46368,70.752,0.02756,0.076035,59.3207,0.999911
4574.pgm,10000,65536,31520,48.0957,0.02397,0.076248,59.3085,0.999892
4575.pgm,10000,65536,43120,65.7959,0.02774,0.07695,59.2687,0.99984
4576.pgm,10000,65536,25312,38.623,0.02494,0.076019,59.3216,0.99982
4577.pgm,10000,65536,23728,36.2061,0.03215,0.076981,59.267,0.999819
4578.pgm,10000,65536,34320,52.3682,0.19367,0.075058,59.3768,0.99979
4579.pgm,10000,65536,30640,46.7529,0.04613,0.076706,59.2825,0.99979
4580.pgm,10000,65536,26672,40.6982,0.02625,0.075882,59.3294,0.999874
4581.pgm,10000,65536,28480,43.457,0.02174,0.076263,59.3076,0.999892
4582.pgm,10000,65536,40432,61.6943,0.02298,0.078003,59.2097,0.999891
4583.pgm,10000,65536,17424,26.5869,0.02271,0.074722,59.3963,0.999781
4584.pgm,10000,65536,28880,44.0674,0.03632,0.077377,59.2447,0.999866
4585.pgm,10000,65536,22304,34.0332,0.18687,0.077652,59.2293,0.999807
4586.pgm,10000,65536,34992,53.3936,0.03471,0.076096,59.3172,0.999914
4587.pgm,10000,65536,34672,52.9053,0.02488,0.076538,59.292,0.999831
4588.pgm,10000,65536,40064,61.1328,0.02341,0.07724,59.2524,0.999829
4589.pgm,10000,65536,41648,63.5498,0.02206,0.076187,59.312,0.99985
4590.pgm,10000,65536,21392,32.6416,0.02009,0.076401,59.2998,0.999814
4591.pgm,10000,65536,23152,35.3271,0.02371,0.076889,59.2722,0.999821
4592.pgm,10000,65536,25520,38.9404,0.0242,0.075363,59.3592,0.999816
4593.pgm,10000,65536,29664,45.2637,0.02521,0.077301,59.249,0.999762
4594.pgm,10000,65536,28144,42.9443,0.02704,0.076599,59.2886,0.999888
4595.pgm,10000,65536,33728,51.4648,0.02935,0.075409,59.3566,0.999907
4596.pgm,10000,65536,37776,57.6416,0.0387,0.076477,59.2955,0.999899
4597.pgm,10000,65536,17792,27.1484,0.04409,0.076035,59.3207,0.999813
4598.pgm,10000,65536,26192,39.9658,0.04998,0.077667,59.2284,0.999827
4599.pgm,10000,65536,22752,34.7168,0.0442,0.07576,59.3364,0.999822
4600.pgm,10000,65536,35200,53.7109,0.04205,0.076508,59.2938,0.999912
4601.pgm,10000,65536,36112,55.1025,0.03792,0.075592,59.346,0.999831
4602.pgm,10000,65536,48704,74.3164,0.04307,0.074966,59.3821,0.999885
4603.pgm,10000,65536,44032,67.1875,0.04856,0.07756,59.2344,0.999801
4604.pgm,10000,65536,20272,30.9326,0.04479,0.077393,59.2438,0.999774
4605.pgm,10000,65536,17520,26.7334,0.04219,0.076523,59.2929,0.999786
4606.pgm,10000,65536,25216,38.4766,0.04314,0.076797,59.2773,0.999812
4607.pgm,10000,65536,22016,33.5938,0.03847,0.07695,59.2687,0.999736
4608.pgm,10000,65536,27456,41.8945,0.04101,0.076279,59.3068,0.999909
4609.pgm,10000,65536,31680,48.3398,0.07875,0.075729,59.3382,0.999832
4610.pgm,10000,65536,39536,60.3271,0.08634,0.075729,59.3382,0.999903
4611.pgm,10000,65536,21808,33.2764,0.04781,0.075653,59.3425,0.999811
4612.pgm,10000,65536,32432,49.4873,0.03375,0.076782,59.2782,0.999879
4613.pgm,10000,65536,10320,15.7471,0.02591,0.076477,59.2955,0.999808
4614.pgm,10000,65536,41872,63.8916,0.02668,0.074341,59.4185,0.99988
4615.pgm,10000,65536,46368,70.752,0.02558,0.075684,59.3408,0.999797
4616.pgm,10000,65536,55840,85.2051,0.02637,0.077591,59.2327,0.999862
4617.pgm,10000,65536,54432,83.0566,0.02888,0.076065,59.319,0.999846
4618.pgm,10000,65536,26992,41.1865,0.03321,0.076065,59.319,0.999793
4619.pgm,10000,65536,17840,27.2217,0.17796,0.076355,59.3024,0.999799
4620.pgm,10000,65536,32544,49.6582,0.03615,0.076035,59.3207,0.999818
4621.pgm,10000,65536,19920,30.3955,0.0232,0.077286,59.2498,0.999756
4622.pgm,10000,65536,37808,57.6904,0.0209,0.076385,59.3007,0.999834
4623.pgm,10000,65536,19728,30.1025,0.01734,0.077179,59.2558,0.999796
4624.pgm,10000,65536,37152,56.6895,0.01802,0.076248,59.3085,0.999907
4625.pgm,10000,65536,58000,88.501,0.01973,0.076355,59.3024,0.999902
4626.pgm,10000,65536,37024,56.4941,0.01866,0.074707,59.3972,0.999859
4627.pgm,10000,65536,16528,25.2197,0.01851,0.077286,59.2498,0.999814
4628.pgm,10000,65536,20352,31.0547,0.02058,0.076004,59.3224,0.999801
4629.pgm,10000,65536,57344,87.5,0.02862,0.076721,59.2817,0.999906
4630.pgm,10000,65536,43200,65.918,0.05223,0.076874,59.273,0.999857
4631.pgm,10000,65536,47744,72.8516,0.1124,0.076248,59.3085,0.999839
4633.pgm,10000,65536,18288,27.9053,0.05419,0.076935,59.2696,0.999744
4634.pgm,10000,65536,37696,57.5195,0.04163,0.076523,59.2929,0.999811
4635.pgm,10000,65536,23072,35.2051,0.03569,0.076141,59.3146,0.999798
4636.pgm,10000,65536,31328,47.8027,0.03373,0.075882,59.3294,0.999871
4637.pgm,10000,65536,53504,81.6406,0.03378,0.075897,59.3285,0.999901
4638.pgm,10000,65536,25472,38.8672,0.02691,0.075745,59.3373,0.99984
4639.pgm,10000,65536,59872,91.3574,0.03098,0.077393,59.2438,0.99991
4640.pgm,10000,65536,49088,74.9023,0.0329,0.075348,59.3601,0.999909
4642.pgm,10000,65536,14736,22.4854,0.03151,0.075363,59.3592,0.999827
4643.pgm,10000,65536,34176,52.1484,0.04574,0.076157,59.3137,0.999799
4644.pgm,10000,65536,63936,97.5586,0.06242,0.076096,59.3172,0.999876
4645.pgm,10000,65536,42928,65.5029,0.05495,0.076859,59.2739,0.999836
4646.pgm,10000,65536,23488,35.8398,0.04696,0.076279,59.3068,0.999783
4647.pgm,10000,65536,13280,20.2637,0.04086,0.075134,59.3724,0.999757
4648.pgm,10000,65536,27872,42.5293,0.04062,0.075485,59.3522,0.999819
4649.pgm,10000,65536,16208,24.7314,0.03437,0.075943,59.3259,0.999759
4650.pgm,10000,65536,33312,50.8301,0.03595,0.077087,59.261,0.999874
4651.pgm,10000,65536,49808,76.001,0.19826,0.075775,59.3355,0.999894
4652.pgm,10000,65536,24704,37.6953,0.03479,0.075516,59.3504,0.999898
4653.pgm,10000,65536,49008,74.7803,0.0262,0.076233,59.3094,0.999789
4654.pgm,10000,65536,41296,63.0127,0.02237,0.075073,59.376,0.9999
4655.pgm,10000,65536,25088,38.2812,0.01986,0.076279,59.3068,0.999767
4656.pgm,10000,65536,45936,70.0928,0.02326,0.074905,59.3857,0.999757
4657.pgm,10000,65536,52112,79.5166,0.03128,0.075546,59.3487,0.999939
4658.pgm,10000,65536,62944,96.0449,0.16892,0.076736,59.2808,0.999898
4659.pgm,10000,65536,23840,36.377,0.03614,0.076675,59.2842,0.999797
4660.pgm,10000,65536,60736,92.6758,0.02966,0.077026,59.2644,0.999822
4661.pgm,10000,65536,27296,41.6504,0.02254,0.076492,59.2946,0.999809
4662.pgm,10000,65536,28976,44.2139,0.02241,0.074677,59.399,0.99984
4663.pgm,10000,65536,23952,36.5479,0.02255,0.076172,59.3129,0.999904
4664.pgm,10000,65536,30720,46.875,0.02776,0.077087,59.261,0.999886
4665.pgm,10000,65536,29216,44.5801,0.03428,0.075958,59.3251,0.999908
4666.pgm,10000,65536,30560,46.6309,0.14627,0.076599,59.2886,0.999871
4667.pgm,10000,65536,49616,75.708,0.06266,0.07608,59.3181,0.999919
4668.pgm,10000,65536,32800,50.0488,0.02793,0.076355,59.3024,0.999831
4669.pgm,10000,65536,58976,89.9902,0.02592,0.075516,59.3504,0.999861
4670.pgm,10000,65536,45056,68.75,0.02384,0.075638,59.3434,0.999924
4671.pgm,10000,65536,44976,68.6279,0.02597,0.076492,59.2946,0.999861
4672.pgm,10000,65536,22176,33.8379,0.02576,0.077072,59.2618,0.999775
4673.pgm,10000,65536,14240,21.7285,0.02741,0.075424,59.3557,0.999784
4674.pgm,10000,65536,12400,18.9209,0.16608,0.076859,59.2739,0.99978
4675.pgm,10000,65536,33760,51.5137,0.05203,0.076111,59.3163,0.999815
4676.pgm,10000,65536,39776,60.6934,0.02841,0.076614,59.2877,0.999867
4677.pgm,10000,65536,56784,86.6455,0.02565,0.075653,59.3425,0.999908
4678.pgm,10000,65536,33440,51.0254,0.02067,0.075729,59.3382,0.999892
4679.pgm,10000,65536,20384,31.1035,0.01855,0.076538,59.292,0.999869
4680.pgm,10000,65536,32624,49.7803,0.01989,0.07634,59.3033,0.999859
4681.pgm,10000,65536,40032,61.084,0.0236,0.077133,59.2584,0.999921
4682.pgm,10000,65536,31824,48.5596,0.02344,0.077164,59.2567,0.999778
4683.pgm,10000,65536,33568,51.2207,0.02855,0.077271,59.2507,0.999875
4684.pgm,10000,65536,40688,62.085,0.16014,0.076447,59.2972,0.999878
4685.pgm,10000,65536,25552,38.9893,0.0499,0.07634,59.3033,0.999807
4686.pgm,10000,65536,24624,37.5732,0.02736,0.077316,59.2481,0.999855
4687.pgm,10000,65536,23648,36.084,0.02286,0.07576,59.3364,0.999775
4688.pgm,10000,65536,32480,49.5605,0.0212,0.075989,59.3233,0.999807
4689.pgm,10000,65536,38848,59.2773,0.02138,0.075974,59.3242,0.999858
4690.pgm,10000,65536,17232,26.2939,0.01851,0.077454,59.2404,0.999836
4691.pgm,10000,65536,39392,60.1074,0.02054,0.075439,59.3548,0.999892
4692.pgm,10000,65536,28656,43.7256,0.01922,0.077408,59.243,0.999843
4693.pgm,10000,65536,44096,67.2852,0.03648,0.075928,59.3268,0.999883
4694.pgm,10000,65536,46656,71.1914,0.1955,0.076721,59.2817,0.999824
4695.pgm,10000,65536,43328,66.1133,0.03619,0.075943,59.3259,0.999886
4696.pgm,10000,65536,42800,65.3076,0.02498,0.076508,59.2938,0.99989
4697.pgm,10000,65536,40832,62.3047,0.02114,0.076797,59.2773,0.999878
4698.pgm,10000,65536,24672,37.6465,0.02253,0.076904,59.2713,0.999788
4699.pgm,10000,65536,26656,40.6738,0.02251,0.076675,59.2842,0.99988
4700.pgm,10000,65536,33408,50.9766,0.02311,0.076935,59.2696,0.999788
4701.pgm,10000,65536,32352,49.3652,0.02354,0.075729,59.3382,0.999827
4702.pgm,10000,65536,28208,43.042,0.02557,0.076294,59.3059,0.999842
4703.pgm,10000,65536,10320,15.7471,0.02819,0.076569,59.2903,0.999803
4704.pgm,10000,65536,32560,49.6826,0.04112,0.075974,59.3242,0.999878
4705.pgm,10000,65536,31008,47.3145,0.17844,0.075821,59.3329,0.99981
4706.pgm,10000,65536,44336,67.6514,0.04823,0.076172,59.3129,0.999912
4707.pgm,10000,65536,44896,68.5059,0.03053,0.07666,59.2851,0.999869
4708.pgm,10000,65536,40864,62.3535,0.02597,0.076111,59.3163,0.999821
4709.pgm,10000,65536,53072,80.9814,0.0253,0.076508,59.2938,0.999904
4710.pgm,10000,65536,43648,66.6016,0.02386,0.076202,59.3111,0.999841
4711.pgm,10000,65536,21952,33.4961,0.02282,0.075073,59.376,0.999717
4712.pgm,10000,65536,21968,33.5205,0.03036,0.075897,59.3285,0.99983
4713.pgm,10000,65536,19808,30.2246,0.17204,0.075989,59.3233,0.999752
4714.pgm,10000,65536,35568,54.2725,0.05452,0.077057,59.2627,0.999794
4715.pgm,10000,65536,37568,57.3242,0.02637,0.076523,59.2929,0.999857
4716.pgm,10000,65536,29984,45.752,0.0209,0.075424,59.3557,0.99987
4717.pgm,10000,65536,54416,83.0322,0.02366,0.076309,59.305,0.999909
4718.pgm,10000,65536,11392,17.3828,0.0208,0.076569,59.2903,0.999826
4719.pgm,10000,65536,10368,15.8203,0.02175,0.075806,59.3338,0.999621
4720.pgm,10000,65536,47712,72.8027,0.02782,0.076538,59.292,0.999887
4721.pgm,10000,65536,58816,89.7461,0.0293,0.075317,59.3619,0.999878
4722.pgm,10000,65536,36976,56.4209,0.03248,0.077133,59.2584,0.999855
4723.pgm,10000,65536,34816,53.125,0.05107,0.077698,59.2267,0.999838
4724.pgm,10000,65536,22544,34.3994,0.19748,0.077087,59.261,0.999774
4725.pgm,10000,65536,32848,50.1221,0.05246,0.076355,59.3024,0.999802
4726.pgm,10000,65536,35408,54.0283,0.03439,0.075882,59.3294,0.999834
4727.pgm,10000,65536,27872,42.5293,0.02602,0.076614,59.2877,0.999778
4728.pgm,10000,65536,40464,61.7432,0.02604,0.077301,59.249,0.999871
4729.pgm,10000,65536,30688,46.8262,0.02315,0.07692,59.2704,0.99986
4730.pgm,10000,65536,34592,52.7832,0.02251,0.077271,59.2507,0.999865
4731.pgm,10000,65536,18832,28.7354,0.02157,0.076691,59.2834,0.999781
4732.pgm,10000,65536,13696,20.8984,0.02432,0.076355,59.3024,0.999848
4733.pgm,10000,65536,47056,71.8018,0.07663,0.075836,59.332,0.999874
4734.pgm,10000,65536,63040,96.1914,0.081,0.076889,59.2722,0.999917
4735.pgm,10000,65536,58784,89.6973,0.02961,0.076859,59.2739,0.999905
4736.pgm,10000,65536,44400,67.749,0.02314,0.07576,59.3364,0.999782
4737.pgm,10000,65536,12352,18.8477,0.01803,0.077118,59.2593,0.99974
4738.pgm,10000,65536,30480,46.5088,0.02086,0.076065,59.319,0.999806
4739.pgm,10000,65536,33344,50.8789,0.02014,0.076065,59.319,0.999824
4740.pgm,10000,65536,33184,50.6348,0.01948,0.078384,59.1885,0.999733
4741.pgm,10000,65536,42400,64.6973,0.0235,0.075562,59.3478,0.999875
4742.pgm,10000,65536,23440,35.7666,0.02651,0.076752,59.2799,0.999862
4743.pgm,10000,65536,38816,59.2285,0.1047,0.078049,59.2071,0.999885
4744.pgm,10000,65536,15936,24.3164,0.05676,0.076035,59.3207,0.999759
4745.pgm,10000,65536,50464,77.002,0.03052,0.076019,59.3216,0.999915
4746.pgm,10000,65536,21504,32.8125,0.02091,0.07663,59.2868,0.999791
4747.pgm,10000,65536,59056,90.1123,0.02522,0.076935,59.2696,0.999914
4748.pgm,10000,65536,52624,80.2979,0.02918,0.076004,59.3224,0.999902
4749.pgm,10000,65536,33088,50.4883,0.02685,0.076202,59.3111,0.999745
4750.pgm,10000,65536,58240,88.8672,0.03461,0.077469,59.2395,0.999839
4751.pgm,10000,65536,23088,35.2295,0.03346,0.077347,59.2464,0.999759
4752.pgm,10000,65536,24352,37.1582,0.13574,0.077606,59.2318,0.999802
4753.pgm,10000,65536,30864,47.0947,0.06085,0.075699,59.3399,0.999782
4754.pgm,10000,65536,43760,66.7725,0.03058,0.076019,59.3216,0.99987
4755.pgm,10000,65536,19408,29.6143,0.02011,0.07692,59.2704,0.999875
4756.pgm,10000,65536,37488,57.2021,0.02022,0.075897,59.3285,0.999889
4757.pgm,10000,65536,15360,23.4375,0.01715,0.075912,59.3277,0.999719
4758.pgm,10000,65536,14704,22.4365,0.01855,0.075974,59.3242,0.999873
4759.pgm,10000,65536,41872,63.8916,0.02355,0.076172,59.3129,0.999875
4760.pgm,10000,65536,64304,98.1201,0.02534,0.076584,59.2894,0.99988
4761.pgm,10000,65536,58864,89.8193,0.02542,0.076492,59.2946,0.999912
4762.pgm,10000,65536,46752,71.3379,0.02662,0.075241,59.3663,0.999782
4763.pgm,10000,65536,16896,25.7812,0.02633,0.075348,59.3601,0.999807
4764.pgm,10000,65536,30640,46.7529,0.13154,0.076813,59.2765,0.999827
4765.pgm,10000,65536,15040,22.9492,0.06053,0.076035,59.3207,0.999795
4766.pgm,10000,65536,29168,44.5068,0.02904,0.076218,59.3102,0.999748
4767.pgm,10000,65536,33648,51.3428,0.02307,0.077423,59.2421,0.999887
4768.pgm,10000,65536,23632,36.0596,0.0201,0.076111,59.3163,0.999894
4769.pgm,10000,65536,39264,59.9121,0.02146,0.076691,59.2834,0.999894
4770.pgm,10000,65536,10592,16.1621,0.01981,0.077072,59.2618,0.999805
4771.pgm,10000,65536,45424,69.3115,0.03808,0.076981,59.267,0.999907
4772.pgm,10000,65536,36576,55.8105,0.20239,0.077301,59.249,0.999828
4773.pgm,10000,65536,58336,89.0137,0.0397,0.077606,59.2318,0.999856
4774.pgm,10000,65536,48528,74.0479,0.0263,0.07724,59.2524,0.999904
4775.pgm,10000,65536,33072,50.4639,0.02045,0.076279,59.3068,0.99982
4776.pgm,10000,65536,19856,30.2979,0.01821,0.077271,59.2507,0.999851
4777.pgm,10000,65536,60272,91.9678,0.02678,0.07579,59.3347,0.999874
4778.pgm,10000,65536,16896,25.7812,0.02219,0.074875,59.3874,0.999786
4779.pgm,10000,65536,22752,34.7168,0.0234,0.075668,59.3417,0.999765
4780.pgm,10000,65536,35040,53.4668,0.03093,0.075317,59.3619,0.999903
4781.pgm,10000,65536,28112,42.8955,0.20635,0.077148,59.2575,0.999782
4782.pgm,10000,65536,47808,72.9492,0.05359,0.076645,59.286,0.999912
4783.pgm,10000,65536,18272,27.8809,0.02427,0.074417,59.4141,0.999825
4784.pgm,10000,65536,47808,72.9492,0.02381,0.07518,59.3698,0.999913
4785.pgm,10000,65536,24416,37.2559,0.02131,0.076828,59.2756,0.999878
4786.pgm,10000,65536,64688,98.7061,0.02886,0.075912,59.3277,0.999912
4787.pgm,10000,65536,47984,73.2178,0.02699,0.076614,59.2877,0.999851
4788.pgm,10000,65536,35360,53.9551,0.02534,0.076263,59.3076,0.999824
4789.pgm,10000,65536,15168,23.1445,0.02493,0.076584,59.2894,0.99974
4790.pgm,10000,65536,62000,94.6045,0.03133,0.076813,59.2765,0.999882
4792.pgm,10000,65536,22880,34.9121,0.03207,0.075455,59.3539,0.999787
4793.pgm,10000,65536,52384,79.9316,0.18111,0.077179,59.2558,0.999911
4794.pgm,10000,65536,45840,69.9463,0.04217,0.076828,59.2756,0.999907
4795.pgm,10000,65536,46032,70.2393,0.027,0.075943,59.3259,0.9999
4796.pgm,10000,65536,19200,29.2969,0.02007,0.075256,59.3654,0.999831
4797.pgm,10000,65536,27696,42.2607,0.0235,0.076813,59.2765,0.999669
4798.pgm,10000,65536,38512,58.7646,0.02635,0.075821,59.3329,0.999899
4799.pgm,10000,65536,34720,52.9785,0.02737,0.076645,59.286,0.99978
4800.pgm,10000,65536,43856,66.9189,0.03605,0.076324,59.3042,0.999921
4801.pgm,10000,65536,23696,36.1572,0.06899,0.077972,59.2114,0.999825
4802.pgm,10000,65536,19488,29.7363,0.19653,0.076065,59.319,0.999746
4803.pgm,10000,65536,55920,85.3271,0.0994,0.076279,59.3068,0.999852
4804.pgm,10000,65536,14416,21.9971,0.056,0.075912,59.3277,0.99972
4805.pgm,10000,65536,60368,92.1143,0.04889,0.075928,59.3268,0.99993
4806.pgm,10000,65536,41792,63.7695,0.03812,0.076843,59.2747,0.999878
4807.pgm,10000,65536,40672,62.0605,0.03483,0.077026,59.2644,0.999896
4808.pgm,10000,65536,31616,48.2422,0.03375,0.076126,59.3155,0.999853
4810.pgm,10000,65536,10608,16.1865,0.05057,0.076843,59.2747,0.999733
4811.pgm,10000,65536,32672,49.8535,0.14758,0.074493,59.4096,0.999902
4812.pgm,10000,65536,37184,56.7383,0.03748,0.076431,59.2981,0.999752
4813.pgm,10000,65536,25200,38.4521,0.02564,0.075684,59.3408,0.999612
4814.pgm,10000,65536,15888,24.2432,0.02244,0.075653,59.3425,0.999594
4819.pgm,10000,65536,12512,19.0918,0.02567,0.075699,59.3399,0.999359
4820.pgm,10000,65536,31584,48.1934,0.1697,0.076431,59.2981,0.999842
4821.pgm,10000,65536,30912,47.168,0.0488,0.077347,59.2464,0.999864
4822.pgm,10000,65536,11920,18.1885,0.02334,0.074951,59.383,0.999302
4823.pgm,10000,65536,50080,76.416,0.02367,0.075241,59.3663,0.999841
4824.pgm,10000,65536,32928,50.2441,0.02159,0.077164,59.2567,0.999476
4825.pgm,10000,65536,19968,30.4688,0.01866,0.07608,59.3181,0.999507
4826.pgm,10000,65536,12640,19.2871,0.01765,0.076508,59.2938,0.999618
4827.pgm,10000,65536,22128,33.7646,0.01978,0.077072,59.2618,0.999827
4828.pgm,10000,65536,29888,45.6055,0.02249,0.076599,59.2886,0.999496
4829.pgm,10000,65536,25488,38.8916,0.02589,0.077194,59.255,0.999633
4830.pgm,10000,65536,15216,23.2178,0.04609,0.076141,59.3146,0.999612
4831.pgm,10000,65536,11952,18.2373,0.12768,0.077057,59.2627,0.99975
4833.pgm,10000,65536,23472,35.8154,0.02998,0.075455,59.3539,0.999774
4834.pgm,10000,65536,18544,28.2959,0.02175,0.075912,59.3277,0.999838
4835.pgm,10000,65536,18928,28.8818,0.01883,0.076263,59.3076,0.99976
4836.pgm,10000,65536,23616,36.0352,0.02127,0.075943,59.3259,0.999799
4837.pgm,10000,65536,25584,39.0381,0.02308,0.075607,59.3452,0.999844
4838.pgm,10000,65536,23104,35.2539,0.02167,0.077286,59.2498,0.999735
4839.pgm,10000,65536,21056,32.1289,0.02194,0.075134,59.3724,0.999764
4840.pgm,10000,65536,23680,36.1328,0.02383,0.077011,59.2653,0.999818
4841.pgm,10000,65536,11200,17.0898,0.0257,0.075653,59.3425,0.999717
4843.pgm,10000,65536,10432,15.918,0.05775,0.075119,59.3733,0.999702
4844.pgm,10000,65536,21664,33.0566,0.11276,0.076324,59.3042,0.999769
4846.pgm,10000,65536,20576,31.3965,0.06575,0.075607,59.3452,0.999629
4847.pgm,10000,65536,21136,32.251,0.05408,0.075653,59.3425,0.999701
4848.pgm,10000,65536,11920,18.1885,0.04132,0.076279,59.3068,0.999729
4849.pgm,10000,65536,29136,44.458,0.04059,0.076828,59.2756,0.999858
4850.pgm,10000,65536,12336,18.8232,0.03237,0.076874,59.273,0.999754
4851.pgm,10000,65536,42528,64.8926,0.03911,0.076508,59.2938,0.999552
4852.pgm,10000,65536,39072,59.6191,0.03542,0.075958,59.3251,0.99953
4853.pgm,10000,65536,29760,45.4102,0.03304,0.07637,59.3016,0.999438
4854.pgm,10000,65536,18528,28.2715,0.04988,0.07663,59.2868,0.999644
4855.pgm,10000,65536,33616,51.2939,0.06622,0.075821,59.3329,0.999707
4856.pgm,10000,65536,29312,44.7266,0.06084,0.076874,59.273,0.999753
4857.pgm,10000,65536,17632,26.9043,0.05443,0.077209,59.2541,0.999699
4858.pgm,10000,65536,18336,27.9785,0.05192,0.07518,59.3698,0.999581
4861.pgm,10000,65536,18752,28.6133,0.06758,0.078018,59.2088,0.999611
4862.pgm,10000,65536,17376,26.5137,0.17176,0.075897,59.3285,0.999562
4863.pgm,10000,65536,18864,28.7842,0.07512,0.076553,59.2912,0.99954
4864.pgm,10000,65536,18400,28.0762,0.05681,0.075348,59.3601,0.999582
4865.pgm,10000,65536,17168,26.1963,0.03936,0.075394,59.3575,0.9996
4866.pgm,10000,65536,15600,23.8037,0.02938,0.075516,59.3504,0.999642
4867.pgm,10000,65536,14928,22.7783,0.02535,0.076843,59.2747,0.999598
4868.pgm,10000,65536,15072,22.998,0.02304,0.076462,59.2964,0.999595
4869.pgm,10000,65536,15344,23.4131,0.02266,0.075699,59.3399,0.99962
4870.pgm,10000,65536,15184,23.1689,0.0249,0.07579,59.3347,0.999599
4871.pgm,10000,65536,13552,20.6787,0.03072,0.076157,59.3137,0.999308
4872.pgm,10000,65536,15728,23.999,0.12094,0.07663,59.2868,0.999301
4875.pgm,10000,65536,19600,29.9072,0.05353,0.076782,59.2782,0.999481
4878.pgm,10000,65536,26720,40.7715,0.02869,0.076462,59.2964,0.999542
4879.pgm,10000,65536,23472,35.8154,0.02365,0.075577,59.3469,0.999597
4880.pgm,10000,65536,14592,22.2656,0.02147,0.075684,59.3408,0.999491
4881.pgm,10000,65536,23712,36.1816,0.02346,0.076889,59.2722,0.999796
4882.pgm,10000,65536,33488,51.0986,0.03396,0.077087,59.261,0.999703
4883.pgm,10000,65536,16688,25.4639,0.18916,0.07486,59.3883,0.999705
4884.pgm,10000,65536,24464,37.3291,0.03986,0.076935,59.2696,0.999639
4885.pgm,10000,65536,47728,72.8271,0.02873,0.076065,59.319,0.999477
4886.pgm,10000,65536,53840,82.1533,0.02521,0.076324,59.3042,0.999415
4887.pgm,10000,65536,50208,76.6113,0.02534,0.077835,59.219,0.999452
4888.pgm,10000,65536,45920,70.0684,0.02727,0.075775,59.3355,0.999499
4889.pgm,10000,65536,42752,65.2344,0.05097,0.075821,59.3329,0.999366
4890.pgm,10000,65536,37760,57.6172,0.14086,0.074432,59.4132,0.99939
4891.pgm,10000,65536,29168,44.5068,0.0324,0.07695,59.2687,0.999725
4892.pgm,10000,65536,23584,35.9863,0.02345,0.075867,59.3303,0.999839
4893.pgm,10000,65536,23648,36.084,0.02126,0.07634,59.3033,0.999835
4894.pgm,10000,65536,27344,41.7236,0.02118,0.077286,59.2498,0.999911
4895.pgm,10000,65536,28400,43.335,0.02438,0.076721,59.2817,0.999914
4896.pgm,10000,65536,30400,46.3867,0.02662,0.075745,59.3373,0.99978
4897.pgm,10000,65536,20912,31.9092,0.02753,0.076477,59.2955,0.999702
4898.pgm,10000,65536,12432,18.9697,0.02609,0.07637,59.3016,0.999394
4904.pgm,10000,65536,13936,21.2646,0.03804,0.077164,59.2567,0.999808
4905.pgm,10000,65536,54656,83.3984,0.20599,0.076736,59.2808,0.999854
4906.pgm,10000,65536,53664,81.8848,0.03721,0.074921,59.3848,0.999857
4907.pgm,10000,65536,51792,79.0283,0.02623,0.076782,59.2782,0.99983
4908.pgm,10000,65536,49968,76.2451,0.02195,0.076492,59.2946,0.999815
4909.pgm,10000,65536,36624,55.8838,0.02181,0.075012,59.3795,0.999681
4910.pgm,10000,65536,44384,67.7246,0.02638,0.076111,59.3163,0.999777
4911.pgm,10000,65536,24704,37.6953,0.02282,0.076508,59.2938,0.999468
4912.pgm,10000,65536,32192,49.1211,0.0247,0.07576,59.3364,0.999613
4913.pgm,10000,65536,35952,54.8584,0.03259,0.077438,59.2412,0.99966
4914.pgm,10000,65536,44016,67.1631,0.07071,0.075363,59.3592,0.999764
4915.pgm,10000,65536,35104,53.5645,0.09042,0.07637,59.3016,0.999788
4916.pgm,10000,65536,28496,43.4814,0.06796,0.075424,59.3557,0.999793
4917.pgm,10000,65536,33104,50.5127,0.03899,0.077057,59.2627,0.999828
4918.pgm,10000,65536,39072,59.6191,0.0313,0.075317,59.3619,0.999838
4919.pgm,10000,65536,30352,46.3135,0.0262,0.075851,59.3312,0.999792
4920.pgm,10000,65536,28128,42.9199,0.02517,0.076447,59.2972,0.99979
4921.pgm,10000,65536,40336,61.5479,0.02714,0.075989,59.3233,0.99984
4922.pgm,10000,65536,25280,38.5742,0.03045,0.077377,59.2447,0.999754
4923.pgm,10000,65536,43936,67.041,0.12439,0.075119,59.3733,0.999733
4924.pgm,10000,65536,40112,61.2061,0.05703,0.075638,59.3434,0.999766
4925.pgm,10000,65536,51824,79.0771,0.03014,0.077026,59.2644,0.999748
4926.pgm,10000,65536,37616,57.3975,0.02193,0.076538,59.292,0.999806
4927.pgm,10000,65536,44512,67.9199,0.02237,0.075897,59.3285,0.999822
4928.pgm,10000,65536,43728,66.7236,0.02504,0.075195,59.3689,0.999862
4929.pgm,10000,65536,46016,70.2148,0.02714,0.077423,59.2421,0.999863
4930.pgm,10000,65536,45424,69.3115,0.18685,0.076553,59.2912,0.99986
4931.pgm,10000,65536,39152,59.7412,0.05211,0.076706,59.2825,0.999834
4932.pgm,10000,65536,31184,47.583,0.02568,0.077759,59.2233,0.999799
4933.pgm,10000,65536,29312,44.7266,0.02098,0.075943,59.3259,0.99979
4934.pgm,10000,65536,24064,36.7188,0.01833,0.075592,59.346,0.999772
4935.pgm,10000,65536,28096,42.8711,0.01777,0.07637,59.3016,0.999725
4936.pgm,10000,65536,40864,62.3535,0.01844,0.075531,59.3496,0.999798
4937.pgm,10000,65536,41536,63.3789,0.01959,0.075806,59.3338,0.999746
4938.pgm,10000,65536,37984,57.959,0.0201,0.076065,59.319,0.999782
4939.pgm,10000,65536,36160,55.1758,0.02047,0.075089,59.3751,0.999801
4940.pgm,10000,65536,36736,56.0547,0.02115,0.076294,59.3059,0.999817
4941.pgm,10000,65536,38880,59.3262,0.02333,0.075363,59.3592,0.999786
4942.pgm,10000,65536,35760,54.5654,0.02918,0.077423,59.2421,0.999794
4943.pgm,10000,65536,42128,64.2822,0.05881,0.076187,59.312,0.999811
4944.pgm,10000,65536,45648,69.6533,0.08545,0.076447,59.2972,0.999813
4945.pgm,10000,65536,49472,75.4883,0.02882,0.075745,59.3373,0.999831
4946.pgm,10000,65536,56320,85.9375,0.02438,0.076508,59.2938,0.999839
4947.pgm,10000,65536,27920,42.6025,0.02002,0.076675,59.2842,0.999783
4949.pgm,10000,65536,29792,45.459,0.02553,0.075851,59.3312,0.999692
4950.pgm,10000,65536,11840,18.0664,0.04903,0.076828,59.2756,0.999551
4951.pgm,10000,65536,30960,47.2412,0.19051,0.075867,59.3303,0.999712
4954.pgm,10000,65536,21472,32.7637,0.04508,0.075058,59.3768,0.999636
4955.pgm,10000,65536,14640,22.3389,0.03426,0.0755,59.3513,0.999634
4956.pgm,10000,65536,10160,15.5029,0.0304,0.077652,59.2293,0.999644
4957.pgm,10000,65536,10768,16.4307,0.02474,0.076599,59.2886,0.999693
4958.pgm,10000,65536,20304,30.9814,0.02322,0.077148,59.2575,0.999736
4959.pgm,10000,65536,28208,43.042,0.02302,0.077316,59.2481,0.999683
4960.pgm,10000,65536,10480,15.9912,0.02237,0.07579,59.3347,0.999797
4961.pgm,10000,65536,16832,25.6836,0.04379,0.07634,59.3033,0.999747
4962.pgm,10000,65536,12368,18.8721,0.11108,0.075409,59.3566,0.999608
4963.pgm,10000,65536,17312,26.416,0.03475,0.075974,59.3242,0.999556
4964.pgm,10000,65536,14448,22.0459,0.02359,0.074921,59.3848,0.999684
4965.pgm,10000,65536,15424,23.5352,0.01997,0.075363,59.3592,0.999635
4979.pgm,10000,65536,16640,25.3906,0.0185,0.075638,59.3434,0.999613
4982.pgm,10000,65536,28400,43.335,0.02183,0.078125,59.2029,0.99961
4983.pgm,10000,65536,16176,24.6826,0.02491,0.076172,59.3129,0.999711
4984.pgm,10000,65536,29776,45.4346,0.12716,0.07637,59.3016,0.999692
4985.pgm,10000,65536,27776,42.3828,0.05475,0.076294,59.3059,0.999586
4988.pgm,10000,65536,17056,26.0254,0.0243,0.075256,59.3654,0.999494
4989.pgm,10000,65536,22720,34.668,0.02118,0.076965,59.2679,0.99972
4991.pgm,10000,65536,14480,22.0947,0.01965,0.075806,59.3338,0.999724
4992.pgm,10000,65536,15024,22.9248,0.01997,0.076614,59.2877,0.99959
4993.pgm,10000,65536,20896,31.8848,0.02007,0.076767,59.2791,0.999671
4994.pgm,10000,65536,27392,41.7969,0.0221,0.075562,59.3478,0.99984
4995.pgm,10000,65536,17232,26.2939,0.02422,0.076767,59.2791,0.999773
4996.pgm,10000,65536,25824,39.4043,0.04757,0.07756,59.2344,0.999759
4997.pgm,10000,65536,25040,38.208,0.13963,0.074554,59.4061,0.999863
4998.pgm,10000,65536,22768,34.7412,0.0319,0.075256,59.3654,0.999709
4999.pgm,10000,65536,11840,18.0664,0.02206,0.078064,59.2063,0.999551
5000.pgm,10000,65536,32944,50.2686,0.0208,0.076614,59.2877,0.999818
5001.pgm,10000,65536,37280,56.8848,0.01925,0.075333,59.361,0.999839
5005.pgm,10000,65536,25280,38.5742,0.01937,0.075195,59.3689,0.999665
5006.pgm,10000,65536,28128,42.9199,0.02234,0.076416,59.299,0.999857
5007.pgm,10000,65536,18096,27.6123,0.02372,0.076416,59.299,0.999563
5008.pgm,10000,65536,14192,21.6553,0.02475,0.077225,59.2532,0.999629
5009.pgm,10000,65536,30256,46.167,0.03754,0.076584,59.2894,0.999609
5010.pgm,10000,65536,24048,36.6943,0.19588,0.077484,59.2387,0.999734
5011.pgm,10000,65536,22080,33.6914,0.03573,0.077362,59.2455,0.999723
5013.pgm,10000,65536,21440,32.7148,0.0233,0.075592,59.346,0.999719
5014.pgm,10000,65536,19184,29.2725,0.01926,0.076569,59.2903,0.999616
5015.pgm,10000,65536,36960,56.3965,0.02,0.077179,59.2558,0.99982
5016.pgm,10000,65536,22368,34.1309,0.02042,0.077545,59.2353,0.999735
5017.pgm,10000,65536,16608,25.3418,0.02056,0.075546,59.3487,0.999776
5018.pgm,10000,65536,28992,44.2383,0.02323,0.075958,59.3251,0.999825
5019.pgm,10000,65536,31072,47.4121,0.02616,0.07634,59.3033,0.999888
5020.pgm,10000,65536,32304,49.292,0.05072,0.076355,59.3024,0.999887
5021.pgm,10000,65536,40336,61.5479,0.122,0.075958,59.3251,0.999882
5022.pgm,10000,65536,19328,29.4922,0.02735,0.075287,59.3636,0.999816
5023.pgm,10000,65536,20512,31.2988,0.02236,0.076355,59.3024,0.999797
5024.pgm,10000,65536,22368,34.1309,0.02099,0.077255,59.2515,0.999811
5025.pgm,10000,65536,23888,36.4502,0.0214,0.076065,59.319,0.999818
5029.pgm,10000,65536,15200,23.1934,0.02442,0.076019,59.3216,0.99973
5031.pgm,10000,65536,27024,41.2354,0.03044,0.077667,59.2284,0.999794
5033.pgm,10000,65536,30208,46.0938,0.05752,0.076614,59.2877,0.999861
5034.pgm,10000,65536,20240,30.8838,0.14587,0.075134,59.3724,0.99974
5035.pgm,10000,65536,40368,61.5967,0.09519,0.074844,59.3892,0.999898
5036.pgm,10000,65536,19840,30.2734,0.05641,0.076706,59.2825,0.999607
5037.pgm,10000,65536,22928,34.9854,0.03967,0.075516,59.3504,0.999685
5038.pgm,10000,65536,19888,30.3467,0.03327,0.076904,59.2713,0.999545
5039.pgm,10000,65536,19840,30.2734,0.02712,0.076294,59.3059,0.99959
5040.pgm,10000,65536,21264,32.4463,0.02398,0.076218,59.3102,0.999496
5041.pgm,10000,65536,27504,41.9678,0.02382,0.075394,59.3575,0.999601
5042.pgm,10000,65536,14720,22.4609,0.02124,0.076096,59.3172,0.999514
5043.pgm,10000,65536,20704,31.5918,0.02179,0.076309,59.305,0.99961
5044.pgm,10000,65536,21776,33.2275,0.02586,0.076736,59.2808,0.999568
5045.pgm,10000,65536,16576,25.293,0.09005,0.075882,59.3294,0.999598
5046.pgm,10000,65536,16400,25.0244,0.0683,0.076736,59.2808,0.999615
5047.pgm,10000,65536,18896,28.833,0.02898,0.077057,59.2627,0.999417
5048.pgm,10000,65536,17552,26.7822,0.02216,0.076935,59.2696,0.999552
5049.pgm,10000,65536,29280,44.6777,0.02119,0.076523,59.2929,0.999798
5050.pgm,10000,65536,23920,36.499,0.01937,0.075836,59.332,0.999837
5051.pgm,10000,65536,44384,67.7246,0.02169,0.077118,59.2593,0.999817
5052.pgm,10000,65536,47440,72.3877,0.02171,0.076523,59.2929,0.999833
5053.pgm,10000,65536,33520,51.1475,0.01966,0.075806,59.3338,0.999837
5054.pgm,10000,65536,46368,70.752,0.02325,0.077942,59.2131,0.999875
5055.pgm,10000,65536,41120,62.7441,0.02625,0.075623,59.3443,0.999861
5056.pgm,10000,65536,17584,26.8311,0.03056,0.075851,59.3312,0.999806
5057.pgm,10000,65536,17632,26.9043,0.17793,0.077133,59.2584,0.999772
5058.pgm,10000,65536,34416,52.5146,0.04594,0.075806,59.3338,0.999793
5059.pgm,10000,65536,29904,45.6299,0.02567,0.076797,59.2773,0.99981
5060.pgm,10000,65536,42768,65.2588,0.0227,0.077698,59.2267,0.999909
5061.pgm,10000,65536,31088,47.4365,0.01968,0.075912,59.3277,0.999866
5062.pgm,10000,65536,40768,62.207,0.02437,0.074966,59.3821,0.999839
5063.pgm,10000,65536,51584,78.7109,0.02972,0.077057,59.2627,0.999878
5064.pgm,10000,65536,49216,75.0977,0.02915,0.075897,59.3285,0.999863
5065.pgm,10000,65536,22624,34.5215,0.02361,0.076691,59.2834,0.999793
5066.pgm,10000,65536,32400,49.4385,0.02331,0.075806,59.3338,0.999838
5068.pgm,10000,65536,39104,59.668,0.02497,0.076828,59.2756,0.999849
5069.pgm,10000,65536,36880,56.2744,0.02596,0.075378,59.3583,0.999826
5070.pgm,10000,65536,23696,36.1572,0.02681,0.076279,59.3068,0.999846
5071.pgm,10000,65536,33568,51.2207,0.08237,0.077057,59.2627,0.999759
5072.pgm,10000,65536,35376,53.9795,0.071,0.076324,59.3042,0.999839
5073.pgm,10000,65536,28672,43.75,0.02875,0.075363,59.3592,0.999833
5074.pgm,10000,65536,30144,45.9961,0.02221,0.076523,59.2929,0.999771
5075.pgm,10000,65536,25296,38.5986,0.01856,0.076645,59.286,0.999762
5076.pgm,10000,65536,22032,33.6182,0.01903,0.075989,59.3233,0.999858
5077.pgm,10000,65536,30928,47.1924,0.02171,0.078293,59.1936,0.99988
5078.pgm,10000,65536,36592,55.835,0.02526,0.076843,59.2747,0.999828
5079.pgm,10000,65536,34432,52.5391,0.03209,0.077576,59.2335,0.999799
5080.pgm,10000,65536,34528,52.6855,0.04014,0.07605,59.3198,0.999807
5081.pgm,10000,65536,23600,36.0107,0.17123,0.075714,59.339,0.999781
5082.pgm,10000,65536,26096,39.8193,0.05451,0.077316,59.2481,0.999705
5084.pgm,10000,65536,14832,22.6318,0.02763,0.076385,59.3007,0.999861
5085.pgm,10000,65536,12784,19.5068,0.02184,0.076294,59.3059,0.999663
5086.pgm,10000,65536,37872,57.7881,0.02476,0.077698,59.2267,0.999897
5087.pgm,10000,65536,14304,21.8262,0.02082,0.074631,59.4016,0.999771
5088.pgm,10000,65536,12624,19.2627,0.02001,0.075226,59.3671,0.999782
5091.pgm,10000,65536,23312,35.5713,0.02202,0.075989,59.3233,0.999778
5092.pgm,10000,65536,21040,32.1045,0.0224,0.075851,59.3312,0.999865
5093.pgm,10000,65536,14128,21.5576,0.02569,0.076675,59.2842,0.999732
5094.pgm,10000,65536,41584,63.4521,0.18085,0.076385,59.3007,0.999857
5096.pgm,10000,65536,28272,43.1396,0.04729,0.075317,59.3619,0.999844
5097.pgm,10000,65536,18576,28.3447,0.02507,0.076248,59.3085,0.99983
5098.pgm,10000,65536,46944,71.6309,0.02384,0.077087,59.261,0.999875
5099.pgm,10000,65536,21472,32.7637,0.0185,0.076843,59.2747,0.999835
5100.pgm,10000,65536,26928,41.0889,0.02521,0.075439,59.3548,0.999809
5101.pgm,10000,65536,17296,26.3916,0.0236,0.076309,59.305,0.999917
5102.pgm,10000,65536,18896,28.833,0.02288,0.076584,59.2894,0.999838
5103.pgm,10000,65536,11616,17.7246,0.02084,0.075989,59.3233,0.999786
5104.pgm,10000,65536,13824,21.0938,0.02039,0.076309,59.305,0.999807
5105.pgm,10000,65536,14064,21.46,0.02151,0.075958,59.3251,0.999865
5106.pgm,10000,65536,25824,39.4043,0.02385,0.076447,59.2972,0.99986
5107.pgm,10000,65536,44176,67.4072,0.02859,0.076309,59.305,0.999901
5108.pgm,10000,65536,20224,30.8594,0.02795,0.075623,59.3443,0.999576
5109.pgm,10000,65536,22080,33.6914,0.03742,0.077042,59.2635,0.999953
5110.pgm,10000,65536,13392,20.4346,0.19697,0.076431,59.2981,0.999792
5113.pgm,10000,65536,10624,16.2109,0.04567,0.076492,59.2946,0.999801
5114.pgm,10000,65536,12400,18.9209,0.03381,0.075592,59.346,0.999843
5115.pgm,10000,65536,13664,20.8496,0.02965,0.075912,59.3277,0.999816
5117.pgm,10000,65536,14192,21.6553,0.02446,0.076248,59.3085,0.999836
5120.pgm,10000,65536,25648,39.1357,0.02585,0.0755,59.3513,0.999824
5121.pgm,10000,65536,27616,42.1387,0.02479,0.07518,59.3698,0.999829
5123.pgm,10000,65536,24896,37.9883,0.02344,0.076324,59.3042,0.999862
5124.pgm,10000,65536,43216,65.9424,0.02849,0.07579,59.3347,0.999943
5125.pgm,10000,65536,57440,87.6465,0.03383,0.075958,59.3251,0.999689
5126.pgm,10000,65536,42256,64.4775,0.1842,0.075241,59.3663,0.999899
5127.pgm,10000,65536,12384,18.8965,0.04267,0.077194,59.255,0.999772
5129.pgm,10000,65536,27952,42.6514,0.02406,0.075607,59.3452,0.999865
5130.pgm,10000,65536,24656,37.6221,0.02048,0.076462,59.2964,0.999786
5131.pgm,10000,65536,29200,44.5557,0.01985,0.075134,59.3724,0.999865
5132.pgm,10000,65536,17568,26.8066,0.01908,0.076355,59.3024,0.999859
5133.pgm,10000,65536,19040,29.0527,0.01853,0.076843,59.2747,0.999839
5134.pgm,10000,65536,43872,66.9434,0.02097,0.076675,59.2842,0.999593
5135.pgm,10000,65536,35488,54.1504,0.02052,0.077286,59.2498,0.999566
5136.pgm,10000,65536,41712,63.6475,0.02907,0.076035,59.3207,0.999624
5143.pgm,10000,65536,24720,37.7197,0.03192,0.074753,59.3945,0.999809
5144.pgm,10000,65536,42784,65.2832,0.19451,0.076035,59.3207,0.999857
5145.pgm,10000,65536,36992,56.4453,0.03905,0.073975,59.44,0.999831
5146.pgm,10000,65536,33568,51.2207,0.02435,0.075455,59.3539,0.999855
5147.pgm,10000,65536,27744,42.334,0.02069,0.077484,59.2387,0.999861
5148.pgm,10000,65536,23552,35.9375,0.01851,0.075989,59.3233,0.999838
5149.pgm,10000,65536,47984,73.2178,0.02052,0.077209,59.2541,0.999898
5151.pgm,10000,65536,47504,72.4854,0.02147,0.076996,59.2661,0.99987
5152.pgm,10000,65536,44656,68.1396,0.03174,0.074738,59.3954,0.999846
5153.pgm,10000,65536,21920,33.4473,0.15771,0.076859,59.2739,0.999787
5154.pgm,10000,65536,43296,66.0645,0.0567,0.076187,59.312,0.999847
5155.pgm,10000,65536,21920,33.4473,0.02424,0.076447,59.2972,0.999787
5156.pgm,10000,65536,46064,70.2881,0.02436,0.076248,59.3085,0.999757
5157.pgm,10000,65536,54176,82.666,0.0239,0.075577,59.3469,0.999818
5158.pgm,10000,65536,24000,36.6211,0.02299,0.075424,59.3557,0.999861
5159.pgm,10000,65536,49552,75.6104,0.0296,0.07608,59.3181,0.999895
5160.pgm,10000,65536,39008,59.5215,0.11757,0.077576,59.2335,0.999838
5161.pgm,10000,65536,31280,47.7295,0.05967,0.077042,59.2635,0.999903
5163.pgm,10000,65536,41040,62.6221,0.03009,0.075897,59.3285,0.999878
5164.pgm,10000,65536,38928,59.3994,0.02307,0.076675,59.2842,0.999847
5165.pgm,10000,65536,28048,42.7979,0.0202,0.075577,59.3469,0.999828
5166.pgm,10000,65536,28640,43.7012,0.02226,0.075165,59.3707,0.99971
5167.pgm,10000,65536,37024,56.4941,0.0254,0.076324,59.3042,0.999817
5168.pgm,10000,65536,26336,40.1855,0.02659,0.076202,59.3111,0.999868
5169.pgm,10000,65536,33232,50.708,0.02853,0.076004,59.3224,0.999804
5170.pgm,10000,65536,23536,35.9131,0.03542,0.076996,59.2661,0.999792
5171.pgm,10000,65536,23440,35.7666,0.1791,0.075851,59.3312,0.999861
5172.pgm,10000,65536,41152,62.793,0.03889,0.076508,59.2938,0.999842
5173.pgm,10000,65536,33776,51.5381,0.02509,0.077255,59.2515,0.999822
5174.pgm,10000,65536,24080,36.7432,0.02112,0.077225,59.2532,0.999848
5175.pgm,10000,65536,33456,51.0498,0.02076,0.07724,59.2524,0.999875
5176.pgm,10000,65536,20992,32.0312,0.0193,0.076004,59.3224,0.999807
5178.pgm,10000,65536,49200,75.0732,0.02211,0.077301,59.249,0.999863
5179.pgm,10000,65536,21232,32.3975,0.01939,0.077423,59.2421,0.999707
5182.pgm,10000,65536,25552,38.9893,0.02009,0.076447,59.2972,0.999834
5183.pgm,10000,65536,20176,30.7861,0.02487,0.075455,59.3539,0.999818
5184.pgm,10000,65536,13680,20.874,0.21539,0.07811,59.2038,0.999744
5185.pgm,10000,65536,10016,15.2832,0.08204,0.077744,59.2242,0.999813
5186.pgm,10000,65536,29104,44.4092,0.02436,0.076721,59.2817,0.999782
5188.pgm,10000,65536,12720,19.4092,0.01948,0.077087,59.261,0.999764
5190.pgm,10000,65536,38656,58.9844,0.02031,0.075516,59.3504,0.999824
5191.pgm,10000,65536,35632,54.3701,0.0191,0.077103,59.2601,0.999874
5192.pgm,10000,65536,13504,20.6055,0.01829,0.076553,59.2912,0.999816
5193.pgm,10000,65536,20752,31.665,0.02286,0.076797,59.2773,0.999879
5194.pgm,10000,65536,33872,51.6846,0.22636,0.075577,59.3469,0.999695
5195.pgm,10000,65536,21936,33.4717,0.04556,0.077164,59.2567,0.999807
5196.pgm,10000,65536,21168,32.2998,0.02527,0.075684,59.3408,0.999788
5197.pgm,10000,65536,32960,50.293,0.02202,0.075455,59.3539,0.999924
5198.pgm,10000,65536,33200,50.6592,0.0203,0.076645,59.286,0.999903
5199.pgm,10000,65536,42256,64.4775,0.02574,0.076141,59.3146,0.999778
5201.pgm,10000,65536,13536,20.6543,0.02254,0.076553,59.2912,0.999828
5202.pgm,10000,65536,28432,43.3838,0.02467,0.075256,59.3654,0.999825
5203.pgm,10000,65536,23776,36.2793,0.03514,0.07637,59.3016,0.999761
5204.pgm,10000,65536,38032,58.0322,0.22033,0.076324,59.3042,0.999886
5205.pgm,10000,65536,24496,37.3779,0.04053,0.076096,59.3172,0.999841
5206.pgm,10000,65536,57008,86.9873,0.03084,0.07634,59.3033,0.999843
5207.pgm,10000,65536,20368,31.0791,0.02105,0.076218,59.3102,0.99988
5208.pgm,10000,65536,27072,41.3086,0.02038,0.075027,59.3786,0.999885
5209.pgm,10000,65536,20384,31.1035,0.01856,0.077225,59.2532,0.999838
5210.pgm,10000,65536,55376,84.4971,0.02208,0.076477,59.2955,0.999852
5211.pgm,10000,65536,39136,59.7168,0.02035,0.076843,59.2747,0.999884
5212.pgm,10000,65536,19408,29.6143,0.0194,0.075546,59.3487,0.999846
5213.pgm,10000,65536,36336,55.4443,0.02465,0.076401,59.2998,0.999904
5216.pgm,10000,65536,13392,20.4346,0.03273,0.075653,59.3425,0.999679
5217.pgm,10000,65536,16608,25.3418,0.18269,0.077255,59.2515,0.999764
5218.pgm,10000,65536,20528,31.3232,0.03619,0.07576,59.3364,0.999696
5220.pgm,10000,65536,20160,30.7617,0.02347,0.076416,59.299,0.999774
5221.pgm,10000,65536,26432,40.332,0.02185,0.075562,59.3478,0.999617
5222.pgm,10000,65536,15792,24.0967,0.02206,0.07692,59.2704,0.999669
5223.pgm,10000,65536,10704,16.333,0.02632,0.077179,59.2558,0.999777
5224.pgm,10000,65536,44016,67.1631,0.0949,0.076843,59.2747,0.999858
5225.pgm,10000,65536,16432,25.0732,0.06173,0.076111,59.3163,0.999753
5226.pgm,10000,65536,11280,17.2119,0.02658,0.076004,59.3224,0.99971
5229.pgm,10000,65536,12496,19.0674,0.01984,0.077408,59.243,0.999759
5231.pgm,10000,65536,31600,48.2178,0.02133,0.076431,59.2981,0.999808
5233.pgm,10000,65536,45728,69.7754,0.02589,0.076294,59.3059,0.999851
5234.pgm,10000,65536,21488,32.7881,0.02375,0.07547,59.3531,0.999864
5235.pgm,10000,65536,33744,51.4893,0.02712,0.077393,59.2438,0.999893
5236.pgm,10000,65536,27776,42.3828,0.03007,0.075104,59.3742,0.999811
5238.pgm,10000,65536,10736,16.3818,0.15582,0.075562,59.3478,0.99978
5239.pgm,10000,65536,17952,27.3926,0.05486,0.074753,59.3945,0.999784
5240.pgm,10000,65536,22336,34.082,0.02596,0.076187,59.312,0.999792
5241.pgm,10000,65536,19312,29.4678,0.01977,0.077881,59.2165,0.999845
5242.pgm,10000,65536,37904,57.8369,0.01934,0.075348,59.3601,0.999691
5244.pgm,10000,65536,17056,26.0254,0.01663,0.075516,59.3504,0.999816
5245.pgm,10000,65536,21008,32.0557,0.01582,0.076492,59.2946,0.999596
5246.pgm,10000,65536,34064,51.9775,0.01897,0.076447,59.2972,0.999585
5247.pgm,10000,65536,24672,37.6465,0.01863,0.077667,59.2284,0.99989
5248.pgm,10000,65536,12768,19.4824,0.01761,0.076538,59.292,0.999604
5249.pgm,10000,65536,10048,15.332,0.02553,0.076584,59.2894,0.999565
5251.pgm,10000,65536,18976,28.9551,0.02584,0.076736,59.2808,0.999864
5252.pgm,10000,65536,18192,27.7588,0.03861,0.076797,59.2773,0.999663
5253.pgm,10000,65536,24960,38.0859,0.18226,0.075989,59.3233,0.999845
5254.pgm,10000,65536,12112,18.4814,0.0301,0.077301,59.249,0.999806
5256.pgm,10000,65536,23216,35.4248,0.02255,0.076187,59.312,0.99981
5257.pgm,10000,65536,34656,52.8809,0.0199,0.075653,59.3425,0.999718
5258.pgm,10000,65536,12736,19.4336,0.01663,0.077194,59.255,0.999806
5259.pgm,10000,65536,51424,78.4668,0.01963,0.075485,59.3522,0.999771
5260.pgm,10000,65536,57008,86.9873,0.02167,0.077621,59.231,0.99984
5261.pgm,10000,65536,48512,74.0234,0.02123,0.076691,59.2834,0.999673
5262.pgm,10000,65536,56384,86.0352,0.02301,0.076019,59.3216,0.999784
5263.pgm,10000,65536,62704,95.6787,0.02883,0.076508,59.2938,0.999767
5264.pgm,10000,65536,53840,82.1533,0.03113,0.07756,59.2344,0.999783
5265.pgm,10000,65536,47408,72.3389,0.04255,0.075546,59.3487,0.999713
5266.pgm,10000,65536,51104,77.9785,0.21005,0.076569,59.2903,0.999797
5267.pgm,10000,65536,26288,40.1123,0.03404,0.076782,59.2782,0.999835
5272.pgm,10000,65536,15232,23.2422,0.02082,0.076248,59.3085,0.999846
5273.pgm,10000,65536,10608,16.1865,0.01918,0.076828,59.2756,0.999846
5274.pgm,10000,65536,16576,25.293,0.02059,0.076447,59.2972,0.999813
5275.pgm,10000,65536,17536,26.7578,0.02451,0.077499,59.2378,0.999791
5276.pgm,10000,65536,14560,22.2168,0.02361,0.076538,59.292,0.999846
5277.pgm,10000,65536,13376,20.4102,0.02564,0.076981,59.267,0.999818
5278.pgm,10000,65536,24704,37.6953,0.05157,0.076492,59.2946,0.999856
5286.pgm,10000,65536,35952,54.8584,0.0437,0.077164,59.2567,0.999815
5287.pgm,10000,65536,32112,48.999,0.02526,0.077606,59.2318,0.999854
5288.pgm,10000,65536,36848,56.2256,0.02319,0.075821,59.3329,0.999776
5290.pgm,10000,65536,21440,32.7148,0.02019,0.077072,59.2618,0.999775
5291.pgm,10000,65536,25200,38.4521,0.01987,0.076797,59.2773,0.999791
5292.pgm,10000,65536,14400,21.9727,0.01846,0.076645,59.286,0.999664
5293.pgm,10000,65536,12816,19.5557,0.0206,0.075134,59.3724,0.99963
5301.pgm,10000,65536,15232,23.2422,0.03319,0.077164,59.2567,0.999622
5303.pgm,10000,65536,17280,26.3672,0.19699,0.076584,59.2894,0.999806
5304.pgm,10000,65536,16400,25.0244,0.04195,0.07637,59.3016,0.999828
5305.pgm,10000,65536,14208,21.6797,0.02532,0.077148,59.2575,0.999808
5306.pgm,10000,65536,15632,23.8525,0.02194,0.076904,59.2713,0.999804
5307.pgm,10000,65536,16448,25.0977,0.02065,0.076508,59.2938,0.999717
5308.pgm,10000,65536,34128,52.0752,0.02164,0.074966,59.3821,0.999881
5309.pgm,10000,65536,11264,17.1875,0.0191,0.07547,59.3531,0.999756
5310.pgm,10000,65536,11200,17.0898,0.01863,0.075333,59.361,0.999746
5311.pgm,10000,65536,27168,41.4551,0.02198,0.076294,59.3059,0.999672
5312.pgm,10000,65536,38448,58.667,0.0273,0.07753,59.2361,0.999694
5313.pgm,10000,65536,20768,31.6895,0.04687,0.076874,59.273,0.999612
5314.pgm,10000,65536,28688,43.7744,0.16682,0.076569,59.2903,0.999778
5315.pgm,10000,65536,28144,42.9443,0.03342,0.076965,59.2679,0.999807
5316.pgm,10000,65536,12656,19.3115,0.02142,0.078598,59.1767,0.999818
5317.pgm,10000,65536,13968,21.3135,0.01876,0.077789,59.2216,0.999768
5318.pgm,10000,65536,20720,31.6162,0.01841,0.075577,59.3469,0.999729
5319.pgm,10000,65536,26960,41.1377,0.01801,0.074966,59.3821,0.999827
5320.pgm,10000,65536,31616,48.2422,0.01742,0.077637,59.2301,0.999834
5322.pgm,10000,65536,10272,15.6738,0.01692,0.076706,59.2825,0.999756
5323.pgm,10000,65536,27024,41.2354,0.01925,0.076141,59.3146,0.99976
5324.pgm,10000,65536,39424,60.1562,0.02482,0.0755,59.3513,0.999876
5325.pgm,10000,65536,33824,51.6113,0.03258,0.076294,59.3059,0.999905
5326.pgm,10000,65536,23104,35.2539,0.16119,0.076233,59.3094,0.999865
5327.pgm,10000,65536,26208,39.9902,0.05628,0.076752,59.2799,0.999853
5328.pgm,10000,65536,35296,53.8574,0.02815,0.076553,59.2912,0.999855
5329.pgm,10000,65536,22144,33.7891,0.02106,0.076538,59.292,0.99982
5330.pgm,10000,65536,51056,77.9053,0.02341,0.076294,59.3059,0.999767
5331.pgm,10000,65536,17136,26.1475,0.02133,0.076721,59.2817,0.999686
5333.pgm,10000,65536,12416,18.9453,0.01951,0.076859,59.2739,0.999764
5334.pgm,10000,65536,36192,55.2246,0.02175,0.075897,59.3285,0.999709
5335.pgm,10000,65536,44048,67.2119,0.02695,0.076263,59.3076,0.999759
5336.pgm,10000,65536,26080,39.7949,0.02817,0.075699,59.3399,0.999598
5337.pgm,10000,65536,27024,41.2354,0.16719,0.075729,59.3382,0.99965
5338.pgm,10000,65536,19184,29.2725,0.05375,0.076141,59.3146,0.999847
5339.pgm,10000,65536,24416,37.2559,0.02893,0.076889,59.2722,0.999859
5340.pgm,10000,65536,34832,53.1494,0.02418,0.076553,59.2912,0.999872
5341.pgm,10000,65536,27360,41.748,0.02164,0.075577,59.3469,0.999851
5342.pgm,10000,65536,16496,25.1709,0.02169,0.077316,59.2481,0.999796
5343.pgm,10000,65536,43776,66.7969,0.03291,0.076859,59.2739,0.999853
5344.pgm,10000,65536,22512,34.3506,0.07354,0.078583,59.1775,0.999862
5345.pgm,10000,65536,31136,47.5098,0.08618,0.075027,59.3786,0.999833
5346.pgm,10000,65536,18752,28.6133,0.02732,0.076614,59.2877,0.999797
5347.pgm,10000,65536,14400,21.9727,0.02074,0.076859,59.2739,0.999804
5348.pgm,10000,65536,61296,93.5303,0.02286,0.076797,59.2773,0.999843
5349.pgm,10000,65536,57840,88.2568,0.02217,0.077087,59.261,0.999855
5350.pgm,10000,65536,32560,49.6826,0.01926,0.075806,59.3338,0.999815
5351.pgm,10000,65536,44880,68.4814,0.02146,0.07692,59.2704,0.999838
5352.pgm,10000,65536,44784,68.335,0.02239,0.077026,59.2644,0.999788
5353.pgm,10000,65536,25712,39.2334,0.02364,0.076508,59.2938,0.999851
5354.pgm,10000,65536,20784,31.7139,0.03214,0.076401,59.2998,0.999785
5359.pgm,10000,65536,63056,96.2158,0.15648,0.077057,59.2627,0.999846
5360.pgm,10000,65536,45856,69.9707,0.03096,0.075592,59.346,0.999825
5361.pgm,10000,65536,40720,62.1338,0.02369,0.07637,59.3016,0.999858
5362.pgm,10000,65536,35728,54.5166,0.01994,0.076721,59.2817,0.999873
5363.pgm,10000,65536,44096,67.2852,0.02075,0.075638,59.3434,0.999908
5364.pgm,10000,65536,22912,34.9609,0.01749,0.076202,59.3111,0.99975
5365.pgm,10000,65536,17168,26.1963,0.01805,0.076843,59.2747,0.999821
5366.pgm,10000,65536,23872,36.4258,0.01903,0.076843,59.2747,0.999745
5367.pgm,10000,65536,11504,17.5537,0.01871,0.075409,59.3566,0.999694
5368.pgm,10000,65536,34992,53.3936,0.02197,0.076645,59.286,0.999874
5369.pgm,10000,65536,29344,44.7754,0.02221,0.07576,59.3364,0.999828
5370.pgm,10000,65536,11264,17.1875,0.02237,0.075592,59.346,0.999879
5371.pgm,10000,65536,23984,36.5967,0.04701,0.07579,59.3347,0.999872
5372.pgm,10000,65536,10848,16.5527,0.12353,0.076279,59.3068,0.999664
5373.pgm,10000,65536,10944,16.6992,0.028,0.07663,59.2868,0.999701
5374.pgm,10000,65536,14144,21.582,0.02101,0.074783,59.3928,0.999749
5375.pgm,10000,65536,18416,28.1006,0.01944,0.075958,59.3251,0.999737
5376.pgm,10000,65536,14496,22.1191,0.02185,0.075928,59.3268,0.99969
5377.pgm,10000,65536,13552,20.6787,0.02228,0.077209,59.2541,0.999644
5378.pgm,10000,65536,43776,66.7969,0.0295,0.075729,59.3382,0.999898
5379.pgm,10000,65536,45696,69.7266,0.03163,0.077515,59.237,0.999906
5382.pgm,10000,65536,16640,25.3906,0.0314,0.07634,59.3033,0.999826
5383.pgm,10000,65536,20608,31.4453,0.19852,0.077042,59.2635,0.999835
5384.pgm,10000,65536,20416,31.1523,0.04884,0.076126,59.3155,0.999834
5385.pgm,10000,65536,22688,34.6191,0.02578,0.077301,59.249,0.99986
5387.pgm,10000,65536,19232,29.3457,0.02103,0.077194,59.255,0.999748
5388.pgm,10000,65536,16416,25.0488,0.01886,0.075806,59.3338,0.999767
5389.pgm,10000,65536,40224,61.377,0.0271,0.076004,59.3224,0.999825
5390.pgm,10000,65536,22896,34.9365,0.03697,0.07785,59.2182,0.999707
5391.pgm,10000,65536,29936,45.6787,0.04829,0.075104,59.3742,0.999841
5394.pgm,10000,65536,29856,45.5566,0.07397,0.075806,59.3338,0.999846
5395.pgm,10000,65536,28720,43.8232,0.03447,0.07666,59.2851,0.999833
5396.pgm,10000,65536,19040,29.0527,0.02646,0.076599,59.2886,0.999724
5399.pgm,10000,65536,21440,32.7148,0.02422,0.075592,59.346,0.99983
5400.pgm,10000,65536,48576,74.1211,0.02601,0.075577,59.3469,0.999829
5401.pgm,10000,65536,18448,28.1494,0.02071,0.076904,59.2713,0.999792
5402.pgm,10000,65536,21152,32.2754,0.0208,0.077545,59.2353,0.999811
5403.pgm,10000,65536,19712,30.0781,0.02097,0.076126,59.3155,0.99977
5404.pgm,10000,65536,26256,40.0635,0.0256,0.076996,59.2661,0.999796
5405.pgm,10000,65536,18848,28.7598,0.066,0.076263,59.3076,0.999731
5406.pgm,10000,65536,23440,35.7666,0.07979,0.077118,59.2593,0.999882
5407.pgm,10000,65536,11328,17.2852,0.02637,0.07663,59.2868,0.999849
5408.pgm,10000,65536,28352,43.2617,0.02366,0.075668,59.3417,0.999876
5409.pgm,10000,65536,19568,29.8584,0.02012,0.076263,59.3076,0.999853
5410.pgm,10000,65536,53472,81.5918,0.02266,0.075974,59.3242,0.999926
5411.pgm,10000,65536,15072,22.998,0.02016,0.075241,59.3663,0.999852
5413.pgm,10000,65536,20064,30.6152,0.02312,0.07605,59.3198,0.999536
5414.pgm,10000,65536,15728,23.999,0.02792,0.076462,59.2964,0.999557
5415.pgm,10000,65536,21280,32.4707,0.17915,0.075562,59.3478,0.999728
5416.pgm,10000,65536,33936,51.7822,0.05072,0.075256,59.3654,0.999862
5417.pgm,10000,65536,11984,18.2861,0.02435,0.075638,59.3434,0.999724
5418.pgm,10000,65536,44080,67.2607,0.02402,0.074799,59.3919,0.999818
5419.pgm,10000,65536,34352,52.417,0.02424,0.076187,59.312,0.999801
5420.pgm,10000,65536,46224,70.5322,0.02783,0.075241,59.3663,0.999797
5421.pgm,10000,65536,28336,43.2373,0.02593,0.076218,59.3102,0.999795
5422.pgm,10000,65536,22304,34.0332,0.02611,0.075653,59.3425,0.999659
5423.pgm,10000,65536,38032,58.0322,0.03465,0.077347,59.2464,0.999867
5424.pgm,10000,65536,45904,70.0439,0.1165,0.077911,59.2148,0.999884
5425.pgm,10000,65536,35088,53.54,0.09224,0.074677,59.399,0.999885
5426.pgm,10000,65536,20368,31.0791,0.03865,0.076904,59.2713,0.999698
5427.pgm,10000,65536,14896,22.7295,0.02599,0.076355,59.3024,0.999803
5429.pgm,10000,65536,11936,18.2129,0.0225,0.074677,59.399,0.999849
5430.pgm,10000,65536,14784,22.5586,0.02056,0.075745,59.3373,0.999837
5431.pgm,10000,65536,19392,29.5898,0.02046,0.077209,59.2541,0.999787
5432.pgm,10000,65536,38208,58.3008,0.02248,0.076248,59.3085,0.999896
5433.pgm,10000,65536,30960,47.2412,0.02103,0.076813,59.2765,0.999866
5435.pgm,10000,65536,14656,22.3633,0.01968,0.076019,59.3216,0.999752
5436.pgm,10000,65536,23200,35.4004,0.0223,0.075699,59.3399,0.999871
5437.pgm,10000,65536,27648,42.1875,0.02768,0.076904,59.2713,0.999874
5438.pgm,10000,65536,43680,66.6504,0.04993,0.076218,59.3102,0.999909
5439.pgm,10000,65536,14672,22.3877,0.0957,0.07634,59.3033,0.999764
5440.pgm,10000,65536,25248,38.5254,0.07793,0.077591,59.2327,0.999796
5441.pgm,10000,65536,31904,48.6816,0.04671,0.076691,59.2834,0.999867
5444.pgm,10000,65536,10032,15.3076,0.04774,0.077148,59.2575,0.99974
5445.pgm,10000,65536,23328,35.5957,0.03071,0.075394,59.3575,0.99988
5446.pgm,10000,65536,16096,24.5605,0.02702,0.075974,59.3242,0.999889
5447.pgm,10000,65536,11616,17.7246,0.02555,0.077682,59.2276,0.999801
5448.pgm,10000,65536,15328,23.3887,0.02409,0.075333,59.361,0.999856
5449.pgm,10000,65536,21312,32.5195,0.0238,0.07605,59.3198,0.999794
5451.pgm,10000,65536,36384,55.5176,0.0245,0.07666,59.2851,0.999689
5452.pgm,10000,65536,12736,19.4336,0.02101,0.074982,59.3813,0.999836
5458.pgm,10000,65536,19408,29.6143,0.02633,0.076157,59.3137,0.999853
5459.pgm,10000,65536,12320,18.7988,0.03245,0.076614,59.2877,0.999585
5460.pgm,10000,65536,26176,39.9414,0.14773,0.075806,59.3338,0.999832
5461.pgm,10000,65536,29952,45.7031,0.05123,0.076157,59.3137,0.999863
5462.pgm,10000,65536,10256,15.6494,0.0247,0.076111,59.3163,0.999746
5463.pgm,10000,65536,13056,19.9219,0.01994,0.0755,59.3513,0.999771
5464.pgm,10000,65536,22464,34.2773,0.01921,0.076721,59.2817,0.9998
5465.pgm,10000,65536,43248,65.9912,0.02579,0.077011,59.2653,0.999709
5468.pgm,10000,65536,43984,67.1143,0.02658,0.076035,59.3207,0.999931
5469.pgm,10000,65536,24096,36.7676,0.0309,0.076019,59.3216,0.999821
5470.pgm,10000,65536,40688,62.085,0.19363,0.075836,59.332,0.999746
5471.pgm,10000,65536,29744,45.3857,0.04999,0.075272,59.3645,0.999789
5472.pgm,10000,65536,32944,50.2686,0.02626,0.07634,59.3033,0.999879
5473.pgm,10000,65536,32480,49.5605,0.02189,0.076233,59.3094,0.999873
5474.pgm,10000,65536,29776,45.4346,0.02042,0.074768,59.3936,0.999829
5475.pgm,10000,65536,14096,21.5088,0.01968,0.075806,59.3338,0.9998
5476.pgm,10000,65536,22144,33.7891,0.0288,0.077072,59.2618,0.999765
5477.pgm,10000,65536,44896,68.5059,0.02626,0.075775,59.3355,0.999647
5478.pgm,10000,65536,27600,42.1143,0.02448,0.074997,59.3804,0.999793
5479.pgm,10000,65536,42368,64.6484,0.03131,0.076309,59.305,0.999635
5480.pgm,10000,65536,19600,29.9072,0.03988,0.074966,59.3821,0.999799
5481.pgm,10000,65536,16304,24.8779,0.17915,0.076004,59.3224,0.999753
5483.pgm,10000,65536,26976,41.1621,0.03123,0.077072,59.2618,0.999878
5484.pgm,10000,65536,37664,57.4707,0.02372,0.076263,59.3076,0.999873
5485.pgm,10000,65536,24240,36.9873,0.01982,0.076935,59.2696,0.999822
5486.pgm,10000,65536,13984,21.3379,0.01774,0.076263,59.3076,0.999828
5487.pgm,10000,65536,11088,16.9189,0.01689,0.076904,59.2713,0.999836
5488.pgm,10000,65536,21488,32.7881,0.01813,0.076645,59.286,0.999767
5489.pgm,10000,65536,17952,27.3926,0.01911,0.075989,59.3233,0.999827
5490.pgm,10000,65536,20368,31.0791,0.02387,0.076599,59.2886,0.999767
5491.pgm,10000,65536,12144,18.5303,0.03913,0.074036,59.4364,0.999843
5492.pgm,10000,65536,25168,38.4033,0.19874,0.076767,59.2791,0.999731
5493.pgm,10000,65536,15664,23.9014,0.03083,0.076111,59.3163,0.999853
5494.pgm,10000,65536,12256,18.7012,0.02104,0.076202,59.3111,0.999892
5495.pgm,10000,65536,11216,17.1143,0.01796,0.075378,59.3583,0.999864
5496.pgm,10000,65536,20576,31.3965,0.01762,0.076645,59.286,0.999794
5497.pgm,10000,65536,49664,75.7812,0.02048,0.076035,59.3207,0.999841
5498.pgm,10000,65536,57488,87.7197,0.01975,0.076309,59.305,0.999899
5499.pgm,10000,65536,12624,19.2627,0.01878,0.076477,59.2955,0.999696
5500.pgm,10000,65536,13264,20.2393,0.03223,0.076126,59.3155,0.999877
5501.pgm,10000,65536,41120,62.7441,0.19942,0.076523,59.2929,0.999918
5502.pgm,10000,65536,58576,89.3799,0.04681,0.077332,59.2472,0.999822
5503.pgm,10000,65536,10864,16.5771,0.02101,0.077484,59.2387,0.9998
5504.pgm,10000,65536,26480,40.4053,0.0198,0.076614,59.2877,0.999809
5505.pgm,10000,65536,32544,49.6582,0.01857,0.075256,59.3654,0.999927
5506.pgm,10000,65536,40880,62.3779,0.02189,0.076141,59.3146,0.999862
5508.pgm,10000,65536,29536,45.0684,0.02084,0.077164,59.2567,0.999876
5509.pgm,10000,65536,12128,18.5059,0.02127,0.077545,59.2353,0.999654
5510.pgm,10000,65536,35088,53.54,0.15174,0.075867,59.3303,0.999782
5514.pgm,10000,65536,11840,18.0664,0.04976,0.077332,59.2472,0.999821
5515.pgm,10000,65536,27120,41.3818,0.03021,0.075699,59.3399,0.999681
5516.pgm,10000,65536,22112,33.7402,0.024,0.076157,59.3137,0.999845
5518.pgm,10000,65536,15984,24.3896,0.02141,0.075821,59.3329,0.999852
5519.pgm,10000,65536,27840,42.4805,0.02392,0.077133,59.2584,0.999895
5520.pgm,10000,65536,28992,44.2383,0.02424,0.076462,59.2964,0.999845
5522.pgm,10000,65536,29072,44.3604,0.12414,0.076019,59.3216,0.999857
5523.pgm,10000,65536,28032,42.7734,0.07638,0.075424,59.3557,0.99984
5524.pgm,10000,65536,14976,22.8516,0.02938,0.076111,59.3163,0.99983
5525.pgm,10000,65536,21744,33.1787,0.02353,0.076096,59.3172,0.999901
5526.pgm,10000,65536,19408,29.6143,0.02201,0.076843,59.2747,0.999861
5527.pgm,10000,65536,38672,59.0088,0.02332,0.077194,59.255,0.999761
5530.pgm,10000,65536,38096,58.1299,0.02584,0.076752,59.2799,0.999888
5531.pgm,10000,65536,38608,58.9111,0.13797,0.076218,59.3102,0.99989
5532.pgm,10000,65536,13888,21.1914,0.0593,0.077209,59.2541,0.999896
5533.pgm,10000,65536,19024,29.0283,0.02821,0.075623,59.3443,0.999648
5534.pgm,10000,65536,10608,16.1865,0.02029,0.076599,59.2886,0.999811
5535.pgm,10000,65536,31792,48.5107,0.02012,0.075363,59.3592,0.999882
5536.pgm,10000,65536,27360,41.748,0.02167,0.07692,59.2704,0.99985
5537.pgm,10000,65536,16496,25.1709,0.02205,0.07608,59.3181,0.9998
5538.pgm,10000,65536,43776,66.7969,0.02626,0.076126,59.3155,0.999853
5539.pgm,10000,65536,22512,34.3506,0.02201,0.076691,59.2834,0.999862
5544.pgm,10000,65536,43088,65.7471,0.025,0.077194,59.255,0.999793
5545.pgm,10000,65536,37888,57.8125,0.02492,0.075699,59.3399,0.999815
5546.pgm,10000,65536,43408,66.2354,0.02936,0.075378,59.3583,0.999839
5547.pgm,10000,65536,56000,85.4492,0.04513,0.075653,59.3425,0.999844
5548.pgm,10000,65536,56000,85.4492,0.19769,0.076996,59.2661,0.999829
5549.pgm,10000,65536,28544,43.5547,0.03199,0.076065,59.319,0.999688
5550.pgm,10000,65536,32000,48.8281,0.02341,0.076523,59.2929,0.999672
5551.pgm,10000,65536,33072,50.4639,0.02079,0.075775,59.3355,0.999727
5552.pgm,10000,65536,29552,45.0928,0.01958,0.076691,59.2834,0.999628
5553.pgm,10000,65536,51520,78.6133,0.02178,0.075439,59.3548,0.999796
5554.pgm,10000,65536,25504,38.916,0.01829,0.076096,59.3172,0.999637
5555.pgm,10000,65536,32480,49.5605,0.01871,0.077087,59.261,0.999803
5558.pgm,10000,65536,18368,28.0273,0.01961,0.077621,59.231,0.999731
5559.pgm,10000,65536,29872,45.5811,0.02527,0.076065,59.319,0.99983
5560.pgm,10000,65536,14160,21.6064,0.05773,0.076706,59.2825,0.999735
5561.pgm,10000,65536,42560,64.9414,0.07523,0.075348,59.3601,0.999713
5562.pgm,10000,65536,55312,84.3994,0.0306,0.076492,59.2946,0.999818
5564.pgm,10000,65536,50752,77.4414,0.02234,0.075089,59.3751,0.999797
5565.pgm,10000,65536,29856,45.5566,0.01758,0.07605,59.3198,0.999679
5566.pgm,10000,65536,12560,19.165,0.01638,0.077255,59.2515,0.999621
5567.pgm,10000,65536,19680,30.0293,0.01806,0.075241,59.3663,0.999751
5568.pgm,10000,65536,16288,24.8535,0.01802,0.076492,59.2946,0.999718
5571.pgm,10000,65536,18832,28.7354,0.01921,0.076294,59.3059,0.999689
5572.pgm,10000,65536,10736,16.3818,0.01708,0.075775,59.3355,0.999833
5574.pgm,10000,65536,20944,31.958,0.02087,0.075027,59.3786,0.999772
5575.pgm,10000,65536,50144,76.5137,0.02976,0.07634,59.3033,0.9998
5576.pgm,10000,65536,57056,87.0605,0.17958,0.076477,59.2955,0.999816
5577.pgm,10000,65536,17648,26.9287,0.05257,0.076477,59.2955,0.999792
5578.pgm,10000,65536,53088,81.0059,0.0306,0.076691,59.2834,0.999918
5579.pgm,10000,65536,59392,90.625,0.02363,0.075516,59.3504,0.999952
5583.pgm,10000,65536,17136,26.1475,0.01766,0.076324,59.3042,0.999771
5584.pgm,10000,65536,17488,26.6846,0.01824,0.076797,59.2773,0.999701
5585.pgm,10000,65536,30128,45.9717,0.02217,0.076828,59.2756,0.999467
5586.pgm,10000,65536,13424,20.4834,0.03296,0.075745,59.3373,0.99951
5589.pgm,10000,65536,48816,74.4873,0.13081,0.075378,59.3583,0.999725
5590.pgm,10000,65536,48480,73.9746,0.03288,0.076675,59.2842,0.999725
5591.pgm,10000,65536,18912,28.8574,0.02187,0.077194,59.255,0.999571
5593.pgm,10000,65536,10288,15.6982,0.01982,0.077499,59.2378,0.999425
5594.pgm,10000,65536,16560,25.2686,0.02228,0.076309,59.305,0.999654
5595.pgm,10000,65536,16000,24.4141,0.02341,0.07753,59.2361,0.999631
5600.pgm,10000,65536,14240,21.7285,0.03206,0.077271,59.2507,0.999648
5601.pgm,10000,65536,17440,26.6113,0.23194,0.075104,59.3742,0.99961
5602.pgm,10000,65536,14832,22.6318,0.0352,0.07756,59.2344,0.999576
5603.pgm,10000,65536,19712,30.0781,0.02325,0.076462,59.2964,0.999832
5604.pgm,10000,65536,18368,28.0273,0.01929,0.076767,59.2791,0.999837
5605.pgm,10000,65536,14160,21.6064,0.01983,0.075653,59.3425,0.99987
5606.pgm,10000,65536,13936,21.2646,0.02239,0.076416,59.299,0.999879
5607.pgm,10000,65536,15296,23.3398,0.02262,0.07579,59.3347,0.999806
5608.pgm,10000,65536,19024,29.0283,0.02389,0.076767,59.2791,0.999796
5609.pgm,10000,65536,27712,42.2852,0.03033,0.077591,59.2327,0.999894
5610.pgm,10000,65536,24896,37.9883,0.18045,0.075119,59.3733,0.999438
5611.pgm,10000,65536,23840,36.377,0.04151,0.076447,59.2972,0.99942
5612.pgm,10000,65536,20480,31.25,0.02382,0.076874,59.273,0.999381
5613.pgm,10000,65536,13536,20.6543,0.01787,0.076447,59.2972,0.99982
5614.pgm,10000,65536,15920,24.292,0.01638,0.076462,59.2964,0.999459
5615.pgm,10000,65536,29760,45.4102,0.01981,0.076828,59.2756,0.999757
5616.pgm,10000,65536,30256,46.167,0.02037,0.07692,59.2704,0.999787
5617.pgm,10000,65536,27760,42.3584,0.01895,0.075623,59.3443,0.999773
5618.pgm,10000,65536,24704,37.6953,0.01978,0.076782,59.2782,0.99977
5619.pgm,10000,65536,22912,34.9609,0.02359,0.076065,59.319,0.999783
5620.pgm,10000,65536,24640,37.5977,0.03127,0.075745,59.3373,0.999796
5621.pgm,10000,65536,19312,29.4678,0.2117,0.076172,59.3129,0.999773
5622.pgm,10000,65536,19904,30.3711,0.04092,0.076141,59.3146,0.999755
5623.pgm,10000,65536,17184,26.2207,0.02354,0.074188,59.4275,0.99978
5624.pgm,10000,65536,30352,46.3135,0.02148,0.075836,59.332,0.999539
5625.pgm,10000,65536,27904,42.5781,0.01958,0.076797,59.2773,0.999487
5626.pgm,10000,65536,18656,28.4668,0.01797,0.075562,59.3478,0.999711
5627.pgm,10000,65536,16896,25.7812,0.02037,0.074783,59.3928,0.999658
5628.pgm,10000,65536,13984,21.3379,0.02217,0.076859,59.2739,0.999595
5629.pgm,10000,65536,19408,29.6143,0.02503,0.075089,59.3751,0.999655
5630.pgm,10000,65536,16352,24.9512,0.02506,0.076981,59.267,0.999702
5632.pgm,10000,65536,32512,49.6094,0.02769,0.076202,59.3111,0.99985
5633.pgm,10000,65536,40592,61.9385,0.0334,0.07608,59.3181,0.999871
5634.pgm,10000,65536,36464,55.6396,0.05516,0.075027,59.3786,0.999858
5636.pgm,10000,65536,38864,59.3018,0.18961,0.075851,59.3312,0.999456
5637.pgm,10000,65536,37984,57.959,0.08015,0.07663,59.2868,0.999482
5638.pgm,10000,65536,25440,38.8184,0.04475,0.075226,59.3671,0.999658
5639.pgm,10000,65536,21040,32.1045,0.03023,0.07576,59.3364,0.999866
5640.pgm,10000,65536,17920,27.3438,0.02428,0.076767,59.2791,0.999862
5641.pgm,10000,65536,33872,51.6846,0.02415,0.076828,59.2756,0.999788
5642.pgm,10000,65536,18880,28.8086,0.02157,0.075684,59.3408,0.999768
5643.pgm,10000,65536,39280,59.9365,0.02607,0.076859,59.2739,0.999766
5646.pgm,10000,65536,20528,31.3232,0.03106,0.075882,59.3294,0.999726
5647.pgm,10000,65536,18160,27.71,0.15692,0.076828,59.2756,0.999763
5651.pgm,10000,65536,24976,38.1104,0.03426,0.075043,59.3777,0.999679
5652.pgm,10000,65536,24720,37.7197,0.0242,0.076523,59.2929,0.999716
5653.pgm,10000,65536,29456,44.9463,0.02099,0.076431,59.2981,0.999675
5654.pgm,10000,65536,21856,33.3496,0.02005,0.076324,59.3042,0.999721
5655.pgm,10000,65536,20960,31.9824,0.02235,0.076401,59.2998,0.999586
5656.pgm,10000,65536,13376,20.4102,0.02289,0.075638,59.3434,0.999608
5657.pgm,10000,65536,19568,29.8584,0.02391,0.077759,59.2233,0.999645
5658.pgm,10000,65536,11744,17.9199,0.02479,0.076828,59.2756,0.999663
5659.pgm,10000,65536,11904,18.1641,0.03007,0.075928,59.3268,0.999667
5660.pgm,10000,65536,14512,22.1436,0.18572,0.077286,59.2498,0.999654
5661.pgm,10000,65536,20448,31.2012,0.0458,0.075668,59.3417,0.999644
5662.pgm,10000,65536,14592,22.2656,0.02589,0.076401,59.2998,0.999759
5663.pgm,10000,65536,15632,23.8525,0.02083,0.07579,59.3347,0.999697
5664.pgm,10000,65536,10720,16.3574,0.01863,0.076584,59.2894,0.999742
5665.pgm,10000,65536,16080,24.5361,0.02004,0.0755,59.3513,0.999704
5666.pgm,10000,65536,29280,44.6777,0.02425,0.075714,59.339,0.999745
5669.pgm,10000,65536,14880,22.7051,0.02227,0.076172,59.3129,0.99965
5670.pgm,10000,65536,12400,18.9209,0.02455,0.076157,59.3137,0.999673
5671.pgm,10000,65536,14432,22.0215,0.02981,0.075928,59.3268,0.999619
5672.pgm,10000,65536,53408,81.4941,0.10277,0.075882,59.3294,0.999702
5673.pgm,10000,65536,10336,15.7715,0.06153,0.077194,59.255,0.999548
5685.pgm,10000,65536,15472,23.6084,0.01988,0.075821,59.3329,0.999669
5686.pgm,10000,65536,12528,19.1162,0.01791,0.077927,59.2139,0.999563
5688.pgm,10000,65536,11296,17.2363,0.01854,0.076248,59.3085,0.999557
5690.pgm,10000,65536,23424,35.7422,0.02441,0.075821,59.3329,0.999753
5691.pgm,10000,65536,15696,23.9502,0.02161,0.075607,59.3452,0.999794
5692.pgm,10000,65536,23792,36.3037,0.02265,0.076538,59.292,0.999799
5693.pgm,10000,65536,15072,22.998,0.0226,0.076157,59.3137,0.999861
5694.pgm,10000,65536,28016,42.749,0.02467,0.075104,59.3742,0.999797
5695.pgm,10000,65536,25296,38.5986,0.02633,0.076813,59.2765,0.999754
5696.pgm,10000,65536,28864,44.043,0.03106,0.07608,59.3181,0.999815
5697.pgm,10000,65536,20496,31.2744,0.05728,0.076035,59.3207,0.999766
5698.pgm,10000,65536,25008,38.1592,0.10714,0.076782,59.2782,0.999802
5699.pgm,10000,65536,21872,33.374,0.05701,0.074295,59.4212,0.999822
5700.pgm,10000,65536,27456,41.8945,0.0404,0.076324,59.3042,0.999862
5701.pgm,10000,65536,19696,30.0537,0.03148,0.077515,59.237,0.999672
5702.pgm,10000,65536,17376,26.5137,0.02824,0.076569,59.2903,0.999798
5703.pgm,10000,65536,24144,36.8408,0.02936,0.076813,59.2765,0.999785
5704.pgm,10000,65536,27392,41.7969,0.02885,0.076813,59.2765,0.999797
5705.pgm,10000,65536,26288,40.1123,0.02908,0.076172,59.3129,0.999793
5706.pgm,10000,65536,24160,36.8652,0.02883,0.076157,59.3137,0.999868
5707.pgm,10000,65536,24016,36.6455,0.0333,0.077026,59.2644,0.999827
5708.pgm,10000,65536,23216,35.4248,0.0552,0.076218,59.3102,0.999813
5709.pgm,10000,65536,32320,49.3164,0.08218,0.076645,59.286,0.999779
5710.pgm,10000,65536,17504,26.709,0.05023,0.075104,59.3742,0.999791
5711.pgm,10000,65536,44416,67.7734,0.0475,0.076172,59.3129,0.999795
5712.pgm,10000,65536,19104,29.1504,0.03608,0.077667,59.2284,0.999817
5714.pgm,10000,65536,19936,30.4199,0.03288,0.076523,59.2929,0.999798
5715.pgm,10000,65536,17376,26.5137,0.02987,0.075989,59.3233,0.999741
5716.pgm,10000,65536,26192,39.9658,0.02954,0.077515,59.237,0.999867
5717.pgm,10000,65536,11424,17.4316,0.02808,0.075943,59.3259,0.999926
5718.pgm,10000,65536,11248,17.1631,0.0319,0.076187,59.312,0.999883
5719.pgm,10000,65536,16112,24.585,0.11925,0.07663,59.2868,0.999422
5720.pgm,10000,65536,22416,34.2041,0.0551,0.076813,59.2765,0.99943
5721.pgm,10000,65536,14304,21.8262,0.03101,0.076248,59.3085,0.999356
5722.pgm,10000,65536,24560,37.4756,0.02783,0.076324,59.3042,0.999812
5723.pgm,10000,65536,21728,33.1543,0.02767,0.076614,59.2877,0.999818
5724.pgm,10000,65536,14464,22.0703,0.0566,0.076813,59.2765,0.9996
5728.pgm,10000,65536,11280,17.2119,0.05708,0.077164,59.2567,0.999536
5729.pgm,10000,65536,32304,49.292,0.02923,0.075836,59.332,0.999801
5730.pgm,10000,65536,16624,25.3662,0.0211,0.075745,59.3373,0.999688
5732.pgm,10000,65536,32672,49.8535,0.02307,0.075806,59.3338,0.999768
5733.pgm,10000,65536,27280,41.626,0.02581,0.075592,59.346,0.99974
5734.pgm,10000,65536,32768,50.0,0.15917,0.075485,59.3522,0.999739
5737.pgm,10000,65536,13248,20.2148,0.03586,0.076843,59.2747,0.999586
5738.pgm,10000,65536,18912,28.8574,0.02321,0.075653,59.3425,0.999619
5739.pgm,10000,65536,21664,33.0566,0.01941,0.07666,59.2851,0.999619
5740.pgm,10000,65536,27696,42.2607,0.02015,0.077057,59.2627,0.999684
5741.pgm,10000,65536,28304,43.1885,0.02266,0.077301,59.249,0.999693
5742.pgm,10000,65536,31888,48.6572,0.02344,0.076431,59.2981,0.999689
5743.pgm,10000,65536,30432,46.4355,0.02302,0.077225,59.2532,0.999676
5744.pgm,10000,65536,29936,45.6787,0.02365,0.074692,59.3981,0.999694
5745.pgm,10000,65536,19616,29.9316,0.02266,0.075333,59.361,0.99975
5746.pgm,10000,65536,13488,20.5811,0.02366,0.076843,59.2747,0.999725
5747.pgm,10000,65536,17552,26.7822,0.02554,0.076736,59.2808,0.99962
5748.pgm,10000,65536,29728,45.3613,0.0387,0.077469,59.2395,0.999689
5749.pgm,10000,65536,33504,51.123,0.17191,0.07637,59.3016,0.999711
5750.pgm,10000,65536,32768,50.0,0.04319,0.076157,59.3137,0.999722
5751.pgm,10000,65536,12768,19.4824,0.02587,0.077011,59.2653,0.999686
5752.pgm,10000,65536,21712,33.1299,0.02356,0.075882,59.3294,0.999658
5753.pgm,10000,65536,21632,33.0078,0.02135,0.07576,59.3364,0.999647
5754.pgm,10000,65536,22112,33.7402,0.01962,0.076523,59.2929,0.999615
5755.pgm,10000,65536,23376,35.6689,0.02049,0.077209,59.2541,0.999619
5756.pgm,10000,65536,23168,35.3516,0.02169,0.077118,59.2593,0.999581
5757.pgm,10000,65536,21328,32.5439,0.02182,0.075958,59.3251,0.999573
5758.pgm,10000,65536,20528,31.3232,0.02443,0.075912,59.3277,0.999572
5759.pgm,10000,65536,19312,29.4678,0.16358,0.078033,59.208,0.999551
5760.pgm,10000,65536,18912,28.8574,0.0543,0.07579,59.3347,0.99956
5761.pgm,10000,65536,18128,27.6611,0.02646,0.075836,59.332,0.999551
5762.pgm,10000,65536,16976,25.9033,0.02054,0.075363,59.3592,0.999552
5763.pgm,10000,65536,15408,23.5107,0.01794,0.076004,59.3224,0.99953
5764.pgm,10000,65536,13200,20.1416,0.019,0.074661,59.3999,0.999497
5765.pgm,10000,65536,18480,28.1982,0.02103,0.076477,59.2955,0.999774
5766.pgm,10000,65536,31648,48.291,0.02149,0.075348,59.3601,0.999742
5767.pgm,10000,65536,31232,47.6562,0.02114,0.076447,59.2972,0.999692
5768.pgm,10000,65536,40096,61.1816,0.02614,0.075195,59.3689,0.999731
5789.pgm,10000,65536,15520,23.6816,0.0656,0.077103,59.2601,0.999689
5790.pgm,10000,65536,11360,17.334,0.02608,0.076462,59.2964,0.999754
5792.pgm,10000,65536,18864,28.7842,0.0225,0.077835,59.219,0.999774
5794.pgm,10000,65536,12016,18.335,0.0196,0.076935,59.2696,0.999776
5795.pgm,10000,65536,19920,30.3955,0.02034,0.076187,59.312,0.9998
5796.pgm,10000,65536,14272,21.7773,0.01949,0.075439,59.3548,0.999692
5797.pgm,10000,65536,23504,35.8643,0.02192,0.076157,59.3137,0.999779
5798.pgm,10000,65536,16576,25.293,0.02334,0.077515,59.237,0.999695
5799.pgm,10000,65536,13824,21.0938,0.02459,0.077225,59.2532,0.999688
5800.pgm,10000,65536,12416,18.9453,0.03249,0.077286,59.2498,0.999691
5801.pgm,10000,65536,11920,18.1885,0.15133,0.076218,59.3102,0.999642
5802.pgm,10000,65536,11184,17.0654,0.04107,0.075668,59.3417,0.999613
5803.pgm,10000,65536,10448,15.9424,0.02442,0.076065,59.319,0.999632
5804.pgm,10000,65536,10336,15.7715,0.01991,0.075165,59.3707,0.999636
5806.pgm,10000,65536,12608,19.2383,0.01729,0.076797,59.2773,0.9997
5807.pgm,10000,65536,12016,18.335,0.01636,0.076981,59.267,0.999697
5808.pgm,10000,65536,29872,45.5811,0.01783,0.076172,59.3129,0.999662
5809.pgm,10000,65536,20688,31.5674,0.01767,0.076447,59.2972,0.999746
5810.pgm,10000,65536,19760,30.1514,0.02093,0.077515,59.237,0.999761
5811.pgm,10000,65536,17616,26.8799,0.02769,0.074966,59.3821,0.999725
5812.pgm,10000,65536,27648,42.1875,0.19915,0.075699,59.3399,0.999655
5813.pgm,10000,65536,35760,54.5654,0.04228,0.076309,59.305,0.999774
5815.pgm,10000,65536,30192,46.0693,0.02487,0.075333,59.361,0.999678
5816.pgm,10000,65536,12224,18.6523,0.0191,0.076111,59.3163,0.999816
5817.pgm,10000,65536,43200,65.918,0.0215,0.075577,59.3469,0.99987
5818.pgm,10000,65536,30848,47.0703,0.01838,0.077057,59.2627,0.999836
5819.pgm,10000,65536,28640,43.7012,0.01793,0.075806,59.3338,0.999819
5820.pgm,10000,65536,13536,20.6543,0.01817,0.07637,59.3016,0.999709
5821.pgm,10000,65536,37712,57.5439,0.02853,0.076904,59.2713,0.999794
5822.pgm,10000,65536,26352,40.21,0.0429,0.075653,59.3425,0.999725
5823.pgm,10000,65536,23856,36.4014,0.17099,0.076706,59.2825,0.999637
5824.pgm,10000,65536,17936,27.3682,0.03115,0.077408,59.243,0.999675
5825.pgm,10000,65536,19216,29.3213,0.02332,0.075653,59.3425,0.999769
5826.pgm,10000,65536,22832,34.8389,0.02028,0.075409,59.3566,0.999883
5827.pgm,10000,65536,26064,39.7705,0.02133,0.076797,59.2773,0.999798
5828.pgm,10000,65536,25168,38.4033,0.02312,0.076126,59.3155,0.999834
5829.pgm,10000,65536,14288,21.8018,0.02237,0.075943,59.3259,0.999903
5830.pgm,10000,65536,19056,29.0771,0.02404,0.076263,59.3076,0.999788
5831.pgm,10000,65536,29136,44.458,0.03138,0.075302,59.3627,0.999855
5832.pgm,10000,65536,42128,64.2822,0.18806,0.07605,59.3198,0.999775
5833.pgm,10000,65536,31648,48.291,0.03748,0.075699,59.3399,0.999853
5834.pgm,10000,65536,44544,67.9688,0.02747,0.076233,59.3094,0.999887
5835.pgm,10000,65536,41888,63.916,0.02217,0.07579,59.3347,0.999894
5836.pgm,10000,65536,41952,64.0137,0.02045,0.075989,59.3233,0.999875
5837.pgm,10000,65536,35968,54.8828,0.02208,0.076126,59.3155,0.999886
5838.pgm,10000,65536,40576,61.9141,0.02489,0.076523,59.2929,0.999896
5839.pgm,10000,65536,25552,38.9893,0.02265,0.074997,59.3804,0.999797
5840.pgm,10000,65536,29392,44.8486,0.02456,0.076523,59.2929,0.999858
5841.pgm,10000,65536,52880,80.6885,0.03752,0.076294,59.3059,0.999919
5842.pgm,10000,65536,32688,49.8779,0.09805,0.07547,59.3531,0.999799
5843.pgm,10000,65536,24448,37.3047,0.06919,0.075516,59.3504,0.999816
5844.pgm,10000,65536,27152,41.4307,0.04105,0.077347,59.2464,0.999813
5845.pgm,10000,65536,23008,35.1074,0.03242,0.077621,59.231,0.999726
5846.pgm,10000,65536,30736,46.8994,0.03196,0.075592,59.346,0.999855
5847.pgm,10000,65536,35472,54.126,0.03947,0.076157,59.3137,0.999919
5848.pgm,10000,65536,30048,45.8496,0.1786,0.076996,59.2661,0.999853
5850.pgm,10000,65536,10816,16.5039,0.02855,0.076172,59.3129,0.999801
5851.pgm,10000,65536,24080,36.7432,0.02191,0.076584,59.2894,0.999864
5852.pgm,10000,65536,29984,45.752,0.01934,0.076492,59.2946,0.999824
5853.pgm,10000,65536,25216,38.4766,0.02027,0.076614,59.2877,0.999525
5854.pgm,10000,65536,36192,55.2246,0.02686,0.075729,59.3382,0.999813
5855.pgm,10000,65536,42624,65.0391,0.02763,0.075378,59.3583,0.999904
5856.pgm,10000,65536,17056,26.0254,0.02265,0.077667,59.2284,0.999833
5857.pgm,10000,65536,12736,19.4336,0.02203,0.075668,59.3417,0.999704
5858.pgm,10000,65536,31440,47.9736,0.02401,0.076019,59.3216,0.999843
5859.pgm,10000,65536,16080,24.5361,0.02175,0.076813,59.2765,0.999852
5860.pgm,10000,65536,12048,18.3838,0.02291,0.075851,59.3312,0.999821
5861.pgm,10000,65536,32048,48.9014,0.03148,0.076019,59.3216,0.999907
5862.pgm,10000,65536,33376,50.9277,0.05556,0.076324,59.3042,0.999715
5863.pgm,10000,65536,15408,23.5107,0.092,0.078186,59.1995,0.999474
5866.pgm,10000,65536,10560,16.1133,0.05882,0.074829,59.3901,0.999328
5869.pgm,10000,65536,45936,70.0928,0.06321,0.076843,59.2747,0.999687
5871.pgm,10000,65536,47792,72.9248,0.06422,0.075577,59.3469,0.999822
5872.pgm,10000,65536,15232,23.2422,0.05082,0.075317,59.3619,0.999709
5873.pgm,10000,65536,10736,16.3818,0.0469,0.076141,59.3146,0.999477
5874.pgm,10000,65536,14768,22.5342,0.04686,0.076279,59.3068,0.999653
5875.pgm,10000,65536,54496,83.1543,0.07321,0.075912,59.3277,0.999252
5876.pgm,10000,65536,17104,26.0986,0.10502,0.077255,59.2515,0.999814
5879.pgm,10000,65536,43328,66.1133,0.05674,0.075211,59.368,0.999719
5880.pgm,10000,65536,13872,21.167,0.03759,0.076706,59.2825,0.999664
5881.pgm,10000,65536,13344,20.3613,0.03257,0.076477,59.2955,0.999727
5882.pgm,10000,65536,10176,15.5273,0.03458,0.076691,59.2834,0.999443
5884.pgm,10000,65536,20528,31.3232,0.02852,0.076309,59.305,0.999482
5885.pgm,10000,65536,19792,30.2002,0.02692,0.076889,59.2722,0.999644
5886.pgm,10000,65536,18544,28.2959,0.0263,0.075516,59.3504,0.999536
5887.pgm,10000,65536,13856,21.1426,0.02564,0.077225,59.2532,0.999426
5888.pgm,10000,65536,19104,29.1504,0.02763,0.076385,59.3007,0.999641
5889.pgm,10000,65536,25456,38.8428,0.03341,0.076141,59.3146,0.999787
5894.pgm,10000,65536,53024,80.9082,0.08094,0.076797,59.2773,0.999831
5896.pgm,10000,65536,21488,32.7881,0.06854,0.075699,59.3399,0.999725
5897.pgm,10000,65536,15936,24.3164,0.05417,0.077026,59.2644,0.999377
5898.pgm,10000,65536,16992,25.9277,0.04496,0.07663,59.2868,0.999401
5899.pgm,10000,65536,13360,20.3857,0.03651,0.074661,59.3999,0.999408
5900.pgm,10000,65536,15120,23.0713,0.0327,0.076553,59.2912,0.999406
5901.pgm,10000,65536,13136,20.0439,0.02899,0.076782,59.2782,0.99941
5903.pgm,10000,65536,13472,20.5566,0.02687,0.07692,59.2704,0.999475
5904.pgm,10000,65536,11072,16.8945,0.02487,0.0755,59.3513,0.99944
5907.pgm,10000,65536,14032,21.4111,0.02319,0.075592,59.346,0.999524
5908.pgm,10000,65536,40016,61.0596,0.02631,0.076202,59.3111,0.99919
5909.pgm,10000,65536,24848,37.915,0.02518,0.07692,59.2704,0.999196
5910.pgm,10000,65536,17360,26.4893,0.02429,0.075974,59.3242,0.999807
5913.pgm,10000,65536,23632,36.0596,0.02785,0.076828,59.2756,0.999717
5914.pgm,10000,65536,25904,39.5264,0.03719,0.074921,59.3848,0.999558
5915.pgm,10000,65536,51184,78.1006,0.20535,0.077972,59.2114,0.999779
5916.pgm,10000,65536,12960,19.7754,0.03514,0.076599,59.2886,0.999636
5917.pgm,10000,65536,19936,30.4199,0.02594,0.076065,59.319,0.999673
5918.pgm,10000,65536,17808,27.1729,0.02285,0.074722,59.3963,0.999605
5922.pgm,10000,65536,17312,26.416,0.02235,0.076721,59.2817,0.999643
5927.pgm,10000,65536,15248,23.2666,0.12202,0.074615,59.4025,0.999844
5928.pgm,10000,65536,10528,16.0645,0.06129,0.076721,59.2817,0.999767
5929.pgm,10000,65536,20736,31.6406,0.02777,0.07634,59.3033,0.999879
5930.pgm,10000,65536,15984,24.3896,0.02137,0.075775,59.3355,0.99988
5931.pgm,10000,65536,11184,17.0654,0.01944,0.075928,59.3268,0.999852
5932.pgm,10000,65536,29024,44.2871,0.02114,0.076309,59.305,0.999843
5933.pgm,10000,65536,36816,56.1768,0.02211,0.077271,59.2507,0.999877
5934.pgm,10000,65536,30640,46.7529,0.0213,0.076263,59.3076,0.999834
5935.pgm,10000,65536,34512,52.6611,0.02426,0.075348,59.3601,0.999858
5936.pgm,10000,65536,22752,34.7168,0.0317,0.075211,59.368,0.999876
5937.pgm,10000,65536,42464,64.7949,0.19007,0.076462,59.2964,0.999746
5938.pgm,10000,65536,38352,58.5205,0.03371,0.077454,59.2404,0.999765
5939.pgm,10000,65536,23824,36.3525,0.02167,0.075912,59.3277,0.999898
5941.pgm,10000,65536,15744,24.0234,0.01765,0.076294,59.3059,0.99985
5942.pgm,10000,65536,14128,21.5576,0.01689,0.074387,59.4159,0.999814
5943.pgm,10000,65536,13552,20.6787,0.02038,0.076401,59.2998,0.999829
5944.pgm,10000,65536,11136,16.9922,0.02147,0.076096,59.3172,0.999837
5945.pgm,10000,65536,12992,19.8242,0.02005,0.077164,59.2567,0.999796
5951.pgm,10000,65536,10464,15.9668,0.03925,0.076172,59.3129,0.999829
5952.pgm,10000,65536,39312,59.9854,0.1635,0.077164,59.2567,0.999876
5953.pgm,10000,65536,28672,43.75,0.03365,0.075684,59.3408,0.999732
5954.pgm,10000,65536,22784,34.7656,0.02585,0.077988,59.2105,0.99981
5955.pgm,10000,65536,13104,19.9951,0.02223,0.075119,59.3733,0.999821
5961.pgm,10000,65536,11168,17.041,0.02619,0.075577,59.3469,0.999621
5966.pgm,10000,65536,40128,61.2305,0.19263,0.076645,59.286,0.999851
5968.pgm,10000,65536,31792,48.5107,0.03214,0.075363,59.3592,0.999882
5969.pgm,10000,65536,20624,31.4697,0.02459,0.076263,59.3076,0.99979
5970.pgm,10000,65536,21408,32.666,0.024,0.075699,59.3399,0.999812
5971.pgm,10000,65536,17792,27.1484,0.0294,0.075821,59.3329,0.999831
5972.pgm,10000,65536,38064,58.0811,0.2037,0.076752,59.2799,0.9999
5973.pgm,10000,65536,28288,43.1641,0.03372,0.076614,59.2877,0.999864
5974.pgm,10000,65536,31232,47.6562,0.02346,0.075638,59.3434,0.999798
5975.pgm,10000,65536,31424,47.9492,0.0206,0.077774,59.2225,0.999873
5976.pgm,10000,65536,14128,21.5576,0.02014,0.07576,59.3364,0.999575
5977.pgm,10000,65536,15216,23.2178,0.019,0.077179,59.2558,0.999746
5978.pgm,10000,65536,50752,77.4414,0.02437,0.076904,59.2713,0.999765
5979.pgm,10000,65536,20816,31.7627,0.0217,0.076569,59.2903,0.999545
5980.pgm,10000,65536,12592,19.2139,0.02492,0.07608,59.3181,0.999582
5981.pgm,10000,65536,20608,31.4453,0.04809,0.075775,59.3355,0.999776
5982.pgm,10000,65536,15632,23.8525,0.16229,0.076752,59.2799,0.999687
5983.pgm,10000,65536,24912,38.0127,0.03253,0.076187,59.312,0.999835
5984.pgm,10000,65536,19008,29.0039,0.02299,0.076004,59.3224,0.999738
5985.pgm,10000,65536,51056,77.9053,0.02424,0.076462,59.2964,0.99984
5986.pgm,10000,65536,10944,16.6992,0.02089,0.076309,59.305,0.999727
5988.pgm,10000,65536,11536,17.6025,0.02764,0.076141,59.3146,0.999768
5989.pgm,10000,65536,13840,21.1182,0.20526,0.076752,59.2799,0.99975
5990.pgm,10000,65536,12016,18.335,0.04236,0.075607,59.3452,0.999765
5991.pgm,10000,65536,13696,20.8984,0.0277,0.076431,59.2981,0.999704
5995.pgm,10000,65536,14000,21.3623,0.02262,0.076355,59.3024,0.999802
5996.pgm,10000,65536,13232,20.1904,0.02113,0.075821,59.3329,0.999637
5997.pgm,10000,65536,15648,23.877,0.02234,0.075363,59.3592,0.999816
5998.pgm,10000,65536,16832,25.6836,0.02646,0.075958,59.3251,0.999651
5999.pgm,10000,65536,24128,36.8164,0.05392,0.076355,59.3024,0.999726
6000.pgm,10000,65536,19216,29.3213,0.06976,0.075272,59.3645,0.999755
6001.pgm,10000,65536,23488,35.8398,0.03176,0.076767,59.2791,0.999804
6002.pgm,10000,65536,24240,36.9873,0.02322,0.076385,59.3007,0.999816
6003.pgm,10000,65536,21680,33.0811,0.01966,0.076157,59.3137,0.999913
6004.pgm,10000,65536,31856,48.6084,0.01923,0.076859,59.2739,0.999866
6005.pgm,10000,65536,23408,35.7178,0.01805,0.076736,59.2808,0.999752
6006.pgm,10000,65536,39536,60.3271,0.02191,0.077499,59.2378,0.999865
6007.pgm,10000,65536,28144,42.9443,0.01757,0.076492,59.2946,0.999835
6008.pgm,10000,65536,24672,37.6465,0.01765,0.076965,59.2679,0.999898
6009.pgm,10000,65536,38448,58.667,0.0219,0.075928,59.3268,0.999835
6010.pgm,10000,65536,32160,49.0723,0.02436,0.076767,59.2791,0.999842
6011.pgm,10000,65536,17808,27.1729,0.02968,0.075943,59.3259,0.999778
6012.pgm,10000,65536,36432,55.5908,0.18953,0.075226,59.3671,0.999874
6013.pgm,10000,65536,21232,32.3975,0.03846,0.075989,59.3233,0.999721
6015.pgm,10000,65536,18528,28.2715,0.02332,0.076492,59.2946,0.999764
6016.pgm,10000,65536,32672,49.8535,0.02082,0.076401,59.2998,0.999863
6017.pgm,10000,65536,27584,42.0898,0.02377,0.075562,59.3478,0.999809
6018.pgm,10000,65536,21104,32.2021,0.02571,0.077377,59.2447,0.999736
6019.pgm,10000,65536,22480,34.3018,0.03844,0.075409,59.3566,0.999806
6020.pgm,10000,65536,24816,37.8662,0.19075,0.075943,59.3259,0.999781
6021.pgm,10000,65536,10224,15.6006,0.03099,0.074997,59.3804,0.999794
6022.pgm,10000,65536,39472,60.2295,0.028,0.077194,59.255,0.999715
6023.pgm,10000,65536,42976,65.5762,0.0229,0.076904,59.2713,0.999767
6024.pgm,10000,65536,16656,25.415,0.01841,0.076355,59.3024,0.999808
6025.pgm,10000,65536,32880,50.1709,0.02079,0.078186,59.1995,0.999868
6026.pgm,10000,65536,25360,38.6963,0.02322,0.075226,59.3671,0.999759
6027.pgm,10000,65536,26160,39.917,0.02416,0.075867,59.3303,0.999661
6028.pgm,10000,65536,24864,37.9395,0.02831,0.076935,59.2696,0.999758
6029.pgm,10000,65536,38592,58.8867,0.05287,0.076752,59.2799,0.999742
6030.pgm,10000,65536,30560,46.6309,0.1314,0.075531,59.3496,0.999732
6031.pgm,10000,65536,30464,46.4844,0.0303,0.075729,59.3382,0.999719
6032.pgm,10000,65536,25136,38.3545,0.02316,0.076889,59.2722,0.999681
6033.pgm,10000,65536,27952,42.6514,0.02094,0.077026,59.2644,0.999672
6034.pgm,10000,65536,28432,43.3838,0.02257,0.07637,59.3016,0.999643
6035.pgm,10000,65536,26944,41.1133,0.02414,0.074875,59.3874,0.999648
6036.pgm,10000,65536,22880,34.9121,0.02554,0.076584,59.2894,0.999611
6037.pgm,10000,65536,23104,35.2539,0.02849,0.074966,59.3821,0.999679
6038.pgm,10000,65536,45680,69.7021,0.04234,0.076172,59.3129,0.999838
6039.pgm,10000,65536,31840,48.584,0.18759,0.076721,59.2817,0.99966
6040.pgm,10000,65536,33088,50.4883,0.03338,0.075012,59.3795,0.999783
6041.pgm,10000,65536,28672,43.75,0.02357,0.076019,59.3216,0.999726
6042.pgm,10000,65536,26640,40.6494,0.02067,0.077255,59.2515,0.99977
6043.pgm,10000,65536,22304,34.0332,0.01839,0.075897,59.3285,0.999767
6044.pgm,10000,65536,35360,53.9551,0.02218,0.075531,59.3496,0.999819
6045.pgm,10000,65536,36720,56.0303,0.02374,0.07608,59.3181,0.999842
6046.pgm,10000,65536,20288,30.957,0.02126,0.076157,59.3137,0.999813
6047.pgm,10000,65536,18016,27.4902,0.02333,0.076859,59.2739,0.999715
6048.pgm,10000,65536,22816,34.8145,0.02981,0.077271,59.2507,0.999823
6049.pgm,10000,65536,33744,51.4893,0.14339,0.077026,59.2644,0.999819
6050.pgm,10000,65536,29440,44.9219,0.05422,0.076981,59.267,0.999861
6051.pgm,10000,65536,22256,33.96,0.02734,0.076263,59.3076,0.999794
6052.pgm,10000,65536,23424,35.7422,0.02226,0.076187,59.312,0.999742
6053.pgm,10000,65536,25840,39.4287,0.02039,0.075943,59.3259,0.999694
6054.pgm,10000,65536,22512,34.3506,0.01925,0.07579,59.3347,0.999803
6055.pgm,10000,65536,20192,30.8105,0.01987,0.075424,59.3557,0.999803
6056.pgm,10000,65536,33136,50.5615,0.02462,0.076691,59.2834,0.999773
6057.pgm,10000,65536,34672,52.9053,0.02664,0.075943,59.3259,0.999853
6058.pgm,10000,65536,23232,35.4492,0.03033,0.077515,59.237,0.999819
6059.pgm,10000,65536,13536,20.6543,0.03305,0.076111,59.3163,0.999783
6060.pgm,10000,65536,24528,37.4268,0.18841,0.07576,59.3364,0.9998
6061.pgm,10000,65536,31792,48.5107,0.04088,0.075806,59.3338,0.999753
6062.pgm,10000,65536,21216,32.373,0.02355,0.075912,59.3277,0.999791
6063.pgm,10000,65536,23568,35.9619,0.02057,0.076355,59.3024,0.999761
6064.pgm,10000,65536,28976,44.2139,0.02026,0.07695,59.2687,0.999815
6065.pgm,10000,65536,21968,33.5205,0.02172,0.076218,59.3102,0.999812
6066.pgm,10000,65536,25872,39.4775,0.02597,0.075623,59.3443,0.999793
6067.pgm,10000,65536,21792,33.252,0.0345,0.076385,59.3007,0.999825
6068.pgm,10000,65536,36576,55.8105,0.18537,0.076126,59.3155,0.999818
6069.pgm,10000,65536,33088,50.4883,0.04582,0.076874,59.273,0.999766
6070.pgm,10000,65536,11664,17.7979,0.02329,0.076935,59.2696,0.999614
6071.pgm,10000,65536,19344,29.5166,0.02119,0.07637,59.3016,0.999792
6073.pgm,10000,65536,13808,21.0693,0.01834,0.076492,59.2946,0.999601
6074.pgm,10000,65536,34544,52.71,0.02008,0.076202,59.3111,0.999742
6075.pgm,10000,65536,27328,41.6992,0.02098,0.075348,59.3601,0.999665
6076.pgm,10000,65536,22464,34.2773,0.02156,0.076904,59.2713,0.999728
6077.pgm,10000,65536,21968,33.5205,0.0224,0.078262,59.1953,0.999719
6078.pgm,10000,65536,32160,49.0723,0.02652,0.076065,59.319,0.999748
6088.pgm,10000,65536,17616,26.8799,0.16466,0.077011,59.2653,0.999689
6089.pgm,10000,65536,17488,26.6846,0.04979,0.076538,59.292,0.999695
6090.pgm,10000,65536,10640,16.2354,0.02408,0.07634,59.3033,0.99951
6091.pgm,10000,65536,15856,24.1943,0.01941,0.075562,59.3478,0.999536
6092.pgm,10000,65536,18736,28.5889,0.01779,0.077118,59.2593,0.999577
6093.pgm,10000,65536,17376,26.5137,0.01865,0.07605,59.3198,0.999606
6094.pgm,10000,65536,16192,24.707,0.01987,0.075912,59.3277,0.999528
6095.pgm,10000,65536,21872,33.374,0.02097,0.077042,59.2635,0.999683
6096.pgm,10000,65536,22880,34.9121,0.02256,0.075943,59.3259,0.999703
6097.pgm,10000,65536,23632,36.0596,0.02723,0.075775,59.3355,0.999709
6098.pgm,10000,65536,25968,39.624,0.19482,0.076523,59.2929,0.999707
6099.pgm,10000,65536,26768,40.8447,0.05342,0.075958,59.3251,0.999709
6100.pgm,10000,65536,19376,29.5654,0.02606,0.076553,59.2912,0.999789
6101.pgm,10000,65536,47856,73.0225,0.02371,0.074951,59.383,0.999761
6102.pgm,10000,65536,46400,70.8008,0.02144,0.076462,59.2964,0.99976
6103.pgm,10000,65536,24160,36.8652,0.02031,0.076614,59.2877,0.999784
6104.pgm,10000,65536,35680,54.4434,0.02313,0.076569,59.2903,0.999833
6105.pgm,10000,65536,42192,64.3799,0.02594,0.076569,59.2903,0.999723
6106.pgm,10000,65536,30304,46.2402,0.0269,0.07608,59.3181,0.999535
6107.pgm,10000,65536,37024,56.4941,0.10073,0.075943,59.3259,0.999712
6108.pgm,10000,65536,16576,25.293,0.07042,0.075928,59.3268,0.999771
6109.pgm,10000,65536,18656,28.4668,0.02647,0.075806,59.3338,0.999648
6110.pgm,10000,65536,19712,30.0781,0.0212,0.077011,59.2653,0.999635
6111.pgm,10000,65536,16464,25.1221,0.01791,0.076111,59.3163,0.999662
6112.pgm,10000,65536,48176,73.5107,0.02313,0.076447,59.2972,0.999733
6113.pgm,10000,65536,36592,55.835,0.02233,0.076599,59.2886,0.99979
6114.pgm,10000,65536,23520,35.8887,0.02075,0.075699,59.3399,0.999742
6115.pgm,10000,65536,32624,49.7803,0.02092,0.076706,59.2825,0.999774
6117.pgm,10000,65536,18272,27.8809,0.02097,0.076202,59.3111,0.999657
6118.pgm,10000,65536,30800,46.9971,0.02573,0.075378,59.3583,0.999676
6119.pgm,10000,65536,42960,65.5518,0.06814,0.07605,59.3198,0.999732
6120.pgm,10000,65536,35344,53.9307,0.11743,0.077698,59.2267,0.999686
6121.pgm,10000,65536,17792,27.1484,0.03074,0.076263,59.3076,0.999682
6122.pgm,10000,65536,34432,52.5391,0.0244,0.075912,59.3277,0.999809
6123.pgm,10000,65536,10800,16.4795,0.02176,0.075958,59.3251,0.999577
6124.pgm,10000,65536,10064,15.3564,0.0268,0.07811,59.2038,0.99962
6125.pgm,10000,65536,24464,37.3291,0.0238,0.076553,59.2912,0.999752
6129.pgm,10000,65536,19232,29.3457,0.11907,0.075592,59.346,0.999577
6132.pgm,10000,65536,24624,37.5732,0.05502,0.075867,59.3303,0.999575
6133.pgm,10000,65536,60016,91.5771,0.03276,0.075409,59.3566,0.999708
6135.pgm,10000,65536,42976,65.5762,0.02663,0.077972,59.2114,0.999655
6137.pgm,10000,65536,10336,15.7715,0.02197,0.077652,59.2293,0.999781
6138.pgm,10000,65536,14032,21.4111,0.0218,0.076874,59.273,0.99982
6141.pgm,10000,65536,31664,48.3154,0.02715,0.077499,59.2378,0.999835
6144.pgm,10000,65536,39104,59.668,0.0499,0.077896,59.2156,0.999799
6145.pgm,10000,65536,28992,44.2383,0.11896,0.075928,59.3268,0.999768
6146.pgm,10000,65536,16112,24.585,0.03059,0.076202,59.3111,0.999759
6148.pgm,10000,65536,13200,20.1416,0.0227,0.076401,59.2998,0.999757
6149.pgm,10000,65536,29344,44.7754,0.02193,0.077667,59.2284,0.999845
6151.pgm,10000,65536,30304,46.2402,0.02128,0.076355,59.3024,0.999804
6152.pgm,10000,65536,10576,16.1377,0.01921,0.07753,59.2361,0.999825
6153.pgm,10000,65536,11520,17.5781,0.02228,0.076401,59.2998,0.999749
6154.pgm,10000,65536,13008,19.8486,0.02917,0.075409,59.3566,0.99977
6156.pgm,10000,65536,24848,37.915,0.19117,0.075562,59.3478,0.999843
6157.pgm,10000,65536,40768,62.207,0.03853,0.075714,59.339,0.999894
6158.pgm,10000,65536,21536,32.8613,0.02575,0.074966,59.3821,0.99977
6159.pgm,10000,65536,30736,46.8994,0.02257,0.077362,59.2455,0.999771
6160.pgm,10000,65536,30976,47.2656,0.02163,0.07518,59.3698,0.999574
6162.pgm,10000,65536,36000,54.9316,0.02171,0.075211,59.368,0.999658
6163.pgm,10000,65536,15440,23.5596,0.02035,0.076996,59.2661,0.999678
6167.pgm,10000,65536,30112,45.9473,0.04013,0.074753,59.3945,0.999734
6168.pgm,10000,65536,26496,40.4297,0.23372,0.076447,59.2972,0.9997
6169.pgm,10000,65536,26848,40.9668,0.0457,0.075974,59.3242,0.999746
6170.pgm,10000,65536,26576,40.5518,0.02645,0.076508,59.2938,0.999861
6171.pgm,10000,65536,21744,33.1787,0.02006,0.075531,59.3496,0.999859
6172.pgm,10000,65536,23072,35.2051,0.01863,0.076736,59.2808,0.999884
6173.pgm,10000,65536,22544,34.3994,0.01991,0.076874,59.273,0.99985
6174.pgm,10000,65536,17488,26.6846,0.01946,0.076141,59.3146,0.99976
6175.pgm,10000,65536,16912,25.8057,0.01891,0.077026,59.2644,0.999734
6176.pgm,10000,65536,22048,33.6426,0.02049,0.07486,59.3883,0.999806
6177.pgm,10000,65536,31104,47.4609,0.02431,0.074249,59.4239,0.999788
6178.pgm,10000,65536,24400,37.2314,0.03256,0.075302,59.3627,0.999747
6179.pgm,10000,65536,27104,41.3574,0.20218,0.07634,59.3033,0.999818
6180.pgm,10000,65536,17856,27.2461,0.03618,0.075256,59.3654,0.999533
6181.pgm,10000,65536,16768,25.5859,0.02306,0.07692,59.2704,0.999612
6182.pgm,10000,65536,46928,71.6064,0.02325,0.076706,59.2825,0.999786
6183.pgm,10000,65536,17680,26.9775,0.01835,0.074829,59.3901,0.999433
6184.pgm,10000,65536,14736,22.4854,0.01989,0.076492,59.2946,0.999542
6185.pgm,10000,65536,30064,45.874,0.02219,0.074081,59.4337,0.999706
6186.pgm,10000,65536,26304,40.1367,0.02217,0.077393,59.2438,0.999708
6187.pgm,10000,65536,18032,27.5146,0.02539,0.075958,59.3251,0.999617
6188.pgm,10000,65536,21936,33.4717,0.21827,0.075974,59.3242,0.999729
6189.pgm,10000,65536,23568,35.9619,0.04433,0.076263,59.3076,0.999665
6190.pgm,10000,65536,40400,61.6455,0.02858,0.075211,59.368,0.99978
6191.pgm,10000,65536,35104,53.5645,0.02388,0.077026,59.2644,0.999796
6192.pgm,10000,65536,30768,46.9482,0.02326,0.076111,59.3163,0.999809
6193.pgm,10000,65536,30528,46.582,0.02457,0.075348,59.3601,0.999726
6194.pgm,10000,65536,32048,48.9014,0.029,0.075775,59.3355,0.999691
6195.pgm,10000,65536,15408,23.5107,0.03685,0.078018,59.2088,0.999768
6196.pgm,10000,65536,13536,20.6543,0.16946,0.076431,59.2981,0.999653
6197.pgm,10000,65536,36176,55.2002,0.03732,0.076721,59.2817,0.999659
6198.pgm,10000,65536,18512,28.2471,0.02412,0.076538,59.292,0.999667
6199.pgm,10000,65536,28608,43.6523,0.02155,0.077194,59.255,0.999587
6200.pgm,10000,65536,46512,70.9717,0.02212,0.076797,59.2773,0.999669
6201.pgm,10000,65536,37456,57.1533,0.02056,0.076263,59.3076,0.999733
6202.pgm,10000,65536,26080,39.7949,0.02063,0.075775,59.3355,0.999836
6203.pgm,10000,65536,21328,32.5439,0.02216,0.077301,59.249,0.999849
6204.pgm,10000,65536,14976,22.8516,0.02744,0.077667,59.2284,0.999786
6205.pgm,10000,65536,12752,19.458,0.17981,0.077087,59.261,0.999734
6206.pgm,10000,65536,14928,22.7783,0.04264,0.075302,59.3627,0.999639
6207.pgm,10000,65536,33184,50.6348,0.02719,0.077362,59.2455,0.999651
6208.pgm,10000,65536,21344,32.5684,0.02211,0.076462,59.2964,0.999687
6209.pgm,10000,65536,49536,75.5859,0.02452,0.076965,59.2679,0.999767
6210.pgm,10000,65536,18480,28.1982,0.01873,0.077133,59.2584,0.999783
6212.pgm,10000,65536,13408,20.459,0.01801,0.077179,59.2558,0.99965
6213.pgm,10000,65536,13744,20.9717,0.01931,0.077179,59.2558,0.999705
6214.pgm,10000,65536,11984,18.2861,0.01979,0.077164,59.2567,0.99959
6215.pgm,10000,65536,13568,20.7031,0.02312,0.074875,59.3874,0.999788
6216.pgm,10000,65536,14688,22.4121,0.03005,0.075897,59.3285,0.999774
6217.pgm,10000,65536,17456,26.6357,0.17248,0.076782,59.2782,0.999817
6219.pgm,10000,65536,10048,15.332,0.04793,0.07579,59.3347,0.999797
6222.pgm,10000,65536,30128,45.9717,0.0247,0.07608,59.3181,0.999873
6223.pgm,10000,65536,28336,43.2373,0.02224,0.076035,59.3207,0.999899
6224.pgm,10000,65536,26000,39.6729,0.02115,0.076279,59.3068,0.999827
6225.pgm,10000,65536,12736,19.4336,0.01852,0.076447,59.2972,0.999821
6226.pgm,10000,65536,31888,48.6572,0.02002,0.076111,59.3163,0.999843
6227.pgm,10000,65536,49024,74.8047,0.02423,0.077026,59.2644,0.999761
6228.pgm,10000,65536,50368,76.8555,0.03281,0.07608,59.3181,0.999802
6229.pgm,10000,65536,47280,72.1436,0.04161,0.078384,59.1885,0.999756
6230.pgm,10000,65536,42992,65.6006,0.07718,0.076492,59.2946,0.999786
6231.pgm,10000,65536,25504,38.916,0.07493,0.075485,59.3522,0.99984
6232.pgm,10000,65536,44720,68.2373,0.03222,0.074783,59.3928,0.999812
6233.pgm,10000,65536,53776,82.0557,0.02614,0.076324,59.3042,0.999805
6234.pgm,10000,65536,53216,81.2012,0.02598,0.077179,59.2558,0.999807
6235.pgm,10000,65536,37712,57.5439,0.02626,0.075455,59.3539,0.99988
6236.pgm,10000,65536,46096,70.3369,0.02855,0.075836,59.332,0.999917
6237.pgm,10000,65536,44432,67.7979,0.0504,0.076431,59.2981,0.999919
6238.pgm,10000,65536,47568,72.583,0.11504,0.076736,59.2808,0.999922
6239.pgm,10000,65536,22016,33.5938,0.03291,0.075424,59.3557,0.999926
6240.pgm,10000,65536,45344,69.1895,0.03623,0.076157,59.3137,0.999833
6241.pgm,10000,65536,45920,70.0684,0.02678,0.076355,59.3024,0.999902
6242.pgm,10000,65536,49120,74.9512,0.02793,0.076965,59.2679,0.999907
6243.pgm,10000,65536,52800,80.5664,0.03084,0.077347,59.2464,0.999928
6244.pgm,10000,65536,48464,73.9502,0.0797,0.077286,59.2498,0.999911
6245.pgm,10000,65536,27872,42.5293,0.07862,0.077377,59.2447,0.999769
6246.pgm,10000,65536,32512,49.6094,0.03129,0.077408,59.243,0.999692
6247.pgm,10000,65536,31040,47.3633,0.02556,0.076111,59.3163,0.999764
6248.pgm,10000,65536,63376,96.7041,0.02631,0.076447,59.2972,0.999922
6249.pgm,10000,65536,63216,96.46,0.02535,0.077301,59.249,0.999942
6250.pgm,10000,65536,56240,85.8154,0.02542,0.075882,59.3294,0.999911
6251.pgm,10000,65536,56112,85.6201,0.02896,0.076279,59.3068,0.999911
6252.pgm,10000,65536,56176,85.7178,0.03383,0.077209,59.2541,0.999915
6253.pgm,10000,65536,48288,73.6816,0.11647,0.076874,59.273,0.99989
6254.pgm,10000,65536,49184,75.0488,0.06369,0.076462,59.2964,0.999895
6255.pgm,10000,65536,55616,84.8633,0.03002,0.075912,59.3277,0.999908
6256.pgm,10000,65536,55440,84.5947,0.02454,0.075867,59.3303,0.999901
6257.pgm,10000,65536,58352,89.0381,0.02736,0.077576,59.2335,0.999857
6258.pgm,10000,65536,57760,88.1348,0.02775,0.076584,59.2894,0.99985
6259.pgm,10000,65536,56864,86.7676,0.03045,0.075638,59.3434,0.999841
6260.pgm,10000,65536,50000,76.2939,0.02926,0.076035,59.3207,0.99973
6261.pgm,10000,65536,59264,90.4297,0.03141,0.077362,59.2455,0.999854
6262.pgm,10000,65536,37600,57.373,0.04191,0.076385,59.3007,0.999783
6263.pgm,10000,65536,37216,56.7871,0.20514,0.076859,59.2739,0.999783
6264.pgm,10000,65536,61536,93.8965,0.04101,0.075867,59.3303,0.999906
6265.pgm,10000,65536,54288,82.8369,0.02574,0.076202,59.3111,0.999879
6266.pgm,10000,65536,29792,45.459,0.02222,0.076691,59.2834,0.99953
6267.pgm,10000,65536,55536,84.7412,0.03495,0.07692,59.2704,0.999822
6268.pgm,10000,65536,50272,76.709,0.20354,0.077469,59.2395,0.999885
6269.pgm,10000,65536,44432,67.7979,0.05998,0.077393,59.2438,0.99984
6270.pgm,10000,65536,35200,53.7109,0.02643,0.076904,59.2713,0.999776
6271.pgm,10000,65536,26400,40.2832,0.02185,0.076233,59.3094,0.999768
6272.pgm,10000,65536,40160,61.2793,0.02232,0.075714,59.339,0.999805
6273.pgm,10000,65536,53616,81.8115,0.02557,0.075821,59.3329,0.999898
6274.pgm,10000,65536,24832,37.8906,0.03716,0.076599,59.2886,0.999821
6275.pgm,10000,65536,24624,37.5732,0.16602,0.076889,59.2722,0.999822
6276.pgm,10000,65536,41200,62.8662,0.0339,0.077042,59.2635,0.999789
6277.pgm,10000,65536,36928,56.3477,0.02339,0.075714,59.339,0.999734
6278.pgm,10000,65536,62032,94.6533,0.02166,0.076935,59.2696,0.999794
6279.pgm,10000,65536,61808,94.3115,0.01924,0.075867,59.3303,0.999823
6280.pgm,10000,65536,59376,90.6006,0.01827,0.076797,59.2773,0.999813
6281.pgm,10000,65536,45408,69.2871,0.0224,0.075546,59.3487,0.999651
6282.pgm,10000,65536,45808,69.8975,0.02693,0.076996,59.2661,0.999749
6283.pgm,10000,65536,47664,72.7295,0.03423,0.076797,59.2773,0.999772
6284.pgm,10000,65536,39152,59.7412,0.04262,0.076508,59.2938,0.9998
6285.pgm,10000,65536,48032,73.291,0.05972,0.076492,59.2946,0.999826
6286.pgm,10000,65536,54720,83.4961,0.09947,0.076553,59.2912,0.999808
6287.pgm,10000,65536,53376,81.4453,0.08267,0.076508,59.2938,0.99981
6288.pgm,10000,65536,51744,78.9551,0.05988,0.077332,59.2472,0.999793
6289.pgm,10000,65536,55184,84.2041,0.05878,0.076035,59.3207,0.999818
6290.pgm,10000,65536,53616,81.8115,0.04866,0.07608,59.3181,0.999822
6291.pgm,10000,65536,47104,71.875,0.04007,0.076309,59.305,0.999882
6292.pgm,10000,65536,50432,76.9531,0.03468,0.076599,59.2886,0.999873
6293.pgm,10000,65536,61008,93.0908,0.03123,0.075882,59.3294,0.999853
6294.pgm,10000,65536,45056,68.75,0.02935,0.07692,59.2704,0.999862
6295.pgm,10000,65536,18272,27.8809,0.02698,0.07608,59.3181,0.999891
6296.pgm,10000,65536,16992,25.9277,0.03414,0.076172,59.3129,0.999886
6297.pgm,10000,65536,21648,33.0322,0.07304,0.077805,59.2208,0.999899
6298.pgm,10000,65536,16688,25.4639,0.0851,0.076187,59.312,0.999821
6299.pgm,10000,65536,16960,25.8789,0.04587,0.077087,59.261,0.99986
6300.pgm,10000,65536,32240,49.1943,0.03569,0.075699,59.3399,0.999792
6301.pgm,10000,65536,28608,43.6523,0.03038,0.075623,59.3443,0.999853
6303.pgm,10000,65536,28624,43.6768,0.0272,0.077072,59.2618,0.999868
6304.pgm,10000,65536,18240,27.832,0.02449,0.076263,59.3076,0.999817
6305.pgm,10000,65536,45328,69.165,0.02813,0.07695,59.2687,0.999759
6306.pgm,10000,65536,44896,68.5059,0.02629,0.077072,59.2618,0.999739
6307.pgm,10000,65536,45904,70.0439,0.02582,0.07663,59.2868,0.999761
6308.pgm,10000,65536,60784,92.749,0.02563,0.076233,59.3094,0.999851
6309.pgm,10000,65536,62096,94.751,0.02746,0.077286,59.2498,0.999855
6310.pgm,10000,65536,61120,93.2617,0.03848,0.074707,59.3972,0.999855
6311.pgm,10000,65536,61104,93.2373,0.2094,0.076309,59.305,0.999844
6312.pgm,10000,65536,61808,94.3115,0.03434,0.077377,59.2447,0.99987
6313.pgm,10000,65536,56448,86.1328,0.02463,0.078232,59.197,0.99988
6314.pgm,10000,65536,38384,58.5693,0.02157,0.075043,59.3777,0.999858
6315.pgm,10000,65536,33072,50.4639,0.02337,0.077774,59.2225,0.999829
6316.pgm,10000,65536,35600,54.3213,0.0251,0.075516,59.3504,0.999805
6317.pgm,10000,65536,44272,67.5537,0.02996,0.075562,59.3478,0.999843
6318.pgm,10000,65536,61488,93.8232,0.04259,0.07666,59.2851,0.999872
6319.pgm,10000,65536,44736,68.2617,0.29678,0.075775,59.3355,0.999836
6320.pgm,10000,65536,44800,68.3594,0.08187,0.076843,59.2747,0.999833
6321.pgm,10000,65536,60416,92.1875,0.04355,0.0755,59.3513,0.999867
6322.pgm,10000,65536,46592,71.0938,0.02644,0.07634,59.3033,0.999759
6323.pgm,10000,65536,24864,37.9395,0.02044,0.075027,59.3786,0.999783
6324.pgm,10000,65536,27792,42.4072,0.02028,0.077835,59.219,0.999759
6325.pgm,10000,65536,31408,47.9248,0.02019,0.075821,59.3329,0.999793
6326.pgm,10000,65536,58272,88.916,0.02321,0.076477,59.2955,0.999898
6327.pgm,10000,65536,56640,86.4258,0.02776,0.076065,59.319,0.999892
6328.pgm,10000,65536,56480,86.1816,0.12656,0.076569,59.2903,0.999906
6329.pgm,10000,65536,55552,84.7656,0.06424,0.077286,59.2498,0.999905
6330.pgm,10000,65536,57616,87.915,0.02852,0.077515,59.237,0.999911
6331.pgm,10000,65536,46768,71.3623,0.02409,0.075226,59.3671,0.999884
6332.pgm,10000,65536,31920,48.7061,0.02017,0.075684,59.3408,0.999771
6333.pgm,10000,65536,55376,84.4971,0.02416,0.075729,59.3382,0.999782
6334.pgm,10000,65536,34880,53.2227,0.0246,0.074966,59.3821,0.999837
6335.pgm,10000,65536,42992,65.6006,0.03808,0.077072,59.2618,0.999772
6336.pgm,10000,65536,47360,72.2656,0.16995,0.075668,59.3417,0.999682
6337.pgm,10000,65536,32128,49.0234,0.03293,0.076538,59.292,0.999767
6338.pgm,10000,65536,35184,53.6865,0.02478,0.07634,59.3033,0.999812
6339.pgm,10000,65536,34032,51.9287,0.02085,0.07666,59.2851,0.999791
6340.pgm,10000,65536,48320,73.7305,0.02131,0.076736,59.2808,0.999907
6341.pgm,10000,65536,41792,63.7695,0.01994,0.075745,59.3373,0.999748
6342.pgm,10000,65536,21440,32.7148,0.01781,0.07576,59.3364,0.999735
6343.pgm,10000,65536,38672,59.0088,0.02105,0.076157,59.3137,0.999819
6344.pgm,10000,65536,38256,58.374,0.02216,0.078415,59.1868,0.999808
6345.pgm,10000,65536,40672,62.0605,0.02365,0.076981,59.267,0.999794
6346.pgm,10000,65536,42624,65.0391,0.02501,0.077255,59.2515,0.999812
6347.pgm,10000,65536,27936,42.627,0.02798,0.075928,59.3268,0.999808
6348.pgm,10000,65536,25792,39.3555,0.10945,0.075912,59.3277,0.999822
6349.pgm,10000,65536,26208,39.9902,0.06892,0.075165,59.3707,0.999809
6350.pgm,10000,65536,25504,38.916,0.02892,0.07579,59.3347,0.999761
6351.pgm,10000,65536,41216,62.8906,0.024,0.074936,59.3839,0.999829
6352.pgm,10000,65536,42000,64.0869,0.02095,0.075607,59.3452,0.999843
6353.pgm,10000,65536,24384,37.207,0.01679,0.076553,59.2912,0.999874
6354.pgm,10000,65536,35888,54.7607,0.01786,0.077805,59.2208,0.999898
6355.pgm,10000,65536,37360,57.0068,0.01845,0.076965,59.2679,0.999944
6356.pgm,10000,65536,53712,81.958,0.02118,0.075806,59.3338,0.999923
6357.pgm,10000,65536,53856,82.1777,0.02386,0.076935,59.2696,0.999931
6358.pgm,10000,65536,53600,81.7871,0.02619,0.076385,59.3007,0.999922
6359.pgm,10000,65536,37760,57.6172,0.02741,0.075592,59.346,0.999918
6360.pgm,10000,65536,36480,55.6641,0.03822,0.077423,59.2421,0.999798
6361.pgm,10000,65536,38976,59.4727,0.19169,0.075882,59.3294,0.999806
6362.pgm,10000,65536,48096,73.3887,0.03441,0.076569,59.2903,0.999818
6363.pgm,10000,65536,15936,24.3164,0.02071,0.074982,59.3813,0.999785
6364.pgm,10000,65536,18896,28.833,0.01867,0.076248,59.3085,0.999816
6365.pgm,10000,65536,11040,16.8457,0.01678,0.074982,59.3813,0.9998
6366.pgm,10000,65536,12736,19.4336,0.01741,0.076569,59.2903,0.999731
6367.pgm,10000,65536,31888,48.6572,0.02114,0.076324,59.3042,0.999868
6368.pgm,10000,65536,41616,63.501,0.0254,0.075302,59.3627,0.999904
6369.pgm,10000,65536,32432,49.4873,0.02961,0.075348,59.3601,0.999861
6370.pgm,10000,65536,23840,36.377,0.07641,0.076569,59.2903,0.999942
6371.pgm,10000,65536,20576,31.3965,0.08363,0.075714,59.339,0.999791
6372.pgm,10000,65536,42064,64.1846,0.03116,0.077606,59.2318,0.999908
6373.pgm,10000,65536,48992,74.7559,0.02384,0.075668,59.3417,0.999922
6374.pgm,10000,65536,35680,54.4434,0.02032,0.076736,59.2808,0.999887
6375.pgm,10000,65536,31712,48.3887,0.02331,0.076523,59.2929,0.999816
6376.pgm,10000,65536,33712,51.4404,0.02457,0.077316,59.2481,0.999822
6377.pgm,10000,65536,50944,77.7344,0.03323,0.07724,59.2524,0.999885
6378.pgm,10000,65536,32496,49.585,0.02457,0.076279,59.3068,0.999837
6379.pgm,10000,65536,28336,43.2373,0.02788,0.075836,59.332,0.999894
6380.pgm,10000,65536,34720,52.9785,0.11082,0.077255,59.2515,0.999823
6381.pgm,10000,65536,47264,72.1191,0.06068,0.07695,59.2687,0.999854
6382.pgm,10000,65536,36224,55.2734,0.0276,0.075806,59.3338,0.999825
6383.pgm,10000,65536,27920,42.6025,0.02125,0.076569,59.2903,0.999852
6384.pgm,10000,65536,31264,47.7051,0.01948,0.077606,59.2318,0.999844
6385.pgm,10000,65536,17136,26.1475,0.0175,0.076157,59.3137,0.999806
6386.pgm,10000,65536,19248,29.3701,0.01696,0.07663,59.2868,0.999835
6387.pgm,10000,65536,34640,52.8564,0.01983,0.076782,59.2782,0.999846
6388.pgm,10000,65536,28320,43.2129,0.01849,0.076599,59.2886,0.999854
6389.pgm,10000,65536,25712,39.2334,0.01876,0.076279,59.3068,0.999741
6390.pgm,10000,65536,27296,41.6504,0.01964,0.07634,59.3033,0.999774
6391.pgm,10000,65536,44368,67.7002,0.02349,0.076294,59.3059,0.999823
6392.pgm,10000,65536,30080,45.8984,0.02413,0.074921,59.3848,0.999863
6393.pgm,10000,65536,23168,35.3516,0.03452,0.076523,59.2929,0.999746
6394.pgm,10000,65536,45744,69.7998,0.18692,0.07605,59.3198,0.99988
6395.pgm,10000,65536,32960,50.293,0.03294,0.075531,59.3496,0.999858
6396.pgm,10000,65536,23584,35.9863,0.02337,0.077072,59.2618,0.999902
6397.pgm,10000,65536,37248,56.8359,0.0229,0.074493,59.4096,0.999891
6398.pgm,10000,65536,40336,61.5479,0.02238,0.074753,59.3945,0.999892
6399.pgm,10000,65536,21552,32.8857,0.0197,0.075882,59.3294,0.999894
6400.pgm,10000,65536,20928,31.9336,0.01947,0.075531,59.3496,0.999867
6401.pgm,10000,65536,21344,32.5684,0.02384,0.076248,59.3085,0.999813
6402.pgm,10000,65536,19344,29.5166,0.03415,0.075165,59.3707,0.999813
6403.pgm,10000,65536,35888,54.7607,0.21791,0.077164,59.2567,0.999828
6404.pgm,10000,65536,33472,51.0742,0.04224,0.074615,59.4025,0.999836
6405.pgm,10000,65536,34080,52.002,0.02595,0.076172,59.3129,0.999851
6406.pgm,10000,65536,37744,57.5928,0.02222,0.076935,59.2696,0.999822
6408.pgm,10000,65536,43312,66.0889,0.02189,0.076904,59.2713,0.999871
6409.pgm,10000,65536,18560,28.3203,0.01941,0.076752,59.2799,0.99961
6410.pgm,10000,65536,16752,25.5615,0.02481,0.075989,59.3233,0.999878
6411.pgm,10000,65536,21280,32.4707,0.13173,0.075119,59.3733,0.999903
6412.pgm,10000,65536,16960,25.8789,0.06833,0.07608,59.3181,0.99986
6413.pgm,10000,65536,16224,24.7559,0.02455,0.07515,59.3715,0.999859
6414.pgm,10000,65536,38416,58.6182,0.02422,0.075974,59.3242,0.999873
6415.pgm,10000,65536,42336,64.5996,0.02245,0.077499,59.2378,0.999853
6416.pgm,10000,65536,33216,50.6836,0.01968,0.077347,59.2464,0.999797
6417.pgm,10000,65536,46672,71.2158,0.0221,0.075821,59.3329,0.999904
6418.pgm,10000,65536,28608,43.6523,0.02431,0.075714,59.339,0.9998
6419.pgm,10000,65536,31120,47.4854,0.02379,0.075958,59.3251,0.999761
6420.pgm,10000,65536,35296,53.8574,0.02871,0.075928,59.3268,0.999854
6421.pgm,10000,65536,47712,72.8027,0.06838,0.076889,59.2722,0.999892
6422.pgm,10000,65536,35760,54.5654,0.08035,0.076645,59.286,0.999893
6423.pgm,10000,65536,33248,50.7324,0.02982,0.075974,59.3242,0.999897
6424.pgm,10000,65536,33296,50.8057,0.02356,0.075348,59.3601,0.999885
6425.pgm,10000,65536,27872,42.5293,0.02064,0.075562,59.3478,0.99987
6426.pgm,10000,65536,44560,67.9932,0.02223,0.076401,59.2998,0.999774
6427.pgm,10000,65536,28768,43.8965,0.02022,0.076218,59.3102,0.999832
6428.pgm,10000,65536,52032,79.3945,0.02618,0.076385,59.3007,0.9998
6429.pgm,10000,65536,13248,20.2148,0.0217,0.076126,59.3155,0.999777
6430.pgm,10000,65536,12784,19.5068,0.02559,0.075378,59.3583,0.999859
6431.pgm,10000,65536,11344,17.3096,0.09271,0.077942,59.2131,0.999841
6432.pgm,10000,65536,11392,17.3828,0.04983,0.076141,59.3146,0.999818
6434.pgm,10000,65536,45040,68.7256,0.02934,0.076492,59.2946,0.999874
6435.pgm,10000,65536,39088,59.6436,0.02262,0.075302,59.3627,0.999791
6436.pgm,10000,65536,42496,64.8438,0.02272,0.075577,59.3469,0.999789
6437.pgm,10000,65536,43712,66.6992,0.02507,0.076538,59.292,0.999806
6438.pgm,10000,65536,45904,70.0439,0.02935,0.077652,59.2293,0.999745
6439.pgm,10000,65536,37520,57.251,0.20215,0.077194,59.255,0.999778
6440.pgm,10000,65536,34656,52.8809,0.03157,0.077271,59.2507,0.999801
6441.pgm,10000,65536,48976,74.7314,0.02451,0.075516,59.3504,0.999826
6442.pgm,10000,65536,41792,63.7695,0.02,0.077179,59.2558,0.999758
6443.pgm,10000,65536,10976,16.748,0.01713,0.076447,59.2972,0.999786
6444.pgm,10000,65536,12752,19.458,0.01677,0.076248,59.3085,0.999937
6445.pgm,10000,65536,15008,22.9004,0.0181,0.074158,59.4292,0.999908
6446.pgm,10000,65536,35440,54.0771,0.02555,0.076462,59.2964,0.999768
6447.pgm,10000,65536,12304,18.7744,0.02347,0.076035,59.3207,0.999778
6449.pgm,10000,65536,20688,31.5674,0.02743,0.07666,59.2851,0.999763
6450.pgm,10000,65536,25664,39.1602,0.0369,0.076614,59.2877,0.999781
6451.pgm,10000,65536,39952,60.9619,0.19648,0.076447,59.2972,0.999853
6452.pgm,10000,65536,27632,42.1631,0.03461,0.0755,59.3513,0.999872
6453.pgm,10000,65536,53904,82.251,0.03036,0.075623,59.3443,0.999816
6454.pgm,10000,65536,26544,40.5029,0.02347,0.074951,59.383,0.999826
6455.pgm,10000,65536,29744,45.3857,0.02386,0.076279,59.3068,0.999801
6456.pgm,10000,65536,33216,50.6836,0.06504,0.075821,59.3329,0.999873
6457.pgm,10000,65536,19520,29.7852,0.07037,0.076447,59.2972,0.99985
6458.pgm,10000,65536,42208,64.4043,0.0315,0.076736,59.2808,0.999886
6459.pgm,10000,65536,44240,67.5049,0.02415,0.077667,59.2284,0.999901
6460.pgm,10000,65536,19920,30.3955,0.01749,0.075516,59.3504,0.999877
6463.pgm,10000,65536,27280,41.626,0.0178,0.075394,59.3575,0.999886
6464.pgm,10000,65536,27552,42.041,0.01973,0.078064,59.2063,0.999966
6465.pgm,10000,65536,52592,80.249,0.02543,0.077438,59.2412,0.999771
6466.pgm,10000,65536,60032,91.6016,0.02601,0.076111,59.3163,0.999838
6467.pgm,10000,65536,50704,77.3682,0.02847,0.07576,59.3364,0.999861
6468.pgm,10000,65536,54720,83.4961,0.0473,0.076645,59.286,0.999872
6469.pgm,10000,65536,37936,57.8857,0.20067,0.07695,59.2687,0.999945
6470.pgm,10000,65536,33152,50.5859,0.03411,0.076324,59.3042,0.999923
6471.pgm,10000,65536,15776,24.0723,0.0215,0.07579,59.3347,0.999826
6472.pgm,10000,65536,13296,20.2881,0.01883,0.0746,59.4034,0.99979
6473.pgm,10000,65536,27104,41.3574,0.01913,0.076553,59.2912,0.999817
6474.pgm,10000,65536,57856,88.2812,0.02171,0.076111,59.3163,0.999856
6475.pgm,10000,65536,53760,82.0312,0.02609,0.075607,59.3452,0.999815
6476.pgm,10000,65536,57936,88.4033,0.02988,0.075989,59.3233,0.999811
6477.pgm,10000,65536,33312,50.8301,0.03112,0.074265,59.423,0.999874
6478.pgm,10000,65536,52128,79.541,0.06625,0.076477,59.2955,0.999812
6479.pgm,10000,65536,32608,49.7559,0.11046,0.077988,59.2105,0.999778
6480.pgm,10000,65536,15440,23.5596,0.03777,0.076065,59.319,0.99977
6481.pgm,10000,65536,17120,26.123,0.02827,0.077148,59.2575,0.999835
6482.pgm,10000,65536,19488,29.7363,0.02461,0.075058,59.3768,0.999876
6483.pgm,10000,65536,21744,33.1787,0.02396,0.075562,59.3478,0.999853
6484.pgm,10000,65536,34464,52.5879,0.02453,0.075134,59.3724,0.999868
6485.pgm,10000,65536,44128,67.334,0.02522,0.076935,59.2696,0.999906
6486.pgm,10000,65536,17280,26.3672,0.02171,0.07663,59.2868,0.999815
6487.pgm,10000,65536,28272,43.1396,0.02466,0.076111,59.3163,0.999838
6488.pgm,10000,65536,29568,45.1172,0.03369,0.076385,59.3007,0.999841
6489.pgm,10000,65536,35568,54.2725,0.16819,0.076248,59.3085,0.999816
6490.pgm,10000,65536,45328,69.165,0.03361,0.077545,59.2353,0.999895
6491.pgm,10000,65536,43360,66.1621,0.02429,0.07608,59.3181,0.999891
6492.pgm,10000,65536,30496,46.5332,0.01887,0.075836,59.332,0.999862
6493.pgm,10000,65536,43152,65.8447,0.02076,0.076828,59.2756,0.999908
6494.pgm,10000,65536,58256,88.8916,0.02179,0.076218,59.3102,0.999935
6495.pgm,10000,65536,46784,71.3867,0.02159,0.076385,59.3007,0.999912
6496.pgm,10000,65536,21216,32.373,0.01878,0.07608,59.3181,0.999837
6497.pgm,10000,65536,25328,38.6475,0.01887,0.075104,59.3742,0.999857
6498.pgm,10000,65536,18000,27.4658,0.01866,0.076401,59.2998,0.999744
6499.pgm,10000,65536,29008,44.2627,0.02059,0.076218,59.3102,0.999789
6500.pgm,10000,65536,24544,37.4512,0.02113,0.075211,59.368,0.999848
6501.pgm,10000,65536,42160,64.3311,0.02956,0.076355,59.3024,0.999889
6502.pgm,10000,65536,23616,36.0352,0.06422,0.075424,59.3557,0.999895
6503.pgm,10000,65536,13392,20.4346,0.16497,0.076218,59.3102,0.999877
6504.pgm,10000,65536,23168,35.3516,0.06273,0.076279,59.3068,0.999868
6505.pgm,10000,65536,29056,44.3359,0.04197,0.077377,59.2447,0.999885
6506.pgm,10000,65536,38048,58.0566,0.03698,0.077332,59.2472,0.999899
6507.pgm,10000,65536,40816,62.2803,0.03329,0.07634,59.3033,0.999897
6508.pgm,10000,65536,32864,50.1465,0.02847,0.077713,59.2259,0.999882
6509.pgm,10000,65536,30752,46.9238,0.02701,0.077133,59.2584,0.999866
6510.pgm,10000,65536,22608,34.4971,0.02521,0.077454,59.2404,0.999842
6511.pgm,10000,65536,19952,30.4443,0.03162,0.078125,59.2029,0.999821
6512.pgm,10000,65536,14384,21.9482,0.04664,0.076584,59.2894,0.999803
6513.pgm,10000,65536,37920,57.8613,0.07751,0.075165,59.3707,0.999638
6514.pgm,10000,65536,18640,28.4424,0.0542,0.076126,59.3155,0.999843
6515.pgm,10000,65536,17536,26.7578,0.04264,0.076035,59.3207,0.999815
6516.pgm,10000,65536,19952,30.4443,0.04607,0.075821,59.3329,0.999714
6517.pgm,10000,65536,24992,38.1348,0.0587,0.076691,59.2834,0.999843
6518.pgm,10000,65536,21776,33.2275,0.06284,0.07695,59.2687,0.999862
6519.pgm,10000,65536,27952,42.6514,0.05304,0.075821,59.3329,0.99986
6520.pgm,10000,65536,35152,53.6377,0.07415,0.076141,59.3146,0.999803
6521.pgm,10000,65536,30032,45.8252,0.07498,0.076843,59.2747,0.999743
6522.pgm,10000,65536,33232,50.708,0.07958,0.077148,59.2575,0.999793
6523.pgm,10000,65536,35424,54.0527,0.02893,0.077026,59.2644,0.999813
6524.pgm,10000,65536,34752,53.0273,0.02214,0.076416,59.299,0.999802
6525.pgm,10000,65536,29424,44.8975,0.01936,0.0755,59.3513,0.999781
6526.pgm,10000,65536,30688,46.8262,0.02343,0.076904,59.2713,0.999805
6527.pgm,10000,65536,30496,46.5332,0.02407,0.076324,59.3042,0.999832
6528.pgm,10000,65536,34352,52.417,0.02455,0.075241,59.3663,0.999828
6529.pgm,10000,65536,32528,49.6338,0.02521,0.075302,59.3627,0.999795
6530.pgm,10000,65536,32384,49.4141,0.0274,0.076035,59.3207,0.999837
6531.pgm,10000,65536,28304,43.1885,0.13969,0.07634,59.3033,0.999819
6532.pgm,10000,65536,25504,38.916,0.04292,0.075562,59.3478,0.999779
6533.pgm,10000,65536,12736,19.4336,0.02299,0.075577,59.3469,0.999831
6534.pgm,10000,65536,12224,18.6523,0.01862,0.075531,59.3496,0.999884
6535.pgm,10000,65536,16560,25.2686,0.01999,0.076218,59.3102,0.999878
6536.pgm,10000,65536,31056,47.3877,0.02375,0.076996,59.2661,0.999734
6537.pgm,10000,65536,24832,37.8906,0.02625,0.076675,59.2842,0.999781
6538.pgm,10000,65536,22352,34.1064,0.07841,0.077194,59.255,0.999803
6539.pgm,10000,65536,33008,50.3662,0.06198,0.075684,59.3408,0.999818
6540.pgm,10000,65536,22864,34.8877,0.02716,0.076187,59.312,0.999781
6541.pgm,10000,65536,24352,37.1582,0.02761,0.076996,59.2661,0.999806
6542.pgm,10000,65536,30368,46.3379,0.02058,0.075912,59.3277,0.999812
6543.pgm,10000,65536,27328,41.6992,0.02,0.07579,59.3347,0.999807
6544.pgm,10000,65536,30848,47.0703,0.02104,0.077774,59.2225,0.999832
6545.pgm,10000,65536,20976,32.0068,0.02276,0.076477,59.2955,0.999823
6546.pgm,10000,65536,32064,48.9258,0.02927,0.077271,59.2507,0.99983
6547.pgm,10000,65536,26400,40.2832,0.17411,0.077515,59.237,0.99982
6548.pgm,10000,65536,29632,45.2148,0.03562,0.077454,59.2404,0.999818
6549.pgm,10000,65536,30144,45.9961,0.02475,0.076492,59.2946,0.999823
6550.pgm,10000,65536,24528,37.4268,0.02074,0.075546,59.3487,0.999813
6551.pgm,10000,65536,44048,67.2119,0.02088,0.07634,59.3033,0.999867
6552.pgm,10000,65536,35312,53.8818,0.01988,0.076431,59.2981,0.999897
6553.pgm,10000,65536,32352,49.3652,0.02168,0.075851,59.3312,0.99987
6554.pgm,10000,65536,33904,51.7334,0.02209,0.075867,59.3303,0.999828
6555.pgm,10000,65536,32320,49.3164,0.02275,0.076508,59.2938,0.999813
6556.pgm,10000,65536,28000,42.7246,0.025,0.075729,59.3382,0.999825
6557.pgm,10000,65536,22208,33.8867,0.03759,0.076324,59.3042,0.999776
6558.pgm,10000,65536,23632,36.0596,0.15824,0.076294,59.3059,0.999763
6559.pgm,10000,65536,24928,38.0371,0.0271,0.077179,59.2558,0.999743
6560.pgm,10000,65536,17008,25.9521,0.01902,0.077362,59.2455,0.999819
6561.pgm,10000,65536,19456,29.6875,0.0171,0.07634,59.3033,0.99981
6562.pgm,10000,65536,23200,35.4004,0.01734,0.075272,59.3645,0.999785
6563.pgm,10000,65536,20416,31.1523,0.02169,0.076584,59.2894,0.999789
6564.pgm,10000,65536,21168,32.2998,0.02234,0.076447,59.2972,0.999839
6565.pgm,10000,65536,45152,68.8965,0.02784,0.07634,59.3033,0.999907
6566.pgm,10000,65536,32336,49.3408,0.0353,0.075668,59.3417,0.999927
6567.pgm,10000,65536,35824,54.6631,0.20408,0.077484,59.2387,0.999879
6568.pgm,10000,65536,21040,32.1045,0.03057,0.07579,59.3347,0.999851
6569.pgm,10000,65536,33296,50.8057,0.02319,0.076553,59.2912,0.999803
6570.pgm,10000,65536,28272,43.1396,0.01939,0.076157,59.3137,0.999823
6571.pgm,10000,65536,31184,47.583,0.01852,0.077469,59.2395,0.999766
6572.pgm,10000,65536,62048,94.6777,0.02473,0.07634,59.3033,0.99992
6573.pgm,10000,65536,63504,96.8994,0.0257,0.077148,59.2575,0.999909
6574.pgm,10000,65536,43264,66.0156,0.02464,0.076096,59.3172,0.99992
6575.pgm,10000,65536,27408,41.8213,0.0264,0.075455,59.3539,0.999836
6576.pgm,10000,65536,25648,39.1357,0.0527,0.077454,59.2404,0.999811
6577.pgm,10000,65536,23696,36.1572,0.13297,0.075989,59.3233,0.999797
6578.pgm,10000,65536,25136,38.3545,0.03481,0.076096,59.3172,0.999829
6579.pgm,10000,65536,26640,40.6494,0.02292,0.075745,59.3373,0.999816
6580.pgm,10000,65536,23904,36.4746,0.01961,0.075592,59.346,0.999853
6581.pgm,10000,65536,26288,40.1123,0.01927,0.076248,59.3085,0.999831
6582.pgm,10000,65536,25888,39.502,0.01861,0.07634,59.3033,0.999871
6583.pgm,10000,65536,35056,53.4912,0.01984,0.07634,59.3033,0.999872
6584.pgm,10000,65536,20336,31.0303,0.0198,0.075638,59.3434,0.999724
6585.pgm,10000,65536,26544,40.5029,0.02131,0.075912,59.3277,0.999764
6586.pgm,10000,65536,19872,30.3223,0.02537,0.07637,59.3016,0.999697
6587.pgm,10000,65536,22752,34.7168,0.12962,0.07605,59.3198,0.999778
6588.pgm,10000,65536,31120,47.4854,0.04922,0.076157,59.3137,0.999791
6589.pgm,10000,65536,32080,48.9502,0.02635,0.077072,59.2618,0.999784
6590.pgm,10000,65536,13264,20.2393,0.01899,0.076324,59.3042,0.999648
6593.pgm,10000,65536,13280,20.2637,0.01964,0.075623,59.3443,0.999614
6594.pgm,10000,65536,22192,33.8623,0.023,0.077087,59.261,0.999778
6595.pgm,10000,65536,28624,43.6768,0.02449,0.076355,59.3024,0.999765
6596.pgm,10000,65536,28656,43.7256,0.02608,0.075287,59.3636,0.999779
6597.pgm,10000,65536,19712,30.0781,0.02782,0.07663,59.2868,0.999719
6598.pgm,10000,65536,17824,27.1973,0.03128,0.076782,59.2782,0.999718
6599.pgm,10000,65536,15056,22.9736,0.06331,0.077332,59.2472,0.999768
6600.pgm,10000,65536,18096,27.6123,0.09169,0.076904,59.2713,0.999774
6601.pgm,10000,65536,17616,26.8799,0.04844,0.075562,59.3478,0.999791
6602.pgm,10000,65536,45888,70.0195,0.04281,0.076324,59.3042,0.999854
6603.pgm,10000,65536,49888,76.123,0.03454,0.075943,59.3259,0.999799
6604.pgm,10000,65536,50048,76.3672,0.03117,0.075577,59.3469,0.999773
6605.pgm,10000,65536,30896,47.1436,0.02649,0.077408,59.243,0.999764
6606.pgm,10000,65536,30704,46.8506,0.02567,0.075775,59.3355,0.99973
6607.pgm,10000,65536,33392,50.9521,0.02489,0.075256,59.3654,0.99984
6619.pgm,10000,65536,26736,40.7959,0.02434,0.077042,59.2635,0.999773
6620.pgm,10000,65536,55280,84.3506,0.03009,0.076065,59.319,0.999953
6621.pgm,10000,65536,25872,39.4775,0.03359,0.07605,59.3198,0.99973
6622.pgm,10000,65536,22368,34.1309,0.07108,0.075516,59.3504,0.999705
6623.pgm,10000,65536,30752,46.9238,0.11663,0.076096,59.3172,0.999744
6624.pgm,10000,65536,34256,52.2705,0.05997,0.076904,59.2713,0.999798
6625.pgm,10000,65536,17440,26.6113,0.0424,0.076828,59.2756,0.999748
6626.pgm,10000,65536,20544,31.3477,0.03899,0.074768,59.3936,0.999801
6627.pgm,10000,65536,15968,24.3652,0.04057,0.077408,59.243,0.999713
6628.pgm,10000,65536,10080,15.3809,0.06953,0.07489,59.3866,0.999759
6629.pgm,10000,65536,14496,22.1191,0.05901,0.076324,59.3042,0.999751
6630.pgm,10000,65536,30624,46.7285,0.05126,0.076981,59.267,0.999832
6631.pgm,10000,65536,24496,37.3779,0.04165,0.076141,59.3146,0.999773
6632.pgm,10000,65536,21952,33.4961,0.03587,0.076202,59.3111,0.999804
6633.pgm,10000,65536,16912,25.8057,0.03466,0.076447,59.2972,0.99982
6634.pgm,10000,65536,16416,25.0488,0.03307,0.075287,59.3636,0.999815
6635.pgm,10000,65536,26800,40.8936,0.03341,0.076218,59.3102,0.999825
6638.pgm,10000,65536,18704,28.54,0.02953,0.076904,59.2713,0.999612
6646.pgm,10000,65536,11456,17.4805,0.0256,0.075867,59.3303,0.99966
6647.pgm,10000,65536,10512,16.04,0.02673,0.076096,59.3172,0.999664
6653.pgm,10000,65536,11008,16.7969,0.04435,0.077713,59.2259,0.999629
6666.pgm,10000,65536,12768,19.4824,0.09495,0.075119,59.3733,0.999655
6667.pgm,10000,65536,11984,18.2861,0.06581,0.077637,59.2301,0.999592
6668.pgm,10000,65536,11808,18.0176,0.04302,0.075531,59.3496,0.999609
6669.pgm,10000,65536,10768,16.4307,0.03178,0.075043,59.3777,0.999648
6670.pgm,10000,65536,12848,19.6045,0.02617,0.075958,59.3251,0.999648
6671.pgm,10000,65536,11568,17.6514,0.02196,0.075867,59.3303,0.999632
6672.pgm,10000,65536,12016,18.335,0.02084,0.075714,59.339,0.999666
6674.pgm,10000,65536,11072,16.8945,0.0213,0.07515,59.3715,0.999713
6675.pgm,10000,65536,12752,19.458,0.02179,0.076538,59.292,0.999715
6676.pgm,10000,65536,10464,15.9668,0.02506,0.076492,59.2946,0.999547
6677.pgm,10000,65536,13824,21.0938,0.03587,0.075912,59.3277,0.999654
6688.pgm,10000,65536,16704,25.4883,0.03615,0.075775,59.3355,0.999747
6689.pgm,10000,65536,22512,34.3506,0.02384,0.075684,59.3408,0.999522
6690.pgm,10000,65536,21968,33.5205,0.02057,0.075226,59.3671,0.999575
6694.pgm,10000,65536,14576,22.2412,0.01891,0.075302,59.3627,0.999594
6695.pgm,10000,65536,20528,31.3232,0.02155,0.075912,59.3277,0.999564
6696.pgm,10000,65536,10080,15.3809,0.02494,0.077057,59.2627,0.999638
6698.pgm,10000,65536,11264,17.1875,0.02201,0.077042,59.2635,0.999606
6699.pgm,10000,65536,17520,26.7334,0.03115,0.075806,59.3338,0.9996
6700.pgm,10000,65536,14096,21.5088,0.03746,0.076462,59.2964,0.999706
6702.pgm,10000,65536,18432,28.125,0.15013,0.076492,59.2946,0.999808
6703.pgm,10000,65536,17104,26.0986,0.03681,0.076019,59.3216,0.999761
6704.pgm,10000,65536,16112,24.585,0.02028,0.076553,59.2912,0.999712
6705.pgm,10000,65536,28880,44.0674,0.02173,0.076721,59.2817,0.999747
6706.pgm,10000,65536,18672,28.4912,0.02339,0.07666,59.2851,0.999744
6707.pgm,10000,65536,14112,21.5332,0.03452,0.076538,59.292,0.999686
6708.pgm,10000,65536,25072,38.2568,0.19635,0.078003,59.2097,0.999667
6709.pgm,10000,65536,13280,20.2637,0.02881,0.076401,59.2998,0.999598
6710.pgm,10000,65536,20224,30.8594,0.02166,0.076797,59.2773,0.999738
6711.pgm,10000,65536,11920,18.1885,0.01758,0.075577,59.3469,0.999802
6712.pgm,10000,65536,24144,36.8408,0.01733,0.076263,59.3076,0.99973
6713.pgm,10000,65536,18496,28.2227,0.01646,0.075928,59.3268,0.999655
6714.pgm,10000,65536,11344,17.3096,0.01731,0.076904,59.2713,0.999833
6715.pgm,10000,65536,15120,23.0713,0.01775,0.076859,59.2739,0.999832
6716.pgm,10000,65536,27360,41.748,0.01974,0.07605,59.3198,0.999736
6717.pgm,10000,65536,31904,48.6816,0.0209,0.077087,59.261,0.999755
6722.pgm,10000,65536,15216,23.2178,0.02122,0.075317,59.3619,0.999729
6728.pgm,10000,65536,11840,18.0664,0.0334,0.075928,59.3268,0.999715
6729.pgm,10000,65536,17040,26.001,0.18171,0.076965,59.2679,0.999764
6731.pgm,10000,65536,15856,24.1943,0.02655,0.075897,59.3285,0.999787
6732.pgm,10000,65536,10208,15.5762,0.02126,0.075989,59.3233,0.999707
6734.pgm,10000,65536,32704,49.9023,0.0205,0.076279,59.3068,0.999851
6735.pgm,10000,65536,26128,39.8682,0.02288,0.07634,59.3033,0.999798
6736.pgm,10000,65536,16144,24.6338,0.02322,0.076569,59.2903,0.999775
6737.pgm,10000,65536,28880,44.0674,0.02608,0.077225,59.2532,0.999867
6738.pgm,10000,65536,43472,66.333,0.03738,0.075851,59.3312,0.999815
6739.pgm,10000,65536,31344,47.8271,0.08421,0.076019,59.3216,0.999827
6740.pgm,10000,65536,43216,65.9424,0.14973,0.076584,59.2894,0.999787
6741.pgm,10000,65536,25936,39.5752,0.05407,0.077072,59.2618,0.999822
6742.pgm,10000,65536,12672,19.3359,0.03112,0.076996,59.2661,0.999766
6743.pgm,10000,65536,20384,31.1035,0.02787,0.076004,59.3224,0.999766
6744.pgm,10000,65536,29168,44.5068,0.02694,0.07547,59.3531,0.999877
6745.pgm,10000,65536,41280,62.9883,0.02767,0.076813,59.2765,0.999858
6746.pgm,10000,65536,26960,41.1377,0.02942,0.077194,59.255,0.999878
6747.pgm,10000,65536,33200,50.6592,0.02439,0.074341,59.4185,0.999888
6748.pgm,10000,65536,31248,47.6807,0.02402,0.075974,59.3242,0.99987
6749.pgm,10000,65536,38640,58.96,0.02588,0.07576,59.3364,0.999863
6750.pgm,10000,65536,18896,28.833,0.02492,0.076431,59.2981,0.999693
6751.pgm,10000,65536,14848,22.6562,0.02867,0.077133,59.2584,0.999703
6752.pgm,10000,65536,24544,37.4512,0.18468,0.075943,59.3259,0.999867
6753.pgm,10000,65536,24784,37.8174,0.03415,0.075821,59.3329,0.999765
6754.pgm,10000,65536,10880,16.6016,0.02216,0.076614,59.2877,0.999763
6755.pgm,10000,65536,13680,20.874,0.02068,0.07579,59.3347,0.999763
6756.pgm,10000,65536,18016,27.4902,0.02029,0.078033,59.208,0.999801
6757.pgm,10000,65536,18064,27.5635,0.0209,0.076202,59.3111,0.999768
6760.pgm,10000,65536,26736,40.7959,0.02577,0.075943,59.3259,0.999811
6761.pgm,10000,65536,12320,18.7988,0.05576,0.074539,59.407,0.999724
6762.pgm,10000,65536,18304,27.9297,0.06775,0.07663,59.2868,0.999816
6763.pgm,10000,65536,19968,30.4688,0.02863,0.077087,59.261,0.999787
6764.pgm,10000,65536,13360,20.3857,0.02102,0.076462,59.2964,0.999721
6765.pgm,10000,65536,13632,20.8008,0.01853,0.076904,59.2713,0.999785
6767.pgm,10000,65536,10320,15.7471,0.02083,0.077515,59.237,0.999796
6768.pgm,10000,65536,15696,23.9502,0.01966,0.076569,59.2903,0.999801
6769.pgm,10000,65536,25632,39.1113,0.02174,0.075272,59.3645,0.99993
6771.pgm,10000,65536,17024,25.9766,0.02339,0.076828,59.2756,0.99981
6772.pgm,10000,65536,26784,40.8691,0.03818,0.075958,59.3251,0.999826
6773.pgm,10000,65536,17344,26.4648,0.19236,0.074875,59.3874,0.999743
6774.pgm,10000,65536,45248,69.043,0.03027,0.076752,59.2799,0.999742
6775.pgm,10000,65536,34800,53.1006,0.02085,0.076584,59.2894,0.99984
6776.pgm,10000,65536,27552,42.041,0.01821,0.07663,59.2868,0.999901
6777.pgm,10000,65536,35856,54.7119,0.01856,0.078171,59.2004,0.999839
6778.pgm,10000,65536,18576,28.3447,0.0241,0.076797,59.2773,0.999867
6779.pgm,10000,65536,18112,27.6367,0.02311,0.075485,59.3522,0.999771
6780.pgm,10000,65536,17824,27.1973,0.03737,0.075378,59.3583,0.999765
6781.pgm,10000,65536,15472,23.6084,0.17963,0.076447,59.2972,0.999779
6782.pgm,10000,65536,25616,39.0869,0.03294,0.077377,59.2447,0.999804
6783.pgm,10000,65536,39104,59.668,0.02434,0.077225,59.2532,0.999859
6784.pgm,10000,65536,21840,33.3252,0.01867,0.077377,59.2447,0.999756
6785.pgm,10000,65536,25632,39.1113,0.01793,0.075211,59.368,0.999784
6786.pgm,10000,65536,26096,39.8193,0.02141,0.077011,59.2653,0.999812
6787.pgm,10000,65536,30864,47.0947,0.02263,0.076218,59.3102,0.999826
6788.pgm,10000,65536,10160,15.5029,0.02142,0.07608,59.3181,0.999589
6789.pgm,10000,65536,12144,18.5303,0.02078,0.075287,59.3636,0.999704
6792.pgm,10000,65536,11904,18.1641,0.02195,0.075989,59.3233,0.999764
6793.pgm,10000,65536,10448,15.9424,0.02902,0.077057,59.2627,0.9998
6794.pgm,10000,65536,11440,17.4561,0.20246,0.07666,59.2851,0.999802
6795.pgm,10000,65536,19424,29.6387,0.04737,0.07605,59.3198,0.999671
6799.pgm,10000,65536,15280,23.3154,0.02267,0.07695,59.2687,0.999782
6800.pgm,10000,65536,15888,24.2432,0.01885,0.07637,59.3016,0.999762
6802.pgm,10000,65536,15984,24.3896,0.01727,0.077652,59.2293,0.999765
6803.pgm,10000,65536,21728,33.1543,0.02093,0.075211,59.368,0.999861
6804.pgm,10000,65536,24096,36.7676,0.02264,0.076035,59.3207,0.999855
6805.pgm,10000,65536,25536,38.9648,0.02426,0.077545,59.2353,0.999872
6806.pgm,10000,65536,11792,17.9932,0.02554,0.076767,59.2791,0.999846
6808.pgm,10000,65536,16016,24.4385,0.03676,0.076523,59.2929,0.999738
6809.pgm,10000,65536,16112,24.585,0.17489,0.076599,59.2886,0.999722
6814.pgm,10000,65536,11216,17.1143,0.02839,0.075592,59.346,0.999717
6817.pgm,10000,65536,14032,21.4111,0.02074,0.075546,59.3487,0.999773
6818.pgm,10000,65536,14800,22.583,0.01863,0.07724,59.2524,0.999761
6819.pgm,10000,65536,18720,28.5645,0.01835,0.076523,59.2929,0.999817
6820.pgm,10000,65536,21232,32.3975,0.01948,0.076721,59.2817,0.999848
6821.pgm,10000,65536,10640,16.2354,0.01962,0.076172,59.3129,0.999794
6824.pgm,10000,65536,12144,18.5303,0.0229,0.07579,59.3347,0.999767
6825.pgm,10000,65536,20960,31.9824,0.03378,0.076508,59.2938,0.999744
6826.pgm,10000,65536,10752,16.4062,0.20402,0.077057,59.2627,0.999698
6827.pgm,10000,65536,53120,81.0547,0.03444,0.076447,59.2972,0.999873
6830.pgm,10000,65536,25360,38.6963,0.0222,0.076859,59.2739,0.999799
6831.pgm,10000,65536,15408,23.5107,0.01829,0.076157,59.3137,0.999766
6832.pgm,10000,65536,12512,19.0918,0.02036,0.077698,59.2267,0.999695
6833.pgm,10000,65536,15280,23.3154,0.02192,0.077026,59.2644,0.999803
6834.pgm,10000,65536,13536,20.6543,0.0244,0.075958,59.3251,0.999794
6835.pgm,10000,65536,10512,16.04,0.09582,0.075439,59.3548,0.999783
6837.pgm,10000,65536,18032,27.5146,0.05657,0.07637,59.3016,0.999805
6838.pgm,10000,65536,19056,29.0771,0.02681,0.075623,59.3443,0.999772
6839.pgm,10000,65536,13280,20.2637,0.02132,0.077286,59.2498,0.999844
6842.pgm,10000,65536,19104,29.1504,0.02027,0.076492,59.2946,0.99981
6843.pgm,10000,65536,30416,46.4111,0.02037,0.076263,59.3076,0.99985
6844.pgm,10000,65536,24368,37.1826,0.02021,0.075882,59.3294,0.999772
6845.pgm,10000,65536,21152,32.2754,0.02265,0.075562,59.3478,0.999709
6846.pgm,10000,65536,47216,72.0459,0.04361,0.076477,59.2955,0.999864
6847.pgm,10000,65536,35712,54.4922,0.15806,0.077255,59.2515,0.999838
6848.pgm,10000,65536,32272,49.2432,0.03208,0.076202,59.3111,0.99988
6849.pgm,10000,65536,39552,60.3516,0.02406,0.077209,59.2541,0.999789
6850.pgm,10000,65536,31056,47.3877,0.01947,0.07608,59.3181,0.999861
6851.pgm,10000,65536,29440,44.9219,0.01806,0.07811,59.2038,0.999883
6852.pgm,10000,65536,45040,68.7256,0.02208,0.07666,59.2851,0.999818
6853.pgm,10000,65536,43456,66.3086,0.02125,0.075943,59.3259,0.9998
6854.pgm,10000,65536,49424,75.415,0.02201,0.075806,59.3338,0.999796
6855.pgm,10000,65536,56992,86.9629,0.03168,0.076553,59.2912,0.999837
6856.pgm,10000,65536,61920,94.4824,0.02859,0.075714,59.339,0.999795
6857.pgm,10000,65536,57376,87.5488,0.0414,0.07634,59.3033,0.999837
6858.pgm,10000,65536,56976,86.9385,0.17964,0.075806,59.3338,0.999837
6859.pgm,10000,65536,32096,48.9746,0.02704,0.076447,59.2972,0.999807
6860.pgm,10000,65536,35280,53.833,0.02268,0.077133,59.2584,0.999826
6861.pgm,10000,65536,35728,54.5166,0.02196,0.07666,59.2851,0.999828
6862.pgm,10000,65536,27200,41.5039,0.02589,0.076477,59.2955,0.999835
6863.pgm,10000,65536,38048,58.0566,0.16381,0.075928,59.3268,0.99981
6864.pgm,10000,65536,35792,54.6143,0.0465,0.075638,59.3434,0.999817
6865.pgm,10000,65536,39392,60.1074,0.0271,0.076035,59.3207,0.99982
6866.pgm,10000,65536,37456,57.1533,0.02118,0.076767,59.2791,0.999819
6867.pgm,10000,65536,37280,56.8848,0.02479,0.076416,59.299,0.999816
6868.pgm,10000,65536,58816,89.7461,0.0301,0.076508,59.2938,0.999799
6869.pgm,10000,65536,49776,75.9521,0.02868,0.0755,59.3513,0.999716
6870.pgm,10000,65536,14832,22.6318,0.02664,0.075592,59.346,0.999841
6871.pgm,10000,65536,44224,67.4805,0.03649,0.076569,59.2903,0.999887
6872.pgm,10000,65536,42144,64.3066,0.05967,0.075882,59.3294,0.999882
6877.pgm,10000,65536,13856,21.1426,0.04805,0.076111,59.3163,0.999695
6878.pgm,10000,65536,14080,21.4844,0.03815,0.076996,59.2661,0.999701
6881.pgm,10000,65536,20944,31.958,0.03626,0.076324,59.3042,0.999746
6882.pgm,10000,65536,40800,62.2559,0.04084,0.075623,59.3443,0.999848
6883.pgm,10000,65536,42352,64.624,0.0331,0.076248,59.3085,0.999862
6884.pgm,10000,65536,37040,56.5186,0.04537,0.075821,59.3329,0.999847
6885.pgm,10000,65536,28320,43.2129,0.20735,0.076614,59.2877,0.99983
6886.pgm,10000,65536,27392,41.7969,0.04553,0.077286,59.2498,0.999847
6887.pgm,10000,65536,17184,26.2207,0.03512,0.076447,59.2972,0.999831
6888.pgm,10000,65536,17872,27.2705,0.036,0.076202,59.3111,0.999845
6889.pgm,10000,65536,17456,26.6357,0.04498,0.075409,59.3566,0.999849
6890.pgm,10000,65536,18128,27.6611,0.06725,0.075684,59.3408,0.999823
6891.pgm,10000,65536,19328,29.4922,0.07533,0.0755,59.3513,0.999812
6892.pgm,10000,65536,18240,27.832,0.07639,0.076035,59.3207,0.999795
6893.pgm,10000,65536,19616,29.9316,0.05753,0.076187,59.312,0.99982
6894.pgm,10000,65536,17392,26.5381,0.05742,0.076508,59.2938,0.999834
6895.pgm,10000,65536,18400,28.0762,0.03822,0.076813,59.2765,0.999834
6896.pgm,10000,65536,29984,45.752,0.0356,0.07692,59.2704,0.999866
6897.pgm,10000,65536,21568,32.9102,0.03146,0.076736,59.2808,0.999844
6898.pgm,10000,65536,40480,61.7676,0.03453,0.076019,59.3216,0.999875
6899.pgm,10000,65536,21296,32.4951,0.02848,0.075684,59.3408,0.999845
6900.pgm,10000,65536,20224,30.8594,0.02681,0.076859,59.2739,0.999871
6901.pgm,10000,65536,18688,28.5156,0.02508,0.078094,59.2046,0.999816
6902.pgm,10000,65536,22640,34.5459,0.02528,0.077011,59.2653,0.999766
6903.pgm,10000,65536,20928,31.9336,0.02464,0.074921,59.3848,0.999853
6904.pgm,10000,65536,32128,49.0234,0.02753,0.07692,59.2704,0.999848
6905.pgm,10000,65536,33056,50.4395,0.02988,0.076675,59.2842,0.999844
6906.pgm,10000,65536,28528,43.5303,0.0347,0.076538,59.292,0.999829
6907.pgm,10000,65536,22464,34.2773,0.0407,0.076263,59.3076,0.999725
6908.pgm,10000,65536,25168,38.4033,0.04222,0.076355,59.3024,0.99978
6909.pgm,10000,65536,27008,41.2109,0.03854,0.076401,59.2998,0.999891
6910.pgm,10000,65536,14800,22.583,0.03304,0.07518,59.3698,0.999781
6911.pgm,10000,65536,15376,23.4619,0.03064,0.077271,59.2507,0.999782
6912.pgm,10000,65536,10320,15.7471,0.02876,0.076691,59.2834,0.999862
6913.pgm,10000,65536,34528,52.6855,0.03094,0.077225,59.2532,0.999763
6914.pgm,10000,65536,33648,51.3428,0.02925,0.075439,59.3548,0.999842
6915.pgm,10000,65536,20432,31.1768,0.03021,0.076538,59.292,0.999729
6917.pgm,10000,65536,15280,23.3154,0.03373,0.076279,59.3068,0.999864
6918.pgm,10000,65536,20816,31.7627,0.03919,0.0755,59.3513,0.999812
6919.pgm,10000,65536,27504,41.9678,0.03949,0.075882,59.3294,0.999818
6920.pgm,10000,65536,19728,30.1025,0.03272,0.077972,59.2114,0.999767
6921.pgm,10000,65536,33344,50.8789,0.03409,0.076202,59.3111,0.999746
6922.pgm,10000,65536,40080,61.1572,0.03698,0.076813,59.2765,0.999828
6923.pgm,10000,65536,42624,65.0391,0.03883,0.075241,59.3663,0.999861
6924.pgm,10000,65536,17584,26.8311,0.0382,0.075546,59.3487,0.999726
6925.pgm,10000,65536,32784,50.0244,0.05003,0.075851,59.3312,0.99984
6926.pgm,10000,65536,34704,52.9541,0.05223,0.078293,59.1936,0.99983
6927.pgm,10000,65536,41936,63.9893,0.05156,0.076675,59.2842,0.999889
6928.pgm,10000,65536,34320,52.3682,0.0421,0.077209,59.2541,0.999871
6929.pgm,10000,65536,35904,54.7852,0.04389,0.075958,59.3251,0.999868
6930.pgm,10000,65536,29472,44.9707,0.1703,0.075729,59.3382,0.999872
6931.pgm,10000,65536,17232,26.2939,0.02923,0.076019,59.3216,0.999882
6932.pgm,10000,65536,36992,56.4453,0.02375,0.075134,59.3724,0.999867
6933.pgm,10000,65536,39120,59.6924,0.0212,0.076691,59.2834,0.999854
6934.pgm,10000,65536,36224,55.2734,0.02077,0.076126,59.3155,0.999846
6935.pgm,10000,65536,35280,53.833,0.02369,0.076279,59.3068,0.999799
6936.pgm,10000,65536,38800,59.2041,0.02617,0.076126,59.3155,0.999847
6937.pgm,10000,65536,30144,45.9961,0.02678,0.075516,59.3504,0.999789
6938.pgm,10000,65536,21296,32.4951,0.02945,0.074631,59.4016,0.9998
6939.pgm,10000,65536,18176,27.7344,0.04296,0.076035,59.3207,0.999775
6940.pgm,10000,65536,34640,52.8564,0.09323,0.075699,59.3399,0.99975
6941.pgm,10000,65536,21216,32.373,0.06875,0.077042,59.2635,0.999847
6942.pgm,10000,65536,26672,40.6982,0.04211,0.077393,59.2438,0.999861
6943.pgm,10000,65536,46528,70.9961,0.0347,0.076004,59.3224,0.999824
6944.pgm,10000,65536,14768,22.5342,0.02465,0.075287,59.3636,0.999789
6945.pgm,10000,65536,19616,29.9316,0.02455,0.076614,59.2877,0.999811
6946.pgm,10000,65536,24400,37.2314,0.02435,0.075333,59.361,0.999803
6947.pgm,10000,65536,39088,59.6436,0.02679,0.076019,59.3216,0.999785
6948.pgm,10000,65536,51840,79.1016,0.02759,0.076233,59.3094,0.999822
6949.pgm,10000,65536,21456,32.7393,0.02344,0.075302,59.3627,0.999758
6950.pgm,10000,65536,46128,70.3857,0.03264,0.07663,59.2868,0.999913
6951.pgm,10000,65536,12896,19.6777,0.04224,0.076553,59.2912,0.999715
6952.pgm,10000,65536,15872,24.2188,0.20741,0.076401,59.2998,0.999716
6953.pgm,10000,65536,13088,19.9707,0.02647,0.076263,59.3076,0.99976
6954.pgm,10000,65536,14672,22.3877,0.0201,0.077408,59.243,0.999749
6955.pgm,10000,65536,27824,42.4561,0.01863,0.076279,59.3068,0.999822
6957.pgm,10000,65536,14704,22.4365,0.01529,0.07637,59.3016,0.999901
6958.pgm,10000,65536,14000,21.3623,0.01715,0.075943,59.3259,0.999751
6959.pgm,10000,65536,11024,16.8213,0.01796,0.077209,59.2541,0.999673
6960.pgm,10000,65536,18384,28.0518,0.0206,0.077026,59.2644,0.999862
6961.pgm,10000,65536,13600,20.752,0.02586,0.076462,59.2964,0.999788
6962.pgm,10000,65536,23872,36.4258,0.20938,0.075577,59.3469,0.999795
6963.pgm,10000,65536,20976,32.0068,0.03343,0.076309,59.305,0.999813
6964.pgm,10000,65536,13232,20.1904,0.02259,0.074875,59.3874,0.999669
6965.pgm,10000,65536,20960,31.9824,0.01936,0.075974,59.3242,0.999911
6966.pgm,10000,65536,21568,32.9102,0.01821,0.076447,59.2972,0.999913
6967.pgm,10000,65536,11552,17.627,0.01725,0.076736,59.2808,0.999767
6968.pgm,10000,65536,18096,27.6123,0.01744,0.075623,59.3443,0.999819
6969.pgm,10000,65536,13936,21.2646,0.0179,0.076172,59.3129,0.999848
6970.pgm,10000,65536,13184,20.1172,0.02288,0.075653,59.3425,0.999863
6971.pgm,10000,65536,17520,26.7334,0.02592,0.076843,59.2747,0.999778
6975.pgm,10000,65536,13600,20.752,0.03514,0.077164,59.2567,0.999796
6976.pgm,10000,65536,15712,23.9746,0.19014,0.074722,59.3963,0.999788
6979.pgm,10000,65536,17600,26.8555,0.02599,0.075058,59.3768,0.99981
6980.pgm,10000,65536,12928,19.7266,0.01928,0.076416,59.299,0.999809
6982.pgm,10000,65536,25200,38.4521,0.02037,0.07782,59.2199,0.999867
6983.pgm,10000,65536,26656,40.6738,0.02019,0.07579,59.3347,0.999868
6984.pgm,10000,65536,36416,55.5664,0.02145,0.076523,59.2929,0.999834
6985.pgm,10000,65536,34448,52.5635,0.02231,0.076401,59.2998,0.999845
6986.pgm,10000,65536,24544,37.4512,0.02269,0.076385,59.3007,0.999816
6987.pgm,10000,65536,28000,42.7246,0.02669,0.077087,59.261,0.999878
6988.pgm,10000,65536,19920,30.3955,0.07938,0.075562,59.3478,0.999867
6989.pgm,10000,65536,21712,33.1299,0.06942,0.074707,59.3972,0.999849
6990.pgm,10000,65536,18688,28.5156,0.02873,0.075455,59.3539,0.999755
6991.pgm,10000,65536,17408,26.5625,0.02237,0.076019,59.3216,0.999735
6992.pgm,10000,65536,12688,19.3604,0.01954,0.076599,59.2886,0.999807
6993.pgm,10000,65536,24128,36.8164,0.02058,0.07457,59.4052,0.999767
6994.pgm,10000,65536,26496,40.4297,0.01988,0.075943,59.3259,0.999749
6995.pgm,10000,65536,20720,31.6162,0.01901,0.076599,59.2886,0.99968
6996.pgm,10000,65536,13136,20.0439,0.01782,0.077347,59.2464,0.999683
6997.pgm,10000,65536,12688,19.3604,0.01843,0.077026,59.2644,0.999693
6998.pgm,10000,65536,12752,19.458,0.01967,0.078415,59.1868,0.999665
6999.pgm,10000,65536,16528,25.2197,0.0215,0.075439,59.3548,0.999786
7001.pgm,10000,65536,17168,26.1963,0.03811,0.077087,59.261,0.999788
7002.pgm,10000,65536,16688,25.4639,0.15156,0.076477,59.2955,0.99985
7003.pgm,10000,65536,28672,43.75,0.03344,0.07608,59.3181,0.999693
7004.pgm,10000,65536,15424,23.5352,0.02309,0.077255,59.2515,0.999613
7006.pgm,10000,65536,19152,29.2236,0.02065,0.076004,59.3224,0.999821
7007.pgm,10000,65536,44912,68.5303,0.02263,0.076462,59.2964,0.999851
7008.pgm,10000,65536,42352,64.624,0.02149,0.076889,59.2722,0.999922
7009.pgm,10000,65536,41472,63.2812,0.0222,0.076523,59.2929,0.999915
7010.pgm,10000,65536,23600,36.0107,0.02234,0.077255,59.2515,0.999795
7011.pgm,10000,65536,35856,54.7119,0.02909,0.076706,59.2825,0.999901
7012.pgm,10000,65536,31360,47.8516,0.04999,0.074417,59.4141,0.999807
7013.pgm,10000,65536,45488,69.4092,0.12564,0.076126,59.3155,0.999901
7014.pgm,10000,65536,33504,51.123,0.02492,0.075668,59.3417,0.999861
7015.pgm,10000,65536,29920,45.6543,0.01997,0.076309,59.305,0.999808
7016.pgm,10000,65536,46848,71.4844,0.02034,0.076187,59.312,0.999866
7019.pgm,10000,65536,44576,68.0176,0.0226,0.075729,59.3382,0.999905
7020.pgm,10000,65536,37424,57.1045,0.02309,0.076111,59.3163,0.999892
7021.pgm,10000,65536,14448,22.0459,0.02218,0.076569,59.2903,0.999718
7025.pgm,10000,65536,16528,25.2197,0.02161,0.07756,59.2344,0.999788
7027.pgm,10000,65536,49248,75.1465,0.02991,0.076126,59.3155,0.999891
7028.pgm,10000,65536,37872,57.7881,0.03332,0.075882,59.3294,0.999884
7029.pgm,10000,65536,33696,51.416,0.04264,0.076111,59.3163,0.999821
7030.pgm,10000,65536,20976,32.0068,0.18862,0.077255,59.2515,0.999831
7031.pgm,10000,65536,15712,23.9746,0.03468,0.077072,59.2618,0.999815
7032.pgm,10000,65536,14928,22.7783,0.02528,0.077499,59.2378,0.999752
7033.pgm,10000,65536,16592,25.3174,0.02579,0.075989,59.3233,0.999798
7034.pgm,10000,65536,24656,37.6221,0.02453,0.077606,59.2318,0.999737
7035.pgm,10000,65536,24128,36.8164,0.02463,0.076096,59.3172,0.999732
7036.pgm,10000,65536,21152,32.2754,0.02567,0.075943,59.3259,0.999806
7037.pgm,10000,65536,13232,20.1904,0.02828,0.075714,59.339,0.999772
7041.pgm,10000,65536,14224,21.7041,0.07421,0.076981,59.267,0.999787
7042.pgm,10000,65536,15472,23.6084,0.0726,0.075027,59.3786,0.999824
7043.pgm,10000,65536,16464,25.1221,0.02878,0.076447,59.2972,0.999843
7044.pgm,10000,65536,20560,31.3721,0.0235,0.076569,59.2903,0.999558
7047.pgm,10000,65536,14288,21.8018,0.01833,0.07695,59.2687,0.99982
7048.pgm,10000,65536,20944,31.958,0.01813,0.07547,59.3531,0.999775
7051.pgm,10000,65536,13408,20.459,0.01795,0.076752,59.2799,0.999794
7052.pgm,10000,65536,17744,27.0752,0.02015,0.077286,59.2498,0.999837
7053.pgm,10000,65536,17792,27.1484,0.0215,0.0755,59.3513,0.999833
7054.pgm,10000,65536,10544,16.0889,0.02618,0.077347,59.2464,0.999908
7055.pgm,10000,65536,21984,33.5449,0.1906,0.075409,59.3566,0.999774
7056.pgm,10000,65536,23904,36.4746,0.0379,0.076035,59.3207,0.999796
7057.pgm,10000,65536,11728,17.8955,0.02435,0.075409,59.3566,0.999712
7058.pgm,10000,65536,11168,17.041,0.0209,0.076553,59.2912,0.999729
7059.pgm,10000,65536,13392,20.4346,0.01927,0.077042,59.2635,0.999778
7061.pgm,10000,65536,23488,35.8398,0.02152,0.076416,59.299,0.999828
7062.pgm,10000,65536,26896,41.04,0.02677,0.076523,59.2929,0.999865
7063.pgm,10000,65536,36240,55.2979,0.15701,0.076447,59.2972,0.999856
7064.pgm,10000,65536,13264,20.2393,0.05498,0.075363,59.3592,0.999786
7065.pgm,10000,65536,11632,17.749,0.03016,0.076263,59.3076,0.999778
7066.pgm,10000,65536,12880,19.6533,0.02298,0.076675,59.2842,0.999699
7067.pgm,10000,65536,12464,19.0186,0.01916,0.07605,59.3198,0.999709
7068.pgm,10000,65536,10960,16.7236,0.0177,0.076431,59.2981,0.999679
7069.pgm,10000,65536,12496,19.0674,0.01825,0.075729,59.3382,0.999691
7070.pgm,10000,65536,16096,24.5605,0.02177,0.077225,59.2532,0.99967
7071.pgm,10000,65536,18928,28.8818,0.02264,0.076233,59.3094,0.999819
7072.pgm,10000,65536,13872,21.167,0.02626,0.075699,59.3399,0.999792
7073.pgm,10000,65536,18752,28.6133,0.12523,0.075684,59.3408,0.999639
7074.pgm,10000,65536,17760,27.0996,0.04879,0.077286,59.2498,0.999646
7076.pgm,10000,65536,11344,17.3096,0.02458,0.076218,59.3102,0.999729
7077.pgm,10000,65536,12528,19.1162,0.02039,0.076279,59.3068,0.999739
7078.pgm,10000,65536,28896,44.0918,0.02106,0.076614,59.2877,0.999851
7079.pgm,10000,65536,28112,42.8955,0.02391,0.076233,59.3094,0.999848
7080.pgm,10000,65536,11616,17.7246,0.02933,0.07605,59.3198,0.999821
7081.pgm,10000,65536,20432,31.1768,0.19984,0.077042,59.2635,0.999857
7082.pgm,10000,65536,21696,33.1055,0.02889,0.076019,59.3216,0.999907
7083.pgm,10000,65536,24880,37.9639,0.02175,0.077988,59.2105,0.999875
7084.pgm,10000,65536,15616,23.8281,0.01754,0.075089,59.3751,0.999767
7085.pgm,10000,65536,38352,58.5205,0.02036,0.076843,59.2747,0.999898
7086.pgm,10000,65536,45728,69.7754,0.02276,0.07605,59.3198,0.999867
7087.pgm,10000,65536,27696,42.2607,0.0197,0.074936,59.3839,0.999885
7088.pgm,10000,65536,27440,41.8701,0.02411,0.075928,59.3268,0.999863
7090.pgm,10000,65536,12000,18.3105,0.02315,0.075851,59.3312,0.999785
7091.pgm,10000,65536,35632,54.3701,0.11051,0.077301,59.249,0.999907
7092.pgm,10000,65536,38832,59.2529,0.09155,0.074966,59.3821,0.999887
7093.pgm,10000,65536,47184,71.9971,0.03227,0.076004,59.3224,0.999851
7094.pgm,10000,65536,22448,34.2529,0.02155,0.077042,59.2635,0.999774
7095.pgm,10000,65536,18960,28.9307,0.01881,0.074799,59.3919,0.9998
7096.pgm,10000,65536,27088,41.333,0.01887,0.075943,59.3259,0.999839
7098.pgm,10000,65536,15408,23.5107,0.02008,0.075027,59.3786,0.999779
7099.pgm,10000,65536,25904,39.5264,0.0231,0.074585,59.4043,0.999752
7100.pgm,10000,65536,18656,28.4668,0.02405,0.075211,59.368,0.999847
7101.pgm,10000,65536,17280,26.3672,0.02888,0.076675,59.2842,0.999817
7102.pgm,10000,65536,34272,52.2949,0.05103,0.076355,59.3024,0.999824
7103.pgm,10000,65536,19056,29.0771,0.14787,0.076859,59.2739,0.999783
7104.pgm,10000,65536,15376,23.4619,0.02936,0.075638,59.3434,0.999752
7105.pgm,10000,65536,22368,34.1309,0.02227,0.075394,59.3575,0.999793
7106.pgm,10000,65536,27904,42.5781,0.02053,0.075195,59.3689,0.99985
7107.pgm,10000,65536,33968,51.8311,0.02056,0.075821,59.3329,0.999798
7108.pgm,10000,65536,41488,63.3057,0.02494,0.076996,59.2661,0.999854
7109.pgm,10000,65536,20800,31.7383,0.02317,0.076462,59.2964,0.999806
7110.pgm,10000,65536,32640,49.8047,0.02774,0.077759,59.2233,0.999723
7111.pgm,10000,65536,32672,49.8535,0.04087,0.075531,59.3496,0.999863
7112.pgm,10000,65536,55504,84.6924,0.20474,0.076904,59.2713,0.999821
7113.pgm,10000,65536,17984,27.4414,0.03107,0.076996,59.2661,0.999766
7114.pgm,10000,65536,12176,18.5791,0.02122,0.075409,59.3566,0.999832
7115.pgm,10000,65536,31648,48.291,0.0201,0.07666,59.2851,0.999843
7116.pgm,10000,65536,13312,20.3125,0.01791,0.075775,59.3355,0.999793
7117.pgm,10000,65536,26864,40.9912,0.02208,0.075211,59.368,0.999867
7118.pgm,10000,65536,35888,54.7607,0.02387,0.075333,59.361,0.999882
7119.pgm,10000,65536,54848,83.6914,0.02704,0.075821,59.3329,0.999897
7120.pgm,10000,65536,26528,40.4785,0.02407,0.076447,59.2972,0.999849
7121.pgm,10000,65536,42592,64.9902,0.02743,0.077423,59.2421,0.999816
7122.pgm,10000,65536,45648,69.6533,0.02703,0.076309,59.305,0.999857
7123.pgm,10000,65536,14784,22.5586,0.02678,0.076523,59.2929,0.999735
7124.pgm,10000,65536,19776,30.1758,0.03129,0.076111,59.3163,0.999804
7125.pgm,10000,65536,46816,71.4355,0.05523,0.077209,59.2541,0.999838
7127.pgm,10000,65536,24160,36.8652,0.11135,0.077011,59.2653,0.999777
7128.pgm,10000,65536,15680,23.9258,0.03128,0.076477,59.2955,0.999715
7130.pgm,10000,65536,13280,20.2637,0.02263,0.076767,59.2791,0.999705
7131.pgm,10000,65536,17584,26.8311,0.02158,0.076263,59.3076,0.999678
7132.pgm,10000,65536,13392,20.4346,0.02089,0.075012,59.3795,0.999867
7133.pgm,10000,65536,13344,20.3613,0.01978,0.076981,59.267,0.99986
7134.pgm,10000,65536,11024,16.8213,0.02194,0.075394,59.3575,0.999848
7135.pgm,10000,65536,32496,49.585,0.02678,0.076538,59.292,0.999846
7136.pgm,10000,65536,31136,47.5098,0.03598,0.076035,59.3207,0.999832
7137.pgm,10000,65536,15824,24.1455,0.15048,0.075638,59.3434,0.999827
7138.pgm,10000,65536,13664,20.8496,0.04513,0.076355,59.3024,0.999759
7139.pgm,10000,65536,19712,30.0781,0.02621,0.075836,59.332,0.999823
7140.pgm,10000,65536,20576,31.3965,0.02112,0.075699,59.3399,0.999788
7141.pgm,10000,65536,20384,31.1035,0.0194,0.077377,59.2447,0.999787
7142.pgm,10000,65536,10608,16.1865,0.01742,0.07666,59.2851,0.999718
7143.pgm,10000,65536,11568,17.6514,0.01877,0.077667,59.2284,0.999853
7145.pgm,10000,65536,11104,16.9434,0.02401,0.076996,59.2661,0.999758
7148.pgm,10000,65536,26864,40.9912,0.14556,0.077759,59.2233,0.999731
7149.pgm,10000,65536,35792,54.6143,0.05412,0.076294,59.3059,0.999806
7150.pgm,10000,65536,33792,51.5625,0.0267,0.077316,59.2481,0.999863
7151.pgm,10000,65536,18336,27.9785,0.01925,0.076218,59.3102,0.999839
7152.pgm,10000,65536,11760,17.9443,0.01976,0.076096,59.3172,0.999803
7154.pgm,10000,65536,22224,33.9111,0.02475,0.076355,59.3024,0.999755
7156.pgm,10000,65536,21984,33.5449,0.02457,0.07634,59.3033,0.999668
7158.pgm,10000,65536,31152,47.5342,0.02551,0.077194,59.255,0.999843
7159.pgm,10000,65536,27120,41.3818,0.02558,0.077286,59.2498,0.999836
7163.pgm,10000,65536,11584,17.6758,0.02614,0.074509,59.4087,0.9998
7165.pgm,10000,65536,12832,19.5801,0.04685,0.076385,59.3007,0.999732
7166.pgm,10000,65536,11888,18.1396,0.08316,0.076508,59.2938,0.999615
7168.pgm,10000,65536,12256,18.7012,0.03909,0.076675,59.2842,0.999721
7170.pgm,10000,65536,20752,31.665,0.0357,0.076828,59.2756,0.999528
7174.pgm,10000,65536,12272,18.7256,0.03089,0.076431,59.2981,0.999638
7178.pgm,10000,65536,13888,21.1914,0.03094,0.07695,59.2687,0.999814
7180.pgm,10000,65536,18416,28.1006,0.03326,0.075226,59.3671,0.999774
7181.pgm,10000,65536,18720,28.5645,0.05796,0.076065,59.319,0.999777
7182.pgm,10000,65536,15536,23.7061,0.07248,0.076691,59.2834,0.999742
7186.pgm,10000,65536,14016,21.3867,0.05313,0.076385,59.3007,0.999817
7187.pgm,10000,65536,15008,22.9004,0.11319,0.077271,59.2507,0.999782
7188.pgm,10000,65536,14256,21.7529,0.0876,0.076263,59.3076,0.999829
7189.pgm,10000,65536,13952,21.2891,0.04342,0.074966,59.3821,0.999827
7190.pgm,10000,65536,19104,29.1504,0.03184,0.07576,59.3364,0.999835
7191.pgm,10000,65536,14240,21.7285,0.02791,0.076096,59.3172,0.999812
7192.pgm,10000,65536,27536,42.0166,0.02754,0.075546,59.3487,0.99976
7193.pgm,10000,65536,27856,42.5049,0.02737,0.076324,59.3042,0.999824
7194.pgm,10000,65536,28240,43.0908,0.02719,0.076385,59.3007,0.999815
7195.pgm,10000,65536,27264,41.6016,0.03017,0.076767,59.2791,0.999831
7196.pgm,10000,65536,37168,56.7139,0.10816,0.076996,59.2661,0.999818
7198.pgm,10000,65536,17792,27.1484,0.04413,0.077286,59.2498,0.999909
7201.pgm,10000,65536,16480,25.1465,0.0264,0.075592,59.346,0.999791
7202.pgm,10000,65536,11520,17.5781,0.02229,0.075882,59.3294,0.999811
7203.pgm,10000,65536,14624,22.3145,0.02046,0.076126,59.3155,0.999786
7207.pgm,10000,65536,13984,21.3379,0.02281,0.075653,59.3425,0.999712
7208.pgm,10000,65536,18048,27.5391,0.02407,0.076218,59.3102,0.999745
7211.pgm,10000,65536,10304,15.7227,0.02445,0.077377,59.2447,0.999835
7213.pgm,10000,65536,11264,17.1875,0.02976,0.077347,59.2464,0.999785
7214.pgm,10000,65536,13232,20.1904,0.15432,0.076035,59.3207,0.999801
7215.pgm,10000,65536,10080,15.3809,0.04725,0.077133,59.2584,0.999786
7216.pgm,10000,65536,19040,29.0527,0.02462,0.077087,59.261,0.999826
7217.pgm,10000,65536,18752,28.6133,0.01978,0.076599,59.2886,0.999828
7218.pgm,10000,65536,19152,29.2236,0.01793,0.076233,59.3094,0.999849
7219.pgm,10000,65536,12240,18.6768,0.01739,0.075699,59.3399,0.999712
7221.pgm,10000,65536,11952,18.2373,0.01857,0.075668,59.3417,0.999675
7222.pgm,10000,65536,11168,17.041,0.01917,0.076614,59.2877,0.999706
7223.pgm,10000,65536,28528,43.5303,0.02281,0.074799,59.3919,0.999789
7224.pgm,10000,65536,10224,15.6006,0.02572,0.076508,59.2938,0.999513
7226.pgm,10000,65536,14608,22.29,0.05323,0.076477,59.2955,0.999787
7227.pgm,10000,65536,10400,15.8691,0.08877,0.077316,59.2481,0.999844
7229.pgm,10000,65536,17568,26.8066,0.02939,0.077423,59.2421,0.999667
7230.pgm,10000,65536,18608,28.3936,0.02202,0.076935,59.2696,0.999727
7231.pgm,10000,65536,18688,28.5156,0.0185,0.077393,59.2438,0.999765
7232.pgm,10000,65536,15488,23.6328,0.01738,0.075165,59.3707,0.999662
7233.pgm,10000,65536,18608,28.3936,0.02241,0.075806,59.3338,0.999714
7234.pgm,10000,65536,19232,29.3457,0.02364,0.076111,59.3163,0.999736
7235.pgm,10000,65536,12784,19.5068,0.02366,0.077042,59.2635,0.99975
7239.pgm,10000,65536,14704,22.4365,0.02628,0.07637,59.3016,0.99971
7240.pgm,10000,65536,13056,19.9219,0.11443,0.077255,59.2515,0.999726
7241.pgm,10000,65536,11440,17.4561,0.03989,0.076782,59.2782,0.99969
7242.pgm,10000,65536,12032,18.3594,0.02334,0.077026,59.2644,0.999669
7247.pgm,10000,65536,15408,23.5107,0.0187,0.076141,59.3146,0.999695
7249.pgm,10000,65536,17616,26.8799,0.0187,0.076019,59.3216,0.999801
7250.pgm,10000,65536,20912,31.9092,0.02343,0.074753,59.3945,0.999843
7253.pgm,10000,65536,10192,15.5518,0.0537,0.07547,59.3531,0.999899
7256.pgm,10000,65536,10496,16.0156,0.0615,0.076904,59.2713,0.999666
7258.pgm,10000,65536,10336,15.7715,0.02698,0.076279,59.3068,0.999737
7259.pgm,10000,65536,13136,20.0439,0.02153,0.075348,59.3601,0.999881
7299.pgm,10000,65536,23568,35.9619,0.03188,0.075684,59.3408,0.999826
7300.pgm,10000,65536,22608,34.4971,0.18894,0.077011,59.2653,0.999795
7301.pgm,10000,65536,23840,36.377,0.0276,0.076813,59.2765,0.999813
7302.pgm,10000,65536,21776,33.2275,0.02227,0.07637,59.3016,0.99981
7303.pgm,10000,65536,10496,16.0156,0.01988,0.074753,59.3945,0.999777
7305.pgm,10000,65536,14080,21.4844,0.02025,0.076309,59.305,0.999712
7307.pgm,10000,65536,16336,24.9268,0.02149,0.077271,59.2507,0.999756
7311.pgm,10000,65536,12336,18.8232,0.02546,0.075928,59.3268,0.999757
7313.pgm,10000,65536,14032,21.4111,0.10696,0.07634,59.3033,0.999744
7316.pgm,10000,65536,19088,29.126,0.04207,0.077957,59.2122,0.999818
7318.pgm,10000,65536,20928,31.9336,0.02404,0.075485,59.3522,0.999822
7319.pgm,10000,65536,18576,28.3447,0.02159,0.077133,59.2584,0.999809
7320.pgm,10000,65536,11824,18.042,0.02063,0.077866,59.2173,0.999759
7321.pgm,10000,65536,16288,24.8535,0.02365,0.076691,59.2834,0.999783
7322.pgm,10000,65536,24704,37.6953,0.02854,0.076782,59.2782,0.99983
7323.pgm,10000,65536,11760,17.9443,0.04377,0.075851,59.3312,0.99978
7325.pgm,10000,65536,16816,25.6592,0.16884,0.076218,59.3102,0.999746
7326.pgm,10000,65536,25744,39.2822,0.03294,0.076019,59.3216,0.99977
7327.pgm,10000,65536,21328,32.5439,0.02368,0.07576,59.3364,0.999729
7328.pgm,10000,65536,35392,54.0039,0.02087,0.075928,59.3268,0.99985
7329.pgm,10000,65536,53584,81.7627,0.02056,0.077515,59.237,0.999869
7330.pgm,10000,65536,14592,22.2656,0.01844,0.076584,59.2894,0.999437
7331.pgm,10000,65536,11760,17.9443,0.0192,0.075424,59.3557,0.999513
7332.pgm,10000,65536,45616,69.6045,0.02282,0.075394,59.3575,0.999812
7333.pgm,10000,65536,43328,66.1133,0.02627,0.074142,59.4301,0.999826
7334.pgm,10000,65536,23856,36.4014,0.16569,0.076416,59.299,0.999713
7335.pgm,10000,65536,26256,40.0635,0.04712,0.076599,59.2886,0.999675
7336.pgm,10000,65536,11888,18.1396,0.02394,0.075806,59.3338,0.999723
7338.pgm,10000,65536,15296,23.3398,0.01991,0.076813,59.2765,0.999706
7339.pgm,10000,65536,15280,23.3154,0.01969,0.077423,59.2421,0.999703
7340.pgm,10000,65536,10624,16.2109,0.02213,0.077621,59.231,0.999754
7341.pgm,10000,65536,16528,25.2197,0.02302,0.075897,59.3285,0.999748
7347.pgm,10000,65536,19792,30.2002,0.02218,0.076065,59.319,0.999792
7348.pgm,10000,65536,15504,23.6572,0.02367,0.077759,59.2233,0.999699
7349.pgm,10000,65536,23104,35.2539,0.04291,0.076736,59.2808,0.999694
7355.pgm,10000,65536,13888,21.1914,0.05827,0.07663,59.2868,0.999757
7356.pgm,10000,65536,13984,21.3379,0.03076,0.07782,59.2199,0.99971
7357.pgm,10000,65536,14464,22.0703,0.02631,0.075867,59.3303,0.999749
7359.pgm,10000,65536,25920,39.5508,0.02826,0.076538,59.292,0.999802
7361.pgm,10000,65536,15248,23.2666,0.03213,0.076492,59.2946,0.99974
7362.pgm,10000,65536,15232,23.2422,0.02747,0.076996,59.2661,0.999815
7363.pgm,10000,65536,15216,23.2178,0.10761,0.077438,59.2412,0.99975
7364.pgm,10000,65536,10720,16.3574,0.05965,0.076248,59.3085,0.999755
7365.pgm,10000,65536,10928,16.6748,0.02452,0.076706,59.2825,0.999791
7368.pgm,10000,65536,11504,17.5537,0.01984,0.075272,59.3645,0.999785
7369.pgm,10000,65536,16416,25.0488,0.01905,0.077087,59.261,0.999812
7370.pgm,10000,65536,14928,22.7783,0.01818,0.07637,59.3016,0.999751
7372.pgm,10000,65536,16256,24.8047,0.02363,0.076691,59.2834,0.999685
7373.pgm,10000,65536,19088,29.126,0.02583,0.077057,59.2627,0.999714
7374.pgm,10000,65536,18752,28.6133,0.03477,0.076859,59.2739,0.999692
7376.pgm,10000,65536,14176,21.6309,0.18466,0.076004,59.3224,0.99981
7377.pgm,10000,65536,10896,16.626,0.03569,0.077454,59.2404,0.99978
7379.pgm,10000,65536,14864,22.6807,0.02385,0.07576,59.3364,0.999766
7380.pgm,10000,65536,18400,28.0762,0.02095,0.077606,59.2318,0.999778
7381.pgm,10000,65536,17616,26.8799,0.02008,0.076935,59.2696,0.999788
7382.pgm,10000,65536,19248,29.3701,0.0226,0.077026,59.2644,0.999857
7383.pgm,10000,65536,26720,40.7715,0.02526,0.076218,59.3102,0.999866
7384.pgm,10000,65536,28672,43.75,0.02828,0.07666,59.2851,0.999847
7385.pgm,10000,65536,28272,43.1396,0.03654,0.076233,59.3094,0.999802
7386.pgm,10000,65536,42816,65.332,0.17656,0.076401,59.2998,0.999875
7387.pgm,10000,65536,38416,58.6182,0.04238,0.078354,59.1902,0.999806
7388.pgm,10000,65536,34144,52.0996,0.02567,0.075912,59.3277,0.999823
7389.pgm,10000,65536,39392,60.1074,0.0231,0.076904,59.2713,0.99986
7391.pgm,10000,65536,25264,38.5498,0.02104,0.075943,59.3259,0.999742
7392.pgm,10000,65536,39712,60.5957,0.02542,0.076874,59.273,0.999852
7393.pgm,10000,65536,36944,56.3721,0.02542,0.075516,59.3504,0.999827
7394.pgm,10000,65536,37872,57.7881,0.02526,0.075958,59.3251,0.999869
7395.pgm,10000,65536,38704,59.0576,0.02644,0.076187,59.312,0.999821
7396.pgm,10000,65536,41648,63.5498,0.0377,0.077103,59.2601,0.999738
7397.pgm,10000,65536,32496,49.585,0.17833,0.075684,59.3408,0.999747
7398.pgm,10000,65536,37856,57.7637,0.05516,0.077576,59.2335,0.999787
7399.pgm,10000,65536,45168,68.9209,0.02866,0.076401,59.2998,0.999862
7400.pgm,10000,65536,29552,45.0928,0.02102,0.076981,59.267,0.999832
7401.pgm,10000,65536,25808,39.3799,0.0222,0.076691,59.2834,0.999884
7402.pgm,10000,65536,25328,38.6475,0.02334,0.077209,59.2541,0.999883
7404.pgm,10000,65536,14240,21.7285,0.02149,0.076355,59.3024,0.999776
7405.pgm,10000,65536,49152,75.0,0.02678,0.076584,59.2894,0.999821
7406.pgm,10000,65536,40240,61.4014,0.02983,0.076035,59.3207,0.999754
7407.pgm,10000,65536,22560,34.4238,0.04369,0.075638,59.3434,0.999699
7408.pgm,10000,65536,19392,29.5898,0.16606,0.076691,59.2834,0.999557
7409.pgm,10000,65536,41632,63.5254,0.03993,0.075256,59.3654,0.999804
7410.pgm,10000,65536,30960,47.2412,0.02389,0.075409,59.3566,0.999716
7411.pgm,10000,65536,34480,52.6123,0.02262,0.076706,59.2825,0.999727
7412.pgm,10000,65536,35808,54.6387,0.02607,0.076813,59.2765,0.999878
7413.pgm,10000,65536,25712,39.2334,0.02776,0.077408,59.243,0.999814
7414.pgm,10000,65536,17744,27.0752,0.02514,0.076828,59.2756,0.99976
7415.pgm,10000,65536,49280,75.1953,0.03019,0.075211,59.368,0.999784
7416.pgm,10000,65536,48944,74.6826,0.03425,0.076492,59.2946,0.999782
7417.pgm,10000,65536,49200,75.0732,0.03506,0.077011,59.2653,0.999787
7418.pgm,10000,65536,22752,34.7168,0.02969,0.076645,59.286,0.999852
7419.pgm,10000,65536,51072,77.9297,0.10348,0.075729,59.3382,0.99995
7420.pgm,10000,65536,50080,76.416,0.07824,0.075104,59.3742,0.999947
7421.pgm,10000,65536,52512,80.127,0.04261,0.075073,59.376,0.999828
7422.pgm,10000,65536,22768,34.7412,0.02772,0.076233,59.3094,0.999825
7423.pgm,10000,65536,35376,53.9795,0.0274,0.07579,59.3347,0.999832
7424.pgm,10000,65536,28752,43.8721,0.02376,0.076172,59.3129,0.999812
7425.pgm,10000,65536,41360,63.1104,0.02651,0.075226,59.3671,0.999861
7426.pgm,10000,65536,37072,56.5674,0.02478,0.076599,59.2886,0.999901
7427.pgm,10000,65536,43328,66.1133,0.02635,0.077026,59.2644,0.999888
7428.pgm,10000,65536,42640,65.0635,0.03211,0.075531,59.3496,0.99986
7429.pgm,10000,65536,48800,74.4629,0.13211,0.076782,59.2782,0.999859
7430.pgm,10000,65536,43568,66.4795,0.06177,0.074631,59.4016,0.99985
7431.pgm,10000,65536,41328,63.0615,0.03524,0.076569,59.2903,0.999885
7432.pgm,10000,65536,17392,26.5381,0.02623,0.076691,59.2834,0.999822
7434.pgm,10000,65536,34080,52.002,0.02649,0.076828,59.2756,0.999868
7435.pgm,10000,65536,31712,48.3887,0.02571,0.076553,59.2912,0.999841
7436.pgm,10000,65536,11984,18.2861,0.0217,0.075226,59.3671,0.999722
7442.pgm,10000,65536,10160,15.5029,0.02454,0.077026,59.2644,0.999814
7443.pgm,10000,65536,25664,39.1602,0.02638,0.074982,59.3813,0.999823
7444.pgm,10000,65536,16192,24.707,0.02879,0.075226,59.3671,0.999891
7445.pgm,10000,65536,29456,44.9463,0.03211,0.078629,59.175,0.999842
7446.pgm,10000,65536,44944,68.5791,0.03941,0.075653,59.3425,0.999856
7447.pgm,10000,65536,34816,53.125,0.0532,0.075363,59.3592,0.999838
7448.pgm,10000,65536,36624,55.8838,0.0724,0.07608,59.3181,0.999847
7449.pgm,10000,65536,50384,76.8799,0.06374,0.076431,59.2981,0.999874
7450.pgm,10000,65536,47232,72.0703,0.0523,0.076385,59.3007,0.999901
7451.pgm,10000,65536,25376,38.7207,0.03871,0.077225,59.2532,0.999835
7452.pgm,10000,65536,32592,49.7314,0.033,0.076447,59.2972,0.999843
7453.pgm,10000,65536,43920,67.0166,0.03625,0.075989,59.3233,0.999879
7456.pgm,10000,65536,42000,64.0869,0.04826,0.077972,59.2114,0.999831
7457.pgm,10000,65536,37936,57.8857,0.15124,0.076965,59.2679,0.999842
7459.pgm,10000,65536,46352,70.7275,0.03188,0.075623,59.3443,0.999869
7460.pgm,10000,65536,10512,16.04,0.02027,0.077026,59.2644,0.999747
7461.pgm,10000,65536,51232,78.1738,0.0214,0.077957,59.2122,0.999871
7463.pgm,10000,65536,42464,64.7949,0.02231,0.076706,59.2825,0.999865
7464.pgm,10000,65536,54016,82.4219,0.02779,0.075867,59.3303,0.99984
7465.pgm,10000,65536,16512,25.1953,0.02305,0.075729,59.3382,0.999807
7466.pgm,10000,65536,51936,79.248,0.04303,0.074326,59.4194,0.999843
7467.pgm,10000,65536,12192,18.6035,0.17049,0.075439,59.3548,0.99968
7468.pgm,10000,65536,11920,18.1885,0.04716,0.076492,59.2946,0.999661
7469.pgm,10000,65536,17136,26.1475,0.03121,0.075882,59.3294,0.999697
7470.pgm,10000,65536,46032,70.2393,0.02565,0.077042,59.2635,0.999862
7472.pgm,10000,65536,36432,55.5908,0.0335,0.075333,59.361,0.999769
7474.pgm,10000,65536,24672,37.6465,0.19184,0.075897,59.3285,0.99982
7475.pgm,10000,65536,34464,52.5879,0.03712,0.07756,59.2344,0.999849
7476.pgm,10000,65536,41344,63.0859,0.02642,0.076324,59.3042,0.999872
7477.pgm,10000,65536,39504,60.2783,0.02209,0.076996,59.2661,0.999843
7478.pgm,10000,65536,63440,96.8018,0.02251,0.074814,59.391,0.999909
7479.pgm,10000,65536,63584,97.0215,0.02382,0.076584,59.2894,0.999913
7480.pgm,10000,65536,36848,56.2256,0.02276,0.076218,59.3102,0.999784
7481.pgm,10000,65536,45296,69.1162,0.02699,0.075989,59.3233,0.999777
7482.pgm,10000,65536,35872,54.7363,0.03719,0.077271,59.2507,0.99974
7483.pgm,10000,65536,34000,51.8799,0.21037,0.075928,59.3268,0.999733
7484.pgm,10000,65536,53456,81.5674,0.0386,0.077438,59.2412,0.999852
7485.pgm,10000,65536,24000,36.6211,0.02271,0.076233,59.3094,0.999899
7486.pgm,10000,65536,11296,17.2363,0.01878,0.076523,59.2929,0.999717
7487.pgm,10000,65536,11936,18.2129,0.01849,0.077026,59.2644,0.999757
7488.pgm,10000,65536,35456,54.1016,0.02354,0.077225,59.2532,0.999824
7489.pgm,10000,65536,46656,71.1914,0.02657,0.077301,59.249,0.999887
7490.pgm,10000,65536,32320,49.3164,0.02347,0.077225,59.2532,0.999839
7491.pgm,10000,65536,28544,43.5547,0.02595,0.07579,59.3347,0.999787
7492.pgm,10000,65536,16640,25.3906,0.03082,0.076889,59.2722,0.999824
7493.pgm,10000,65536,63904,97.5098,0.14498,0.076431,59.2981,0.999931
7494.pgm,10000,65536,44896,68.5059,0.0592,0.078018,59.2088,0.999903
7495.pgm,10000,65536,43312,66.0889,0.03778,0.078232,59.197,0.999872
7496.pgm,10000,65536,35360,53.9551,0.03263,0.075043,59.3777,0.999905
7497.pgm,10000,65536,38176,58.252,0.04129,0.076233,59.3094,0.999927
7498.pgm,10000,65536,36080,55.0537,0.19333,0.076462,59.2964,0.999875
7499.pgm,10000,65536,47024,71.7529,0.03506,0.076797,59.2773,0.999858
7500.pgm,10000,65536,50528,77.0996,0.02407,0.075378,59.3583,0.999873
7501.pgm,10000,65536,41472,63.2812,0.01943,0.076782,59.2782,0.999872
7502.pgm,10000,65536,40752,62.1826,0.02524,0.076797,59.2773,0.999905
7503.pgm,10000,65536,55312,84.3994,0.02912,0.076614,59.2877,0.999949
7504.pgm,10000,65536,50016,76.3184,0.02638,0.074585,59.4043,0.999882
7505.pgm,10000,65536,41120,62.7441,0.02378,0.07724,59.2524,0.999817
7507.pgm,10000,65536,38544,58.8135,0.02151,0.075638,59.3434,0.999883
7508.pgm,10000,65536,30448,46.46,0.01924,0.075638,59.3434,0.999867
7509.pgm,10000,65536,53456,81.5674,0.02268,0.075623,59.3443,0.999904
7510.pgm,10000,65536,29328,44.751,0.02066,0.076294,59.3059,0.999764
7511.pgm,10000,65536,53424,81.5186,0.02525,0.076202,59.3111,0.999827
7512.pgm,10000,65536,40736,62.1582,0.0253,0.075439,59.3548,0.999651
7513.pgm,10000,65536,34608,52.8076,0.02876,0.076996,59.2661,0.999679
7514.pgm,10000,65536,22912,34.9609,0.03169,0.075867,59.3303,0.999747
7515.pgm,10000,65536,21936,33.4717,0.04811,0.076645,59.286,0.999764
7516.pgm,10000,65536,49616,75.708,0.06424,0.076141,59.3146,0.999663
7517.pgm,10000,65536,47968,73.1934,0.07363,0.075195,59.3689,0.999645
7518.pgm,10000,65536,34080,52.002,0.06229,0.075241,59.3663,0.999708
7519.pgm,10000,65536,46944,71.6309,0.05163,0.074341,59.4185,0.999789
7520.pgm,10000,65536,48800,74.4629,0.04606,0.076233,59.3094,0.999797
7521.pgm,10000,65536,24704,37.6953,0.03438,0.078217,59.1978,0.999781
7522.pgm,10000,65536,32400,49.4385,0.03353,0.076782,59.2782,0.999866
7523.pgm,10000,65536,40288,61.4746,0.03687,0.07663,59.2868,0.99992
7524.pgm,10000,65536,35680,54.4434,0.04227,0.075882,59.3294,0.999921
7525.pgm,10000,65536,41376,63.1348,0.04135,0.076218,59.3102,0.999925
7526.pgm,10000,65536,41744,63.6963,0.04108,0.076584,59.2894,0.999921
7527.pgm,10000,65536,40688,62.085,0.03786,0.076096,59.3172,0.999926
7528.pgm,10000,65536,40448,61.7188,0.04457,0.078445,59.1851,0.999924
7529.pgm,10000,65536,40240,61.4014,0.05018,0.077698,59.2267,0.999922
7530.pgm,10000,65536,40096,61.1816,0.05131,0.077393,59.2438,0.999923
7531.pgm,10000,65536,50544,77.124,0.04595,0.077042,59.2635,0.999827
7532.pgm,10000,65536,30208,46.0938,0.03367,0.078262,59.1953,0.999808
7533.pgm,10000,65536,26608,40.6006,0.03075,0.076035,59.3207,0.999814
7534.pgm,10000,65536,39472,60.2295,0.03034,0.076385,59.3007,0.999806
7535.pgm,10000,65536,17264,26.3428,0.02376,0.077026,59.2644,0.999845
7536.pgm,10000,65536,17120,26.123,0.02357,0.07634,59.3033,0.999847
7537.pgm,10000,65536,15888,24.2432,0.02986,0.076187,59.312,0.999846
7538.pgm,10000,65536,10576,16.1377,0.14137,0.077927,59.2139,0.999706
7540.pgm,10000,65536,11568,17.6514,0.05775,0.075119,59.3733,0.999751
7541.pgm,10000,65536,14464,22.0703,0.03601,0.07547,59.3531,0.999817
7542.pgm,10000,65536,10848,16.5527,0.02945,0.076599,59.2886,0.999693
7543.pgm,10000,65536,11440,17.4561,0.02486,0.075775,59.3355,0.999779
7544.pgm,10000,65536,10416,15.8936,0.02391,0.076294,59.3059,0.99974
7546.pgm,10000,65536,15792,24.0967,0.02253,0.077408,59.243,0.999805
7547.pgm,10000,65536,17424,26.5869,0.02262,0.07608,59.3181,0.99982
7548.pgm,10000,65536,22224,33.9111,0.02233,0.076385,59.3007,0.999951
7550.pgm,10000,65536,16016,24.4385,0.02502,0.07695,59.2687,0.999809
7551.pgm,10000,65536,13408,20.459,0.03137,0.075455,59.3539,0.99982
7552.pgm,10000,65536,11584,17.6758,0.04857,0.076965,59.2679,0.999738
7553.pgm,10000,65536,11696,17.8467,0.18065,0.07579,59.3347,0.999816
7554.pgm,10000,65536,14768,22.5342,0.06623,0.076843,59.2747,0.999717
7555.pgm,10000,65536,14512,22.1436,0.03784,0.07637,59.3016,0.999746
7556.pgm,10000,65536,15264,23.291,0.02645,0.076645,59.286,0.999794
7559.pgm,10000,65536,16112,24.585,0.02493,0.076981,59.267,0.999767
7561.pgm,10000,65536,16864,25.7324,0.01967,0.076813,59.2765,0.999817
7563.pgm,10000,65536,10464,15.9668,0.01914,0.076614,59.2877,0.999777
7564.pgm,10000,65536,17760,27.0996,0.01941,0.07663,59.2868,0.999783
7566.pgm,10000,65536,10288,15.6982,0.01945,0.07518,59.3698,0.999703
7567.pgm,10000,65536,17552,26.7822,0.02055,0.075394,59.3575,0.999699
7568.pgm,10000,65536,19312,29.4678,0.02125,0.076004,59.3224,0.999794
7569.pgm,10000,65536,13056,19.9219,0.02271,0.076157,59.3137,0.999757
7570.pgm,10000,65536,34720,52.9785,0.04067,0.076767,59.2791,0.999819
7571.pgm,10000,65536,36096,55.0781,0.18515,0.076569,59.2903,0.999839
7572.pgm,10000,65536,40976,62.5244,0.03642,0.075958,59.3251,0.999841
7573.pgm,10000,65536,34224,52.2217,0.02467,0.075226,59.3671,0.999837
7574.pgm,10000,65536,17200,26.2451,0.02002,0.076935,59.2696,0.999787
7575.pgm,10000,65536,13280,20.2637,0.01909,0.075851,59.3312,0.999769
7576.pgm,10000,65536,10288,15.6982,0.02208,0.077057,59.2627,0.999734
7579.pgm,10000,65536,23152,35.3271,0.02423,0.076172,59.3129,0.999835
7580.pgm,10000,65536,15408,23.5107,0.02325,0.075775,59.3355,0.999799
7581.pgm,10000,65536,12416,18.9453,0.02393,0.076675,59.2842,0.999761
7582.pgm,10000,65536,15280,23.3154,0.03,0.076782,59.2782,0.999757
7584.pgm,10000,65536,16448,25.0977,0.16909,0.077942,59.2131,0.999787
7585.pgm,10000,65536,16464,25.1221,0.04677,0.076096,59.3172,0.999764
7586.pgm,10000,65536,29680,45.2881,0.02674,0.075638,59.3434,0.999863
7587.pgm,10000,65536,11760,17.9443,0.01983,0.077225,59.2532,0.99937
7589.pgm,10000,65536,22176,33.8379,0.01854,0.077423,59.2421,0.999878
7590.pgm,10000,65536,10656,16.2598,0.0166,0.077484,59.2387,0.999744
7591.pgm,10000,65536,15968,24.3652,0.01666,0.076614,59.2877,0.999758
7592.pgm,10000,65536,18432,28.125,0.01838,0.076447,59.2972,0.999823
7593.pgm,10000,65536,24048,36.6943,0.0226,0.076385,59.3007,0.99984
7594.pgm,10000,65536,19552,29.834,0.02558,0.075699,59.3399,0.999815
7595.pgm,10000,65536,11760,17.9443,0.0345,0.075653,59.3425,0.99976
7596.pgm,10000,65536,11328,17.2852,0.17198,0.077972,59.2114,0.999771
7597.pgm,10000,65536,10384,15.8447,0.04128,0.075699,59.3399,0.999762
7598.pgm,10000,65536,17072,26.0498,0.02461,0.076324,59.3042,0.999811
7599.pgm,10000,65536,17952,27.3926,0.02038,0.077454,59.2404,0.999793
7600.pgm,10000,65536,17552,26.7822,0.01845,0.07637,59.3016,0.999796
7603.pgm,10000,65536,11488,17.5293,0.02534,0.075012,59.3795,0.999763
7604.pgm,10000,65536,11056,16.8701,0.02341,0.076889,59.2722,0.999693
7605.pgm,10000,65536,13280,20.2637,0.02199,0.077042,59.2635,0.99971
7606.pgm,10000,65536,13744,20.9717,0.02412,0.076157,59.3137,0.999682
7607.pgm,10000,65536,17760,27.0996,0.02698,0.076599,59.2886,0.999814
7608.pgm,10000,65536,18240,27.832,0.15284,0.076477,59.2955,0.999805
7609.pgm,10000,65536,22736,34.6924,0.06266,0.076248,59.3085,0.999835
7610.pgm,10000,65536,11424,17.4316,0.02718,0.076324,59.3042,0.999754
7612.pgm,10000,65536,42128,64.2822,0.0259,0.076721,59.2817,0.999883
7613.pgm,10000,65536,41008,62.5732,0.02304,0.075745,59.3373,0.999838
7614.pgm,10000,65536,40880,62.3779,0.02327,0.075836,59.332,0.999843
7615.pgm,10000,65536,49456,75.4639,0.02457,0.07489,59.3866,0.999945
7616.pgm,10000,65536,27616,42.1387,0.02598,0.075394,59.3575,0.999839
7617.pgm,10000,65536,31888,48.6572,0.04182,0.076248,59.3085,0.999843
7618.pgm,10000,65536,46768,71.3623,0.1669,0.076263,59.3076,0.999845
7619.pgm,10000,65536,30880,47.1191,0.03736,0.074768,59.3936,0.999841
7620.pgm,10000,65536,36176,55.2002,0.02621,0.075943,59.3259,0.999853
7621.pgm,10000,65536,30960,47.2412,0.0223,0.075928,59.3268,0.999852
7622.pgm,10000,65536,17808,27.1729,0.02286,0.075455,59.3539,0.999791
7623.pgm,10000,65536,10256,15.6494,0.02826,0.076508,59.2938,0.99969
7624.pgm,10000,65536,11776,17.9688,0.17574,0.076477,59.2955,0.999677
7625.pgm,10000,65536,32112,48.999,0.04407,0.075272,59.3645,0.999831
7626.pgm,10000,65536,44608,68.0664,0.02771,0.077103,59.2601,0.99988
7627.pgm,10000,65536,26928,41.0889,0.02071,0.076706,59.2825,0.999783
7629.pgm,10000,65536,37760,57.6172,0.02445,0.075333,59.361,0.999856
7630.pgm,10000,65536,36592,55.835,0.02689,0.07756,59.2344,0.999845
7631.pgm,10000,65536,27968,42.6758,0.02744,0.077347,59.2464,0.999841
7632.pgm,10000,65536,42320,64.5752,0.05757,0.076218,59.3102,0.999922
7633.pgm,10000,65536,41008,62.5732,0.10941,0.076584,59.2894,0.999911
7634.pgm,10000,65536,11584,17.6758,0.0273,0.075745,59.3373,0.999772
7635.pgm,10000,65536,26896,41.04,0.023,0.076584,59.2894,0.999795
7636.pgm,10000,65536,45632,69.6289,0.02306,0.076981,59.267,0.999874
7637.pgm,10000,65536,29920,45.6543,0.0231,0.075714,59.339,0.999787
7639.pgm,10000,65536,32480,49.5605,0.026,0.075012,59.3795,0.999855
7640.pgm,10000,65536,32928,50.2441,0.02755,0.075806,59.3338,0.999853
7641.pgm,10000,65536,22528,34.375,0.10478,0.075928,59.3268,0.99979
7642.pgm,10000,65536,28480,43.457,0.08209,0.077408,59.243,0.99981
7643.pgm,10000,65536,18624,28.418,0.02628,0.077347,59.2464,0.99978
7644.pgm,10000,65536,22752,34.7168,0.02191,0.075623,59.3443,0.999855
7645.pgm,10000,65536,33552,51.1963,0.02058,0.076401,59.2998,0.999898
7646.pgm,10000,65536,40416,61.6699,0.02122,0.075882,59.3294,0.999886
7647.pgm,10000,65536,40592,61.9385,0.02088,0.077255,59.2515,0.999889
7648.pgm,10000,65536,29680,45.2881,0.02025,0.075729,59.3382,0.999879
7649.pgm,10000,65536,51552,78.6621,0.02883,0.076981,59.267,0.999911
7650.pgm,10000,65536,51408,78.4424,0.04987,0.074875,59.3874,0.99991
7651.pgm,10000,65536,49936,76.1963,0.19597,0.07547,59.3531,0.999916
7652.pgm,10000,65536,32400,49.4385,0.03024,0.077164,59.2567,0.999581
7653.pgm,10000,65536,29856,45.5566,0.02131,0.074936,59.3839,0.999502
7654.pgm,10000,65536,33776,51.5381,0.02211,0.076416,59.299,0.999849
7655.pgm,10000,65536,38848,59.2773,0.03412,0.075638,59.3434,0.999843
7656.pgm,10000,65536,17888,27.2949,0.02448,0.075485,59.3522,0.999779
7657.pgm,10000,65536,30944,47.2168,0.03165,0.075455,59.3539,0.999858
7658.pgm,10000,65536,30992,47.29,0.0473,0.075302,59.3627,0.999896
7659.pgm,10000,65536,12448,18.9941,0.26783,0.075821,59.3329,0.999785
7660.pgm,10000,65536,19344,29.5166,0.07146,0.076645,59.286,0.999847
7661.pgm,10000,65536,13856,21.1426,0.04582,0.076767,59.2791,0.999775
7662.pgm,10000,65536,37616,57.3975,0.03332,0.077179,59.2558,0.999893
7663.pgm,10000,65536,31536,48.1201,0.02589,0.076599,59.2886,0.999782
7664.pgm,10000,65536,25984,39.6484,0.02434,0.076523,59.2929,0.999763
7665.pgm,10000,65536,22272,33.9844,0.02456,0.076736,59.2808,0.999732
7666.pgm,10000,65536,16256,24.8047,0.03155,0.075531,59.3496,0.999804
7667.pgm,10000,65536,29376,44.8242,0.15272,0.077209,59.2541,0.999843
7669.pgm,10000,65536,16128,24.6094,0.04229,0.075836,59.332,0.999878
7670.pgm,10000,65536,20960,31.9824,0.02752,0.07576,59.3364,0.999895
7671.pgm,10000,65536,17072,26.0498,0.02413,0.076141,59.3146,0.999836
7673.pgm,10000,65536,17056,26.0254,0.02254,0.076569,59.2903,0.999825
7674.pgm,10000,65536,28352,43.2617,0.02416,0.076248,59.3085,0.999782
7675.pgm,10000,65536,15152,23.1201,0.02164,0.076767,59.2791,0.99982
7676.pgm,10000,65536,16864,25.7324,0.02275,0.075272,59.3645,0.999837
7677.pgm,10000,65536,37184,56.7383,0.02524,0.075836,59.332,0.999845
7679.pgm,10000,65536,20096,30.6641,0.02648,0.076523,59.2929,0.999829
7680.pgm,10000,65536,11680,17.8223,0.03024,0.075699,59.3399,0.999851
7681.pgm,10000,65536,15696,23.9502,0.14132,0.076172,59.3129,0.999869
7684.pgm,10000,65536,15376,23.4619,0.03762,0.077591,59.2327,0.99981
7685.pgm,10000,65536,12896,19.6777,0.02392,0.076263,59.3076,0.999662
7686.pgm,10000,65536,27984,42.7002,0.02214,0.075943,59.3259,0.999836
7687.pgm,10000,65536,27776,42.3828,0.02091,0.076797,59.2773,0.999798
7688.pgm,10000,65536,35280,53.833,0.02563,0.075943,59.3259,0.9998
7689.pgm,10000,65536,38864,59.3018,0.02633,0.07695,59.2687,0.999836
7690.pgm,10000,65536,37616,57.3975,0.02675,0.077332,59.2472,0.999842
7691.pgm,10000,65536,37200,56.7627,0.03104,0.076935,59.2696,0.999905
7692.pgm,10000,65536,36048,55.0049,0.04548,0.07608,59.3181,0.999868
7693.pgm,10000,65536,29584,45.1416,0.12841,0.076553,59.2912,0.999802
7694.pgm,10000,65536,34096,52.0264,0.09196,0.075439,59.3548,0.999905
7695.pgm,10000,65536,40544,61.8652,0.06428,0.076019,59.3216,0.999883
7696.pgm,10000,65536,22352,34.1064,0.04374,0.077225,59.2532,0.999502
7697.pgm,10000,65536,31776,48.4863,0.04671,0.075745,59.3373,0.99974
7698.pgm,10000,65536,35392,54.0039,0.18819,0.075668,59.3417,0.999783
7699.pgm,10000,65536,31168,47.5586,0.03691,0.075378,59.3583,0.999845
7700.pgm,10000,65536,21424,32.6904,0.024,0.075378,59.3583,0.999867
7701.pgm,10000,65536,39200,59.8145,0.02328,0.075974,59.3242,0.999874
7702.pgm,10000,65536,29696,45.3125,0.02566,0.077408,59.243,0.999873
7703.pgm,10000,65536,39264,59.9121,0.02992,0.077057,59.2627,0.999811
7704.pgm,10000,65536,21472,32.7637,0.02973,0.076416,59.299,0.999836
7705.pgm,10000,65536,24192,36.9141,0.09913,0.077133,59.2584,0.999837
7706.pgm,10000,65536,39488,60.2539,0.06346,0.076035,59.3207,0.999923
7707.pgm,10000,65536,24352,37.1582,0.02649,0.077393,59.2438,0.999716
7708.pgm,10000,65536,23280,35.5225,0.02129,0.075974,59.3242,0.999765
7709.pgm,10000,65536,23888,36.4502,0.02466,0.076584,59.2894,0.999781
7710.pgm,10000,65536,25600,39.0625,0.0246,0.07547,59.3531,0.99978
7711.pgm,10000,65536,26000,39.6729,0.02271,0.075577,59.3469,0.999797
7712.pgm,10000,65536,23984,36.5967,0.02117,0.077255,59.2515,0.999883
7714.pgm,10000,65536,18080,27.5879,0.01983,0.076797,59.2773,0.999796
7715.pgm,10000,65536,21184,32.3242,0.0217,0.077423,59.2421,0.999805
7716.pgm,10000,65536,19632,29.9561,0.02374,0.076233,59.3094,0.999811
7717.pgm,10000,65536,31568,48.1689,0.02769,0.07634,59.3033,0.999859
7718.pgm,10000,65536,17456,26.6357,0.03851,0.076782,59.2782,0.999841
7719.pgm,10000,65536,24592,37.5244,0.13824,0.076874,59.273,0.999901
7720.pgm,10000,65536,15584,23.7793,0.02906,0.077179,59.2558,0.999549
7721.pgm,10000,65536,15264,23.291,0.02261,0.077072,59.2618,0.999791
7722.pgm,10000,65536,27936,42.627,0.02158,0.07753,59.2361,0.999839
7723.pgm,10000,65536,29168,44.5068,0.02118,0.078308,59.1927,0.99983
7724.pgm,10000,65536,16560,25.2686,0.01835,0.077347,59.2464,0.99987
7725.pgm,10000,65536,21232,32.3975,0.02036,0.076996,59.2661,0.999873
7726.pgm,10000,65536,36816,56.1768,0.02345,0.077438,59.2412,0.999931
7727.pgm,10000,65536,36816,56.1768,0.02754,0.076187,59.312,0.999834
7728.pgm,10000,65536,45248,69.043,0.19492,0.074448,59.4123,0.99995
7729.pgm,10000,65536,24304,37.085,0.03615,0.07486,59.3883,0.999829
7730.pgm,10000,65536,22000,33.5693,0.02338,0.075424,59.3557,0.999836
7731.pgm,10000,65536,11232,17.1387,0.01827,0.077133,59.2584,0.999833
7732.pgm,10000,65536,29968,45.7275,0.01851,0.075455,59.3539,0.999861
7733.pgm,10000,65536,29248,44.6289,0.0208,0.077621,59.231,0.999879
7735.pgm,10000,65536,15456,23.584,0.02665,0.075653,59.3425,0.999576
7736.pgm,10000,65536,14944,22.8027,0.02238,0.077057,59.2627,0.999491
7737.pgm,10000,65536,37232,56.8115,0.02589,0.075348,59.3601,0.999911
7738.pgm,10000,65536,33648,51.3428,0.03014,0.076187,59.312,0.999882
7739.pgm,10000,65536,31104,47.4609,0.04425,0.075165,59.3707,0.999849
7740.pgm,10000,65536,25904,39.5264,0.19341,0.075516,59.3504,0.999859
7741.pgm,10000,65536,37088,56.5918,0.03441,0.074997,59.3804,0.999873
7742.pgm,10000,65536,48576,74.1211,0.02627,0.075897,59.3285,0.999893
7743.pgm,10000,65536,46256,70.5811,0.0222,0.076797,59.2773,0.999917
7744.pgm,10000,65536,31184,47.583,0.01825,0.077301,59.249,0.999837
7745.pgm,10000,65536,40176,61.3037,0.02061,0.075607,59.3452,0.999853
7746.pgm,10000,65536,22528,34.375,0.02345,0.075836,59.332,0.999786
7747.pgm,10000,65536,36096,55.0781,0.02702,0.07666,59.2851,0.999805
7748.pgm,10000,65536,18288,27.9053,0.0286,0.074936,59.3839,0.999831
7749.pgm,10000,65536,26432,40.332,0.09835,0.077103,59.2601,0.999846
7750.pgm,10000,65536,27168,41.4551,0.07613,0.077057,59.2627,0.999855
7751.pgm,10000,65536,38384,58.5693,0.0319,0.07637,59.3016,0.999827
7752.pgm,10000,65536,22480,34.3018,0.02245,0.076324,59.3042,0.999829
7753.pgm,10000,65536,17632,26.9043,0.01949,0.074799,59.3919,0.999769
7755.pgm,10000,65536,14688,22.4121,0.01831,0.07666,59.2851,0.999793
7756.pgm,10000,65536,26704,40.7471,0.02127,0.076401,59.2998,0.999809
7757.pgm,10000,65536,24944,38.0615,0.03205,0.075974,59.3242,0.999808
7758.pgm,10000,65536,39216,59.8389,0.20515,0.07753,59.2361,0.999848
7759.pgm,10000,65536,38944,59.4238,0.04087,0.077621,59.231,0.999847
7760.pgm,10000,65536,35168,53.6621,0.02594,0.076797,59.2773,0.999841
7761.pgm,10000,65536,15248,23.2666,0.02018,0.077423,59.2421,0.999754
7762.pgm,10000,65536,10944,16.6992,0.01961,0.076523,59.2929,0.999749
7763.pgm,10000,65536,11920,18.1885,0.01933,0.076584,59.2894,0.99962
7764.pgm,10000,65536,24624,37.5732,0.02066,0.075226,59.3671,0.999821
7765.pgm,10000,65536,36992,56.4453,0.02292,0.075684,59.3408,0.99986
7766.pgm,10000,65536,21456,32.7393,0.02439,0.077087,59.261,0.999805
7767.pgm,10000,65536,26976,41.1621,0.03411,0.075485,59.3522,0.999825
7768.pgm,10000,65536,16960,25.8789,0.08456,0.076187,59.312,0.99983
7769.pgm,10000,65536,17136,26.1475,0.05594,0.077133,59.2584,0.999795
7770.pgm,10000,65536,13792,21.0449,0.02582,0.077698,59.2267,0.999836
7771.pgm,10000,65536,13728,20.9473,0.01994,0.077026,59.2644,0.999856
7772.pgm,10000,65536,14208,21.6797,0.01907,0.076736,59.2808,0.999767
7773.pgm,10000,65536,12464,19.0186,0.01883,0.077454,59.2404,0.999786
7774.pgm,10000,65536,15088,23.0225,0.02074,0.075653,59.3425,0.999842
7775.pgm,10000,65536,34560,52.7344,0.03493,0.074982,59.3813,0.999844
7776.pgm,10000,65536,18672,28.4912,0.19576,0.076462,59.2964,0.999708
7777.pgm,10000,65536,18624,28.418,0.03285,0.077026,59.2644,0.999829
7778.pgm,10000,65536,17616,26.8799,0.02221,0.076035,59.3207,0.999692
7779.pgm,10000,65536,31456,47.998,0.02172,0.076401,59.2998,0.999774
7780.pgm,10000,65536,25408,38.7695,0.02326,0.075851,59.3312,0.999714
7781.pgm,10000,65536,41760,63.7207,0.02769,0.076401,59.2998,0.99984
7782.pgm,10000,65536,19856,30.2979,0.03941,0.076904,59.2713,0.999643
7784.pgm,10000,65536,16448,25.0977,0.12575,0.076859,59.2739,0.999711
7786.pgm,10000,65536,14480,22.0947,0.03002,0.075897,59.3285,0.999745
7787.pgm,10000,65536,11184,17.0654,0.0228,0.076065,59.319,0.999773
7789.pgm,10000,65536,23648,36.084,0.02116,0.076691,59.2834,0.999781
7790.pgm,10000,65536,27248,41.5771,0.02009,0.077164,59.2567,0.999861
7791.pgm,10000,65536,23504,35.8643,0.01996,0.076584,59.2894,0.999761
7792.pgm,10000,65536,25008,38.1592,0.02629,0.076523,59.2929,0.999827
7793.pgm,10000,65536,10208,15.5762,0.03081,0.076172,59.3129,0.999733
7795.pgm,10000,65536,13120,20.0195,0.03314,0.07663,59.2868,0.999738
7796.pgm,10000,65536,46608,71.1182,0.11513,0.075958,59.3251,0.999768
7797.pgm,10000,65536,44736,68.2617,0.07661,0.077316,59.2481,0.999766
7798.pgm,10000,65536,13920,21.2402,0.033,0.07489,59.3866,0.999701
7799.pgm,10000,65536,10832,16.5283,0.02728,0.076813,59.2765,0.999804
7800.pgm,10000,65536,31184,47.583,0.02723,0.075119,59.3733,0.999793
7811.pgm,10000,65536,10624,16.2109,0.04129,0.075928,59.3268,0.99984
7812.pgm,10000,65536,12112,18.4814,0.2278,0.07547,59.3531,0.999591
7813.pgm,10000,65536,18832,28.7354,0.03791,0.07695,59.2687,0.999695
7819.pgm,10000,65536,14384,21.9482,0.02348,0.075195,59.3689,0.999714
7820.pgm,10000,65536,27824,42.4561,0.02548,0.076904,59.2713,0.999772
7821.pgm,10000,65536,47392,72.3145,0.04186,0.076981,59.267,0.999874
7822.pgm,10000,65536,43024,65.6494,0.15547,0.07695,59.2687,0.999784
7823.pgm,10000,65536,42192,64.3799,0.03141,0.076721,59.2817,0.999711
7824.pgm,10000,65536,17664,26.9531,0.02042,0.076874,59.273,0.999789
7825.pgm,10000,65536,18160,27.71,0.01821,0.075638,59.3434,0.999801
7826.pgm,10000,65536,11280,17.2119,0.01669,0.076721,59.2817,0.999848
7828.pgm,10000,65536,19152,29.2236,0.02565,0.074158,59.4292,0.999748
7829.pgm,10000,65536,16752,25.5615,0.02588,0.075928,59.3268,0.99979
7831.pgm,10000,65536,60928,92.9688,0.03113,0.075607,59.3452,0.999829
7832.pgm,10000,65536,12608,19.2383,0.02455,0.076126,59.3155,0.999708
7837.pgm,10000,65536,15104,23.0469,0.02944,0.075577,59.3469,0.999846
7838.pgm,10000,65536,20752,31.665,0.03453,0.076141,59.3146,0.999823
7839.pgm,10000,65536,21392,32.6416,0.15882,0.076691,59.2834,0.999803
7840.pgm,10000,65536,18368,28.0273,0.04786,0.076843,59.2747,0.999783
7841.pgm,10000,65536,20928,31.9336,0.03298,0.075745,59.3373,0.999821
7842.pgm,10000,65536,13776,21.0205,0.02492,0.076874,59.273,0.999777
7843.pgm,10000,65536,16064,24.5117,0.02313,0.077621,59.231,0.99974
7844.pgm,10000,65536,21488,32.7881,0.02279,0.075546,59.3487,0.999871
7845.pgm,10000,65536,31216,47.6318,0.0233,0.076538,59.292,0.999863
7846.pgm,10000,65536,30944,47.2168,0.02295,0.075211,59.368,0.99986
7847.pgm,10000,65536,34720,52.9785,0.02422,0.075806,59.3338,0.999909
7848.pgm,10000,65536,26736,40.7959,0.02758,0.075531,59.3496,0.999877
7849.pgm,10000,65536,26912,41.0645,0.04727,0.075333,59.361,0.9999
7850.pgm,10000,65536,26192,39.9658,0.16401,0.074814,59.391,0.9999
7851.pgm,10000,65536,18560,28.3203,0.03132,0.076263,59.3076,0.999855
7852.pgm,10000,65536,21424,32.6904,0.02322,0.075623,59.3443,0.999871
7853.pgm,10000,65536,27296,41.6504,0.02147,0.07605,59.3198,0.999893
7854.pgm,10000,65536,23376,35.6689,0.02641,0.076797,59.2773,0.999889
7855.pgm,10000,65536,24256,37.0117,0.02598,0.07724,59.2524,0.999904
7856.pgm,10000,65536,29440,44.9219,0.02866,0.074997,59.3804,0.999907
7857.pgm,10000,65536,22416,34.2041,0.03232,0.075394,59.3575,0.999886
7858.pgm,10000,65536,21152,32.2754,0.03728,0.074951,59.383,0.999886
7859.pgm,10000,65536,23312,35.5713,0.07327,0.075729,59.3382,0.999891
7860.pgm,10000,65536,23888,36.4502,0.08453,0.076584,59.2894,0.9999
7861.pgm,10000,65536,22256,33.96,0.05664,0.077133,59.2584,0.999813
7862.pgm,10000,65536,22576,34.4482,0.04358,0.076233,59.3094,0.99982
7863.pgm,10000,65536,21200,32.3486,0.04539,0.075653,59.3425,0.999802
7864.pgm,10000,65536,23568,35.9619,0.03522,0.075882,59.3294,0.999809
7865.pgm,10000,65536,25328,38.6475,0.03165,0.076462,59.2964,0.999883
7866.pgm,10000,65536,18912,28.8574,0.03033,0.076675,59.2842,0.999676
7867.pgm,10000,65536,18352,28.0029,0.02914,0.076096,59.3172,0.999757
7868.pgm,10000,65536,16512,25.1953,0.02835,0.075546,59.3487,0.999736
7869.pgm,10000,65536,10400,15.8691,0.02934,0.076035,59.3207,0.999612
7870.pgm,10000,65536,34224,52.2217,0.03823,0.076385,59.3007,0.999856
7871.pgm,10000,65536,52560,80.2002,0.04999,0.076172,59.3129,0.999864
7872.pgm,10000,65536,27600,42.1143,0.04474,0.076019,59.3216,0.999883
7873.pgm,10000,65536,44672,68.1641,0.0838,0.076233,59.3094,0.999909
7874.pgm,10000,65536,32576,49.707,0.10585,0.076004,59.3224,0.999875
7875.pgm,10000,65536,32032,48.877,0.071,0.077286,59.2498,0.999856
7876.pgm,10000,65536,40288,61.4746,0.0783,0.076767,59.2791,0.999864
7877.pgm,10000,65536,26720,40.7715,0.08153,0.075104,59.3742,0.999882
7878.pgm,10000,65536,27456,41.8945,0.05785,0.075958,59.3251,0.999887
7879.pgm,10000,65536,48672,74.2676,0.05146,0.076004,59.3224,0.999931
7880.pgm,10000,65536,38416,58.6182,0.04337,0.076843,59.2747,0.999864
7881.pgm,10000,65536,39504,60.2783,0.039,0.076324,59.3042,0.999877
7882.pgm,10000,65536,20144,30.7373,0.03178,0.075302,59.3627,0.999879
7883.pgm,10000,65536,27872,42.5293,0.03108,0.076553,59.2912,0.999812
7884.pgm,10000,65536,27344,41.7236,0.03043,0.076233,59.3094,0.999784
7885.pgm,10000,65536,22976,35.0586,0.02975,0.075516,59.3504,0.99982
7886.pgm,10000,65536,31792,48.5107,0.04281,0.074829,59.3901,0.999826
7887.pgm,10000,65536,30704,46.8506,0.1934,0.076126,59.3155,0.999843
7888.pgm,10000,65536,37152,56.6895,0.03664,0.075958,59.3251,0.999864
7889.pgm,10000,65536,40368,61.5967,0.0262,0.077667,59.2284,0.999861
7890.pgm,10000,65536,11456,17.4805,0.01953,0.075943,59.3259,0.999816
7891.pgm,10000,65536,14784,22.5586,0.02249,0.074814,59.391,0.999884
7892.pgm,10000,65536,12928,19.7266,0.03724,0.076538,59.292,0.999625
7893.pgm,10000,65536,21680,33.0811,0.183,0.077927,59.2139,0.999664
7894.pgm,10000,65536,30112,45.9473,0.0337,0.077835,59.219,0.999703
7897.pgm,10000,65536,12496,19.0674,0.0209,0.075165,59.3707,0.999637
7900.pgm,10000,65536,36832,56.2012,0.02082,0.076096,59.3172,0.999847
7901.pgm,10000,65536,30240,46.1426,0.02078,0.076004,59.3224,0.999758
7902.pgm,10000,65536,14096,21.5088,0.02032,0.076584,59.2894,0.999705
7903.pgm,10000,65536,11824,18.042,0.02248,0.076309,59.305,0.999641
7904.pgm,10000,65536,14816,22.6074,0.02445,0.075867,59.3303,0.999744
7905.pgm,10000,65536,13200,20.1416,0.03565,0.077209,59.2541,0.999715
7906.pgm,10000,65536,13536,20.6543,0.17636,0.076157,59.3137,0.999737
7907.pgm,10000,65536,16000,24.4141,0.03776,0.076248,59.3085,0.999852
7908.pgm,10000,65536,14608,22.29,0.0245,0.076599,59.2886,0.999765
7909.pgm,10000,65536,16704,25.4883,0.02022,0.076416,59.299,0.999828
7910.pgm,10000,65536,21184,32.3242,0.01951,0.075531,59.3496,0.999746
7911.pgm,10000,65536,17552,26.7822,0.02196,0.076309,59.305,0.999751
7913.pgm,10000,65536,29552,45.0928,0.02213,0.076202,59.3111,0.999832
7914.pgm,10000,65536,26864,40.9912,0.02416,0.077194,59.255,0.999774
7915.pgm,10000,65536,16448,25.0977,0.02306,0.077026,59.2644,0.999668
7916.pgm,10000,65536,16688,25.4639,0.02177,0.076218,59.3102,0.99967
7917.pgm,10000,65536,16400,25.0244,0.022,0.07814,59.2021,0.999798
7918.pgm,10000,65536,18544,28.2959,0.02323,0.075806,59.3338,0.999825
7919.pgm,10000,65536,11952,18.2373,0.0237,0.075912,59.3277,0.999658
7920.pgm,10000,65536,11088,16.9189,0.0239,0.076843,59.2747,0.9997
7922.pgm,10000,65536,23040,35.1562,0.02907,0.075394,59.3575,0.999777
7923.pgm,10000,65536,21040,32.1045,0.03351,0.076782,59.2782,0.999786
7924.pgm,10000,65536,35216,53.7354,0.03683,0.075699,59.3399,0.999697
7925.pgm,10000,65536,37648,57.4463,0.0521,0.075775,59.3355,0.999724
7926.pgm,10000,65536,41296,63.0127,0.10299,0.077362,59.2455,0.999738
7927.pgm,10000,65536,33136,50.5615,0.05368,0.075027,59.3786,0.999718
7928.pgm,10000,65536,35680,54.4434,0.0403,0.076599,59.2886,0.999695
7929.pgm,10000,65536,16384,25.0,0.03263,0.076538,59.292,0.999695
7930.pgm,10000,65536,40480,61.7676,0.03438,0.076401,59.2998,0.999767
7931.pgm,10000,65536,11248,17.1631,0.02738,0.076019,59.3216,0.999796
7932.pgm,10000,65536,26512,40.4541,0.02852,0.076309,59.305,0.999691
7934.pgm,10000,65536,13904,21.2158,0.02477,0.077332,59.2472,0.999765
7935.pgm,10000,65536,13008,19.8486,0.0232,0.076996,59.2661,0.99988
7936.pgm,10000,65536,37792,57.666,0.02742,0.076874,59.273,0.99975
7938.pgm,10000,65536,47920,73.1201,0.0461,0.075455,59.3539,0.999815
7939.pgm,10000,65536,48864,74.5605,0.18735,0.076614,59.2877,0.999886
7940.pgm,10000,65536,18528,28.2715,0.02918,0.076706,59.2825,0.999758
7941.pgm,10000,65536,10816,16.5039,0.02092,0.076797,59.2773,0.999619
7943.pgm,10000,65536,27296,41.6504,0.01965,0.076065,59.319,0.999588
7944.pgm,10000,65536,37280,56.8848,0.01958,0.076385,59.3007,0.999657
7945.pgm,10000,65536,36000,54.9316,0.02168,0.077286,59.2498,0.999663
7946.pgm,10000,65536,20384,31.1035,0.02029,0.076019,59.3216,0.999715
7947.pgm,10000,65536,18544,28.2959,0.02364,0.077499,59.2378,0.999696
7948.pgm,10000,65536,29120,44.4336,0.02569,0.076126,59.3155,0.99963
7950.pgm,10000,65536,37952,57.9102,0.03955,0.076599,59.2886,0.999723
7952.pgm,10000,65536,14256,21.7529,0.194,0.076035,59.3207,0.999705
7953.pgm,10000,65536,16544,25.2441,0.03086,0.076004,59.3224,0.999767
7954.pgm,10000,65536,16656,25.415,0.02204,0.07811,59.2038,0.999767
7955.pgm,10000,65536,18976,28.9551,0.01965,0.076431,59.2981,0.999757
7956.pgm,10000,65536,17056,26.0254,0.01952,0.07576,59.3364,0.99976
7957.pgm,10000,65536,28784,43.9209,0.02311,0.075775,59.3355,0.9999
7958.pgm,10000,65536,44784,68.335,0.02578,0.075333,59.361,0.999829
7959.pgm,10000,65536,21328,32.5439,0.0238,0.076004,59.3224,0.999818
7960.pgm,10000,65536,38144,58.2031,0.02747,0.075241,59.3663,0.999854
7961.pgm,10000,65536,13472,20.5566,0.0295,0.077271,59.2507,0.999717
7962.pgm,10000,65536,24432,37.2803,0.07179,0.076187,59.312,0.999801
7963.pgm,10000,65536,36000,54.9316,0.09542,0.075577,59.3469,0.999729
7964.pgm,10000,65536,26208,39.9902,0.04603,0.076477,59.2955,0.999654
7965.pgm,10000,65536,15264,23.291,0.03516,0.075882,59.3294,0.999743
7966.pgm,10000,65536,33552,51.1963,0.03414,0.076538,59.292,0.999891
7967.pgm,10000,65536,19808,30.2246,0.0316,0.076752,59.2799,0.999801
7979.pgm,10000,65536,14528,22.168,0.16661,0.076569,59.2903,0.999768
7982.pgm,10000,65536,15024,22.9248,0.04276,0.076294,59.3059,0.999809
7984.pgm,10000,65536,17920,27.3438,0.02349,0.075226,59.3671,0.999808
7986.pgm,10000,65536,10976,16.748,0.0195,0.075455,59.3539,0.999708
7988.pgm,10000,65536,13184,20.1172,0.01904,0.076782,59.2782,0.999725
7989.pgm,10000,65536,13216,20.166,0.02287,0.075867,59.3303,0.999761
7990.pgm,10000,65536,14656,22.3633,0.02252,0.07634,59.3033,0.999808
7992.pgm,10000,65536,10592,16.1621,0.02271,0.07634,59.3033,0.999646
7993.pgm,10000,65536,13760,20.9961,0.02345,0.076141,59.3146,0.99978
7995.pgm,10000,65536,25376,38.7207,0.02851,0.075989,59.3233,0.999741
7996.pgm,10000,65536,28480,43.457,0.03598,0.077881,59.2165,0.999752
7997.pgm,10000,65536,28288,43.1641,0.04351,0.076324,59.3042,0.999652
7998.pgm,10000,65536,28464,43.4326,0.05517,0.075317,59.3619,0.999765
7999.pgm,10000,65536,28384,43.3105,0.05545,0.075958,59.3251,0.999808
8000.pgm,10000,65536,32880,50.1709,0.04693,0.077133,59.2584,0.999755
8002.pgm,10000,65536,11360,17.334,0.03564,0.075363,59.3592,0.999731
8003.pgm,10000,65536,15056,22.9736,0.0335,0.07608,59.3181,0.999767
8004.pgm,10000,65536,13584,20.7275,0.03319,0.075119,59.3733,0.999786
8006.pgm,10000,65536,13808,21.0693,0.03987,0.075714,59.339,0.9998
8007.pgm,10000,65536,18480,28.1982,0.06424,0.077499,59.2378,0.999845
8014.pgm,10000,65536,16800,25.6348,0.05861,0.076721,59.2817,0.999842
8015.pgm,10000,65536,19440,29.6631,0.08344,0.076614,59.2877,0.999827
8016.pgm,10000,65536,10112,15.4297,0.16069,0.076233,59.3094,0.99976
8017.pgm,10000,65536,22576,34.4482,0.0819,0.075165,59.3707,0.999841
8019.pgm,10000,65536,10992,16.7725,0.04071,0.076309,59.305,0.999795
8022.pgm,10000,65536,29216,44.5801,0.03713,0.076599,59.2886,0.999672
8023.pgm,10000,65536,24240,36.9873,0.03319,0.076324,59.3042,0.999738
8024.pgm,10000,65536,28560,43.5791,0.0335,0.076904,59.2713,0.999661
8025.pgm,10000,65536,30384,46.3623,0.03506,0.077362,59.2455,0.999757
8027.pgm,10000,65536,26880,41.0156,0.04035,0.075821,59.3329,0.999826
8028.pgm,10000,65536,10528,16.0645,0.06473,0.07663,59.2868,0.9998
8029.pgm,10000,65536,11520,17.5781,0.05503,0.077255,59.2515,0.999792
8030.pgm,10000,65536,13728,20.9473,0.04789,0.077911,59.2148,0.999818
8031.pgm,10000,65536,12752,19.458,0.042,0.076981,59.267,0.999819
8032.pgm,10000,65536,41680,63.5986,0.04506,0.076599,59.2886,0.999843
8033.pgm,10000,65536,32512,49.6094,0.04563,0.074448,59.4123,0.999746
8034.pgm,10000,65536,34240,52.2461,0.04246,0.075974,59.3242,0.99976
8035.pgm,10000,65536,46592,71.0938,0.03945,0.077042,59.2635,0.999848
8037.pgm,10000,65536,25472,38.8672,0.03204,0.076599,59.2886,0.999826
8038.pgm,10000,65536,26752,40.8203,0.02927,0.075363,59.3592,0.999784
8039.pgm,10000,65536,19184,29.2725,0.02655,0.076431,59.2981,0.999714
8040.pgm,10000,65536,10080,15.3809,0.03102,0.076569,59.2903,0.999799
8041.pgm,10000,65536,19696,30.0537,0.02973,0.076584,59.2894,0.999806
8042.pgm,10000,65536,17664,26.9531,0.03253,0.075928,59.3268,0.999789
8043.pgm,10000,65536,15472,23.6084,0.03522,0.076096,59.3172,0.999783
8044.pgm,10000,65536,17136,26.1475,0.04232,0.075928,59.3268,0.999836
8045.pgm,10000,65536,30944,47.2168,0.05259,0.076935,59.2696,0.999825
8046.pgm,10000,65536,24176,36.8896,0.05165,0.075531,59.3496,0.99994
8047.pgm,10000,65536,20096,30.6641,0.07322,0.077438,59.2412,0.999871
8048.pgm,10000,65536,12192,18.6035,0.10285,0.0755,59.3513,0.999936
8053.pgm,10000,65536,24480,37.3535,0.05145,0.076752,59.2799,0.999855
8054.pgm,10000,65536,17872,27.2705,0.03771,0.075439,59.3548,0.999766
8055.pgm,10000,65536,17424,26.5869,0.03362,0.0755,59.3513,0.999769
8056.pgm,10000,65536,23440,35.7666,0.03204,0.076675,59.2842,0.999815
8057.pgm,10000,65536,12080,18.4326,0.02785,0.075562,59.3478,0.999766
8058.pgm,10000,65536,13488,20.5811,0.03445,0.077835,59.219,0.999719
8059.pgm,10000,65536,16576,25.293,0.02843,0.076859,59.2739,0.99972
8060.pgm,10000,65536,17440,26.6113,0.02816,0.074524,59.4078,0.999698
8061.pgm,10000,65536,15632,23.8525,0.0248,0.077011,59.2653,0.999818
8062.pgm,10000,65536,40384,61.6211,0.02862,0.076813,59.2765,0.99985
8063.pgm,10000,65536,28848,44.0186,0.02934,0.076599,59.2886,0.999787
8064.pgm,10000,65536,22288,34.0088,0.03241,0.076187,59.312,0.999832
8065.pgm,10000,65536,26464,40.3809,0.03755,0.076279,59.3068,0.999868
8066.pgm,10000,65536,33120,50.5371,0.04781,0.07579,59.3347,0.999719
8067.pgm,10000,65536,21888,33.3984,0.05359,0.074783,59.3928,0.999864
8068.pgm,10000,65536,36608,55.8594,0.05505,0.078033,59.208,0.999836
8069.pgm,10000,65536,33440,51.0254,0.04545,0.076004,59.3224,0.999854
8070.pgm,10000,65536,25328,38.6475,0.04198,0.077103,59.2601,0.999884
8071.pgm,10000,65536,28720,43.8232,0.03387,0.076813,59.2765,0.999866
8072.pgm,10000,65536,10672,16.2842,0.04798,0.076508,59.2938,0.999671
8073.pgm,10000,65536,16416,25.0488,0.14085,0.076416,59.299,0.999754
8074.pgm,10000,65536,44448,67.8223,0.03326,0.076859,59.2739,0.999865
8075.pgm,10000,65536,45936,70.0928,0.02541,0.075394,59.3575,0.99987
8076.pgm,10000,65536,36608,55.8594,0.02222,0.077225,59.2532,0.99989
8077.pgm,10000,65536,24016,36.6455,0.022,0.07608,59.3181,0.999771
8078.pgm,10000,65536,19392,29.5898,0.02743,0.077103,59.2601,0.999811
8079.pgm,10000,65536,29760,45.4102,0.19646,0.076584,59.2894,0.999817
8081.pgm,10000,65536,15824,24.1455,0.03083,0.076065,59.319,0.999852
8082.pgm,10000,65536,44688,68.1885,0.02652,0.075272,59.3645,0.999897
8083.pgm,10000,65536,18720,28.5645,0.01948,0.076294,59.3059,0.999787
8084.pgm,10000,65536,27424,41.8457,0.01908,0.074387,59.4159,0.999857
8085.pgm,10000,65536,39952,60.9619,0.02171,0.077133,59.2584,0.999867
8086.pgm,10000,65536,42496,64.8438,0.02455,0.078079,59.2054,0.999865
8087.pgm,10000,65536,41600,63.4766,0.02643,0.075684,59.3408,0.999835
8088.pgm,10000,65536,36128,55.127,0.02917,0.076447,59.2972,0.99982
8089.pgm,10000,65536,35104,53.5645,0.05346,0.076233,59.3094,0.999881
8090.pgm,10000,65536,32160,49.0723,0.09384,0.075378,59.3583,0.999898
8091.pgm,10000,65536,13280,20.2637,0.05896,0.076324,59.3042,0.999884
8092.pgm,10000,65536,28160,42.9688,0.04872,0.074738,59.3954,0.999859
8094.pgm,10000,65536,12272,18.7256,0.03388,0.076736,59.2808,0.999774
8095.pgm,10000,65536,13088,19.9707,0.03002,0.075897,59.3285,0.999814
8096.pgm,10000,65536,11872,18.1152,0.02814,0.075455,59.3539,0.999761
8098.pgm,10000,65536,16672,25.4395,0.02717,0.076294,59.3059,0.999755
8099.pgm,10000,65536,18000,27.4658,0.02687,0.076675,59.2842,0.999754
8100.pgm,10000,65536,17552,26.7822,0.02618,0.07634,59.3033,0.999754
8111.pgm,10000,65536,12304,18.7744,0.02511,0.076477,59.2955,0.99984
8112.pgm,10000,65536,16224,24.7559,0.02601,0.076584,59.2894,0.999864
8120.pgm,10000,65536,19744,30.127,0.03168,0.077255,59.2515,0.999739
8123.pgm,10000,65536,14896,22.7295,0.04723,0.076202,59.3111,0.999664
8124.pgm,10000,65536,14240,21.7285,0.08826,0.076157,59.3137,0.999786
8125.pgm,10000,65536,11152,17.0166,0.06489,0.076324,59.3042,0.999813
8126.pgm,10000,65536,40512,61.8164,0.05761,0.078003,59.2097,0.999655
8127.pgm,10000,65536,43680,66.6504,0.04776,0.076218,59.3102,0.999792
8128.pgm,10000,65536,33712,51.4404,0.03839,0.076141,59.3146,0.999759
8129.pgm,10000,65536,45744,69.7998,0.04053,0.075531,59.3496,0.999793
8130.pgm,10000,65536,38912,59.375,0.04284,0.075012,59.3795,0.999773
8131.pgm,10000,65536,20416,31.1523,0.03358,0.075287,59.3636,0.999845
8132.pgm,10000,65536,29600,45.166,0.03362,0.077133,59.2584,0.999865
8133.pgm,10000,65536,27664,42.2119,0.0336,0.077682,59.2276,0.999864
8134.pgm,10000,65536,23792,36.3037,0.035,0.077988,59.2105,0.999862
8135.pgm,10000,65536,20128,30.7129,0.04173,0.076584,59.2894,0.999857
8136.pgm,10000,65536,64592,98.5596,0.0847,0.075897,59.3285,0.999666
8137.pgm,10000,65536,65296,99.6338,0.21098,0.074921,59.3848,0.99974
8138.pgm,10000,65536,19344,29.5166,0.03846,0.075409,59.3566,0.999807
8139.pgm,10000,65536,22352,34.1064,0.02721,0.07515,59.3715,0.99983
8140.pgm,10000,65536,14672,22.3877,0.02106,0.075226,59.3671,0.999742
8141.pgm,10000,65536,25200,38.4521,0.02138,0.077164,59.2567,0.999685
8142.pgm,10000,65536,14848,22.6562,0.0199,0.076813,59.2765,0.999717
8144.pgm,10000,65536,44304,67.6025,0.02732,0.07663,59.2868,0.999698
8145.pgm,10000,65536,44128,67.334,0.03065,0.075485,59.3522,0.999782
8146.pgm,10000,65536,55680,84.9609,0.03705,0.075668,59.3417,0.999802
8147.pgm,10000,65536,47904,73.0957,0.0638,0.07547,59.3531,0.999795
8148.pgm,10000,65536,52880,80.6885,0.05834,0.07666,59.2851,0.999845
8149.pgm,10000,65536,53840,82.1533,0.2011,0.075974,59.3242,0.999853
8150.pgm,10000,65536,52768,80.5176,0.04853,0.07579,59.3347,0.999842
8151.pgm,10000,65536,51984,79.3213,0.03287,0.078049,59.2071,0.999835
8152.pgm,10000,65536,12624,19.2627,0.02221,0.076385,59.3007,0.99984
8153.pgm,10000,65536,16528,25.2197,0.02154,0.075348,59.3601,0.999684
8156.pgm,10000,65536,11984,18.2861,0.02083,0.074966,59.3821,0.999678
8157.pgm,10000,65536,12640,19.2871,0.02342,0.076218,59.3102,0.999706
8158.pgm,10000,65536,10736,16.3818,0.02492,0.077362,59.2455,0.999641
8159.pgm,10000,65536,13664,20.8496,0.02749,0.076904,59.2713,0.999727
8164.pgm,10000,65536,30272,46.1914,0.04008,0.077896,59.2156,0.999897
8165.pgm,10000,65536,31456,47.998,0.17245,0.076309,59.305,0.999901
8166.pgm,10000,65536,23696,36.1572,0.02937,0.074387,59.4159,0.999887
8167.pgm,10000,65536,43232,65.9668,0.0241,0.075592,59.346,0.99992
8168.pgm,10000,65536,35904,54.7852,0.01924,0.076416,59.299,0.999861
8169.pgm,10000,65536,19440,29.6631,0.01679,0.076569,59.2903,0.999841
8170.pgm,10000,65536,20880,31.8604,0.01905,0.075104,59.3742,0.999841
8171.pgm,10000,65536,22608,34.4971,0.02148,0.075745,59.3373,0.999798
8172.pgm,10000,65536,22096,33.7158,0.02328,0.075226,59.3671,0.999766
8173.pgm,10000,65536,57200,87.2803,0.03153,0.075104,59.3742,0.999786
8174.pgm,10000,65536,64432,98.3154,0.04111,0.075165,59.3707,0.999956
8175.pgm,10000,65536,38880,59.3262,0.06809,0.076004,59.3224,0.999878
8176.pgm,10000,65536,37616,57.3975,0.22216,0.076447,59.2972,0.999872
8177.pgm,10000,65536,48768,74.4141,0.03903,0.075562,59.3478,0.999897
8178.pgm,10000,65536,37488,57.2021,0.02711,0.075974,59.3242,0.99983
8179.pgm,10000,65536,37840,57.7393,0.02412,0.075073,59.376,0.99989
8180.pgm,10000,65536,52096,79.4922,0.0247,0.076248,59.3085,0.999824
8181.pgm,10000,65536,22496,34.3262,0.02131,0.076385,59.3007,0.999734
8182.pgm,10000,65536,14320,21.8506,0.02367,0.076538,59.292,0.999849
8183.pgm,10000,65536,25920,39.5508,0.16405,0.074844,59.3892,0.999785
8184.pgm,10000,65536,36080,55.0537,0.04685,0.076523,59.2929,0.999826
8185.pgm,10000,65536,43984,67.1143,0.02792,0.075623,59.3443,0.999886
8186.pgm,10000,65536,13584,20.7275,0.0265,0.076813,59.2765,0.999786
8187.pgm,10000,65536,15488,23.6328,0.024,0.076813,59.2765,0.999833
8188.pgm,10000,65536,48768,74.4141,0.02134,0.076294,59.3059,0.999864
8189.pgm,10000,65536,13536,20.6543,0.01895,0.077118,59.2593,0.999811
8190.pgm,10000,65536,18336,27.9785,0.02157,0.076813,59.2765,0.999863
8191.pgm,10000,65536,16576,25.293,0.02778,0.07637,59.3016,0.999738
8192.pgm,10000,65536,12336,18.8232,0.18141,0.0755,59.3513,0.999613
8193.pgm,10000,65536,12448,18.9941,0.03659,0.075592,59.346,0.999801
8194.pgm,10000,65536,25808,39.3799,0.0253,0.077118,59.2593,0.999799
8195.pgm,10000,65536,41568,63.4277,0.02283,0.077286,59.2498,0.999834
8196.pgm,10000,65536,21280,32.4707,0.01839,0.075546,59.3487,0.999848
8197.pgm,10000,65536,39696,60.5713,0.02206,0.077209,59.2541,0.999882
8198.pgm,10000,65536,51776,79.0039,0.02392,0.076004,59.3224,0.999897
8201.pgm,10000,65536,19760,30.1514,0.02093,0.076981,59.267,0.999711
8202.pgm,10000,65536,22880,34.9121,0.02155,0.075333,59.361,0.999805
8203.pgm,10000,65536,41216,62.8906,0.02684,0.076218,59.3102,0.999869
8204.pgm,10000,65536,45568,69.5312,0.04701,0.075623,59.3443,0.999903
8205.pgm,10000,65536,45776,69.8486,0.19775,0.076828,59.2756,0.999908
8206.pgm,10000,65536,44768,68.3105,0.03428,0.075134,59.3724,0.999913
8207.pgm,10000,65536,14128,21.5576,0.02146,0.077896,59.2156,0.999718
8208.pgm,10000,65536,15488,23.6328,0.01835,0.076035,59.3207,0.999821
8209.pgm,10000,65536,14512,22.1436,0.017,0.076721,59.2817,0.99978
8210.pgm,10000,65536,10896,16.626,0.0202,0.076553,59.2912,0.999816
8212.pgm,10000,65536,33488,51.0986,0.02416,0.076355,59.3024,0.999803
8213.pgm,10000,65536,40960,62.5,0.02607,0.076675,59.2842,0.999879
8214.pgm,10000,65536,23984,36.5967,0.02915,0.075226,59.3671,0.999761
8215.pgm,10000,65536,23424,35.7422,0.03126,0.075653,59.3425,0.999826
8216.pgm,10000,65536,57136,87.1826,0.04594,0.074875,59.3874,0.999862
8217.pgm,10000,65536,55360,84.4727,0.08102,0.076462,59.2964,0.999904
8218.pgm,10000,65536,57440,87.6465,0.08734,0.074066,59.4346,0.999884
8219.pgm,10000,65536,58144,88.7207,0.05018,0.076172,59.3129,0.999872
8220.pgm,10000,65536,58848,89.7949,0.04196,0.075302,59.3627,0.999887
8221.pgm,10000,65536,55568,84.79,0.04361,0.075394,59.3575,0.99982
8222.pgm,10000,65536,51712,78.9062,0.20462,0.076431,59.2981,0.999915
8223.pgm,10000,65536,28608,43.6523,0.06389,0.076492,59.2946,0.99982
8224.pgm,10000,65536,64832,98.9258,0.0565,0.076843,59.2747,0.99991
8225.pgm,10000,65536,57392,87.5732,0.03898,0.075882,59.3294,0.999878
8226.pgm,10000,65536,53936,82.2998,0.03377,0.076859,59.2739,0.999846
8227.pgm,10000,65536,34128,52.0752,0.02739,0.07724,59.2524,0.999847
8228.pgm,10000,65536,37200,56.7627,0.02602,0.07637,59.3016,0.999887
8229.pgm,10000,65536,26928,41.0889,0.02454,0.076218,59.3102,0.999755
8232.pgm,10000,65536,30128,45.9717,0.02641,0.07489,59.3866,0.999841
8235.pgm,10000,65536,10864,16.5771,0.18027,0.076874,59.273,0.999754
8236.pgm,10000,65536,28784,43.9209,0.04787,0.075058,59.3768,0.999886
8237.pgm,10000,65536,21776,33.2275,0.02509,0.076233,59.3094,0.99979
8238.pgm,10000,65536,24752,37.7686,0.02191,0.077103,59.2601,0.999837
8239.pgm,10000,65536,12048,18.3838,0.01917,0.077133,59.2584,0.999596
8240.pgm,10000,65536,29728,45.3613,0.01983,0.075409,59.3566,0.999773
8241.pgm,10000,65536,22528,34.375,0.01896,0.074829,59.3901,0.99976
8242.pgm,10000,65536,24560,37.4756,0.01902,0.076126,59.3155,0.999762
8243.pgm,10000,65536,27424,41.8457,0.02585,0.076111,59.3163,0.999822
8244.pgm,10000,65536,21968,33.5205,0.04049,0.076279,59.3068,0.999808
8245.pgm,10000,65536,36528,55.7373,0.18329,0.075989,59.3233,0.999857
8246.pgm,10000,65536,20032,30.5664,0.03232,0.076477,59.2955,0.999763
8247.pgm,10000,65536,17088,26.0742,0.02189,0.076843,59.2747,0.999873
8248.pgm,10000,65536,25312,38.623,0.02054,0.075806,59.3338,0.999736
8252.pgm,10000,65536,16240,24.7803,0.01748,0.076385,59.3007,0.999699
8253.pgm,10000,65536,14768,22.5342,0.01665,0.076523,59.2929,0.999737
8254.pgm,10000,65536,15472,23.6084,0.01627,0.075012,59.3795,0.999749
8255.pgm,10000,65536,10416,15.8936,0.02151,0.076447,59.2972,0.999861
8256.pgm,10000,65536,41360,63.1104,0.03928,0.076736,59.2808,0.999857
8258.pgm,10000,65536,21840,33.3252,0.20107,0.075577,59.3469,0.999774
8259.pgm,10000,65536,21520,32.8369,0.03964,0.076401,59.2998,0.999776
8260.pgm,10000,65536,36192,55.2246,0.02627,0.075958,59.3251,0.999792
8261.pgm,10000,65536,42272,64.502,0.02323,0.076157,59.3137,0.999806
8262.pgm,10000,65536,38512,58.7646,0.01903,0.076721,59.2817,0.999749
8263.pgm,10000,65536,38992,59.4971,0.02147,0.077072,59.2618,0.999755
8264.pgm,10000,65536,44432,67.7979,0.02416,0.076706,59.2825,0.999819
8265.pgm,10000,65536,29728,45.3613,0.02105,0.076813,59.2765,0.999708
8266.pgm,10000,65536,23232,35.4492,0.02336,0.075607,59.3452,0.999802
8267.pgm,10000,65536,20512,31.2988,0.02589,0.075439,59.3548,0.99978
8268.pgm,10000,65536,22688,34.6191,0.03673,0.074936,59.3839,0.99981
8269.pgm,10000,65536,39440,60.1807,0.18294,0.076126,59.3155,0.99985
8270.pgm,10000,65536,22128,33.7646,0.04957,0.07637,59.3016,0.999763
8271.pgm,10000,65536,20800,31.7383,0.03894,0.077011,59.2653,0.999763
8272.pgm,10000,65536,40080,61.1572,0.03902,0.076981,59.267,0.999853
8273.pgm,10000,65536,33152,50.5859,0.03429,0.075958,59.3251,0.999804
8274.pgm,10000,65536,39904,60.8887,0.03397,0.075638,59.3434,0.999826
8276.pgm,10000,65536,11664,17.7979,0.02909,0.075775,59.3355,0.999701
8277.pgm,10000,65536,17776,27.124,0.02959,0.076248,59.3085,0.999806
8278.pgm,10000,65536,14352,21.8994,0.02788,0.07666,59.2851,0.999617
8279.pgm,10000,65536,19504,29.7607,0.02751,0.07756,59.2344,0.999676
8280.pgm,10000,65536,11072,16.8945,0.02838,0.077026,59.2644,0.999808
8284.pgm,10000,65536,38768,59.1553,0.06596,0.07637,59.3016,0.99985
8285.pgm,10000,65536,37440,57.1289,0.12924,0.074738,59.3954,0.999812
8288.pgm,10000,65536,12704,19.3848,0.03797,0.077042,59.2635,0.999902
8289.pgm,10000,65536,12336,18.8232,0.03084,0.076447,59.2972,0.999906
8290.pgm,10000,65536,10928,16.6748,0.02861,0.076462,59.2964,0.99991
8291.pgm,10000,65536,24992,38.1348,0.02998,0.075333,59.361,0.999903
8292.pgm,10000,65536,29728,45.3613,0.0293,0.076782,59.2782,0.999876
8293.pgm,10000,65536,28784,43.9209,0.02915,0.076584,59.2894,0.99987
8294.pgm,10000,65536,34048,51.9531,0.03217,0.076874,59.273,0.999904
8296.pgm,10000,65536,24064,36.7188,0.03746,0.076752,59.2799,0.999732
8297.pgm,10000,65536,28000,42.7246,0.04371,0.075897,59.3285,0.999769
8298.pgm,10000,65536,18800,28.6865,0.04198,0.076385,59.3007,0.999651
8300.pgm,10000,65536,27296,41.6504,0.04501,0.076736,59.2808,0.999772
8301.pgm,10000,65536,39168,59.7656,0.07161,0.07637,59.3016,0.999864
8302.pgm,10000,65536,55808,85.1562,0.13166,0.074661,59.3999,0.999828
8303.pgm,10000,65536,59824,91.2842,0.07321,0.077728,59.225,0.999852
8304.pgm,10000,65536,49552,75.6104,0.04632,0.075714,59.339,0.999796
8305.pgm,10000,65536,60864,92.8711,0.04243,0.07663,59.2868,0.999887
8306.pgm,10000,65536,49728,75.8789,0.03631,0.077042,59.2635,0.999784
8307.pgm,10000,65536,49184,75.0488,0.03417,0.075073,59.376,0.999831
8308.pgm,10000,65536,54432,83.0566,0.13838,0.077835,59.219,0.999785
8309.pgm,10000,65536,52544,80.1758,0.05579,0.077438,59.2412,0.999814
8310.pgm,10000,65536,25088,38.2812,0.02433,0.075165,59.3707,0.999824
8311.pgm,10000,65536,56976,86.9385,0.02314,0.075012,59.3795,0.999886
8312.pgm,10000,65536,55760,85.083,0.0251,0.074829,59.3901,0.999885
8313.pgm,10000,65536,52928,80.7617,0.02821,0.076691,59.2834,0.999824
8314.pgm,10000,65536,25904,39.5264,0.11516,0.076065,59.319,0.999815
8315.pgm,10000,65536,49776,75.9521,0.06265,0.076401,59.2998,0.999811
8316.pgm,10000,65536,50480,77.0264,0.02936,0.07608,59.3181,0.999803
8317.pgm,10000,65536,57408,87.5977,0.02466,0.07608,59.3181,0.999841
8318.pgm,10000,65536,56864,86.7676,0.02519,0.075714,59.339,0.999837
8319.pgm,10000,65536,56096,85.5957,0.03075,0.075851,59.3312,0.999834
8320.pgm,10000,65536,47936,73.1445,0.15084,0.075058,59.3768,0.999797
8321.pgm,10000,65536,48944,74.6826,0.05315,0.075668,59.3417,0.99976
8322.pgm,10000,65536,51520,78.6133,0.03041,0.075684,59.3408,0.999781
8323.pgm,10000,65536,59920,91.4307,0.02633,0.076843,59.2747,0.999808
8324.pgm,10000,65536,45552,69.5068,0.02328,0.076996,59.2661,0.999793
8325.pgm,10000,65536,43104,65.7715,0.02225,0.076355,59.3024,0.999812
8326.pgm,10000,65536,57520,87.7686,0.02697,0.077499,59.2378,0.999837
8327.pgm,10000,65536,53952,82.3242,0.03097,0.075836,59.332,0.999816
8328.pgm,10000,65536,48736,74.3652,0.03864,0.076157,59.3137,0.999928
8329.pgm,10000,65536,51104,77.9785,0.0844,0.076935,59.2696,0.999802
8330.pgm,10000,65536,27360,41.748,0.08426,0.077026,59.2644,0.999841
8331.pgm,10000,65536,10544,16.0889,0.02495,0.076599,59.2886,0.999857
8332.pgm,10000,65536,34400,52.4902,0.02234,0.075714,59.339,0.999701
8333.pgm,10000,65536,36048,55.0049,0.02086,0.07692,59.2704,0.99971
8334.pgm,10000,65536,60160,91.7969,0.02336,0.076599,59.2886,0.999833
8335.pgm,10000,65536,23936,36.5234,0.02453,0.075851,59.3312,0.999898
8336.pgm,10000,65536,49840,76.0498,0.19617,0.076126,59.3155,0.999835
8340.pgm,10000,65536,10736,16.3818,0.03801,0.077484,59.2387,0.999652
8341.pgm,10000,65536,22000,33.5693,0.02479,0.076721,59.2817,0.999803
8342.pgm,10000,65536,12304,18.7744,0.02066,0.075989,59.3233,0.999799
8343.pgm,10000,65536,12720,19.4092,0.02006,0.076569,59.2903,0.999762
8344.pgm,10000,65536,16672,25.4395,0.01971,0.076889,59.2722,0.999802
8345.pgm,10000,65536,41168,62.8174,0.02319,0.076065,59.319,0.999797
8346.pgm,10000,65536,47904,73.0957,0.02609,0.076614,59.2877,0.999768
8347.pgm,10000,65536,13024,19.873,0.02441,0.075439,59.3548,0.999792
8348.pgm,10000,65536,14160,21.6064,0.0401,0.07811,59.2038,0.99979
8349.pgm,10000,65536,16640,25.3906,0.14458,0.075241,59.3663,0.99979
8350.pgm,10000,65536,31904,48.6816,0.03017,0.076111,59.3163,0.999885
8351.pgm,10000,65536,36800,56.1523,0.02318,0.076508,59.2938,0.999901
8352.pgm,10000,65536,40608,61.9629,0.02073,0.076813,59.2765,0.999918
8353.pgm,10000,65536,42256,64.4775,0.02018,0.076141,59.3146,0.999592
8354.pgm,10000,65536,42384,64.6729,0.01871,0.076614,59.2877,0.999882
8355.pgm,10000,65536,42736,65.21,0.0191,0.076859,59.2739,0.999881
8356.pgm,10000,65536,41744,63.6963,0.02028,0.077286,59.2498,0.999891
8357.pgm,10000,65536,40960,62.5,0.02481,0.076263,59.3076,0.999874
8358.pgm,10000,65536,24544,37.4512,0.02697,0.07663,59.2868,0.999842
8359.pgm,10000,65536,24368,37.1826,0.04265,0.076218,59.3102,0.999884
8360.pgm,10000,65536,15296,23.3398,0.19146,0.076904,59.2713,0.999798
8361.pgm,10000,65536,17280,26.3672,0.03396,0.076767,59.2791,0.999795
8364.pgm,10000,65536,11232,17.1387,0.02292,0.075851,59.3312,0.999764
8365.pgm,10000,65536,20256,30.9082,0.02154,0.076782,59.2782,0.99987
8366.pgm,10000,65536,19616,29.9316,0.02045,0.076599,59.2886,0.999853
8367.pgm,10000,65536,17552,26.7822,0.02,0.076935,59.2696,0.999825
8368.pgm,10000,65536,17632,26.9043,0.02022,0.075653,59.3425,0.999804
8369.pgm,10000,65536,13472,20.5566,0.02206,0.078125,59.2029,0.999742
8370.pgm,10000,65536,28688,43.7744,0.03123,0.076996,59.2661,0.999835
8371.pgm,10000,65536,32032,48.877,0.15616,0.075516,59.3504,0.999846
8372.pgm,10000,65536,21904,33.4229,0.04,0.076187,59.312,0.999854
8373.pgm,10000,65536,24016,36.6455,0.02621,0.07724,59.2524,0.999841
8374.pgm,10000,65536,25296,38.5986,0.02206,0.07608,59.3181,0.99975
8375.pgm,10000,65536,18592,28.3691,0.02003,0.07666,59.2851,0.99986
8378.pgm,10000,65536,21056,32.1289,0.02261,0.076782,59.2782,0.999786
8382.pgm,10000,65536,61296,93.5303,0.03445,0.075073,59.376,0.99986
8383.pgm,10000,65536,60048,91.626,0.18818,0.076218,59.3102,0.999897
8384.pgm,10000,65536,22800,34.79,0.04198,0.076233,59.3094,0.999904
8385.pgm,10000,65536,17504,26.709,0.02298,0.076569,59.2903,0.999873
8386.pgm,10000,65536,31456,47.998,0.0217,0.077881,59.2165,0.999882
8387.pgm,10000,65536,30096,45.9229,0.02059,0.076157,59.3137,0.999888
8388.pgm,10000,65536,15680,23.9258,0.01904,0.076035,59.3207,0.999836
8389.pgm,10000,65536,23824,36.3525,0.02301,0.076935,59.2696,0.999864
8390.pgm,10000,65536,15984,24.3896,0.02661,0.076141,59.3146,0.999826
8391.pgm,10000,65536,17520,26.7334,0.03716,0.076874,59.273,0.99977
8392.pgm,10000,65536,10352,15.7959,0.17617,0.076279,59.3068,0.999654
8393.pgm,10000,65536,15136,23.0957,0.04345,0.076752,59.2799,0.999676
8394.pgm,10000,65536,12864,19.6289,0.02448,0.076401,59.2998,0.999708
8395.pgm,10000,65536,10960,16.7236,0.01981,0.077057,59.2627,0.999735
8396.pgm,10000,65536,27152,41.4307,0.01962,0.076996,59.2661,0.999771
8397.pgm,10000,65536,26784,40.8691,0.02211,0.077347,59.2464,0.999775
8398.pgm,10000,65536,14752,22.5098,0.02466,0.07515,59.3715,0.999803
8399.pgm,10000,65536,15120,23.0713,0.02568,0.077209,59.2541,0.9998
8403.pgm,10000,65536,10432,15.918,0.04169,0.076996,59.2661,0.999544
8404.pgm,10000,65536,16192,24.707,0.17653,0.074677,59.399,0.999713
8407.pgm,10000,65536,11040,16.8457,0.03071,0.077591,59.2327,0.999903
8408.pgm,10000,65536,11232,17.1387,0.02192,0.076202,59.3111,0.999799
8409.pgm,10000,65536,12256,18.7012,0.01863,0.076492,59.2946,0.999798
8410.pgm,10000,65536,17232,26.2939,0.01769,0.075989,59.3233,0.999821
8411.pgm,10000,65536,17024,25.9766,0.01663,0.075104,59.3742,0.999819
8412.pgm,10000,65536,11792,17.9932,0.01743,0.076691,59.2834,0.999832
8413.pgm,10000,65536,24240,36.9873,0.01932,0.07666,59.2851,0.999805
8414.pgm,10000,65536,28576,43.6035,0.0201,0.075806,59.3338,0.999846
8415.pgm,10000,65536,16416,25.0488,0.02134,0.075684,59.3408,0.999761
8416.pgm,10000,65536,22992,35.083,0.03217,0.075607,59.3452,0.999829
8418.pgm,10000,65536,40544,61.8652,0.20804,0.075928,59.3268,0.999807
8419.pgm,10000,65536,36416,55.5664,0.0434,0.076431,59.2981,0.999816
8420.pgm,10000,65536,36368,55.4932,0.02647,0.074905,59.3857,0.999771
8421.pgm,10000,65536,37664,57.4707,0.02181,0.076233,59.3094,0.999842
8422.pgm,10000,65536,35040,53.4668,0.01966,0.075211,59.368,0.999901
8423.pgm,10000,65536,12144,18.5303,0.01896,0.076492,59.2946,0.999758
8424.pgm,10000,65536,24624,37.5732,0.02242,0.076569,59.2903,0.99981
8425.pgm,10000,65536,28016,42.749,0.02577,0.075867,59.3303,0.999797
8426.pgm,10000,65536,27136,41.4062,0.03461,0.077484,59.2387,0.999827
8427.pgm,10000,65536,29312,44.7266,0.20302,0.076782,59.2782,0.999853
8428.pgm,10000,65536,38912,59.375,0.03771,0.076279,59.3068,0.999862
8429.pgm,10000,65536,16896,25.7812,0.02232,0.076187,59.312,0.999811
8432.pgm,10000,65536,43712,66.6992,0.02436,0.075684,59.3408,0.999885
8433.pgm,10000,65536,29568,45.1172,0.02184,0.075882,59.3294,0.999868
8434.pgm,10000,65536,32912,50.2197,0.0256,0.077087,59.261,0.999728
8435.pgm,10000,65536,22368,34.1309,0.03225,0.075256,59.3654,0.999725
8436.pgm,10000,65536,28528,43.5303,0.19676,0.075806,59.3338,0.999772
8437.pgm,10000,65536,13152,20.0684,0.0382,0.074707,59.3972,0.999716
8438.pgm,10000,65536,43488,66.3574,0.02775,0.075546,59.3487,0.999874
8439.pgm,10000,65536,37904,57.8369,0.02185,0.078293,59.1936,0.999847
8440.pgm,10000,65536,44176,67.4072,0.02282,0.07666,59.2851,0.99983
8442.pgm,10000,65536,17488,26.6846,0.01925,0.077087,59.261,0.999757
8443.pgm,10000,65536,29488,44.9951,0.01982,0.075226,59.3671,0.999861
8444.pgm,10000,65536,30992,47.29,0.02028,0.074814,59.391,0.999903
8445.pgm,10000,65536,33056,50.4395,0.02257,0.076813,59.2765,0.999912
8446.pgm,10000,65536,30864,47.0947,0.02806,0.076324,59.3042,0.999866
8447.pgm,10000,65536,16400,25.0244,0.04435,0.075531,59.3496,0.999794
8448.pgm,10000,65536,29696,45.3125,0.17521,0.076523,59.2929,0.999817
8449.pgm,10000,65536,30912,47.168,0.0579,0.07666,59.2851,0.999866
8450.pgm,10000,65536,38544,58.8135,0.04533,0.074463,59.4114,0.999897
8451.pgm,10000,65536,22816,34.8145,0.03723,0.07579,59.3347,0.999872
8452.pgm,10000,65536,18704,28.54,0.03458,0.076935,59.2696,0.999668
8453.pgm,10000,65536,17328,26.4404,0.03434,0.075836,59.332,0.999852
8454.pgm,10000,65536,18768,28.6377,0.03528,0.076141,59.3146,0.99985
8455.pgm,10000,65536,26560,40.5273,0.06602,0.076782,59.2782,0.999846
8456.pgm,10000,65536,22816,34.8145,0.11706,0.076401,59.2998,0.999842
8457.pgm,10000,65536,17664,26.9531,0.07289,0.074997,59.3804,0.999722
8458.pgm,10000,65536,17664,26.9531,0.05248,0.076752,59.2799,0.999776
8459.pgm,10000,65536,20320,31.0059,0.04248,0.075974,59.3242,0.999757
8460.pgm,10000,65536,27120,41.3818,0.03965,0.075623,59.3443,0.999857
8461.pgm,10000,65536,43520,66.4062,0.0485,0.076431,59.2981,0.999834
8462.pgm,10000,65536,51520,78.6133,0.0584,0.075897,59.3285,0.999899
8463.pgm,10000,65536,13920,21.2402,0.04387,0.075562,59.3478,0.999893
8464.pgm,10000,65536,40032,61.084,0.04757,0.077469,59.2395,0.999789
8465.pgm,10000,65536,38208,58.3008,0.04172,0.076889,59.2722,0.999839
8466.pgm,10000,65536,16016,24.4385,0.0354,0.076874,59.273,0.999736
8467.pgm,10000,65536,41184,62.8418,0.04151,0.076309,59.305,0.999763
8469.pgm,10000,65536,43056,65.6982,0.0418,0.075546,59.3487,0.999853
8475.pgm,10000,65536,18176,27.7344,0.03131,0.076218,59.3102,0.999758
8476.pgm,10000,65536,22496,34.3262,0.02977,0.076431,59.2981,0.99975
8477.pgm,10000,65536,54192,82.6904,0.03627,0.075546,59.3487,0.999892
8479.pgm,10000,65536,12816,19.5557,0.03113,0.075851,59.3312,0.999662
8480.pgm,10000,65536,13200,20.1416,0.04046,0.075104,59.3742,0.99979
8481.pgm,10000,65536,12960,19.7754,0.04797,0.076782,59.2782,0.99971
8482.pgm,10000,65536,18032,27.5146,0.06083,0.075989,59.3233,0.999715
8483.pgm,10000,65536,14704,22.4365,0.05348,0.075165,59.3707,0.999727
8484.pgm,10000,65536,19424,29.6387,0.05219,0.075485,59.3522,0.99972
8485.pgm,10000,65536,22336,34.082,0.17364,0.075882,59.3294,0.999731
8486.pgm,10000,65536,24912,38.0127,0.04069,0.076721,59.2817,0.999724
8487.pgm,10000,65536,33664,51.3672,0.02612,0.076218,59.3102,0.999711
8488.pgm,10000,65536,25168,38.4033,0.02225,0.076797,59.2773,0.999743
8489.pgm,10000,65536,30032,45.8252,0.02108,0.07756,59.2344,0.999726
8490.pgm,10000,65536,11664,17.7979,0.01928,0.07785,59.2182,0.999689
8498.pgm,10000,65536,10624,16.2109,0.02067,0.07666,59.2851,0.999753
8499.pgm,10000,65536,23984,36.5967,0.0268,0.076736,59.2808,0.999637
8500.pgm,10000,65536,23920,36.499,0.03926,0.077072,59.2618,0.99971
8501.pgm,10000,65536,25456,38.8428,0.07573,0.076843,59.2747,0.999754
8502.pgm,10000,65536,22976,35.0586,0.11511,0.076233,59.3094,0.999665
8503.pgm,10000,65536,27872,42.5293,0.06635,0.076141,59.3146,0.999682
8504.pgm,10000,65536,25296,38.5986,0.04671,0.075745,59.3373,0.999703
8505.pgm,10000,65536,27120,41.3818,0.03913,0.077606,59.2318,0.999679
8506.pgm,10000,65536,41728,63.6719,0.03723,0.076736,59.2808,0.999909
8507.pgm,10000,65536,40368,61.5967,0.03607,0.077469,59.2395,0.999926
8508.pgm,10000,65536,44512,67.9199,0.03674,0.075623,59.3443,0.999914
8509.pgm,10000,65536,22800,34.79,0.03433,0.076477,59.2955,0.999823
8510.pgm,10000,65536,48736,74.3652,0.04343,0.075607,59.3452,0.999827
8511.pgm,10000,65536,52000,79.3457,0.05882,0.075836,59.332,0.999896
8512.pgm,10000,65536,32304,49.292,0.16103,0.077209,59.2541,0.999858
8513.pgm,10000,65536,28880,44.0674,0.03206,0.076782,59.2782,0.999825
8514.pgm,10000,65536,25024,38.1836,0.02276,0.076279,59.3068,0.999868
8515.pgm,10000,65536,36864,56.25,0.02011,0.075928,59.3268,0.999877
8516.pgm,10000,65536,26080,39.7949,0.01734,0.076859,59.2739,0.99986
8517.pgm,10000,65536,47536,72.5342,0.0187,0.074677,59.399,0.999878
8518.pgm,10000,65536,34320,52.3682,0.01983,0.076965,59.2679,0.999741
8519.pgm,10000,65536,42832,65.3564,0.02322,0.075638,59.3434,0.999884
8520.pgm,10000,65536,39488,60.2539,0.02156,0.077469,59.2395,0.999896
8521.pgm,10000,65536,38272,58.3984,0.02242,0.076004,59.3224,0.999898
8522.pgm,10000,65536,37584,57.3486,0.02624,0.077454,59.2404,0.999855
8523.pgm,10000,65536,32192,49.1211,0.03447,0.075607,59.3452,0.999879
8524.pgm,10000,65536,28432,43.3838,0.21319,0.07663,59.2868,0.999818
8525.pgm,10000,65536,33520,51.1475,0.03716,0.0755,59.3513,0.999841
8526.pgm,10000,65536,37536,57.2754,0.02546,0.076538,59.292,0.999877
8527.pgm,10000,65536,53344,81.3965,0.02509,0.07753,59.2361,0.999911
8528.pgm,10000,65536,39056,59.5947,0.02624,0.076584,59.2894,0.9999
8529.pgm,10000,65536,31056,47.3877,0.03509,0.076248,59.3085,0.999845
8530.pgm,10000,65536,33952,51.8066,0.1852,0.076889,59.2722,0.99989
8531.pgm,10000,65536,31424,47.9492,0.03242,0.076538,59.292,0.999901
8532.pgm,10000,65536,41968,64.0381,0.03573,0.076477,59.2955,0.999909
8533.pgm,10000,65536,33008,50.3662,0.02325,0.077866,59.2173,0.999779
8534.pgm,10000,65536,31808,48.5352,0.02804,0.075836,59.332,0.999813
8535.pgm,10000,65536,55280,84.3506,0.20561,0.075378,59.3583,0.999901
8536.pgm,10000,65536,36272,55.3467,0.04533,0.07605,59.3198,0.999773
8537.pgm,10000,65536,34896,53.2471,0.02586,0.075226,59.3671,0.999797
8538.pgm,10000,65536,14144,21.582,0.01899,0.076355,59.3024,0.999845
8539.pgm,10000,65536,38592,58.8867,0.01988,0.077606,59.2318,0.99984
8541.pgm,10000,65536,21488,32.7881,0.02042,0.075897,59.3285,0.999886
8542.pgm,10000,65536,30928,47.1924,0.02358,0.075409,59.3566,0.999892
8543.pgm,10000,65536,23552,35.9375,0.02462,0.07692,59.2704,0.99987
8544.pgm,10000,65536,16624,25.3662,0.02707,0.077423,59.2421,0.999778
8545.pgm,10000,65536,15136,23.0957,0.1345,0.076874,59.273,0.999798
8546.pgm,10000,65536,29504,45.0195,0.06671,0.076218,59.3102,0.99988
8547.pgm,10000,65536,28608,43.6523,0.02814,0.076492,59.2946,0.999869
8548.pgm,10000,65536,16848,25.708,0.01968,0.074524,59.4078,0.999891
8551.pgm,10000,65536,16352,24.9512,0.01729,0.077164,59.2567,0.999882
8553.pgm,10000,65536,39280,59.9365,0.02172,0.075775,59.3355,0.999918
8554.pgm,10000,65536,36656,55.9326,0.02245,0.0755,59.3513,0.999916
8555.pgm,10000,65536,31008,47.3145,0.01976,0.077408,59.243,0.999902
8556.pgm,10000,65536,39712,60.5957,0.02168,0.075745,59.3373,0.999904
8557.pgm,10000,65536,19072,29.1016,0.01942,0.075363,59.3592,0.999882
8558.pgm,10000,65536,14688,22.4121,0.01984,0.075592,59.346,0.999794
8559.pgm,10000,65536,19808,30.2246,0.02523,0.077911,59.2148,0.999842
8560.pgm,10000,65536,25856,39.4531,0.0367,0.076569,59.2903,0.999859
8561.pgm,10000,65536,33472,51.0742,0.19499,0.077164,59.2567,0.999873
8562.pgm,10000,65536,33408,50.9766,0.03758,0.076431,59.2981,0.99987
8563.pgm,10000,65536,32896,50.1953,0.02332,0.07637,59.3016,0.999868
8564.pgm,10000,65536,32688,49.8779,0.02005,0.074722,59.3963,0.999859
8565.pgm,10000,65536,31168,47.5586,0.02058,0.077087,59.261,0.999843
8566.pgm,10000,65536,21776,33.2275,0.02165,0.077377,59.2447,0.999873
8567.pgm,10000,65536,20384,31.1035,0.04664,0.075272,59.3645,0.999884
8568.pgm,10000,65536,22432,34.2285,0.13664,0.074814,59.391,0.999893
8570.pgm,10000,65536,17792,27.1484,0.02921,0.074997,59.3804,0.999855
8571.pgm,10000,65536,11856,18.0908,0.0216,0.075531,59.3496,0.999771
8572.pgm,10000,65536,21552,32.8857,0.02111,0.076447,59.2972,0.999763
8573.pgm,10000,65536,21616,32.9834,0.02183,0.075027,59.3786,0.999769
8574.pgm,10000,65536,36080,55.0537,0.02375,0.076157,59.3137,0.999737
8575.pgm,10000,65536,35872,54.7363,0.02686,0.076721,59.2817,0.999798
8576.pgm,10000,65536,35456,54.1016,0.0423,0.075882,59.3294,0.999673
8577.pgm,10000,65536,32912,50.2197,0.1698,0.076752,59.2799,0.999711
8578.pgm,10000,65536,37200,56.7627,0.0371,0.076065,59.319,0.999768
8579.pgm,10000,65536,41744,63.6963,0.0262,0.075317,59.3619,0.999771
8580.pgm,10000,65536,28880,44.0674,0.01981,0.076416,59.299,0.999761
8581.pgm,10000,65536,29312,44.7266,0.01834,0.076675,59.2842,0.999768
8582.pgm,10000,65536,21360,32.5928,0.01887,0.075668,59.3417,0.999828
8583.pgm,10000,65536,21456,32.7393,0.02061,0.074738,59.3954,0.999843
8584.pgm,10000,65536,18752,28.6133,0.02158,0.076233,59.3094,0.999857
8585.pgm,10000,65536,17984,27.4414,0.02258,0.076172,59.3129,0.999718
8586.pgm,10000,65536,19952,30.4443,0.02325,0.07724,59.2524,0.999856
8587.pgm,10000,65536,18752,28.6133,0.03024,0.076736,59.2808,0.99987
8588.pgm,10000,65536,15776,24.0723,0.21019,0.076599,59.2886,0.99976
8589.pgm,10000,65536,15808,24.1211,0.04033,0.07634,59.3033,0.99975
8590.pgm,10000,65536,16624,25.3662,0.02475,0.075302,59.3627,0.999749
8591.pgm,10000,65536,34432,52.5391,0.02258,0.076538,59.292,0.999815
8592.pgm,10000,65536,35760,54.5654,0.02079,0.076141,59.3146,0.999912
8593.pgm,10000,65536,36288,55.3711,0.01995,0.076538,59.292,0.999907
8594.pgm,10000,65536,36304,55.3955,0.01997,0.077545,59.2353,0.999917
8595.pgm,10000,65536,33376,50.9277,0.02058,0.076385,59.3007,0.999879
8596.pgm,10000,65536,43760,66.7725,0.032,0.075806,59.3338,0.999951
8597.pgm,10000,65536,52608,80.2734,0.19418,0.076889,59.2722,0.999947
8598.pgm,10000,65536,25568,39.0137,0.047,0.076797,59.2773,0.999825
8599.pgm,10000,65536,27984,42.7002,0.02676,0.075363,59.3592,0.999825
8600.pgm,10000,65536,38432,58.6426,0.02308,0.07666,59.2851,0.999893
8601.pgm,10000,65536,38624,58.9355,0.02211,0.076477,59.2955,0.999888
8602.pgm,10000,65536,23952,36.5479,0.02273,0.076813,59.2765,0.999832
8603.pgm,10000,65536,26848,40.9668,0.02393,0.075378,59.3583,0.999904
8604.pgm,10000,65536,20672,31.543,0.02305,0.075363,59.3592,0.999845
8605.pgm,10000,65536,31968,48.7793,0.03724,0.076004,59.3224,0.999887
8608.pgm,10000,65536,34400,52.4902,0.19992,0.074768,59.3936,0.999852
8609.pgm,10000,65536,37776,57.6416,0.04709,0.077332,59.2472,0.999896
8610.pgm,10000,65536,41408,63.1836,0.02904,0.075851,59.3312,0.999882
8611.pgm,10000,65536,42416,64.7217,0.02467,0.076385,59.3007,0.999869
8612.pgm,10000,65536,35248,53.7842,0.03012,0.076981,59.267,0.999909
8613.pgm,10000,65536,16448,25.0977,0.02832,0.07695,59.2687,0.999796
8614.pgm,10000,65536,16080,24.5361,0.12942,0.07663,59.2868,0.999805
8615.pgm,10000,65536,19504,29.7607,0.06855,0.076645,59.286,0.999841
8617.pgm,10000,65536,27152,41.4307,0.03071,0.075806,59.3338,0.999863
8618.pgm,10000,65536,21312,32.5195,0.02345,0.07692,59.2704,0.9998
8619.pgm,10000,65536,29328,44.751,0.02245,0.076965,59.2679,0.999801
8620.pgm,10000,65536,15472,23.6084,0.02334,0.076035,59.3207,0.999757
8621.pgm,10000,65536,18544,28.2959,0.02818,0.076782,59.2782,0.999648
8622.pgm,10000,65536,13296,20.2881,0.03924,0.07637,59.3016,0.999796
8623.pgm,10000,65536,30080,45.8984,0.20893,0.077148,59.2575,0.999834
8624.pgm,10000,65536,30256,46.167,0.03916,0.077057,59.2627,0.999843
8625.pgm,10000,65536,12320,18.7988,0.02365,0.076553,59.2912,0.999831
8626.pgm,10000,65536,18288,27.9053,0.02207,0.076706,59.2825,0.999857
8629.pgm,10000,65536,34400,52.4902,0.02325,0.076218,59.3102,0.99966
8632.pgm,10000,65536,12896,19.6777,0.01968,0.075912,59.3277,0.999759
8633.pgm,10000,65536,17088,26.0742,0.02093,0.076859,59.2739,0.999875
8634.pgm,10000,65536,21424,32.6904,0.02372,0.074799,59.3919,0.999839
8635.pgm,10000,65536,25248,38.5254,0.07865,0.076675,59.2842,0.999812
8636.pgm,10000,65536,22576,34.4482,0.07803,0.07605,59.3198,0.999847
8637.pgm,10000,65536,18000,27.4658,0.0272,0.07605,59.3198,0.99985
8638.pgm,10000,65536,52288,79.7852,0.02946,0.075897,59.3285,0.999787
8639.pgm,10000,65536,46736,71.3135,0.02273,0.075485,59.3522,0.999734
8640.pgm,10000,65536,47184,71.9971,0.02522,0.075439,59.3548,0.999721
8641.pgm,10000,65536,27104,41.3574,0.02231,0.075546,59.3487,0.999853
8642.pgm,10000,65536,43408,66.2354,0.03154,0.075546,59.3487,0.999896
8643.pgm,10000,65536,31040,47.3633,0.18719,0.076279,59.3068,0.999752
8644.pgm,10000,65536,34304,52.3438,0.04798,0.076828,59.2756,0.99984
8645.pgm,10000,65536,27536,42.0166,0.02579,0.075424,59.3557,0.999838
8646.pgm,10000,65536,14272,21.7773,0.01967,0.076523,59.2929,0.999827
8647.pgm,10000,65536,17424,26.5869,0.01847,0.077621,59.231,0.999733
8648.pgm,10000,65536,15840,24.1699,0.01776,0.07576,59.3364,0.999678
8649.pgm,10000,65536,16208,24.7314,0.01693,0.077423,59.2421,0.999769
8651.pgm,10000,65536,34672,52.9053,0.01969,0.077133,59.2584,0.999905
8652.pgm,10000,65536,28928,44.1406,0.0231,0.076263,59.3076,0.999875
8653.pgm,10000,65536,24032,36.6699,0.03032,0.076065,59.319,0.999844
8654.pgm,10000,65536,37296,56.9092,0.20262,0.076096,59.3172,0.999871
8655.pgm,10000,65536,32432,49.4873,0.04468,0.076431,59.2981,0.999817
8656.pgm,10000,65536,45040,68.7256,0.02777,0.076111,59.3163,0.99986
8657.pgm,10000,65536,16192,24.707,0.0188,0.075638,59.3434,0.999637
8658.pgm,10000,65536,22752,34.7168,0.02355,0.07547,59.3531,0.999827
8660.pgm,10000,65536,14960,22.8271,0.02115,0.076324,59.3042,0.99984
8661.pgm,10000,65536,41248,62.9395,0.02338,0.07663,59.2868,0.999825
8662.pgm,10000,65536,41632,63.5254,0.02354,0.076233,59.3094,0.99983
8663.pgm,10000,65536,42032,64.1357,0.02389,0.07695,59.2687,0.999883
8664.pgm,10000,65536,35392,54.0039,0.02551,0.077652,59.2293,0.999849
8665.pgm,10000,65536,24880,37.9639,0.03477,0.075562,59.3478,0.999778
8666.pgm,10000,65536,37984,57.959,0.18634,0.075455,59.3539,0.999875
8667.pgm,10000,65536,41216,62.8906,0.05024,0.076447,59.2972,0.999805
8668.pgm,10000,65536,33472,51.0742,0.02602,0.075623,59.3443,0.999737
8669.pgm,10000,65536,40672,62.0605,0.02235,0.076721,59.2817,0.999864
8670.pgm,10000,65536,33440,51.0254,0.01885,0.075272,59.3645,0.999806
8671.pgm,10000,65536,38240,58.3496,0.01855,0.077179,59.2558,0.99983
8672.pgm,10000,65536,43808,66.8457,0.01996,0.075333,59.361,0.999856
8673.pgm,10000,65536,39376,60.083,0.02149,0.075943,59.3259,0.999811
8674.pgm,10000,65536,39952,60.9619,0.02256,0.076141,59.3146,0.999795
8675.pgm,10000,65536,43536,66.4307,0.02692,0.077759,59.2233,0.999907
8676.pgm,10000,65536,25424,38.7939,0.03215,0.076065,59.319,0.999889
8677.pgm,10000,65536,39888,60.8643,0.06611,0.076721,59.2817,0.999844
8678.pgm,10000,65536,28544,43.5547,0.12084,0.075455,59.3539,0.99976
8679.pgm,10000,65536,16080,24.5361,0.0637,0.076126,59.3155,0.999836
8680.pgm,10000,65536,30704,46.8506,0.05418,0.076904,59.2713,0.999787
8681.pgm,10000,65536,33744,51.4893,0.05283,0.075775,59.3355,0.999866
8682.pgm,10000,65536,33744,51.4893,0.07239,0.075775,59.3355,0.999875
8683.pgm,10000,65536,30176,46.0449,0.1786,0.07486,59.3883,0.999841
8684.pgm,10000,65536,39600,60.4248,0.08422,0.077423,59.2421,0.99984
8685.pgm,10000,65536,44496,67.8955,0.05805,0.077423,59.2421,0.999848
8686.pgm,10000,65536,29552,45.0928,0.05025,0.075638,59.3434,0.999832
8687.pgm,10000,65536,19696,30.0537,0.08416,0.076797,59.2773,0.999741
8688.pgm,10000,65536,23952,36.5479,0.07571,0.076019,59.3216,0.999816
8689.pgm,10000,65536,20912,31.9092,0.02752,0.077255,59.2515,0.999738
8690.pgm,10000,65536,29136,44.458,0.02269,0.077255,59.2515,0.999823
8691.pgm,10000,65536,21168,32.2998,0.02135,0.076965,59.2679,0.999797
8692.pgm,10000,65536,17152,26.1719,0.02434,0.077545,59.2353,0.999754
8693.pgm,10000,65536,20608,31.4453,0.03452,0.076263,59.3076,0.999765
8694.pgm,10000,65536,33232,50.708,0.16693,0.075378,59.3583,0.999793
8695.pgm,10000,65536,21856,33.3496,0.02939,0.076569,59.2903,0.999795
8696.pgm,10000,65536,25696,39.209,0.02234,0.075134,59.3724,0.999799
8697.pgm,10000,65536,23280,35.5225,0.01944,0.07547,59.3531,0.999844
8698.pgm,10000,65536,26080,39.7949,0.0201,0.076569,59.2903,0.999821
8699.pgm,10000,65536,36128,55.127,0.02629,0.075974,59.3242,0.999885
8700.pgm,10000,65536,30400,46.3867,0.0249,0.076904,59.2713,0.999852
8701.pgm,10000,65536,21136,32.251,0.03236,0.076569,59.2903,0.999839
8702.pgm,10000,65536,21168,32.2998,0.17776,0.077179,59.2558,0.999818
8703.pgm,10000,65536,62016,94.6289,0.04237,0.074554,59.4061,0.999904
8704.pgm,10000,65536,15872,24.2188,0.02326,0.077179,59.2558,0.999722
8705.pgm,10000,65536,15456,23.584,0.02058,0.075592,59.346,0.999729
8706.pgm,10000,65536,15504,23.6572,0.01815,0.076233,59.3094,0.999727
8707.pgm,10000,65536,20688,31.5674,0.01872,0.076691,59.2834,0.999801
8708.pgm,10000,65536,29392,44.8486,0.02151,0.075806,59.3338,0.999725
8709.pgm,10000,65536,22720,34.668,0.02149,0.075272,59.3645,0.999824
8710.pgm,10000,65536,31312,47.7783,0.02294,0.075424,59.3557,0.999687
8711.pgm,10000,65536,28128,42.9199,0.02439,0.07547,59.3531,0.999815
8712.pgm,10000,65536,38848,59.2773,0.03306,0.075455,59.3539,0.99992
8713.pgm,10000,65536,60608,92.4805,0.17216,0.076889,59.2722,0.999939
8714.pgm,10000,65536,55024,83.96,0.05435,0.077759,59.2233,0.99989
8715.pgm,10000,65536,51104,77.9785,0.02796,0.075333,59.361,0.999885
8716.pgm,10000,65536,24048,36.6943,0.01841,0.077499,59.2378,0.999474
8717.pgm,10000,65536,41392,63.1592,0.02001,0.077438,59.2412,0.999742
8718.pgm,10000,65536,43248,65.9912,0.02436,0.074951,59.383,0.999837
8719.pgm,10000,65536,49728,75.8789,0.0232,0.075348,59.3601,0.999892
8720.pgm,10000,65536,48352,73.7793,0.02385,0.076248,59.3085,0.999907
8721.pgm,10000,65536,54400,83.0078,0.0356,0.07547,59.3531,0.99996
8722.pgm,10000,65536,51472,78.54,0.20192,0.076248,59.3085,0.999917
8723.pgm,10000,65536,48880,74.585,0.03433,0.075562,59.3478,0.999853
8724.pgm,10000,65536,55232,84.2773,0.02661,0.076431,59.2981,0.999906
8725.pgm,10000,65536,35360,53.9551,0.02135,0.076111,59.3163,0.999829
8726.pgm,10000,65536,32688,49.8779,0.02517,0.076157,59.3137,0.999893
8727.pgm,10000,65536,29040,44.3115,0.02572,0.076538,59.292,0.999828
8728.pgm,10000,65536,33424,51.001,0.0248,0.075378,59.3583,0.999855
8729.pgm,10000,65536,44720,68.2373,0.02734,0.077377,59.2447,0.999854
8730.pgm,10000,65536,24736,37.7441,0.02875,0.074966,59.3821,0.99987
8731.pgm,10000,65536,34944,53.3203,0.04987,0.07518,59.3698,0.999886
8732.pgm,10000,65536,16032,24.4629,0.10933,0.076279,59.3068,0.999843
8733.pgm,10000,65536,42064,64.1846,0.03487,0.07663,59.2868,0.999912
8734.pgm,10000,65536,37632,57.4219,0.02706,0.07634,59.3033,0.999864
8735.pgm,10000,65536,41344,63.0859,0.02545,0.076401,59.2998,0.999904
8736.pgm,10000,65536,42384,64.6729,0.02581,0.07692,59.2704,0.999911
8737.pgm,10000,65536,49456,75.4639,0.02947,0.075882,59.3294,0.999915
8738.pgm,10000,65536,36048,55.0049,0.05144,0.076508,59.2938,0.999879
8739.pgm,10000,65536,37840,57.7393,0.15296,0.076706,59.2825,0.999894
8740.pgm,10000,65536,39072,59.6191,0.03625,0.077408,59.243,0.999896
8741.pgm,10000,65536,49920,76.1719,0.02972,0.077026,59.2644,0.999887
8742.pgm,10000,65536,24000,36.6211,0.01865,0.075958,59.3251,0.999873
8743.pgm,10000,65536,38224,58.3252,0.01942,0.076935,59.2696,0.999894
8744.pgm,10000,65536,50432,76.9531,0.02572,0.075928,59.3268,0.999922
8745.pgm,10000,65536,45264,69.0674,0.02541,0.076508,59.2938,0.99991
8746.pgm,10000,65536,44112,67.3096,0.02791,0.076523,59.2929,0.999893
8747.pgm,10000,65536,40784,62.2314,0.03068,0.076431,59.2981,0.999884
8748.pgm,10000,65536,54144,82.6172,0.04015,0.077271,59.2507,0.99994
8749.pgm,10000,65536,39808,60.7422,0.19668,0.075546,59.3487,0.999884
8750.pgm,10000,65536,37376,57.0312,0.04604,0.07579,59.3347,0.999901
8751.pgm,10000,65536,37488,57.2021,0.0263,0.076508,59.2938,0.999849
8752.pgm,10000,65536,51216,78.1494,0.02301,0.077072,59.2618,0.999815
8753.pgm,10000,65536,46320,70.6787,0.02364,0.076477,59.2955,0.999903
8754.pgm,10000,65536,43776,66.7969,0.02591,0.076187,59.312,0.999892
8755.pgm,10000,65536,50720,77.3926,0.02793,0.075317,59.3619,0.999909
8756.pgm,10000,65536,38080,58.1055,0.02586,0.076706,59.2825,0.999903
8757.pgm,10000,65536,42208,64.4043,0.02755,0.077454,59.2404,0.999806
8758.pgm,10000,65536,33360,50.9033,0.0279,0.076431,59.2981,0.99985
8759.pgm,10000,65536,44832,68.4082,0.07105,0.075439,59.3548,0.999903
8760.pgm,10000,65536,45152,68.8965,0.11575,0.076477,59.2955,0.999894
8761.pgm,10000,65536,46336,70.7031,0.07577,0.075562,59.3478,0.999903
8762.pgm,10000,65536,55984,85.4248,0.05902,0.074493,59.4096,0.999938
8763.pgm,10000,65536,43424,66.2598,0.04447,0.076691,59.2834,0.99988
8764.pgm,10000,65536,37184,56.7383,0.0439,0.076599,59.2886,0.99982
8765.pgm,10000,65536,40144,61.2549,0.04825,0.074677,59.399,0.999925
8766.pgm,10000,65536,38032,58.0322,0.04462,0.07547,59.3531,0.999844
8767.pgm,10000,65536,42640,65.0635,0.04391,0.075684,59.3408,0.999859
8768.pgm,10000,65536,44448,67.8223,0.04603,0.075806,59.3338,0.999858
8769.pgm,10000,65536,52496,80.1025,0.03551,0.077332,59.2472,0.999874
8770.pgm,10000,65536,49008,74.7803,0.03376,0.076874,59.273,0.999909
8771.pgm,10000,65536,61024,93.1152,0.03638,0.076218,59.3102,0.999883
8772.pgm,10000,65536,36112,55.1025,0.03135,0.075745,59.3373,0.999894
8773.pgm,10000,65536,28928,44.1406,0.03122,0.076447,59.2972,0.999877
8774.pgm,10000,65536,46352,70.7275,0.03712,0.076248,59.3085,0.999926
8775.pgm,10000,65536,35968,54.8828,0.04476,0.076691,59.2834,0.999819
8776.pgm,10000,65536,22464,34.2773,0.1451,0.075943,59.3259,0.999718
8777.pgm,10000,65536,26512,40.4541,0.08482,0.076508,59.2938,0.999844
8778.pgm,10000,65536,23536,35.9131,0.05162,0.076126,59.3155,0.999868
8779.pgm,10000,65536,12912,19.7021,0.03652,0.075699,59.3399,0.999818
8780.pgm,10000,65536,32512,49.6094,0.03494,0.07579,59.3347,0.999873
8781.pgm,10000,65536,24608,37.5488,0.02966,0.074783,59.3928,0.999853
8782.pgm,10000,65536,17824,27.1973,0.02717,0.075943,59.3259,0.999833
8783.pgm,10000,65536,20832,31.7871,0.02588,0.075821,59.3329,0.999823
8784.pgm,10000,65536,27280,41.626,0.02756,0.077179,59.2558,0.999884
8785.pgm,10000,65536,21744,33.1787,0.04087,0.076599,59.2886,0.999775
8786.pgm,10000,65536,33200,50.6592,0.20023,0.077164,59.2567,0.99986
8787.pgm,10000,65536,27792,42.4072,0.03301,0.076645,59.286,0.999817
8788.pgm,10000,65536,36864,56.25,0.02443,0.076675,59.2842,0.999919
8789.pgm,10000,65536,28256,43.1152,0.02046,0.074768,59.3936,0.999789
8790.pgm,10000,65536,35328,53.9062,0.02035,0.075928,59.3268,0.999818
8791.pgm,10000,65536,38688,59.0332,0.02247,0.076706,59.2825,0.99985
8792.pgm,10000,65536,45264,69.0674,0.03497,0.075745,59.3373,0.999864
8793.pgm,10000,65536,23200,35.4004,0.21717,0.077209,59.2541,0.99991
8794.pgm,10000,65536,39184,59.79,0.04077,0.076355,59.3024,0.999893
8795.pgm,10000,65536,35936,54.834,0.02677,0.07576,59.3364,0.999877
8796.pgm,10000,65536,21136,32.251,0.02083,0.07608,59.3181,0.999819
8797.pgm,10000,65536,44864,68.457,0.02306,0.077194,59.255,0.999857
8798.pgm,10000,65536,11680,17.8223,0.01829,0.076996,59.2661,0.999779
8799.pgm,10000,65536,28240,43.0908,0.0197,0.077744,59.2242,0.999754
8800.pgm,10000,65536,24848,37.915,0.0203,0.076935,59.2696,0.999859
8801.pgm,10000,65536,31104,47.4609,0.02329,0.076462,59.2964,0.999871
8802.pgm,10000,65536,34224,52.2217,0.02721,0.076599,59.2886,0.999871
8803.pgm,10000,65536,34688,52.9297,0.12453,0.075272,59.3645,0.999904
8804.pgm,10000,65536,31472,48.0225,0.05702,0.077026,59.2644,0.999871
8805.pgm,10000,65536,36256,55.3223,0.02907,0.077011,59.2653,0.999911
8806.pgm,10000,65536,35680,54.4434,0.02247,0.076996,59.2661,0.999852
8807.pgm,10000,65536,18592,28.3691,0.01751,0.076691,59.2834,0.999866
8808.pgm,10000,65536,24384,37.207,0.01863,0.07579,59.3347,0.999756
8809.pgm,10000,65536,45952,70.1172,0.02431,0.076462,59.2964,0.999839
8810.pgm,10000,65536,24880,37.9639,0.02141,0.07518,59.3698,0.999818
8811.pgm,10000,65536,25744,39.2822,0.02211,0.077682,59.2276,0.999767
8812.pgm,10000,65536,40688,62.085,0.02981,0.076096,59.3172,0.999918
8813.pgm,10000,65536,34720,52.9785,0.12104,0.076904,59.2713,0.999816
8814.pgm,10000,65536,25536,38.9648,0.0623,0.07576,59.3364,0.99979
8816.pgm,10000,65536,21328,32.5439,0.02676,0.077133,59.2584,0.999729
8817.pgm,10000,65536,28416,43.3594,0.02219,0.076218,59.3102,0.999791
8818.pgm,10000,65536,39680,60.5469,0.02152,0.07547,59.3531,0.999797
8819.pgm,10000,65536,22752,34.7168,0.01725,0.076309,59.305,0.999714
8820.pgm,10000,65536,45728,69.7754,0.01985,0.077164,59.2567,0.999922
8821.pgm,10000,65536,46992,71.7041,0.02039,0.075836,59.332,0.999864
8822.pgm,10000,65536,34144,52.0996,0.01964,0.076187,59.312,0.999766
8823.pgm,10000,65536,28768,43.8965,0.02188,0.076385,59.3007,0.99985
8824.pgm,10000,65536,18944,28.9062,0.03253,0.075821,59.3329,0.999791
8825.pgm,10000,65536,58288,88.9404,0.18191,0.076385,59.3007,0.999829
8826.pgm,10000,65536,31888,48.6572,0.03003,0.077148,59.2575,0.999919
8827.pgm,10000,65536,34080,52.002,0.02347,0.07692,59.2704,0.999906
8828.pgm,10000,65536,30352,46.3135,0.02046,0.075729,59.3382,0.999885
8829.pgm,10000,65536,37584,57.3486,0.02131,0.076859,59.2739,0.999896
8830.pgm,10000,65536,37632,57.4219,0.02999,0.076187,59.312,0.999891
8831.pgm,10000,65536,35072,53.5156,0.0307,0.077103,59.2601,0.99986
8833.pgm,10000,65536,16128,24.6094,0.03175,0.075531,59.3496,0.999726
8834.pgm,10000,65536,31920,48.7061,0.06129,0.077026,59.2644,0.999928
8835.pgm,10000,65536,25808,39.3799,0.15814,0.076492,59.2946,0.999901
8836.pgm,10000,65536,14400,21.9727,0.0526,0.076294,59.3059,0.999761
8837.pgm,10000,65536,21568,32.9102,0.04151,0.077347,59.2464,0.999878
8838.pgm,10000,65536,18752,28.6133,0.03516,0.076035,59.3207,0.999814
8839.pgm,10000,65536,21488,32.7881,0.03453,0.075119,59.3733,0.999805
8840.pgm,10000,65536,23344,35.6201,0.03671,0.076752,59.2799,0.999839
8841.pgm,10000,65536,29568,45.1172,0.03759,0.07637,59.3016,0.999806
8842.pgm,10000,65536,18736,28.5889,0.03279,0.075348,59.3601,0.999766
8843.pgm,10000,65536,40000,61.0352,0.03606,0.076828,59.2756,0.999862
8844.pgm,10000,65536,41168,62.8174,0.03858,0.076828,59.2756,0.999881
8845.pgm,10000,65536,41984,64.0625,0.04439,0.076736,59.2808,0.999879
8846.pgm,10000,65536,29888,45.6055,0.08563,0.075912,59.3277,0.999867
8847.pgm,10000,65536,20096,30.6641,0.0713,0.076324,59.3042,0.9998
8848.pgm,10000,65536,14880,22.7051,0.03349,0.076584,59.2894,0.999811
8849.pgm,10000,65536,12144,18.5303,0.02603,0.076782,59.2782,0.999789
8850.pgm,10000,65536,12368,18.8721,0.02258,0.076004,59.3224,0.999793
8851.pgm,10000,65536,16352,24.9512,0.02283,0.076477,59.2955,0.999715
8852.pgm,10000,65536,16592,25.3174,0.02215,0.076157,59.3137,0.999643
8853.pgm,10000,65536,22800,34.79,0.02734,0.076187,59.312,0.999674
8854.pgm,10000,65536,35376,53.9795,0.03313,0.07666,59.2851,0.999734
8855.pgm,10000,65536,27536,42.0166,0.04447,0.076691,59.2834,0.999741
8856.pgm,10000,65536,24928,38.0371,0.06422,0.075851,59.3312,0.999756
8857.pgm,10000,65536,25248,38.5254,0.28226,0.075607,59.3452,0.999728
8858.pgm,10000,65536,23552,35.9375,0.12768,0.076538,59.292,0.999727
8859.pgm,10000,65536,17920,27.3438,0.10024,0.076141,59.3146,0.999733
8860.pgm,10000,65536,26416,40.3076,0.0972,0.076569,59.2903,0.999696
8861.pgm,10000,65536,12000,18.3105,0.0608,0.076614,59.2877,0.999656
8862.pgm,10000,65536,10208,15.5762,0.05056,0.076248,59.3085,0.999735
8863.pgm,10000,65536,40640,62.0117,0.04854,0.076416,59.299,0.999718
8864.pgm,10000,65536,23584,35.9863,0.04453,0.075806,59.3338,0.999721
8867.pgm,10000,65536,16176,24.6826,0.03796,0.077332,59.2472,0.999685
8868.pgm,10000,65536,11200,17.0898,0.04027,0.077835,59.219,0.999724
8869.pgm,10000,65536,38224,58.3252,0.08598,0.076431,59.2981,0.99985
8870.pgm,10000,65536,42416,64.7217,0.09412,0.075806,59.3338,0.999887
8871.pgm,10000,65536,45984,70.166,0.06225,0.075546,59.3487,0.999827
8872.pgm,10000,65536,38544,58.8135,0.0427,0.076096,59.3172,0.999831
8873.pgm,10000,65536,50672,77.3193,0.03639,0.075165,59.3707,0.999888
8874.pgm,10000,65536,32208,49.1455,0.03119,0.077209,59.2541,0.999801
8875.pgm,10000,65536,39280,59.9365,0.03457,0.074539,59.407,0.999845
8876.pgm,10000,65536,29392,44.8486,0.03219,0.07634,59.3033,0.999852
8877.pgm,10000,65536,21584,32.9346,0.03428,0.076019,59.3216,0.999777
8878.pgm,10000,65536,29616,45.1904,0.06081,0.076752,59.2799,0.999777
8879.pgm,10000,65536,47408,72.3389,0.15196,0.07756,59.2344,0.999879
8880.pgm,10000,65536,32976,50.3174,0.05954,0.076279,59.3068,0.99991
8887.pgm,10000,65536,17536,26.7578,0.0451,0.076904,59.2713,0.999598
8889.pgm,10000,65536,16112,24.585,0.0334,0.074829,59.3901,0.999696
8890.pgm,10000,65536,17632,26.9043,0.03057,0.076553,59.2912,0.99971
8891.pgm,10000,65536,41760,63.7207,0.03409,0.076599,59.2886,0.999881
8892.pgm,10000,65536,39008,59.5215,0.03028,0.076859,59.2739,0.999851
8893.pgm,10000,65536,24960,38.0859,0.02665,0.075729,59.3382,0.999836
8894.pgm,10000,65536,33376,50.9277,0.02672,0.076904,59.2713,0.999801
8895.pgm,10000,65536,24032,36.6699,0.0309,0.07663,59.2868,0.999751
8896.pgm,10000,65536,38688,59.0332,0.04718,0.07457,59.4052,0.999897
8897.pgm,10000,65536,36944,56.3721,0.17796,0.074936,59.3839,0.999867
8898.pgm,10000,65536,44288,67.5781,0.03948,0.076141,59.3146,0.999882
8899.pgm,10000,65536,63296,96.582,0.02754,0.076859,59.2739,0.999894
8900.pgm,10000,65536,53888,82.2266,0.02327,0.076004,59.3224,0.99988
8901.pgm,10000,65536,22288,34.0088,0.01842,0.075775,59.3355,0.999803
8902.pgm,10000,65536,14048,21.4355,0.01713,0.076492,59.2946,0.999741
8903.pgm,10000,65536,37680,57.4951,0.02024,0.075745,59.3373,0.999777
8904.pgm,10000,65536,34096,52.0264,0.01927,0.076538,59.292,0.999812
8905.pgm,10000,65536,51552,78.6621,0.02523,0.074921,59.3848,0.999849
8906.pgm,10000,65536,46832,71.46,0.03301,0.075989,59.3233,0.999868
8907.pgm,10000,65536,61776,94.2627,0.21049,0.077011,59.2653,0.999899
8908.pgm,10000,65536,34096,52.0264,0.04022,0.076843,59.2747,0.999911
8909.pgm,10000,65536,43056,65.6982,0.02664,0.075455,59.3539,0.999843
8910.pgm,10000,65536,55888,85.2783,0.02279,0.075043,59.3777,0.999869
8911.pgm,10000,65536,58592,89.4043,0.02485,0.076111,59.3163,0.999877
8912.pgm,10000,65536,57328,87.4756,0.0226,0.075806,59.3338,0.999859
8913.pgm,10000,65536,34080,52.002,0.02006,0.076157,59.3137,0.999871
8914.pgm,10000,65536,25696,39.209,0.02256,0.074677,59.399,0.999855
8915.pgm,10000,65536,25056,38.2324,0.02575,0.076889,59.2722,0.999902
8916.pgm,10000,65536,56640,86.4258,0.0366,0.077271,59.2507,0.999893
8917.pgm,10000,65536,37184,56.7383,0.04062,0.07634,59.3033,0.999844
8918.pgm,10000,65536,56880,86.792,0.06916,0.07547,59.3531,0.999885
8919.pgm,10000,65536,41280,62.9883,0.0947,0.076828,59.2756,0.999857
8920.pgm,10000,65536,59792,91.2354,0.07313,0.076736,59.2808,0.999911
8921.pgm,10000,65536,61728,94.1895,0.05547,0.075241,59.3663,0.999946
8922.pgm,10000,65536,35840,54.6875,0.0494,0.075394,59.3575,0.999874
8923.pgm,10000,65536,33776,51.5381,0.04167,0.076767,59.2791,0.999876
8924.pgm,10000,65536,47216,72.0459,0.04262,0.075775,59.3355,0.999823
8925.pgm,10000,65536,24288,37.0605,0.03829,0.077972,59.2114,0.999854
8926.pgm,10000,65536,32144,49.0479,0.04139,0.076721,59.2817,0.999879
8927.pgm,10000,65536,40352,61.5723,0.21177,0.075623,59.3443,0.999802
8928.pgm,10000,65536,34928,53.2959,0.04341,0.076126,59.3155,0.999871
8929.pgm,10000,65536,51664,78.833,0.02849,0.075302,59.3627,0.999864
8930.pgm,10000,65536,42512,64.8682,0.02153,0.075882,59.3294,0.99981
8931.pgm,10000,65536,50832,77.5635,0.02015,0.076828,59.2756,0.999836
8932.pgm,10000,65536,48320,73.7305,0.02364,0.076111,59.3163,0.999818
8933.pgm,10000,65536,56400,86.0596,0.0255,0.075989,59.3233,0.999882
8934.pgm,10000,65536,40160,61.2793,0.02905,0.077255,59.2515,0.999796
8935.pgm,10000,65536,30096,45.9229,0.02472,0.077225,59.2532,0.999686
8936.pgm,10000,65536,28112,42.8955,0.02639,0.074997,59.3804,0.999882
8937.pgm,10000,65536,21056,32.1289,0.02769,0.075516,59.3504,0.99986
8938.pgm,10000,65536,27392,41.7969,0.16437,0.075867,59.3303,0.999859
8939.pgm,10000,65536,21504,32.8125,0.08676,0.075699,59.3399,0.999798
8940.pgm,10000,65536,42608,65.0146,0.0957,0.076035,59.3207,0.999897
8941.pgm,10000,65536,32208,49.1455,0.02268,0.076035,59.3207,0.999893
8942.pgm,10000,65536,44448,67.8223,0.03303,0.075928,59.3268,0.999831
8943.pgm,10000,65536,35616,54.3457,0.03868,0.075882,59.3294,0.99977
8944.pgm,10000,65536,32864,50.1465,0.03862,0.076599,59.2886,0.999806
8945.pgm,10000,65536,21648,33.0322,0.03372,0.076279,59.3068,0.999799
8946.pgm,10000,65536,51024,77.8564,0.03694,0.077316,59.2481,0.99965
8947.pgm,10000,65536,37024,56.4941,0.03972,0.075455,59.3539,0.999842
8948.pgm,10000,65536,55440,84.5947,0.04207,0.076248,59.3085,0.999799
8949.pgm,10000,65536,46720,71.2891,0.04545,0.076004,59.3224,0.999824
8950.pgm,10000,65536,18976,28.9551,0.03679,0.077255,59.2515,0.999871
8951.pgm,10000,65536,32128,49.0234,0.03042,0.077225,59.2532,0.999863
8953.pgm,10000,65536,50528,77.0996,0.0502,0.075455,59.3539,0.999868
8954.pgm,10000,65536,46384,70.7764,0.04072,0.077667,59.2284,0.999849
8955.pgm,10000,65536,55824,85.1807,0.04801,0.0755,59.3513,0.999839
8956.pgm,10000,65536,33792,51.5625,0.04599,0.075592,59.346,0.999806
8957.pgm,10000,65536,21392,32.6416,0.04455,0.075928,59.3268,0.999799
8958.pgm,10000,65536,21808,33.2764,0.0458,0.076035,59.3207,0.999808
8959.pgm,10000,65536,30032,45.8252,0.05068,0.076508,59.2938,0.999747
8960.pgm,10000,65536,32432,49.4873,0.0401,0.075897,59.3285,0.999753
8961.pgm,10000,65536,25616,39.0869,0.03648,0.076843,59.2747,0.999711
8962.pgm,10000,65536,36976,56.4209,0.0349,0.075821,59.3329,0.99979
8963.pgm,10000,65536,53104,81.0303,0.03502,0.076645,59.286,0.999817
8964.pgm,10000,65536,22496,34.3262,0.02663,0.077484,59.2387,0.999728
8965.pgm,10000,65536,52336,79.8584,0.02906,0.076279,59.3068,0.99981
8966.pgm,10000,65536,53824,82.1289,0.02685,0.076492,59.2946,0.999853
8967.pgm,10000,65536,38304,58.4473,0.02768,0.075287,59.3636,0.999762
8968.pgm,10000,65536,38368,58.5449,0.02939,0.076019,59.3216,0.999714
8969.pgm,10000,65536,31024,47.3389,0.0331,0.076431,59.2981,0.999587
8970.pgm,10000,65536,36192,55.2246,0.04152,0.076202,59.3111,0.999817
8971.pgm,10000,65536,43632,66.5771,0.04269,0.07515,59.3715,0.999869
8972.pgm,10000,65536,31840,48.584,0.03748,0.075943,59.3259,0.999818
8973.pgm,10000,65536,51344,78.3447,0.05081,0.077286,59.2498,0.999897
8974.pgm,10000,65536,51344,78.3447,0.06416,0.075378,59.3583,0.999858
8975.pgm,10000,65536,41776,63.7451,0.07416,0.07637,59.3016,0.999646
8976.pgm,10000,65536,45360,69.2139,0.06564,0.077652,59.2293,0.99973
8977.pgm,10000,65536,20992,32.0312,0.04179,0.076279,59.3068,0.999763
8978.pgm,10000,65536,29488,44.9951,0.03399,0.07666,59.2851,0.999879
8979.pgm,10000,65536,39264,59.9121,0.03182,0.075134,59.3724,0.999905
8980.pgm,10000,65536,40192,61.3281,0.02701,0.076004,59.3224,0.999794
8981.pgm,10000,65536,41056,62.6465,0.02454,0.077194,59.255,0.999776
8982.pgm,10000,65536,38416,58.6182,0.02981,0.076355,59.3024,0.99976
8983.pgm,10000,65536,20080,30.6396,0.02473,0.077179,59.2558,0.999552
8984.pgm,10000,65536,23952,36.5479,0.02192,0.075943,59.3259,0.999728
8985.pgm,10000,65536,14832,22.6318,0.01878,0.077347,59.2464,0.999552
8987.pgm,10000,65536,43328,66.1133,0.0215,0.077393,59.2438,0.999889
8988.pgm,10000,65536,55696,84.9854,0.02164,0.076584,59.2894,0.99993
8989.pgm,10000,65536,53744,82.0068,0.02921,0.075027,59.3786,0.99988
8990.pgm,10000,65536,53504,81.6406,0.02665,0.07634,59.3033,0.999849
8991.pgm,10000,65536,57584,87.8662,0.02794,0.07663,59.2868,0.999903
8992.pgm,10000,65536,56528,86.2549,0.03002,0.076202,59.3111,0.999796
8993.pgm,10000,65536,20160,30.7617,0.02334,0.076218,59.3102,0.999745
8994.pgm,10000,65536,34768,53.0518,0.0263,0.075989,59.3233,0.99978
8995.pgm,10000,65536,47648,72.7051,0.02776,0.075317,59.3619,0.999809
8996.pgm,10000,65536,32192,49.1211,0.02395,0.074387,59.4159,0.999782
8997.pgm,10000,65536,40784,62.2314,0.02326,0.076859,59.2739,0.999772
8998.pgm,10000,65536,45264,69.0674,0.02172,0.075745,59.3373,0.999841
8999.pgm,10000,65536,60688,92.6025,0.02047,0.077881,59.2165,0.999897
9000.pgm,10000,65536,61552,93.9209,0.02647,0.076309,59.305,0.999816
9001.pgm,10000,65536,41632,63.5254,0.02881,0.076035,59.3207,0.999785
9002.pgm,10000,65536,24048,36.6943,0.02479,0.076691,59.2834,0.999863
9003.pgm,10000,65536,21152,32.2754,0.02295,0.076172,59.3129,0.999895
9004.pgm,10000,65536,47808,72.9492,0.03027,0.075989,59.3233,0.999815
9005.pgm,10000,65536,34096,52.0264,0.0275,0.076477,59.2955,0.999872
9006.pgm,10000,65536,20624,31.4697,0.02466,0.075745,59.3373,0.999784
9007.pgm,10000,65536,36624,55.8838,0.02737,0.076263,59.3076,0.999865
9008.pgm,10000,65536,27680,42.2363,0.02403,0.076843,59.2747,0.999827
9009.pgm,10000,65536,32384,49.4141,0.0225,0.076096,59.3172,0.999767
9010.pgm,10000,65536,20720,31.6162,0.02105,0.076309,59.305,0.999754
9011.pgm,10000,65536,12208,18.6279,0.01835,0.076294,59.3059,0.999748
9012.pgm,10000,65536,19552,29.834,0.02437,0.076538,59.292,0.999829
9013.pgm,10000,65536,55440,84.5947,0.0312,0.076736,59.2808,0.999831
9014.pgm,10000,65536,52224,79.6875,0.03352,0.076111,59.3163,0.999726
9015.pgm,10000,65536,17888,27.2949,0.02504,0.075272,59.3645,0.999786
9016.pgm,10000,65536,52640,80.3223,0.02898,0.075989,59.3233,0.999834
9017.pgm,10000,65536,46576,71.0693,0.02875,0.075638,59.3434,0.99986
9018.pgm,10000,65536,48400,73.8525,0.02891,0.076202,59.3111,0.999843
9019.pgm,10000,65536,27040,41.2598,0.02357,0.076721,59.2817,0.999818
9020.pgm,10000,65536,60848,92.8467,0.02408,0.07637,59.3016,0.999885
9021.pgm,10000,65536,16800,25.6348,0.01803,0.077591,59.2327,0.9997
9022.pgm,10000,65536,13520,20.6299,0.01671,0.07692,59.2704,0.999744
9023.pgm,10000,65536,45200,68.9697,0.01899,0.076431,59.2981,0.999845
9024.pgm,10000,65536,37776,57.6416,0.01795,0.07634,59.3033,0.999803
9025.pgm,10000,65536,30864,47.0947,0.01942,0.076462,59.2964,0.999738
9026.pgm,10000,65536,23664,36.1084,0.01863,0.075043,59.3777,0.999733
9027.pgm,10000,65536,34944,53.3203,0.01966,0.075424,59.3557,0.999784
9028.pgm,10000,65536,33264,50.7568,0.01932,0.076172,59.3129,0.999787
9029.pgm,10000,65536,37376,57.0312,0.01989,0.077347,59.2464,0.999858
9030.pgm,10000,65536,39744,60.6445,0.02085,0.075348,59.3601,0.999824
9031.pgm,10000,65536,37136,56.665,0.01939,0.075607,59.3452,0.999818
9032.pgm,10000,65536,45440,69.3359,0.02063,0.07605,59.3198,0.999811
9033.pgm,10000,65536,34112,52.0508,0.01924,0.07634,59.3033,0.999773
9034.pgm,10000,65536,28000,42.7246,0.01834,0.076599,59.2886,0.999674
9035.pgm,10000,65536,51104,77.9785,0.02093,0.076065,59.319,0.99982
9036.pgm,10000,65536,59536,90.8447,0.02028,0.076797,59.2773,0.999794
9037.pgm,10000,65536,63408,96.7529,0.02074,0.076981,59.267,0.999837
9038.pgm,10000,65536,63184,96.4111,0.02164,0.076218,59.3102,0.999824
9039.pgm,10000,65536,63008,96.1426,0.02868,0.075729,59.3382,0.999827
9040.pgm,10000,65536,53728,81.9824,0.02903,0.076767,59.2791,0.999757
9041.pgm,10000,65536,62896,95.9717,0.02881,0.075821,59.3329,0.999821
9042.pgm,10000,65536,41312,63.0371,0.02734,0.076828,59.2756,0.999741
9043.pgm,10000,65536,41456,63.2568,0.0254,0.07608,59.3181,0.999748
9044.pgm,10000,65536,38960,59.4482,0.02502,0.076859,59.2739,0.999742
9045.pgm,10000,65536,41616,63.501,0.02198,0.076492,59.2946,0.9998
9046.pgm,10000,65536,39888,60.8643,0.01935,0.076523,59.2929,0.999775
9047.pgm,10000,65536,28224,43.0664,0.01767,0.077057,59.2627,0.999683
9048.pgm,10000,65536,31008,47.3145,0.01822,0.076508,59.2938,0.999721
9049.pgm,10000,65536,36336,55.4443,0.01898,0.077179,59.2558,0.999791
9050.pgm,10000,65536,37360,57.0068,0.0194,0.07605,59.3198,0.999712
9051.pgm,10000,65536,47328,72.2168,0.02139,0.076126,59.3155,0.99973
9052.pgm,10000,65536,50112,76.4648,0.02637,0.076889,59.2722,0.999769
9053.pgm,10000,65536,34896,53.2471,0.02886,0.077438,59.2412,0.999866
9054.pgm,10000,65536,36048,55.0049,0.03184,0.075104,59.3742,0.999901
9055.pgm,10000,65536,40944,62.4756,0.03286,0.075562,59.3478,0.999875
9056.pgm,10000,65536,38688,59.0332,0.03483,0.075821,59.3329,0.999874
9057.pgm,10000,65536,32192,49.1211,0.04137,0.075775,59.3355,0.999866
9058.pgm,10000,65536,34592,52.7832,0.09189,0.077332,59.2472,0.999876
9059.pgm,10000,65536,31600,48.2178,0.06393,0.076141,59.3146,0.999838
9060.pgm,10000,65536,33008,50.3662,0.03185,0.075668,59.3417,0.999766
9061.pgm,10000,65536,29264,44.6533,0.02321,0.076477,59.2955,0.999738
9062.pgm,10000,65536,46480,70.9229,0.02394,0.07634,59.3033,0.999819
9063.pgm,10000,65536,17680,26.9775,0.02009,0.07547,59.3531,0.999767
9064.pgm,10000,65536,30688,46.8262,0.02327,0.075241,59.3663,0.999674
9065.pgm,10000,65536,40208,61.3525,0.02815,0.076233,59.3094,0.999771
9066.pgm,10000,65536,45360,69.2139,0.03113,0.07515,59.3715,0.999796
9067.pgm,10000,65536,57728,88.0859,0.03372,0.076523,59.2929,0.999904
9068.pgm,10000,65536,58816,89.7461,0.0324,0.075745,59.3373,0.999924
9069.pgm,10000,65536,51328,78.3203,0.02898,0.076477,59.2955,0.999841
9070.pgm,10000,65536,55344,84.4482,0.02727,0.075974,59.3242,0.99985
9071.pgm,10000,65536,48800,74.4629,0.02344,0.077103,59.2601,0.99984
9072.pgm,10000,65536,61168,93.335,0.02425,0.077072,59.2618,0.999902
9073.pgm,10000,65536,51536,78.6377,0.02633,0.077621,59.231,0.999741
9074.pgm,10000,65536,32544,49.6582,0.02251,0.076187,59.312,0.999813
9075.pgm,10000,65536,33232,50.708,0.02002,0.075836,59.332,0.999821
9076.pgm,10000,65536,41616,63.501,0.02311,0.076828,59.2756,0.999835
9077.pgm,10000,65536,35440,54.0771,0.02212,0.076859,59.2739,0.999857
9078.pgm,10000,65536,43440,66.2842,0.02354,0.077133,59.2584,0.999824
9079.pgm,10000,65536,19584,29.8828,0.01759,0.07431,59.4203,0.99985
9080.pgm,10000,65536,25728,39.2578,0.01904,0.076584,59.2894,0.999842
9081.pgm,10000,65536,30480,46.5088,0.02862,0.075592,59.346,0.999805
9082.pgm,10000,65536,34688,52.9297,0.02532,0.076035,59.3207,0.99985
9083.pgm,10000,65536,33904,51.7334,0.02516,0.075012,59.3795,0.999859
9084.pgm,10000,65536,29952,45.7031,0.0245,0.076721,59.2817,0.999841
9085.pgm,10000,65536,55808,85.1562,0.02672,0.0755,59.3513,0.999797
9086.pgm,10000,65536,24640,37.5977,0.01904,0.077377,59.2447,0.999866
9087.pgm,10000,65536,26224,40.0146,0.01753,0.076889,59.2722,0.999911
9088.pgm,10000,65536,45728,69.7754,0.021,0.076508,59.2938,0.999835
9089.pgm,10000,65536,54448,83.0811,0.01976,0.07637,59.3016,0.999779
9090.pgm,10000,65536,57264,87.3779,0.0189,0.076218,59.3102,0.999797
9091.pgm,10000,65536,46240,70.5566,0.01882,0.075668,59.3417,0.99971
9092.pgm,10000,65536,24976,38.1104,0.01772,0.077606,59.2318,0.999691
9093.pgm,10000,65536,42048,64.1602,0.01949,0.075958,59.3251,0.999787
9094.pgm,10000,65536,38640,58.96,0.02123,0.076324,59.3042,0.999795
9095.pgm,10000,65536,42816,65.332,0.03055,0.074738,59.3954,0.99989
9096.pgm,10000,65536,46576,71.0693,0.02965,0.077209,59.2541,0.999898
9097.pgm,10000,65536,39968,60.9863,0.02966,0.075714,59.339,0.999841
9098.pgm,10000,65536,40336,61.5479,0.03021,0.076172,59.3129,0.999831
9099.pgm,10000,65536,31424,47.9492,0.02495,0.075867,59.3303,0.999855
9100.pgm,10000,65536,29872,45.5811,0.02347,0.075958,59.3251,0.999784
9101.pgm,10000,65536,34288,52.3193,0.0214,0.076645,59.286,0.999852
9102.pgm,10000,65536,23424,35.7422,0.0192,0.076675,59.2842,0.999702
9103.pgm,10000,65536,23680,36.1328,0.01836,0.07579,59.3347,0.999716
9104.pgm,10000,65536,30800,46.9971,0.018,0.076294,59.3059,0.999809
9105.pgm,10000,65536,25008,38.1592,0.01737,0.076752,59.2799,0.999688
9106.pgm,10000,65536,31712,48.3887,0.01758,0.076477,59.2955,0.999809
9107.pgm,10000,65536,60672,92.5781,0.03108,0.076492,59.2946,0.999811
9108.pgm,10000,65536,62896,95.9717,0.03137,0.0755,59.3513,0.999911
9109.pgm,10000,65536,19728,30.1025,0.02416,0.077698,59.2267,0.999703
9110.pgm,10000,65536,37552,57.2998,0.02736,0.075012,59.3795,0.999705
9111.pgm,10000,65536,35040,53.4668,0.02711,0.07692,59.2704,0.999795
9112.pgm,10000,65536,18976,28.9551,0.02406,0.07692,59.2704,0.99979
9113.pgm,10000,65536,20528,31.3232,0.02274,0.076874,59.273,0.999769
9114.pgm,10000,65536,44912,68.5303,0.02497,0.076019,59.3216,0.999828
9115.pgm,10000,65536,46848,71.4844,0.02305,0.076797,59.2773,0.999812
9116.pgm,10000,65536,45488,69.4092,0.02229,0.077377,59.2447,0.999761
9117.pgm,10000,65536,37312,56.9336,0.01953,0.075577,59.3469,0.999744
9118.pgm,10000,65536,18576,28.3447,0.0167,0.076385,59.3007,0.999836
9120.pgm,10000,65536,14576,22.2412,0.01544,0.076385,59.3007,0.9998
9121.pgm,10000,65536,26352,40.21,0.01936,0.075928,59.3268,0.999784
9122.pgm,10000,65536,58864,89.8193,0.02354,0.076691,59.2834,0.999885
9123.pgm,10000,65536,50768,77.4658,0.0228,0.076065,59.319,0.999827
9124.pgm,10000,65536,36528,55.7373,0.02107,0.076004,59.3224,0.999733
9125.pgm,10000,65536,20704,31.5918,0.01975,0.076996,59.2661,0.999666
9126.pgm,10000,65536,49728,75.8789,0.02516,0.075211,59.368,0.99971
9127.pgm,10000,65536,11552,17.627,0.01904,0.076569,59.2903,0.999817
9128.pgm,10000,65536,26544,40.5029,0.02042,0.076462,59.2964,0.999705
9129.pgm,10000,65536,29888,45.6055,0.02044,0.07695,59.2687,0.999759
9130.pgm,10000,65536,11488,17.5293,0.01844,0.076553,59.2912,0.999687
9131.pgm,10000,65536,16816,25.6592,0.0189,0.077118,59.2593,0.999754
9132.pgm,10000,65536,13968,21.3135,0.01749,0.075699,59.3399,0.99979
9134.pgm,10000,65536,22256,33.96,0.0183,0.076645,59.286,0.999789
9135.pgm,10000,65536,16800,25.6348,0.02092,0.076324,59.3042,0.999826
9136.pgm,10000,65536,20416,31.1523,0.02548,0.075455,59.3539,0.999874
9137.pgm,10000,65536,21584,32.9346,0.02535,0.076065,59.319,0.999865
9138.pgm,10000,65536,18160,27.71,0.02391,0.075592,59.346,0.999882
9139.pgm,10000,65536,24464,37.3291,0.0255,0.074982,59.3813,0.999818
9140.pgm,10000,65536,33296,50.8057,0.02603,0.075241,59.3663,0.99975
9141.pgm,10000,65536,42288,64.5264,0.02698,0.075424,59.3557,0.99985
9142.pgm,10000,65536,19824,30.249,0.02373,0.076416,59.299,0.999813
9143.pgm,10000,65536,24736,37.7441,0.0264,0.075974,59.3242,0.999857
9144.pgm,10000,65536,29408,44.873,0.02633,0.076187,59.312,0.999894
9145.pgm,10000,65536,18704,28.54,0.02317,0.075836,59.332,0.999788
9146.pgm,10000,65536,22704,34.6436,0.02277,0.076279,59.3068,0.999782
9147.pgm,10000,65536,29808,45.4834,0.02398,0.077179,59.2558,0.999836
9148.pgm,10000,65536,24032,36.6699,0.02293,0.076111,59.3163,0.999737
9149.pgm,10000,65536,23872,36.4258,0.02318,0.076157,59.3137,0.999812
9150.pgm,10000,65536,20112,30.6885,0.02129,0.076889,59.2722,0.999808
9151.pgm,10000,65536,27424,41.8457,0.02153,0.077271,59.2507,0.999841
9152.pgm,10000,65536,26432,40.332,0.02078,0.074478,59.4105,0.999871
9154.pgm,10000,65536,15456,23.584,0.0194,0.076248,59.3085,0.999773
9155.pgm,10000,65536,13568,20.7031,0.02104,0.075287,59.3636,0.999764
9159.pgm,10000,65536,15584,23.7793,0.02186,0.075653,59.3425,0.999706
9164.pgm,10000,65536,12768,19.4824,0.02063,0.076767,59.2791,0.999809
9165.pgm,10000,65536,31968,48.7793,0.02183,0.077652,59.2293,0.999811
9167.pgm,10000,65536,60032,91.6016,0.02338,0.076828,59.2756,0.999794
9168.pgm,10000,65536,45168,68.9209,0.0222,0.077667,59.2284,0.999892
9171.pgm,10000,65536,10352,15.7959,0.02262,0.076187,59.312,0.99974
9173.pgm,10000,65536,13184,20.1172,0.02366,0.077469,59.2395,0.999759
9176.pgm,10000,65536,17424,26.5869,0.02257,0.075592,59.346,0.999705
9178.pgm,10000,65536,42944,65.5273,0.02894,0.076996,59.2661,0.999812
9179.pgm,10000,65536,46288,70.6299,0.02734,0.075638,59.3434,0.999893
9180.pgm,10000,65536,11072,16.8945,0.02098,0.077011,59.2653,0.999684
9181.pgm,10000,65536,17520,26.7334,0.02171,0.075363,59.3592,0.999782
9183.pgm,10000,65536,23888,36.4502,0.02332,0.076202,59.3111,0.99961
9185.pgm,10000,65536,34512,52.6611,0.02344,0.07666,59.2851,0.999815
9186.pgm,10000,65536,17152,26.1719,0.02173,0.075287,59.3636,0.999712
9187.pgm,10000,65536,18320,27.9541,0.02136,0.076721,59.2817,0.999701
9189.pgm,10000,65536,11056,16.8701,0.02015,0.077423,59.2421,0.999779
9190.pgm,10000,65536,34544,52.71,0.02381,0.076462,59.2964,0.999897
9191.pgm,10000,65536,24912,38.0127,0.02624,0.07663,59.2868,0.999834
9192.pgm,10000,65536,47456,72.4121,0.03151,0.076263,59.3076,0.999881
9193.pgm,10000,65536,43040,65.6738,0.02915,0.076019,59.3216,0.999874
9194.pgm,10000,65536,13536,20.6543,0.02882,0.076401,59.2998,0.999768
9195.pgm,10000,65536,15440,23.5596,0.02816,0.076218,59.3102,0.999857
9196.pgm,10000,65536,14800,22.583,0.02387,0.076965,59.2679,0.999827
9197.pgm,10000,65536,12944,19.751,0.02282,0.077805,59.2208,0.999734
9198.pgm,10000,65536,11328,17.2852,0.02174,0.076172,59.3129,0.999705
9199.pgm,10000,65536,10288,15.6982,0.0217,0.07724,59.2524,0.999715
9200.pgm,10000,65536,11616,17.7246,0.02029,0.076538,59.292,0.999765
9201.pgm,10000,65536,10064,15.3564,0.02401,0.077225,59.2532,0.999824
9202.pgm,10000,65536,11728,17.8955,0.01922,0.076172,59.3129,0.999747
9203.pgm,10000,65536,24608,37.5488,0.0235,0.073883,59.4454,0.999827
9204.pgm,10000,65536,22432,34.2285,0.02248,0.076508,59.2938,0.999795
9205.pgm,10000,65536,35488,54.1504,0.02528,0.076889,59.2722,0.999847
9206.pgm,10000,65536,34080,52.002,0.02515,0.075607,59.3452,0.999853
9207.pgm,10000,65536,19600,29.9072,0.0234,0.076523,59.2929,0.999733
9208.pgm,10000,65536,24560,37.4756,0.02491,0.077057,59.2627,0.999786
9209.pgm,10000,65536,29344,44.7754,0.02619,0.074997,59.3804,0.999784
9210.pgm,10000,65536,36880,56.2744,0.03147,0.076218,59.3102,0.999805
9211.pgm,10000,65536,21200,32.3486,0.03611,0.076385,59.3007,0.999812
9212.pgm,10000,65536,10944,16.6992,0.03366,0.075699,59.3399,0.999766
9213.pgm,10000,65536,12656,19.3115,0.03021,0.078033,59.208,0.999802
9214.pgm,10000,65536,12160,18.5547,0.02819,0.075836,59.332,0.999755
9216.pgm,10000,65536,23360,35.6445,0.03765,0.074661,59.3999,0.9998
9217.pgm,10000,65536,20768,31.6895,0.02647,0.076096,59.3172,0.999817
9218.pgm,10000,65536,21536,32.8613,0.02477,0.074997,59.3804,0.999854
9219.pgm,10000,65536,22944,35.0098,0.0244,0.07869,59.1716,0.999859
9220.pgm,10000,65536,18880,28.8086,0.02468,0.075928,59.3268,0.999857
9221.pgm,10000,65536,18208,27.7832,0.02822,0.076096,59.3172,0.999854
9222.pgm,10000,65536,18160,27.71,0.03369,0.076248,59.3085,0.999782
9223.pgm,10000,65536,18528,28.2715,0.05026,0.075531,59.3496,0.999788
9224.pgm,10000,65536,20384,31.1035,0.04878,0.076462,59.2964,0.999788
9225.pgm,10000,65536,22592,34.4727,0.03448,0.076996,59.2661,0.999854
9226.pgm,10000,65536,21648,33.0322,0.02937,0.07637,59.3016,0.999871
9227.pgm,10000,65536,16368,24.9756,0.01967,0.076218,59.3102,0.999757
9228.pgm,10000,65536,16832,25.6836,0.01819,0.076111,59.3163,0.999798
9229.pgm,10000,65536,18800,28.6865,0.02169,0.076447,59.2972,0.999808
9230.pgm,10000,65536,17184,26.2207,0.01975,0.076736,59.2808,0.999779
9231.pgm,10000,65536,15616,23.8281,0.01706,0.074188,59.4275,0.999648
9232.pgm,10000,65536,18752,28.6133,0.01585,0.076752,59.2799,0.999798
9234.pgm,10000,65536,50560,77.1484,0.04619,0.076599,59.2886,0.999715
9235.pgm,10000,65536,41312,63.0371,0.04085,0.074371,59.4167,0.999818
9236.pgm,10000,65536,38400,58.5938,0.02684,0.076141,59.3146,0.999765
9237.pgm,10000,65536,16528,25.2197,0.02065,0.076553,59.2912,0.999728
9238.pgm,10000,65536,17232,26.2939,0.02181,0.0755,59.3513,0.999777
9239.pgm,10000,65536,15328,23.3887,0.02443,0.075455,59.3539,0.999761
9240.pgm,10000,65536,48512,74.0234,0.0294,0.076065,59.319,0.999765
9241.pgm,10000,65536,40864,62.3535,0.02777,0.075165,59.3707,0.999867
9242.pgm,10000,65536,35344,53.9307,0.02319,0.075607,59.3452,0.999842
9243.pgm,10000,65536,18176,27.7344,0.01903,0.07605,59.3198,0.99984
9244.pgm,10000,65536,59824,91.2842,0.02176,0.076981,59.267,0.999921
9245.pgm,10000,65536,60144,91.7725,0.02199,0.078201,59.1987,0.999913
9246.pgm,10000,65536,29856,45.5566,0.02345,0.075668,59.3417,0.999663
9247.pgm,10000,65536,26448,40.3564,0.02427,0.076996,59.2661,0.999795
9248.pgm,10000,65536,41600,63.4766,0.02552,0.077194,59.255,0.999858
9249.pgm,10000,65536,38992,59.4971,0.02494,0.076569,59.2903,0.999825
9250.pgm,10000,65536,55008,83.9355,0.02753,0.075684,59.3408,0.999857
9251.pgm,10000,65536,52896,80.7129,0.02759,0.075699,59.3399,0.999823
9252.pgm,10000,65536,65248,99.5605,0.02631,0.075989,59.3233,0.999794
9253.pgm,10000,65536,65424,99.8291,0.02469,0.076874,59.273,0.999855
9254.pgm,10000,65536,56224,85.791,0.02373,0.076065,59.319,0.999887
9255.pgm,10000,65536,28992,44.2383,0.01998,0.077133,59.2584,0.999697
9256.pgm,10000,65536,34352,52.417,0.02034,0.075684,59.3408,0.999874
9257.pgm,10000,65536,47296,72.168,0.02383,0.077103,59.2601,0.999822
9262.pgm,10000,65536,33520,51.1475,0.03135,0.077179,59.2558,0.99986
9263.pgm,10000,65536,14768,22.5342,0.03411,0.076385,59.3007,0.999747
9264.pgm,10000,65536,23552,35.9375,0.0882,0.077286,59.2498,0.999782
9265.pgm,10000,65536,18144,27.6855,0.05959,0.076599,59.2886,0.99984
9266.pgm,10000,65536,18032,27.5146,0.02968,0.074707,59.3972,0.99977
9267.pgm,10000,65536,27008,41.2109,0.02412,0.077377,59.2447,0.999868
9268.pgm,10000,65536,25056,38.2324,0.01977,0.075348,59.3601,0.999853
9269.pgm,10000,65536,18960,28.9307,0.01976,0.077606,59.2318,0.999806
9270.pgm,10000,65536,19904,30.3711,0.02309,0.076767,59.2791,0.999807
9271.pgm,10000,65536,14368,21.9238,0.0218,0.077759,59.2233,0.999752
9272.pgm,10000,65536,24816,37.8662,0.02301,0.07489,59.3866,0.999824
9273.pgm,10000,65536,23440,35.7666,0.0214,0.076309,59.305,0.999808
9274.pgm,10000,65536,24304,37.085,0.02061,0.076096,59.3172,0.999818
9275.pgm,10000,65536,23456,35.791,0.01963,0.077728,59.225,0.999804
9276.pgm,10000,65536,22272,33.9844,0.02042,0.076096,59.3172,0.999799
9277.pgm,10000,65536,18208,27.7832,0.01978,0.076248,59.3085,0.999833
9278.pgm,10000,65536,21552,32.8857,0.01911,0.076508,59.2938,0.999819
9279.pgm,10000,65536,22528,34.375,0.01889,0.077316,59.2481,0.999839
9280.pgm,10000,65536,18848,28.7598,0.01755,0.07515,59.3715,0.999791
9281.pgm,10000,65536,20080,30.6396,0.01698,0.076447,59.2972,0.999747
9282.pgm,10000,65536,23712,36.1816,0.02151,0.077408,59.243,0.999813
9283.pgm,10000,65536,22160,33.8135,0.02532,0.07579,59.3347,0.999809
9284.pgm,10000,65536,18208,27.7832,0.02351,0.075363,59.3592,0.999755
9285.pgm,10000,65536,22928,34.9854,0.02315,0.075912,59.3277,0.999799
9286.pgm,10000,65536,22384,34.1553,0.02536,0.075378,59.3583,0.999786
9287.pgm,10000,65536,17296,26.3916,0.02523,0.077423,59.2421,0.999736
9288.pgm,10000,65536,22816,34.8145,0.02522,0.077682,59.2276,0.999808
9289.pgm,10000,65536,18624,28.418,0.02492,0.076859,59.2739,0.999767
9290.pgm,10000,65536,18816,28.7109,0.02477,0.076035,59.3207,0.999753
9291.pgm,10000,65536,18832,28.7354,0.02502,0.076004,59.3224,0.999755
9292.pgm,10000,65536,17984,27.4414,0.02546,0.075821,59.3329,0.999755
9293.pgm,10000,65536,17216,26.2695,0.02574,0.075165,59.3707,0.99966
9294.pgm,10000,65536,16864,25.7324,0.0252,0.077438,59.2412,0.999653
9295.pgm,10000,65536,21312,32.5195,0.02617,0.076889,59.2722,0.999786
9296.pgm,10000,65536,17456,26.6357,0.02664,0.075455,59.3539,0.999798
9297.pgm,10000,65536,20944,31.958,0.03004,0.074982,59.3813,0.999827
9298.pgm,10000,65536,25328,38.6475,0.03124,0.077499,59.2378,0.999879
9299.pgm,10000,65536,31328,47.8027,0.03225,0.07692,59.2704,0.999856
9300.pgm,10000,65536,17792,27.1484,0.03984,0.075668,59.3417,0.999823
9301.pgm,10000,65536,25136,38.3545,0.08021,0.07605,59.3198,0.999788
9302.pgm,10000,65536,28864,44.043,0.05816,0.075699,59.3399,0.999793
9303.pgm,10000,65536,25984,39.6484,0.03717,0.076859,59.2739,0.999748
9304.pgm,10000,65536,15776,24.0723,0.02973,0.075073,59.376,0.999835
9305.pgm,10000,65536,44944,68.5791,0.03163,0.076752,59.2799,0.99982
9306.pgm,10000,65536,14352,21.8994,0.02397,0.075821,59.3329,0.999784
9307.pgm,10000,65536,12096,18.457,0.02073,0.077637,59.2301,0.999812
9308.pgm,10000,65536,17936,27.3682,0.01941,0.076736,59.2808,0.999799
9309.pgm,10000,65536,17744,27.0752,0.01813,0.076508,59.2938,0.999749
9310.pgm,10000,65536,29904,45.6299,0.02122,0.075668,59.3417,0.999911
9311.pgm,10000,65536,34432,52.5391,0.03038,0.078247,59.1961,0.999916
9312.pgm,10000,65536,30864,47.0947,0.02019,0.076126,59.3155,0.999909
9316.pgm,10000,65536,23408,35.7178,0.01813,0.074982,59.3813,0.999743
9317.pgm,10000,65536,26864,40.9912,0.01735,0.076965,59.2679,0.999713
9318.pgm,10000,65536,17968,27.417,0.01594,0.077438,59.2412,0.999542
9319.pgm,10000,65536,19744,30.127,0.01773,0.076294,59.3059,0.999548
9320.pgm,10000,65536,32880,50.1709,0.01905,0.07663,59.2868,0.999858
9321.pgm,10000,65536,13136,20.0439,0.01815,0.075363,59.3592,0.999761
9322.pgm,10000,65536,12496,19.0674,0.01787,0.076019,59.3216,0.999745
9323.pgm,10000,65536,32336,49.3408,0.028,0.076508,59.2938,0.999893
9324.pgm,10000,65536,32688,49.8779,0.03048,0.075958,59.3251,0.999844
9325.pgm,10000,65536,60208,91.8701,0.02895,0.075714,59.339,0.999848
9326.pgm,10000,65536,38464,58.6914,0.02484,0.075912,59.3277,0.999757
9327.pgm,10000,65536,29760,45.4102,0.02176,0.075974,59.3242,0.999741
9328.pgm,10000,65536,15424,23.5352,0.019,0.077255,59.2515,0.999813
9329.pgm,10000,65536,34800,53.1006,0.02069,0.077728,59.225,0.999861
9330.pgm,10000,65536,36704,56.0059,0.02121,0.075455,59.3539,0.999823
9331.pgm,10000,65536,36688,55.9814,0.01999,0.07547,59.3531,0.999876
9332.pgm,10000,65536,11616,17.7246,0.01815,0.075897,59.3285,0.999672
9334.pgm,10000,65536,32688,49.8779,0.02183,0.077042,59.2635,0.999848
9335.pgm,10000,65536,11584,17.6758,0.0188,0.075958,59.3251,0.999781
9337.pgm,10000,65536,11888,18.1396,0.01795,0.076996,59.2661,0.999826
9338.pgm,10000,65536,21296,32.4951,0.01896,0.075729,59.3382,0.999628
9339.pgm,10000,65536,37904,57.8369,0.0205,0.07663,59.2868,0.99983
9340.pgm,10000,65536,36784,56.1279,0.01962,0.076172,59.3129,0.999686
9341.pgm,10000,65536,35968,54.8828,0.0198,0.077209,59.2541,0.999852
9342.pgm,10000,65536,33200,50.6592,0.0184,0.07579,59.3347,0.999832
9343.pgm,10000,65536,33376,50.9277,0.01784,0.075607,59.3452,0.999826
9347.pgm,10000,65536,19712,30.0781,0.01692,0.075424,59.3557,0.999539
9348.pgm,10000,65536,19840,30.2734,0.02152,0.076294,59.3059,0.999521
9349.pgm,10000,65536,18704,28.54,0.02674,0.07579,59.3347,0.999532
9350.pgm,10000,65536,20576,31.3965,0.10017,0.075699,59.3399,0.999537
9351.pgm,10000,65536,16336,24.9268,0.12496,0.075958,59.3251,0.999541
9352.pgm,10000,65536,18976,28.9551,0.05264,0.076141,59.3146,0.999536
9353.pgm,10000,65536,35408,54.0283,0.03293,0.075943,59.3259,0.999727
9354.pgm,10000,65536,39600,60.4248,0.02563,0.077179,59.2558,0.99973
9355.pgm,10000,65536,16160,24.6582,0.02361,0.075897,59.3285,0.999518
9356.pgm,10000,65536,19216,29.3213,0.02708,0.077072,59.2618,0.999498
9357.pgm,10000,65536,14592,22.2656,0.02465,0.07605,59.3198,0.999794
9358.pgm,10000,65536,19184,29.2725,0.02679,0.076096,59.3172,0.999853
9359.pgm,10000,65536,23648,36.084,0.02864,0.076309,59.305,0.99986
9360.pgm,10000,65536,19968,30.4688,0.02949,0.07576,59.3364,0.999855
9361.pgm,10000,65536,11840,18.0664,0.02614,0.075104,59.3742,0.99975
9362.pgm,10000,65536,33984,51.8555,0.02663,0.076553,59.2912,0.99986
9363.pgm,10000,65536,43120,65.7959,0.0276,0.074615,59.4025,0.999893
9364.pgm,10000,65536,26240,40.0391,0.02486,0.07576,59.3364,0.999871
9365.pgm,10000,65536,31040,47.3633,0.02561,0.076294,59.3059,0.999761
9366.pgm,10000,65536,47824,72.9736,0.03188,0.076584,59.2894,0.99979
9367.pgm,10000,65536,24176,36.8896,0.03575,0.077362,59.2455,0.999775
9368.pgm,10000,65536,27104,41.3574,0.08199,0.077545,59.2353,0.999845
9369.pgm,10000,65536,27696,42.2607,0.05772,0.076508,59.2938,0.999853
9370.pgm,10000,65536,23904,36.4746,0.03025,0.076874,59.273,0.999815
9371.pgm,10000,65536,33584,51.2451,0.02385,0.076431,59.2981,0.99982
9372.pgm,10000,65536,50992,77.8076,0.02292,0.076813,59.2765,0.999798
9373.pgm,10000,65536,46304,70.6543,0.02278,0.075684,59.3408,0.999844
9374.pgm,10000,65536,33088,50.4883,0.02464,0.075821,59.3329,0.999799
9375.pgm,10000,65536,51408,78.4424,0.02781,0.074921,59.3848,0.999833
9376.pgm,10000,65536,41616,63.501,0.0267,0.076752,59.2799,0.999755
9377.pgm,10000,65536,51792,79.0283,0.0297,0.07695,59.2687,0.999885
9378.pgm,10000,65536,49440,75.4395,0.02848,0.075211,59.368,0.999818
9379.pgm,10000,65536,53440,81.543,0.02745,0.077286,59.2498,0.999885
9383.pgm,10000,65536,13584,20.7275,0.0224,0.077194,59.255,0.999728
9385.pgm,10000,65536,14304,21.8262,0.02297,0.075562,59.3478,0.999691
9386.pgm,10000,65536,27104,41.3574,0.02418,0.075348,59.3601,0.999805
9387.pgm,10000,65536,22208,33.8867,0.02285,0.076126,59.3155,0.999847
9388.pgm,10000,65536,10400,15.8691,0.02238,0.076263,59.3076,0.999448
9390.pgm,10000,65536,11888,18.1396,0.02158,0.075928,59.3268,0.999691
9391.pgm,10000,65536,37520,57.251,0.02448,0.077057,59.2627,0.999885
9392.pgm,10000,65536,11520,17.5781,0.0218,0.076492,59.2946,0.999748
9393.pgm,10000,65536,24400,37.2314,0.02245,0.077728,59.225,0.999401
9394.pgm,10000,65536,34272,52.2949,0.02364,0.075134,59.3724,0.999863
9395.pgm,10000,65536,21856,33.3496,0.02067,0.076614,59.2877,0.999825
9396.pgm,10000,65536,37424,57.1045,0.02209,0.076096,59.3172,0.999829
9397.pgm,10000,65536,38112,58.1543,0.02112,0.076141,59.3146,0.999759
9398.pgm,10000,65536,22176,33.8379,0.01872,0.074905,59.3857,0.999848
9399.pgm,10000,65536,16112,24.585,0.01797,0.076279,59.3068,0.999731
9400.pgm,10000,65536,32624,49.7803,0.01854,0.075882,59.3294,0.999693
9401.pgm,10000,65536,24256,37.0117,0.01767,0.076126,59.3155,0.999811
9402.pgm,10000,65536,43840,66.8945,0.02725,0.076355,59.3024,0.999838
9403.pgm,10000,65536,24704,37.6953,0.02472,0.075653,59.3425,0.999866
9404.pgm,10000,65536,19200,29.2969,0.02317,0.07724,59.2524,0.999817
9405.pgm,10000,65536,20000,30.5176,0.02479,0.076797,59.2773,0.999675
9406.pgm,10000,65536,20064,30.6152,0.0308,0.076752,59.2799,0.999676
9407.pgm,10000,65536,26048,39.7461,0.08168,0.076782,59.2782,0.999779
9408.pgm,10000,65536,19760,30.1514,0.078,0.076752,59.2799,0.999804
9409.pgm,10000,65536,28800,43.9453,0.04145,0.076553,59.2912,0.999713
9410.pgm,10000,65536,25984,39.6484,0.03201,0.076279,59.3068,0.999873
9411.pgm,10000,65536,36160,55.1758,0.02885,0.07634,59.3033,0.999802
9412.pgm,10000,65536,21248,32.4219,0.02516,0.076706,59.2825,0.999828
9413.pgm,10000,65536,33936,51.7822,0.02498,0.075562,59.3478,0.999885
9414.pgm,10000,65536,37760,57.6172,0.02471,0.076401,59.2998,0.999811
9415.pgm,10000,65536,34208,52.1973,0.0224,0.076859,59.2739,0.999839
9416.pgm,10000,65536,34816,53.125,0.02111,0.076538,59.292,0.999822
9417.pgm,10000,65536,54176,82.666,0.02262,0.076233,59.3094,0.99989
9418.pgm,10000,65536,41392,63.1592,0.02004,0.07431,59.4203,0.999894
9419.pgm,10000,65536,57904,88.3545,0.01974,0.075897,59.3285,0.99983
9420.pgm,10000,65536,57440,87.6465,0.0206,0.075424,59.3557,0.999914
9421.pgm,10000,65536,43648,66.6016,0.0361,0.077225,59.2532,0.999792
9422.pgm,10000,65536,52720,80.4443,0.02682,0.075073,59.376,0.999797
9423.pgm,10000,65536,12560,19.165,0.02469,0.076065,59.319,0.999811
9424.pgm,10000,65536,30304,46.2402,0.02509,0.075989,59.3233,0.999797
9425.pgm,10000,65536,11248,17.1631,0.023,0.075745,59.3373,0.999703
9426.pgm,10000,65536,18448,28.1494,0.02215,0.076035,59.3207,0.999581
9427.pgm,10000,65536,30704,46.8506,0.0238,0.075485,59.3522,0.999747
9428.pgm,10000,65536,20976,32.0068,0.02148,0.076126,59.3155,0.999796
9429.pgm,10000,65536,34720,52.9785,0.02239,0.075348,59.3601,0.999795
9430.pgm,10000,65536,16848,25.708,0.01951,0.075638,59.3434,0.999544
9432.pgm,10000,65536,18448,28.1494,0.01929,0.076385,59.3007,0.999558
9433.pgm,10000,65536,20224,30.8594,0.01843,0.077576,59.2335,0.999824
9434.pgm,10000,65536,16816,25.6592,0.01963,0.07486,59.3883,0.999725
9435.pgm,10000,65536,44048,67.2119,0.02814,0.076691,59.2834,0.999827
9436.pgm,10000,65536,35056,53.4912,0.02692,0.077316,59.2481,0.999766
9437.pgm,10000,65536,34336,52.3926,0.02584,0.075211,59.368,0.999882
9438.pgm,10000,65536,51200,78.125,0.0281,0.076172,59.3129,0.999861
9439.pgm,10000,65536,11632,17.749,0.02245,0.076767,59.2791,0.999793
9440.pgm,10000,65536,34240,52.2461,0.0231,0.0746,59.4034,0.999547
9441.pgm,10000,65536,32512,49.6094,0.02221,0.077759,59.2233,0.999888
9442.pgm,10000,65536,43200,65.918,0.02496,0.075607,59.3452,0.999876
9443.pgm,10000,65536,65056,99.2676,0.02621,0.074951,59.383,0.999874
9444.pgm,10000,65536,41504,63.3301,0.02328,0.077316,59.2481,0.999902
9445.pgm,10000,65536,65376,99.7559,0.02438,0.076355,59.3024,0.99987
9446.pgm,10000,65536,47568,72.583,0.02425,0.076538,59.292,0.999798
9447.pgm,10000,65536,44288,67.5781,0.02982,0.075684,59.3408,0.999762
9448.pgm,10000,65536,28160,42.9688,0.02633,0.077225,59.2532,0.999774
9449.pgm,10000,65536,49888,76.123,0.03031,0.078125,59.2029,0.99988
9450.pgm,10000,65536,38224,58.3252,0.02715,0.075806,59.3338,0.999839
9451.pgm,10000,65536,55264,84.3262,0.02961,0.076721,59.2817,0.999819
9452.pgm,10000,65536,59840,91.3086,0.02946,0.077515,59.237,0.999883
9453.pgm,10000,65536,36496,55.6885,0.0256,0.075592,59.346,0.999786
9454.pgm,10000,65536,29936,45.6787,0.02345,0.076996,59.2661,0.999831
9455.pgm,10000,65536,25360,38.6963,0.02344,0.075897,59.3285,0.999882
9456.pgm,10000,65536,31504,48.0713,0.02459,0.075714,59.339,0.999863
9457.pgm,10000,65536,51328,78.3203,0.02926,0.076309,59.305,0.999902
9458.pgm,10000,65536,35040,53.4668,0.0272,0.076233,59.3094,0.999788
9459.pgm,10000,65536,28800,43.9453,0.0288,0.076004,59.3224,0.999817
9460.pgm,10000,65536,27104,41.3574,0.03296,0.077209,59.2541,0.999779
9461.pgm,10000,65536,49408,75.3906,0.04284,0.07634,59.3033,0.99984
9462.pgm,10000,65536,30704,46.8506,0.04422,0.076996,59.2661,0.999833
9463.pgm,10000,65536,30160,46.0205,0.04171,0.076538,59.292,0.99981
9464.pgm,10000,65536,26192,39.9658,0.03802,0.074982,59.3813,0.99983
9465.pgm,10000,65536,50976,77.7832,0.03962,0.076859,59.2739,0.999885
9466.pgm,10000,65536,62656,95.6055,0.03958,0.075256,59.3654,0.999871
9467.pgm,10000,65536,64016,97.6807,0.05018,0.077606,59.2318,0.999842
9468.pgm,10000,65536,35520,54.1992,0.04472,0.076599,59.2886,0.999848
9469.pgm,10000,65536,20496,31.2744,0.1018,0.076569,59.2903,0.999849
9470.pgm,10000,65536,15424,23.5352,0.06466,0.076828,59.2756,0.999671
9471.pgm,10000,65536,15888,24.2432,0.03655,0.076736,59.2808,0.999775
9472.pgm,10000,65536,55584,84.8145,0.03662,0.078461,59.1843,0.999827
9474.pgm,10000,65536,60880,92.8955,0.03345,0.075821,59.3329,0.999835
9476.pgm,10000,65536,14032,21.4111,0.02951,0.075226,59.3671,0.999775
9477.pgm,10000,65536,37488,57.2021,0.02711,0.076218,59.3102,0.999874
9478.pgm,10000,65536,24752,37.7686,0.02357,0.076523,59.2929,0.999866
9479.pgm,10000,65536,45776,69.8486,0.02533,0.076782,59.2782,0.99974
9480.pgm,10000,65536,30016,45.8008,0.02198,0.074356,59.4176,0.999808
9481.pgm,10000,65536,31520,48.0957,0.02107,0.074951,59.383,0.999769
9482.pgm,10000,65536,40144,61.2549,0.02214,0.07724,59.2524,0.999782
9483.pgm,10000,65536,23952,36.5479,0.01904,0.077225,59.2532,0.99978
9484.pgm,10000,65536,20000,30.5176,0.02097,0.076111,59.3163,0.999589
9485.pgm,10000,65536,39984,61.0107,0.02512,0.074814,59.391,0.999668
9486.pgm,10000,65536,32576,49.707,0.02648,0.076004,59.3224,0.999817
9487.pgm,10000,65536,34672,52.9053,0.0307,0.076263,59.3076,0.9999
9489.pgm,10000,65536,18496,28.2227,0.0468,0.076797,59.2773,0.999788
9490.pgm,10000,65536,11920,18.1885,0.04269,0.076004,59.3224,0.999871
9491.pgm,10000,65536,25264,38.5498,0.0483,0.07785,59.2182,0.999589
9492.pgm,10000,65536,34336,52.3926,0.03594,0.076111,59.3163,0.999865
9493.pgm,10000,65536,26272,40.0879,0.03219,0.076553,59.2912,0.999817
9494.pgm,10000,65536,25632,39.1113,0.02707,0.076462,59.2964,0.999766
9495.pgm,10000,65536,23152,35.3271,0.0233,0.076538,59.292,0.999696
9496.pgm,10000,65536,21088,32.1777,0.02067,0.076721,59.2817,0.99979
9497.pgm,10000,65536,41040,62.6221,0.02075,0.076614,59.2877,0.999836
9498.pgm,10000,65536,17920,27.3438,0.01765,0.074646,59.4007,0.999787
9499.pgm,10000,65536,14576,22.2412,0.01971,0.075272,59.3645,0.999742
9500.pgm,10000,65536,36992,56.4453,0.02258,0.076431,59.2981,0.999908
9501.pgm,10000,65536,17360,26.4893,0.02064,0.076431,59.2981,0.999776
9502.pgm,10000,65536,10400,15.8691,0.01922,0.076782,59.2782,0.999724
9504.pgm,10000,65536,12800,19.5312,0.01874,0.077042,59.2635,0.999765
9505.pgm,10000,65536,21440,32.7148,0.01905,0.076309,59.305,0.99971
9506.pgm,10000,65536,14544,22.1924,0.01693,0.077377,59.2447,0.99976
9507.pgm,10000,65536,17616,26.8799,0.01976,0.074203,59.4266,0.999814
9508.pgm,10000,65536,12112,18.4814,0.02042,0.075317,59.3619,0.999775
9509.pgm,10000,65536,12688,19.3604,0.01979,0.077194,59.255,0.999709
9511.pgm,10000,65536,12512,19.0918,0.02012,0.075241,59.3663,0.999779
9512.pgm,10000,65536,18240,27.832,0.02104,0.076172,59.3129,0.999771
9513.pgm,10000,65536,17840,27.2217,0.02402,0.075821,59.3329,0.99975
9514.pgm,10000,65536,48736,74.3652,0.03607,0.075668,59.3417,0.999946
9517.pgm,10000,65536,20688,31.5674,0.03854,0.074844,59.3892,0.999781
9518.pgm,10000,65536,16544,25.2441,0.04553,0.076981,59.267,0.999773
9519.pgm,10000,65536,27008,41.2109,0.04651,0.076767,59.2791,0.999669
9520.pgm,10000,65536,36368,55.4932,0.04297,0.076035,59.3207,0.999887
9521.pgm,10000,65536,29248,44.6289,0.03385,0.076996,59.2661,0.999794
9522.pgm,10000,65536,33920,51.7578,0.03035,0.075562,59.3478,0.999854
9523.pgm,10000,65536,21360,32.5928,0.02495,0.077393,59.2438,0.999845
9524.pgm,10000,65536,24640,37.5977,0.02302,0.075775,59.3355,0.999813
9525.pgm,10000,65536,27904,42.5781,0.02592,0.075317,59.3619,0.999745
9526.pgm,10000,65536,34784,53.0762,0.02233,0.078064,59.2063,0.999849
9527.pgm,10000,65536,35408,54.0283,0.02184,0.075714,59.339,0.999811
9528.pgm,10000,65536,43312,66.0889,0.02228,0.076309,59.305,0.999816
9529.pgm,10000,65536,11696,17.8467,0.01897,0.077957,59.2122,0.999718
9530.pgm,10000,65536,28224,43.0664,0.02448,0.075378,59.3583,0.999837
9531.pgm,10000,65536,37392,57.0557,0.02944,0.076538,59.292,0.999855
9532.pgm,10000,65536,25024,38.1836,0.03258,0.076889,59.2722,0.999853
9533.pgm,10000,65536,36432,55.5908,0.03898,0.076843,59.2747,0.99988
9534.pgm,10000,65536,36256,55.3223,0.04155,0.074921,59.3848,0.999749
9535.pgm,10000,65536,44816,68.3838,0.04163,0.075867,59.3303,0.999905
9536.pgm,10000,65536,45344,69.1895,0.03795,0.07579,59.3347,0.999755
9537.pgm,10000,65536,34928,53.2959,0.03127,0.076675,59.2842,0.999832
9538.pgm,10000,65536,16160,24.6582,0.02567,0.0755,59.3513,0.999823
9539.pgm,10000,65536,49024,74.8047,0.03067,0.076233,59.3094,0.999825
9540.pgm,10000,65536,32992,50.3418,0.02649,0.07785,59.2182,0.999844
9541.pgm,10000,65536,32576,49.707,0.02543,0.07695,59.2687,0.999837
9542.pgm,10000,65536,56032,85.498,0.0271,0.075073,59.376,0.999838
9543.pgm,10000,65536,19248,29.3701,0.02176,0.07608,59.3181,0.999803
9544.pgm,10000,65536,16784,25.6104,0.02097,0.07663,59.2868,0.999728
9545.pgm,10000,65536,34272,52.2949,0.02253,0.076614,59.2877,0.99973
9546.pgm,10000,65536,49648,75.7568,0.02452,0.076187,59.312,0.999895
9547.pgm,10000,65536,31600,48.2178,0.02127,0.075928,59.3268,0.999725
9548.pgm,10000,65536,43088,65.7471,0.02517,0.077637,59.2301,0.999773
9549.pgm,10000,65536,31168,47.5586,0.02451,0.076355,59.3024,0.999806
9550.pgm,10000,65536,45408,69.2871,0.03201,0.074646,59.4007,0.999872
9551.pgm,10000,65536,27072,41.3086,0.03317,0.07605,59.3198,0.999808
9552.pgm,10000,65536,45824,69.9219,0.05545,0.07724,59.2524,0.999809
9553.pgm,10000,65536,28720,43.8232,0.0569,0.077225,59.2532,0.999723
9554.pgm,10000,65536,23488,35.8398,0.04665,0.07637,59.3016,0.999791
9555.pgm,10000,65536,41552,63.4033,0.04472,0.076309,59.305,0.999724
9556.pgm,10000,65536,17552,26.7822,0.03114,0.076691,59.2834,0.999725
9557.pgm,10000,65536,50544,77.124,0.03124,0.075333,59.361,0.999872
9558.pgm,10000,65536,35376,53.9795,0.02432,0.077881,59.2165,0.999839
9559.pgm,10000,65536,19408,29.6143,0.01971,0.075729,59.3382,0.999865
9560.pgm,10000,65536,33072,50.4639,0.02043,0.075333,59.361,0.999901
9561.pgm,10000,65536,50992,77.8076,0.02345,0.075928,59.3268,0.999821
9562.pgm,10000,65536,33968,51.8311,0.02333,0.076981,59.267,0.999854
9563.pgm,10000,65536,43376,66.1865,0.02854,0.076157,59.3137,0.999772
9564.pgm,10000,65536,40192,61.3281,0.02648,0.074875,59.3874,0.999765
9565.pgm,10000,65536,39424,60.1562,0.02559,0.074905,59.3857,0.99971
9566.pgm,10000,65536,58960,89.9658,0.02599,0.077652,59.2293,0.999869
9567.pgm,10000,65536,64992,99.1699,0.02544,0.075089,59.3751,0.999903
9568.pgm,10000,65536,36128,55.127,0.02136,0.077499,59.2378,0.999857
9569.pgm,10000,65536,35536,54.2236,0.0205,0.076874,59.273,0.999912
9570.pgm,10000,65536,14320,21.8506,0.01748,0.076263,59.3076,0.999883
9571.pgm,10000,65536,37536,57.2754,0.02275,0.075836,59.332,0.999846
9572.pgm,10000,65536,28992,44.2383,0.02521,0.077209,59.2541,0.999869
9573.pgm,10000,65536,36816,56.1768,0.02704,0.077072,59.2618,0.999823
9574.pgm,10000,65536,62608,95.5322,0.03019,0.076019,59.3216,0.999828
9575.pgm,10000,65536,10656,16.2598,0.02285,0.075043,59.3777,0.999705
9577.pgm,10000,65536,43680,66.6504,0.02896,0.076691,59.2834,0.999863
9578.pgm,10000,65536,34752,53.0273,0.02892,0.075806,59.3338,0.999768
9579.pgm,10000,65536,62048,94.6777,0.0411,0.076614,59.2877,0.999836
9580.pgm,10000,65536,30352,46.3135,0.05586,0.077515,59.237,0.999762
9581.pgm,10000,65536,59408,90.6494,0.05765,0.077332,59.2472,0.99982
9582.pgm,10000,65536,24832,37.8906,0.03919,0.075439,59.3548,0.999867
9583.pgm,10000,65536,13760,20.9961,0.03012,0.075775,59.3355,0.99974
9584.pgm,10000,65536,11792,17.9932,0.02752,0.076721,59.2817,0.999731
9585.pgm,10000,65536,11376,17.3584,0.02497,0.07695,59.2687,0.999722
9586.pgm,10000,65536,30512,46.5576,0.02541,0.07695,59.2687,0.999788
9587.pgm,10000,65536,24800,37.8418,0.02385,0.076569,59.2903,0.999868
9588.pgm,10000,65536,34864,53.1982,0.02392,0.076675,59.2842,0.999857
9589.pgm,10000,65536,28096,42.8711,0.02344,0.076736,59.2808,0.999824
9590.pgm,10000,65536,29728,45.3613,0.02282,0.076385,59.3007,0.999805
9591.pgm,10000,65536,20128,30.7129,0.02163,0.075043,59.3777,0.999779
9592.pgm,10000,65536,22384,34.1553,0.02419,0.075928,59.3268,0.999897
9593.pgm,10000,65536,33024,50.3906,0.03418,0.076691,59.2834,0.999828
9594.pgm,10000,65536,18224,27.8076,0.19562,0.075928,59.3268,0.999822
9595.pgm,10000,65536,24496,37.3779,0.03866,0.077072,59.2618,0.999783
9597.pgm,10000,65536,27568,42.0654,0.02476,0.075912,59.3277,0.99978
9598.pgm,10000,65536,19728,30.1025,0.01992,0.07663,59.2868,0.999798
9599.pgm,10000,65536,18160,27.71,0.01824,0.075546,59.3487,0.999726
9601.pgm,10000,65536,11072,16.8945,0.01686,0.075348,59.3601,0.999712
9602.pgm,10000,65536,21232,32.3975,0.02317,0.077042,59.2635,0.999818
9603.pgm,10000,65536,32720,49.9268,0.0244,0.076172,59.3129,0.999884
9604.pgm,10000,65536,11808,18.0176,0.02123,0.077133,59.2584,0.999858
9605.pgm,10000,65536,39296,59.9609,0.02502,0.07576,59.3364,0.999857
9606.pgm,10000,65536,39632,60.4736,0.02386,0.076614,59.2877,0.999805
9607.pgm,10000,65536,29184,44.5312,0.02148,0.076355,59.3024,0.999873
9608.pgm,10000,65536,18960,28.9307,0.01998,0.075073,59.376,0.999802
9609.pgm,10000,65536,14304,21.8262,0.01871,0.07518,59.3698,0.999669
9610.pgm,10000,65536,17184,26.2207,0.01842,0.07637,59.3016,0.99978
9611.pgm,10000,65536,60240,91.9189,0.02233,0.07785,59.2182,0.999833
9612.pgm,10000,65536,28048,42.7979,0.01848,0.076477,59.2955,0.999626
9613.pgm,10000,65536,22864,34.8877,0.01816,0.075241,59.3663,0.99971
9614.pgm,10000,65536,24096,36.7676,0.01798,0.076157,59.3137,0.999748
9615.pgm,10000,65536,19152,29.2236,0.02249,0.077103,59.2601,0.999577
9617.pgm,10000,65536,13840,21.1182,0.02447,0.076141,59.3146,0.999463
9618.pgm,10000,65536,19376,29.5654,0.03152,0.075623,59.3443,0.999722
9619.pgm,10000,65536,26256,40.0635,0.04025,0.074814,59.391,0.999539
9620.pgm,10000,65536,14320,21.8506,0.06495,0.075363,59.3592,0.999492
9623.pgm,10000,65536,26864,40.9912,0.06878,0.076706,59.2825,0.99963
9625.pgm,10000,65536,29856,45.5566,0.06766,0.076401,59.2998,0.999862
9626.pgm,10000,65536,17104,26.0986,0.0567,0.075378,59.3583,0.999806
9627.pgm,10000,65536,36096,55.0781,0.09662,0.07608,59.3181,0.999827
9628.pgm,10000,65536,33008,50.3662,0.068,0.075256,59.3654,0.999855
9629.pgm,10000,65536,22512,34.3506,0.03895,0.076401,59.2998,0.999775
9630.pgm,10000,65536,37888,57.8125,0.02959,0.075912,59.3277,0.999862
9631.pgm,10000,65536,30000,45.7764,0.02484,0.075912,59.3277,0.999864
9632.pgm,10000,65536,19968,30.4688,0.0221,0.07605,59.3198,0.99982
9633.pgm,10000,65536,27008,41.2109,0.02229,0.075699,59.3399,0.999848
9634.pgm,10000,65536,34704,52.9541,0.02229,0.077255,59.2515,0.99986
9635.pgm,10000,65536,29888,45.6055,0.02233,0.075623,59.3443,0.999783
9636.pgm,10000,65536,34656,52.8809,0.02447,0.076614,59.2877,0.999833
9637.pgm,10000,65536,40288,61.4746,0.02695,0.075851,59.3312,0.999878
9638.pgm,10000,65536,28368,43.2861,0.02534,0.076447,59.2972,0.999864
9639.pgm,10000,65536,17200,26.2451,0.03085,0.076126,59.3155,0.99971
9640.pgm,10000,65536,28528,43.5303,0.04119,0.076187,59.312,0.99981
9641.pgm,10000,65536,43552,66.4551,0.0436,0.076523,59.2929,0.999804
9642.pgm,10000,65536,43584,66.5039,0.03681,0.076309,59.305,0.999833
9643.pgm,10000,65536,20144,30.7373,0.0279,0.075516,59.3504,0.999706
9644.pgm,10000,65536,34048,51.9531,0.02625,0.076752,59.2799,0.999805
9645.pgm,10000,65536,21360,32.5928,0.02223,0.076157,59.3137,0.999773
9646.pgm,10000,65536,15248,23.2666,0.01945,0.076218,59.3102,0.999806
9647.pgm,10000,65536,19968,30.4688,0.01978,0.075455,59.3539,0.999795
9648.pgm,10000,65536,18768,28.6377,0.01899,0.07753,59.2361,0.999814
9649.pgm,10000,65536,31920,48.7061,0.02171,0.077133,59.2584,0.999794
9650.pgm,10000,65536,11760,17.9443,0.02073,0.076981,59.267,0.999681
9651.pgm,10000,65536,31472,48.0225,0.02223,0.076279,59.3068,0.999756
9652.pgm,10000,65536,36320,55.4199,0.0232,0.077835,59.219,0.999849
9653.pgm,10000,65536,32192,49.1211,0.02197,0.077148,59.2575,0.999723
9654.pgm,10000,65536,22480,34.3018,0.02304,0.076355,59.3024,0.999782
9655.pgm,10000,65536,14624,22.3145,0.02195,0.075409,59.3566,0.99979
9656.pgm,10000,65536,20208,30.835,0.02359,0.077469,59.2395,0.999789
9657.pgm,10000,65536,35056,53.4912,0.02628,0.075272,59.3645,0.999901
9658.pgm,10000,65536,46448,70.874,0.02873,0.076874,59.273,0.999816
9659.pgm,10000,65536,10576,16.1377,0.02336,0.075653,59.3425,0.999758
9660.pgm,10000,65536,26608,40.6006,0.02462,0.07608,59.3181,0.99981
9661.pgm,10000,65536,35248,53.7842,0.02555,0.077682,59.2276,0.999768
9662.pgm,10000,65536,14832,22.6318,0.0238,0.075958,59.3251,0.999739
9663.pgm,10000,65536,18336,27.9785,0.02562,0.077225,59.2532,0.999749
9664.pgm,10000,65536,29792,45.459,0.03005,0.076813,59.2765,0.999808
9665.pgm,10000,65536,11680,17.8223,0.03532,0.07547,59.3531,0.999713
9666.pgm,10000,65536,18480,28.1982,0.0456,0.077347,59.2464,0.999801
9667.pgm,10000,65536,21264,32.4463,0.04618,0.076401,59.2998,0.999674
9668.pgm,10000,65536,27888,42.5537,0.04089,0.075882,59.3294,0.999584
9669.pgm,10000,65536,30080,45.8984,0.03823,0.075684,59.3408,0.999588
9670.pgm,10000,65536,15456,23.584,0.02891,0.07637,59.3016,0.999611
9673.pgm,10000,65536,27616,42.1387,0.02928,0.07692,59.2704,0.999642
9674.pgm,10000,65536,13344,20.3613,0.02427,0.075424,59.3557,0.999621
9675.pgm,10000,65536,30720,46.875,0.0242,0.074295,59.4212,0.999769
9676.pgm,10000,65536,39520,60.3027,0.02632,0.076202,59.3111,0.999845
9677.pgm,10000,65536,29856,45.5566,0.02514,0.076538,59.292,0.999861
9678.pgm,10000,65536,33088,50.4883,0.02658,0.075546,59.3487,0.999806
9679.pgm,10000,65536,31216,47.6318,0.02676,0.07666,59.2851,0.999813
9680.pgm,10000,65536,23248,35.4736,0.02693,0.077164,59.2567,0.999864
9681.pgm,10000,65536,24304,37.085,0.03238,0.076752,59.2799,0.999731
9682.pgm,10000,65536,26624,40.625,0.03779,0.076019,59.3216,0.999669
9683.pgm,10000,65536,22144,33.7891,0.03816,0.076279,59.3068,0.99968
9685.pgm,10000,65536,10128,15.4541,0.06145,0.077209,59.2541,0.999759
9687.pgm,10000,65536,10640,16.2354,0.05341,0.075623,59.3443,0.999643
9688.pgm,10000,65536,23952,36.5479,0.04393,0.07666,59.2851,0.999747
9689.pgm,10000,65536,57376,87.5488,0.04108,0.075714,59.339,0.999909
9690.pgm,10000,65536,32432,49.4873,0.02891,0.075867,59.3303,0.999826
9691.pgm,10000,65536,32832,50.0977,0.02659,0.077408,59.243,0.999815
9692.pgm,10000,65536,45808,69.8975,0.02723,0.076416,59.299,0.999848
9693.pgm,10000,65536,44432,67.7979,0.02615,0.076187,59.312,0.99983
9694.pgm,10000,65536,45632,69.6289,0.02661,0.076706,59.2825,0.999856
9695.pgm,10000,65536,29440,44.9219,0.02814,0.075211,59.368,0.999856
9696.pgm,10000,65536,43648,66.6016,0.06866,0.076538,59.292,0.9999
9697.pgm,10000,65536,36736,56.0547,0.08075,0.076187,59.312,0.999766
9698.pgm,10000,65536,21040,32.1045,0.03979,0.076706,59.2825,0.999731
9699.pgm,10000,65536,45920,70.0684,0.03545,0.076813,59.2765,0.9998
9700.pgm,10000,65536,45216,68.9941,0.02732,0.076385,59.3007,0.999867
9701.pgm,10000,65536,20784,31.7139,0.02036,0.074417,59.4141,0.99976
9702.pgm,10000,65536,39376,60.083,0.02192,0.075623,59.3443,0.999863
9703.pgm,10000,65536,23664,36.1084,0.0219,0.075699,59.3399,0.9998
9704.pgm,10000,65536,31776,48.4863,0.0234,0.077057,59.2627,0.99986
9705.pgm,10000,65536,17856,27.2461,0.02153,0.076309,59.305,0.99982
9706.pgm,10000,65536,14224,21.7041,0.02093,0.076538,59.292,0.999759
9707.pgm,10000,65536,26848,40.9668,0.02412,0.076401,59.2998,0.999786
9708.pgm,10000,65536,24848,37.915,0.02818,0.07663,59.2868,0.999841
9709.pgm,10000,65536,23856,36.4014,0.03552,0.07608,59.3181,0.999823
9710.pgm,10000,65536,44672,68.1641,0.07663,0.076706,59.2825,0.999862
9711.pgm,10000,65536,34528,52.6855,0.06208,0.076782,59.2782,0.999763
9712.pgm,10000,65536,43088,65.7471,0.04961,0.076218,59.3102,0.99983
9713.pgm,10000,65536,58064,88.5986,0.03724,0.076614,59.2877,0.999859
9714.pgm,10000,65536,36624,55.8838,0.02791,0.075165,59.3707,0.999858
9715.pgm,10000,65536,19008,29.0039,0.02249,0.076035,59.3207,0.999768
9716.pgm,10000,65536,50768,77.4658,0.0243,0.075119,59.3733,0.999828
9717.pgm,10000,65536,26240,40.0391,0.02033,0.076019,59.3216,0.999784
9718.pgm,10000,65536,33664,51.3672,0.02045,0.076675,59.2842,0.999823
9719.pgm,10000,65536,46944,71.6309,0.02147,0.077209,59.2541,0.999826
9720.pgm,10000,65536,29856,45.5566,0.01882,0.076096,59.3172,0.999886
9721.pgm,10000,65536,11472,17.5049,0.01657,0.076141,59.3146,0.999568
9722.pgm,10000,65536,33680,51.3916,0.01817,0.075455,59.3539,0.999859
9723.pgm,10000,65536,17824,27.1973,0.01775,0.076599,59.2886,0.999632
9724.pgm,10000,65536,22112,33.7402,0.01885,0.076141,59.3146,0.999894
9725.pgm,10000,65536,48416,73.877,0.02228,0.077133,59.2584,0.999895
9726.pgm,10000,65536,33168,50.6104,0.02052,0.076248,59.3085,0.999859
9728.pgm,10000,65536,32800,50.0488,0.02203,0.07724,59.2524,0.999831
9729.pgm,10000,65536,47408,72.3389,0.02918,0.076614,59.2877,0.999846
9730.pgm,10000,65536,41632,63.5254,0.04041,0.077194,59.255,0.999835
9731.pgm,10000,65536,28672,43.75,0.07156,0.07579,59.3347,0.999833
9733.pgm,10000,65536,18896,28.833,0.05461,0.076569,59.2903,0.999739
9734.pgm,10000,65536,16256,24.8047,0.03947,0.076401,59.2998,0.999793
9735.pgm,10000,65536,53824,82.1289,0.04191,0.075882,59.3294,0.999932
9736.pgm,10000,65536,31296,47.7539,0.03239,0.074387,59.4159,0.99985
9739.pgm,10000,65536,15024,22.9248,0.02404,0.076981,59.267,0.999899
9741.pgm,10000,65536,19472,29.7119,0.02308,0.076965,59.2679,0.999744
9742.pgm,10000,65536,11232,17.1387,0.02017,0.076019,59.3216,0.99977
9743.pgm,10000,65536,15632,23.8525,0.01979,0.075211,59.368,0.999728
9745.pgm,10000,65536,23632,36.0596,0.02035,0.076492,59.2946,0.999823
9746.pgm,10000,65536,18480,28.1982,0.01918,0.075241,59.3663,0.999761
9747.pgm,10000,65536,14432,22.0215,0.01825,0.076614,59.2877,0.99958
9748.pgm,10000,65536,17968,27.417,0.01909,0.076874,59.273,0.999695
9749.pgm,10000,65536,18608,28.3936,0.01917,0.074875,59.3874,0.99976
9750.pgm,10000,65536,13040,19.8975,0.01861,0.076477,59.2955,0.999775
9751.pgm,10000,65536,25712,39.2334,0.02137,0.076981,59.267,0.999823
9752.pgm,10000,65536,24576,37.5,0.02238,0.076904,59.2713,0.999851
9753.pgm,10000,65536,42880,65.4297,0.02614,0.07724,59.2524,0.999791
9754.pgm,10000,65536,16336,24.9268,0.02475,0.075943,59.3259,0.999796
9757.pgm,10000,65536,10592,16.1621,0.03259,0.076447,59.2972,0.999757
9758.pgm,10000,65536,19248,29.3701,0.13453,0.075439,59.3548,0.999754
9759.pgm,10000,65536,10256,15.6494,0.04364,0.077057,59.2627,0.999817
9760.pgm,10000,65536,11904,18.1641,0.02641,0.076447,59.2972,0.999775
9761.pgm,10000,65536,19712,30.0781,0.02323,0.076218,59.3102,0.999795
9762.pgm,10000,65536,14560,22.2168,0.01994,0.075714,59.339,0.999703
9763.pgm,10000,65536,14736,22.4854,0.02144,0.075287,59.3636,0.999818
9764.pgm,10000,65536,17392,26.5381,0.02318,0.077148,59.2575,0.999815
9765.pgm,10000,65536,18640,28.4424,0.02107,0.076553,59.2912,0.999817
9766.pgm,10000,65536,18624,28.418,0.02093,0.076981,59.267,0.999797
9767.pgm,10000,65536,20768,31.6895,0.01946,0.076797,59.2773,0.999812
9768.pgm,10000,65536,41040,62.6221,0.0217,0.077621,59.231,0.999877
9769.pgm,10000,65536,41360,63.1104,0.02197,0.075729,59.3382,0.999864
9770.pgm,10000,65536,25152,38.3789,0.02229,0.07608,59.3181,0.999796
9771.pgm,10000,65536,24624,37.5732,0.02981,0.075485,59.3522,0.999854
9772.pgm,10000,65536,33136,50.5615,0.03821,0.077225,59.2532,0.999861
9773.pgm,10000,65536,32928,50.2441,0.04703,0.075912,59.3277,0.999813
9775.pgm,10000,65536,23184,35.376,0.05763,0.075363,59.3592,0.999809
9776.pgm,10000,65536,51296,78.2715,0.08987,0.075897,59.3285,0.999886
9777.pgm,10000,65536,45360,69.2139,0.05798,0.076736,59.2808,0.999918
9778.pgm,10000,65536,25760,39.3066,0.03804,0.076233,59.3094,0.999844
9779.pgm,10000,65536,33808,51.5869,0.03176,0.075729,59.3382,0.999871
9780.pgm,10000,65536,10288,15.6982,0.02461,0.076035,59.3207,0.999781
9783.pgm,10000,65536,32272,49.2432,0.02478,0.076355,59.3024,0.999676
9784.pgm,10000,65536,10848,16.5527,0.02049,0.076462,59.2964,0.999509
9785.pgm,10000,65536,20208,30.835,0.02538,0.076706,59.2825,0.999612
9786.pgm,10000,65536,28288,43.1641,0.02087,0.076324,59.3042,0.99971
9787.pgm,10000,65536,13184,20.1172,0.02277,0.076538,59.292,0.999713
9789.pgm,10000,65536,18768,28.6377,0.08655,0.077072,59.2618,0.999738
9790.pgm,10000,65536,20304,30.9814,0.07019,0.076767,59.2791,0.999798
9791.pgm,10000,65536,18656,28.4668,0.03258,0.07576,59.3364,0.99977
9792.pgm,10000,65536,14880,22.7051,0.024,0.076538,59.292,0.999758
9793.pgm,10000,65536,35376,53.9795,0.02317,0.076797,59.2773,0.999762
9794.pgm,10000,65536,37744,57.5928,0.02159,0.076874,59.273,0.999839
9795.pgm,10000,65536,37264,56.8604,0.02086,0.075272,59.3645,0.999841
9796.pgm,10000,65536,22864,34.8877,0.02028,0.075607,59.3452,0.999656
9797.pgm,10000,65536,21024,32.0801,0.02172,0.076294,59.3059,0.999782
9798.pgm,10000,65536,41568,63.4277,0.02464,0.076309,59.305,0.999886
9799.pgm,10000,65536,44656,68.1396,0.02758,0.07637,59.3016,0.999887
9800.pgm,10000,65536,31312,47.7783,0.04278,0.076309,59.305,0.999909
9801.pgm,10000,65536,41456,63.2568,0.19508,0.07605,59.3198,0.999824
9802.pgm,10000,65536,50160,76.5381,0.04359,0.076279,59.3068,0.999885
9803.pgm,10000,65536,41504,63.3301,0.02972,0.077087,59.261,0.999913
9804.pgm,10000,65536,60096,91.6992,0.02668,0.074829,59.3901,0.999795
9805.pgm,10000,65536,38368,58.5449,0.02251,0.077621,59.231,0.999849
9806.pgm,10000,65536,32960,50.293,0.02038,0.076111,59.3163,0.999783
9807.pgm,10000,65536,42880,65.4297,0.02365,0.07753,59.2361,0.999836
9808.pgm,10000,65536,28224,43.0664,0.02184,0.07666,59.2851,0.999844
9809.pgm,10000,65536,13664,20.8496,0.02065,0.074814,59.391,0.999787
9811.pgm,10000,65536,17408,26.5625,0.02016,0.07579,59.3347,0.999802
9812.pgm,10000,65536,14704,22.4365,0.01957,0.076065,59.319,0.999721
9814.pgm,10000,65536,16224,24.7559,0.01956,0.075897,59.3285,0.999777
9815.pgm,10000,65536,26880,41.0156,0.02041,0.077179,59.2558,0.999859
9816.pgm,10000,65536,36624,55.8838,0.02142,0.075241,59.3663,0.999707
9817.pgm,10000,65536,16912,25.8057,0.02072,0.076447,59.2972,0.999768
9818.pgm,10000,65536,12640,19.2871,0.02448,0.076721,59.2817,0.999818
9819.pgm,10000,65536,14880,22.7051,0.02969,0.076736,59.2808,0.999788
9820.pgm,10000,65536,13088,19.9707,0.03396,0.076675,59.2842,0.999744
9821.pgm,10000,65536,18736,28.5889,0.05013,0.076157,59.3137,0.999773
9822.pgm,10000,65536,26384,40.2588,0.04653,0.076218,59.3102,0.999686
9823.pgm,10000,65536,14288,21.8018,0.04335,0.075623,59.3443,0.999779
9824.pgm,10000,65536,22560,34.4238,0.0324,0.076691,59.2834,0.999781
9825.pgm,10000,65536,17456,26.6357,0.02882,0.076508,59.2938,0.999791
9826.pgm,10000,65536,17120,26.123,0.0274,0.07576,59.3364,0.999734
9827.pgm,10000,65536,11472,17.5049,0.02674,0.076324,59.3042,0.999781
9828.pgm,10000,65536,14880,22.7051,0.02697,0.07666,59.2851,0.999802
9829.pgm,10000,65536,11808,18.0176,0.02491,0.076645,59.286,0.999884
9830.pgm,10000,65536,12736,19.4336,0.02603,0.076889,59.2722,0.999692
9831.pgm,10000,65536,24864,37.9395,0.03327,0.075912,59.3277,0.999917
9838.pgm,10000,65536,13248,20.2148,0.02836,0.076508,59.2938,0.999743
9844.pgm,10000,65536,12000,18.3105,0.03857,0.075211,59.368,0.999763
9845.pgm,10000,65536,11952,18.2373,0.17515,0.07576,59.3364,0.999764
9846.pgm,10000,65536,10032,15.3076,0.08154,0.07608,59.3181,0.999794
9848.pgm,10000,65536,37328,56.958,0.03167,0.076889,59.2722,0.9998
9849.pgm,10000,65536,19248,29.3701,0.0219,0.077194,59.255,0.999735
9850.pgm,10000,65536,17664,26.9531,0.01871,0.078262,59.1953,0.999807
9851.pgm,10000,65536,10896,16.626,0.01688,0.076584,59.2894,0.999764
9852.pgm,10000,65536,37280,56.8848,0.02258,0.075607,59.3452,0.999789
9853.pgm,10000,65536,11680,17.8223,0.01954,0.076004,59.3224,0.99974
9854.pgm,10000,65536,17936,27.3682,0.02046,0.076706,59.2825,0.999736
9855.pgm,10000,65536,18560,28.3203,0.02187,0.076111,59.3163,0.999783
9856.pgm,10000,65536,22096,33.7158,0.02253,0.076263,59.3076,0.999804
9857.pgm,10000,65536,16224,24.7559,0.02205,0.076111,59.3163,0.999768
9858.pgm,10000,65536,19200,29.2969,0.03065,0.076981,59.267,0.999753
9859.pgm,10000,65536,18528,28.2715,0.0424,0.077652,59.2293,0.999753
9860.pgm,10000,65536,14752,22.5098,0.05206,0.075821,59.3329,0.999762
9862.pgm,10000,65536,10992,16.7725,0.14479,0.076035,59.3207,0.999664
9863.pgm,10000,65536,11184,17.0654,0.06493,0.077057,59.2627,0.999578
9864.pgm,10000,65536,33712,51.4404,0.03575,0.075684,59.3408,0.999807
9866.pgm,10000,65536,11088,16.9189,0.02351,0.075485,59.3522,0.99981
9867.pgm,10000,65536,19952,30.4443,0.02139,0.076538,59.292,0.999806
9868.pgm,10000,65536,41584,63.4521,0.02262,0.077606,59.2318,0.999876
9869.pgm,10000,65536,36816,56.1768,0.02016,0.076477,59.2955,0.999859
9870.pgm,10000,65536,27072,41.3086,0.0198,0.077499,59.2378,0.999765
9871.pgm,10000,65536,33712,51.4404,0.02505,0.077011,59.2653,0.999798
9872.pgm,10000,65536,15968,24.3652,0.02563,0.075729,59.3382,0.999774
9873.pgm,10000,65536,19504,29.7607,0.02626,0.076996,59.2661,0.99981
9874.pgm,10000,65536,21920,33.4473,0.02751,0.077438,59.2412,0.999829
9875.pgm,10000,65536,16048,24.4873,0.03799,0.075851,59.3312,0.999769
9876.pgm,10000,65536,16464,25.1221,0.09308,0.077301,59.249,0.999861
9877.pgm,10000,65536,11376,17.3584,0.07108,0.075821,59.3329,0.999714
9879.pgm,10000,65536,19696,30.0537,0.04623,0.07782,59.2199,0.999821
9880.pgm,10000,65536,15296,23.3398,0.03354,0.07637,59.3016,0.99979
9882.pgm,10000,65536,18416,28.1006,0.03102,0.075806,59.3338,0.999807
9883.pgm,10000,65536,23424,35.7422,0.03036,0.076736,59.2808,0.999834
9884.pgm,10000,65536,24032,36.6699,0.0268,0.075912,59.3277,0.999815
9885.pgm,10000,65536,48688,74.292,0.02859,0.077072,59.2618,0.999847
9886.pgm,10000,65536,28912,44.1162,0.02321,0.076019,59.3216,0.999781
9887.pgm,10000,65536,25280,38.5742,0.02093,0.076843,59.2747,0.999738
9888.pgm,10000,65536,19552,29.834,0.01976,0.075333,59.361,0.999747
9891.pgm,10000,65536,19984,30.4932,0.02241,0.074677,59.399,0.999787
9893.pgm,10000,65536,15248,23.2666,0.02356,0.0755,59.3513,0.99984
9894.pgm,10000,65536,19888,30.3467,0.025,0.076553,59.2912,0.99967
9895.pgm,10000,65536,12416,18.9453,0.02326,0.074936,59.3839,0.999835
9896.pgm,10000,65536,12816,19.5557,0.0249,0.075851,59.3312,0.999803
9897.pgm,10000,65536,12704,19.3848,0.0243,0.076431,59.2981,0.999874
9898.pgm,10000,65536,37536,57.2754,0.02787,0.075562,59.3478,0.9998
9900.pgm,10000,65536,11456,17.4805,0.02779,0.076141,59.3146,0.99977
9901.pgm,10000,65536,11824,18.042,0.03019,0.075684,59.3408,0.999739
9902.pgm,10000,65536,11632,17.749,0.03223,0.076385,59.3007,0.999742
9903.pgm,10000,65536,11840,18.0664,0.03531,0.076553,59.2912,0.999792
9904.pgm,10000,65536,42832,65.3564,0.04136,0.076233,59.3094,0.999834
9905.pgm,10000,65536,44672,68.1641,0.03915,0.07576,59.3364,0.999834
9906.pgm,10000,65536,23712,36.1816,0.03081,0.07486,59.3883,0.999755
9907.pgm,10000,65536,16784,25.6104,0.02822,0.07814,59.2021,0.999649
9908.pgm,10000,65536,18704,28.54,0.02538,0.075027,59.3786,0.999833
9909.pgm,10000,65536,15360,23.4375,0.02549,0.076889,59.2722,0.999702
9910.pgm,10000,65536,18496,28.2227,0.02491,0.076126,59.3155,0.999796
9911.pgm,10000,65536,50720,77.3926,0.03035,0.07692,59.2704,0.999825
9914.pgm,10000,65536,11072,16.8945,0.02762,0.075272,59.3645,0.999698
9915.pgm,10000,65536,49632,75.7324,0.04975,0.074722,59.3963,0.999883
9916.pgm,10000,65536,42032,64.1357,0.07598,0.076187,59.312,0.999826
9917.pgm,10000,65536,27520,41.9922,0.05805,0.075562,59.3478,0.999843
9918.pgm,10000,65536,35008,53.418,0.04227,0.077103,59.2601,0.999862
9919.pgm,10000,65536,49584,75.6592,0.0391,0.07663,59.2868,0.999845
9920.pgm,10000,65536,48768,74.4141,0.03594,0.076889,59.2722,0.999834
9921.pgm,10000,65536,33328,50.8545,0.02803,0.076431,59.2981,0.999913
9922.pgm,10000,65536,53056,80.957,0.03075,0.075653,59.3425,0.99994
9923.pgm,10000,65536,22256,33.96,0.03144,0.077484,59.2387,0.999843
9924.pgm,10000,65536,47968,73.1934,0.10198,0.075531,59.3496,0.999745
9925.pgm,10000,65536,47664,72.7295,0.08291,0.077179,59.2558,0.999903
9926.pgm,10000,65536,43776,66.7969,0.04077,0.076935,59.2696,0.999843
9927.pgm,10000,65536,35952,54.8584,0.029,0.077835,59.219,0.999902
9928.pgm,10000,65536,23600,36.0107,0.02289,0.07753,59.2361,0.999849
9929.pgm,10000,65536,14688,22.4121,0.02108,0.075562,59.3478,0.999811
9930.pgm,10000,65536,19248,29.3701,0.02247,0.076111,59.3163,0.999792
9931.pgm,10000,65536,21776,33.2275,0.0242,0.075928,59.3268,0.999765
9932.pgm,10000,65536,18912,28.8574,0.02473,0.076797,59.2773,0.999866
9933.pgm,10000,65536,20960,31.9824,0.0282,0.075912,59.3277,0.999749
9934.pgm,10000,65536,28304,43.1885,0.03265,0.078201,59.1987,0.99982
9935.pgm,10000,65536,33712,51.4404,0.03394,0.07579,59.3347,0.999922
9936.pgm,10000,65536,19872,30.3223,0.03545,0.07666,59.2851,0.99987
9937.pgm,10000,65536,18240,27.832,0.03913,0.077621,59.231,0.999857
9938.pgm,10000,65536,23280,35.5225,0.04582,0.076828,59.2756,0.999752
9939.pgm,10000,65536,23568,35.9619,0.04695,0.077179,59.2558,0.999789
9940.pgm,10000,65536,21184,32.3242,0.03717,0.074463,59.4114,0.999924
9941.pgm,10000,65536,24400,37.2314,0.03268,0.077057,59.2627,0.999945
9942.pgm,10000,65536,31424,47.9492,0.02907,0.076981,59.267,0.999941
9943.pgm,10000,65536,43792,66.8213,0.03073,0.074753,59.3945,0.999863
9944.pgm,10000,65536,59232,90.3809,0.02952,0.074554,59.4061,0.999806
9945.pgm,10000,65536,26672,40.6982,0.0243,0.075943,59.3259,0.999775
9946.pgm,10000,65536,37136,56.665,0.02508,0.076294,59.3059,0.999796
9947.pgm,10000,65536,26752,40.8203,0.0238,0.076172,59.3129,0.999679
9948.pgm,10000,65536,49600,75.6836,0.02761,0.07608,59.3181,0.9999
9949.pgm,10000,65536,39696,60.5713,0.0258,0.07724,59.2524,0.999833
9950.pgm,10000,65536,42512,64.8682,0.02763,0.077148,59.2575,0.999832
9951.pgm,10000,65536,29760,45.4102,0.02719,0.075409,59.3566,0.999811
9952.pgm,10000,65536,37056,56.543,0.03275,0.077362,59.2455,0.99989
9953.pgm,10000,65536,27568,42.0654,0.05916,0.07576,59.3364,0.999821
9954.pgm,10000,65536,36160,55.1758,0.13089,0.075806,59.3338,0.999855
9955.pgm,10000,65536,21136,32.251,0.05028,0.077972,59.2114,0.999666
9956.pgm,10000,65536,40080,61.1572,0.04333,0.076584,59.2894,0.999812
9957.pgm,10000,65536,56208,85.7666,0.03473,0.075241,59.3663,0.999939
9958.pgm,10000,65536,11888,18.1396,0.02263,0.075943,59.3259,0.999784
9959.pgm,10000,65536,26176,39.9414,0.02156,0.077133,59.2584,0.999841
9960.pgm,10000,65536,19200,29.2969,0.01966,0.075897,59.3285,0.999782
9961.pgm,10000,65536,16352,24.9512,0.01852,0.075363,59.3592,0.999801
9962.pgm,10000,65536,20624,31.4697,0.01962,0.076797,59.2773,0.999821
9963.pgm,10000,65536,40656,62.0361,0.02361,0.075577,59.3469,0.9998
9964.pgm,10000,65536,34736,53.0029,0.0232,0.076096,59.3172,0.999791
9965.pgm,10000,65536,22512,34.3506,0.02492,0.077408,59.243,0.999805
9966.pgm,10000,65536,17456,26.6357,0.03308,0.076324,59.3042,0.999787
9967.pgm,10000,65536,17008,25.9521,0.21079,0.077652,59.2293,0.999776
9968.pgm,10000,65536,26832,40.9424,0.0378,0.075256,59.3654,0.999845
9969.pgm,10000,65536,39952,60.9619,0.02665,0.077209,59.2541,0.999935
9970.pgm,10000,65536,28080,42.8467,0.02068,0.076859,59.2739,0.999876
9971.pgm,10000,65536,43808,66.8457,0.02102,0.076355,59.3024,0.999926
9976.pgm,10000,65536,30624,46.7285,0.02034,0.076706,59.2825,0.999786
9977.pgm,10000,65536,33472,51.0742,0.02294,0.077042,59.2635,0.999821
9978.pgm,10000,65536,31440,47.9736,0.02428,0.075836,59.332,0.999814
9979.pgm,10000,65536,31504,48.0713,0.02696,0.074951,59.383,0.99986
9980.pgm,10000,65536,24960,38.0859,0.03517,0.07695,59.2687,0.999847
9981.pgm,10000,65536,17584,26.8311,0.06382,0.07637,59.3016,0.99981
9982.pgm,10000,65536,30960,47.2412,0.07814,0.077072,59.2618,0.999841
9983.pgm,10000,65536,26880,41.0156,0.04906,0.076218,59.3102,0.99973
9984.pgm,10000,65536,26864,40.9912,0.06263,0.075821,59.3329,0.999799
9986.pgm,10000,65536,11424,17.4316,0.03153,0.075851,59.3312,0.999698
9987.pgm,10000,65536,34512,52.6611,0.04577,0.07515,59.3715,0.99984
9988.pgm,10000,65536,54944,83.8379,0.0664,0.076294,59.3059,0.999921
9989.pgm,10000,65536,52016,79.3701,0.06249,0.076675,59.2842,0.999942
9990.pgm,10000,65536,53104,81.0303,0.04896,0.076111,59.3163,0.999891
9991.pgm,10000,65536,19856,30.2979,0.03509,0.075958,59.3251,0.99976
9992.pgm,10000,65536,25424,38.7939,0.03183,0.075409,59.3566,0.9998
9993.pgm,10000,65536,34672,52.9053,0.0297,0.077133,59.2584,0.999829
9995.pgm,10000,65536,37408,57.0801,0.02704,0.076019,59.3216,0.999875
9996.pgm,10000,65536,36128,55.127,0.02478,0.076721,59.2817,0.999816
9997.pgm,10000,65536,32992,50.3418,0.02318,0.077438,59.2412,0.999858
9998.pgm,10000,65536,39280,59.9365,0.02456,0.076126,59.3155,0.999838
9999.pgm,10000,65536,51264,78.2227,0.02568,0.07576,59.3364,0.999882
10000.pgm,10000,65536,47728,72.8271,0.03272,0.076874,59.273,0.999877
