Dosya_Adi,Payload_Bit,bpp,Guvenli_Piksel(K),Daralma_Orani(%),ABC_Suresi_ms,MSE,PSNR_dB,SSIM,NCC,RS_stat,chi2_p
1.pgm,1000,0.015259,23952,36.5479,7.574,0.00795,69.1272,0.999985,0.9999992,0.0,0.0
2.pgm,1000,0.015259,10768,16.4307,13.097,0.007416,69.4292,0.999964,0.9999968,0.0,0.0
3.pgm,1000,0.015259,24720,37.7197,139.74,0.007507,69.376,0.999982,0.9999988,0.0,0.0
4.pgm,1000,0.015259,27968,42.6758,30.205,0.007782,69.2199,0.999986,0.999999,0.0,0.0
5.pgm,1000,0.015259,22480,34.3018,18.94,0.007874,69.1691,0.999978,0.9999991,0.0,0.0
6.pgm,1000,0.015259,37872,57.7881,182.91,0.007416,69.4292,0.99999,0.9999986,0.0,7e-06
7.pgm,1000,0.015259,25072,38.2568,15.027,0.007614,69.3146,0.999988,0.9999994,0.0,0.0
8.pgm,1000,0.015259,38224,58.3252,12.181,0.007324,69.4832,0.999985,0.9999983,0.0,0.674845
9.pgm,1000,0.015259,49376,75.3418,12.279,0.007767,69.2284,0.999986,0.9999972,0.0,0.215547
10.pgm,1000,0.015259,35296,53.8574,11.047,0.007736,69.2455,0.999986,0.9999991,0.0,0.006847
11.pgm,1000,0.015259,31472,48.0225,29.184,0.007904,69.1523,0.999984,0.9999991,0.0,0.0
12.pgm,1000,0.015259,30368,46.3379,35.862,0.007874,69.1691,0.999979,0.999997,0.0,0.022515
13.pgm,1000,0.015259,43904,66.9922,19.694,0.007462,69.4025,0.999987,0.9999985,0.0,0.0
14.pgm,1000,0.015259,16208,24.7314,9.252,0.007599,69.3233,0.999981,0.9999993,0.0,0.024325
15.pgm,1000,0.015259,32320,49.3164,10.73,0.007828,69.1944,0.999982,0.9999965,0.0,0.000687
16.pgm,1000,0.015259,14640,22.3389,7.547,0.008026,69.0857,0.99997,0.9999961,0.0,0.007391
17.pgm,1000,0.015259,25408,38.7695,15.176,0.007324,69.4832,0.999991,0.9999996,0.0,0.0
18.pgm,1000,0.015259,18144,27.6855,96.693,0.007248,69.5287,0.999984,0.9999992,0.0,0.000334
19.pgm,1000,0.015259,36032,54.9805,26.18,0.007492,69.3848,0.999987,0.9999991,0.0,0.0
20.pgm,1000,0.015259,35344,53.9307,15.558,0.007492,69.3848,0.999976,0.9999959,0.0,0.99958
21.pgm,1000,0.015259,31584,48.1934,11.696,0.007492,69.3848,0.999988,0.9999952,0.0,0.019066
22.pgm,1000,0.015259,41888,63.916,12.174,0.007446,69.4114,0.99999,0.9999981,0.0,0.159656
23.pgm,1000,0.015259,24832,37.8906,11.61,0.007782,69.2199,0.999987,0.999999,0.0,0.0
24.pgm,1000,0.015259,25856,39.4531,104.619,0.008026,69.0857,0.999976,0.9999975,0.0,0.017439
25.pgm,1000,0.015259,25040,38.208,26.8,0.007797,69.2114,0.999988,0.9999993,0.0,0.0
26.pgm,1000,0.015259,60624,92.5049,19.57,0.007828,69.1944,0.999989,0.9999971,0.0,0.463649
27.pgm,1000,0.015259,43392,66.2109,12.678,0.007339,69.4742,0.999982,0.9999979,0.0,0.945398
28.pgm,1000,0.015259,23216,35.4248,9.089,0.007736,69.2455,0.999981,0.9999991,0.0,0.0
29.pgm,1000,0.015259,52400,79.9561,22.915,0.007553,69.3496,0.999987,0.9999973,0.0,0.256673
30.pgm,1000,0.015259,36208,55.249,100.672,0.007309,69.4922,0.999987,0.999998,0.0,9e-06
31.pgm,1000,0.015259,22368,34.1309,15.61,0.007523,69.3671,0.999982,0.9999993,0.0,0.0
32.pgm,1000,0.015259,17872,27.2705,7.979,0.007523,69.3671,0.999987,0.9999987,0.0,0.0
33.pgm,1000,0.015259,38832,59.2529,10.678,0.007507,69.376,0.999988,0.9999984,0.0,0.053703
34.pgm,1000,0.015259,33520,51.1475,11.527,0.007584,69.332,0.999986,0.9999983,0.0,0.0
35.pgm,1000,0.015259,25424,38.7939,18.603,0.007065,69.6398,0.999988,0.9999995,0.0,0.0
36.pgm,1000,0.015259,30320,46.2646,55.648,0.007523,69.3671,0.99999,0.9999981,0.0,0.0
37.pgm,1000,0.015259,23792,36.3037,15.558,0.007538,69.3583,0.99998,0.9999984,0.0,0.386774
38.pgm,1000,0.015259,39472,60.2295,14.437,0.007492,69.3848,0.999987,0.9999992,0.0,0.0
39.pgm,1000,0.015259,58976,89.9902,14.952,0.007996,69.1023,0.999985,0.9999962,0.0,0.135154
40.pgm,1000,0.015259,27264,41.6016,10.767,0.00769,69.2713,0.999983,0.9999992,0.0,0.0
41.pgm,1000,0.015259,3952,6.0303,9.892,0.007736,69.2455,0.999958,0.9999973,0.0,0.0
42.pgm,1000,0.015259,33776,51.5381,124.259,0.007492,69.3848,0.999978,0.9999977,0.0,0.905812
43.pgm,1000,0.015259,28576,43.6035,19.352,0.007416,69.4292,0.99998,0.9999964,0.0,1e-06
44.pgm,1000,0.015259,10576,16.1377,7.85,0.007996,69.1023,0.999987,0.9999981,0.0,0.0
45.pgm,1000,0.015259,33776,51.5381,10.621,0.007111,69.6117,0.999989,0.9999985,0.0,0.0
46.pgm,1000,0.015259,21776,33.2275,8.831,0.007477,69.3936,0.999987,0.9999996,0.0,0.0
47.pgm,1000,0.015259,12752,19.458,9.99,0.008011,69.094,0.999982,0.9999989,0.0,0.0
48.pgm,1000,0.015259,40784,62.2314,87.038,0.007889,69.1607,0.999983,0.999999,0.0,0.0
49.pgm,1000,0.015259,19280,29.4189,28.728,0.007278,69.5104,0.999975,0.9999969,0.0,0.0
50.pgm,1000,0.015259,12176,18.5791,10.108,0.007584,69.332,0.999958,0.9999963,0.0,0.0
51.pgm,1000,0.015259,20320,31.0059,8.801,0.007614,69.3146,0.999982,0.9999992,0.0,0.0
52.pgm,1000,0.015259,21984,33.5449,9.723,0.007385,69.4471,0.999974,0.9999949,0.0,0.994545
53.pgm,1000,0.015259,10176,15.5273,14.169,0.007797,69.2114,0.999973,0.9999962,0.0,0.004025
54.pgm,1000,0.015259,41328,63.0615,100.53,0.007126,69.6024,0.999985,0.999999,0.0,0.0
55.pgm,1000,0.015259,27584,42.0898,13.197,0.007523,69.3671,0.999992,0.9999991,0.0,0.0
56.pgm,1000,0.015259,10304,15.7227,7.457,0.00766,69.2886,0.999958,0.9999955,0.0,0.0
57.pgm,1000,0.015259,50976,77.7832,15.682,0.007797,69.2114,0.99998,0.9999981,0.0,0.996764
58.pgm,1000,0.015259,43312,66.0889,154.544,0.007629,69.3059,0.999987,0.9999986,0.0,0.852239
59.pgm,1000,0.015259,32000,48.8281,23.587,0.00769,69.2713,0.999983,0.9999987,0.0,0.00011
60.pgm,1000,0.015259,28560,43.5791,12.934,0.007507,69.376,0.999982,0.999999,0.0,0.0
61.pgm,1000,0.015259,39456,60.2051,12.111,0.007828,69.1944,0.999984,0.9999993,0.0,0.0
62.pgm,1000,0.015259,13200,20.1416,7.631,0.007462,69.4025,0.999978,0.999999,0.0,0.0
63.pgm,1000,0.015259,16784,25.6104,9.058,0.007782,69.2199,0.999974,0.9999925,0.0,0.0
64.pgm,1000,0.015259,33104,50.5127,24.369,0.00769,69.2713,0.999983,0.9999994,0.0,0.0
65.pgm,1000,0.015259,34560,52.7344,81.215,0.007492,69.3848,0.999982,0.9999984,0.0,0.999653
66.pgm,1000,0.015259,19952,30.4443,14.049,0.007629,69.3059,0.999977,0.9999986,0.0,0.039546
67.pgm,1000,0.015259,32000,48.8281,10.701,0.007736,69.2455,0.999982,0.9999982,0.0,0.0
68.pgm,1000,0.015259,14336,21.875,7.089,0.007782,69.2199,0.999985,0.9999995,0.0,0.0
69.pgm,1000,0.015259,23344,35.6201,10.841,0.00766,69.2886,0.999985,0.999999,0.0,0.0
70.pgm,1000,0.015259,34064,51.9775,54.27,0.007416,69.4292,0.999989,0.9999986,0.0,7.2e-05
71.pgm,1000,0.015259,18080,27.5879,28.141,0.007614,69.3146,0.999982,0.9999986,0.0,0.088487
72.pgm,1000,0.015259,16448,25.0977,11.369,0.007767,69.2284,0.999977,0.9999974,0.0,3.4e-05
73.pgm,1000,0.015259,23792,36.3037,9.657,0.007446,69.4114,0.999985,0.9999986,0.0,0.0
74.pgm,1000,0.015259,54864,83.7158,14.278,0.007874,69.1691,0.999979,0.9999968,0.0,0.99999
75.pgm,1000,0.015259,30608,46.7041,13.222,0.007812,69.2029,0.999982,0.9999973,0.0,0.00158
76.pgm,1000,0.015259,55072,84.0332,59.294,0.007599,69.3233,0.999981,0.9999977,0.0,0.997906
77.pgm,1000,0.015259,32608,49.7559,30.344,0.007828,69.1944,0.999993,0.9999993,0.0,0.0
78.pgm,1000,0.015259,47680,72.7539,16.638,0.008011,69.094,0.999985,0.999998,0.0,0.999716
79.pgm,1000,0.015259,39840,60.791,10.731,0.007645,69.2972,0.999986,0.9999993,0.0,0.0
80.pgm,1000,0.015259,50272,76.709,14.875,0.008011,69.094,0.999986,0.9999973,0.0,0.998984
81.pgm,1000,0.015259,28640,43.7012,20.013,0.007401,69.4382,0.999984,0.9999984,0.0,0.734001
82.pgm,1000,0.015259,29984,45.752,66.99,0.007492,69.3848,0.999987,0.9999992,0.0,0.0
83.pgm,1000,0.015259,40896,62.4023,26.569,0.008026,69.0857,0.999988,0.9999991,0.0,0.0
84.pgm,1000,0.015259,30560,46.6309,17.831,0.007599,69.3233,0.999985,0.9999982,0.0,0.0
85.pgm,1000,0.015259,35344,53.9307,16.807,0.00737,69.4561,0.999984,0.9999989,0.0,0.999708
86.pgm,1000,0.015259,15328,23.3887,9.771,0.007538,69.3583,0.999981,0.9999994,0.0,0.0
87.pgm,1000,0.015259,31360,47.8516,11.007,0.00769,69.2713,0.999976,0.9999982,0.0,0.8778
88.pgm,1000,0.015259,37808,57.6904,22.407,0.007187,69.5654,0.999987,0.999998,0.0,0.819542
89.pgm,1000,0.015259,19056,29.0771,34.513,0.007919,69.1439,0.999984,0.999999,0.0,0.0
90.pgm,1000,0.015259,33888,51.709,16.765,0.007828,69.1944,0.999977,0.999996,0.0,0.9988
91.pgm,1000,0.015259,45440,69.3359,12.999,0.007309,69.4922,0.999989,0.9999965,0.0,0.0
92.pgm,1000,0.015259,11888,18.1396,6.495,0.007996,69.1023,0.999982,0.9999979,0.0,0.0
93.pgm,1000,0.015259,26592,40.5762,10.146,0.007538,69.3583,0.999984,0.9999989,0.0,0.974522
94.pgm,1000,0.015259,30640,46.7529,19.393,0.007599,69.3233,0.999987,0.999999,0.0,0.000151
95.pgm,1000,0.015259,22112,33.7402,31.744,0.007462,69.4025,0.999987,0.9999973,0.0,0.0
96.pgm,1000,0.015259,33040,50.415,15.942,0.007904,69.1523,0.999989,0.9999995,0.0,0.0
97.pgm,1000,0.015259,23792,36.3037,9.88,0.007568,69.3408,0.999986,0.9999991,0.0,0.0
98.pgm,1000,0.015259,20720,31.6162,8.826,0.007278,69.5104,0.999968,0.9999981,0.0,0.641036
99.pgm,1000,0.015259,44480,67.8711,11.561,0.007568,69.3408,0.999983,0.9999983,0.0,7.8e-05
100.pgm,1000,0.015259,31616,48.2422,13.024,0.007339,69.4742,0.999978,0.9999979,0.0,0.0
101.pgm,1000,0.015259,55440,84.5947,176.127,0.007675,69.2799,0.99999,0.9999984,0.0,0.760068
102.pgm,1000,0.015259,63584,97.0215,30.043,0.007462,69.4025,0.999995,0.9999979,0.0,0.997987
103.pgm,1000,0.015259,21648,33.0322,10.603,0.00824,68.9717,0.999983,0.9999984,0.0,0.005931
104.pgm,1000,0.015259,24368,37.1826,8.98,0.007538,69.3583,0.999984,0.9999978,0.0,0.0
105.pgm,1000,0.015259,20992,32.0312,9.874,0.008224,68.9797,0.999986,0.9999983,0.0,0.0
106.pgm,1000,0.015259,41040,62.6221,171.005,0.007843,69.186,0.999988,0.9999989,0.0,0.0
107.pgm,1000,0.015259,55072,84.0332,28.975,0.00798,69.1106,0.999983,0.9999981,0.0,0.477074
108.pgm,1000,0.015259,56576,86.3281,17.522,0.007797,69.2114,0.999993,0.9999991,0.0,0.933489
109.pgm,1000,0.015259,27520,41.9922,9.449,0.007828,69.1944,0.999985,0.9999986,0.0,0.0
110.pgm,1000,0.015259,43488,66.3574,22.745,0.00737,69.4561,0.999991,0.9999992,0.0,0.0
111.pgm,1000,0.015259,35888,54.7607,106.717,0.007401,69.4382,0.999989,0.9999976,0.0,0.983793
112.pgm,1000,0.015259,29424,44.8975,18.99,0.007599,69.3233,0.999988,0.9999992,0.0,0.001914
113.pgm,1000,0.015259,25424,38.7939,10.706,0.007706,69.2627,0.999979,0.9999988,0.0,0.0
114.pgm,1000,0.015259,29952,45.7031,9.951,0.007462,69.4025,0.999985,0.9999987,0.0,0.999997
115.pgm,1000,0.015259,38176,58.252,20.285,0.007736,69.2455,0.99999,0.9999984,0.0,0.939093
116.pgm,1000,0.015259,3424,5.2246,29.434,0.007675,69.2799,0.999975,0.999999,0.0,0.0
117.pgm,1000,0.015259,41168,62.8174,18.545,0.007843,69.186,0.999987,0.9999985,0.0,0.0
118.pgm,1000,0.015259,27664,42.2119,10.677,0.007584,69.332,0.999985,0.9999995,0.0,0.0
119.pgm,1000,0.015259,14240,21.7285,6.975,0.007599,69.3233,0.999981,0.9999983,0.0,0.0
120.pgm,1000,0.015259,55520,84.7168,15.546,0.007446,69.4114,0.99999,0.9999967,0.0,0.995932
121.pgm,1000,0.015259,23856,36.4014,79.012,0.007507,69.376,0.999987,0.9999994,0.0,0.0
122.pgm,1000,0.015259,23312,35.5713,28.192,0.008041,69.0775,0.999974,0.9999985,0.0,0.0
123.pgm,1000,0.015259,28832,43.9941,13.389,0.007858,69.1775,0.999973,0.9999979,0.0,0.0
124.pgm,1000,0.015259,20960,31.9824,10.388,0.007309,69.4922,0.999991,0.9999992,0.0,0.0
125.pgm,1000,0.015259,31680,48.3398,23.905,0.007538,69.3583,0.999986,0.999999,0.0,9.2e-05
126.pgm,1000,0.015259,55328,84.4238,93.771,0.007721,69.2541,0.999988,0.9999968,0.0,0.676197
127.pgm,1000,0.015259,23408,35.7178,16.979,0.007599,69.3233,0.999987,0.9999996,0.0,0.0
128.pgm,1000,0.015259,11376,17.3584,11.524,0.008133,69.0283,0.999974,0.9999985,0.0,0.319347
129.pgm,1000,0.015259,21664,33.0566,13.303,0.007538,69.3583,0.999985,0.9999994,0.0,0.0
130.pgm,1000,0.015259,18192,27.7588,101.326,0.007202,69.5562,0.999979,0.9999993,0.0,0.160951
131.pgm,1000,0.015259,20752,31.665,33.883,0.007889,69.1607,0.99996,0.9999914,0.0,0.861859
132.pgm,1000,0.015259,28336,43.2373,12.758,0.007355,69.4651,0.999982,0.9999984,0.0,0.002298
133.pgm,1000,0.015259,24288,37.0605,10.612,0.007996,69.1023,0.99997,0.9999972,0.0,0.0
134.pgm,1000,0.015259,11392,17.3828,8.0,0.008224,68.9797,0.999963,0.9999981,0.0,0.0
135.pgm,1000,0.015259,35952,54.8584,25.973,0.007553,69.3496,0.99998,0.9999971,0.0,2e-06
136.pgm,1000,0.015259,48752,74.3896,49.289,0.007629,69.3059,0.999986,0.9999993,0.0,0.0
137.pgm,1000,0.015259,34528,52.6855,15.122,0.007416,69.4292,0.999989,0.999999,0.0,5e-06
138.pgm,1000,0.015259,23664,36.1084,9.558,0.007767,69.2284,0.999982,0.9999991,0.0,0.00048
139.pgm,1000,0.015259,27744,42.334,14.43,0.007584,69.332,0.999985,0.9999994,0.0,0.0
140.pgm,1000,0.015259,14352,21.8994,118.685,0.007416,69.4292,0.999976,0.999998,0.0,0.0
141.pgm,1000,0.015259,13776,21.0205,16.857,0.007614,69.3146,0.999969,0.9999957,0.0,0.0
142.pgm,1000,0.015259,34784,53.0762,13.27,0.007416,69.4292,0.999987,0.9999987,0.0,0.0
143.pgm,1000,0.015259,53296,81.3232,13.91,0.007553,69.3496,0.999982,0.9999954,0.0,0.853922
144.pgm,1000,0.015259,26816,40.918,9.348,0.007812,69.2029,0.999983,0.9999981,0.0,0.921846
145.pgm,1000,0.015259,53600,81.7871,20.77,0.007782,69.2199,0.999985,0.9999981,0.0,0.999987
146.pgm,1000,0.015259,16176,24.6826,94.659,0.007477,69.3936,0.999977,0.9999975,0.0,0.0
147.pgm,1000,0.015259,26592,40.5762,18.294,0.008148,69.0202,0.999967,0.9999931,0.0,0.0
148.pgm,1000,0.015259,16336,24.9268,8.697,0.007431,69.4203,0.999974,0.9999988,0.0,0.231423
149.pgm,1000,0.015259,51600,78.7354,11.638,0.007324,69.4832,0.999991,0.9999984,0.0,0.079104
150.pgm,1000,0.015259,45072,68.7744,14.861,0.007812,69.2029,0.999982,0.9999969,0.0,0.291828
151.pgm,1000,0.015259,29968,45.7275,13.819,0.008133,69.0283,0.999978,0.999997,0.0,0.992314
152.pgm,1000,0.015259,34880,53.2227,28.481,0.00795,69.1272,0.999989,0.9999965,0.0,0.723275
153.pgm,1000,0.015259,22912,34.9609,42.419,0.007904,69.1523,0.999981,0.999997,0.0,0.0
154.pgm,1000,0.015259,18496,28.2227,13.624,0.007462,69.4025,0.999972,0.999997,0.0,0.0
155.pgm,1000,0.015259,26864,40.9912,9.222,0.007355,69.4651,0.999963,0.9999942,0.0,0.008711
156.pgm,1000,0.015259,35984,54.9072,9.523,0.007462,69.4025,0.999987,0.999999,0.0,0.0
157.pgm,1000,0.015259,23984,36.5967,9.81,0.007706,69.2627,0.999974,0.9999984,0.0,0.076818
158.pgm,1000,0.015259,37840,57.7393,16.885,0.007645,69.2972,0.999965,0.999993,0.0,0.0
159.pgm,1000,0.015259,20320,31.0059,112.425,0.007507,69.376,0.999981,0.9999994,0.0,0.0
160.pgm,1000,0.015259,11248,17.1631,24.849,0.00795,69.1272,0.999983,0.9999986,0.0,2.9e-05
161.pgm,1000,0.015259,16704,25.4883,12.478,0.007889,69.1607,0.999982,0.9999994,0.0,0.0
162.pgm,1000,0.015259,24464,37.3291,10.576,0.007355,69.4651,0.999979,0.9999993,0.0,0.0
163.pgm,1000,0.015259,47696,72.7783,12.641,0.007263,69.5195,0.999985,0.9999991,0.0,0.0
164.pgm,1000,0.015259,23504,35.8643,9.777,0.007645,69.2972,0.999978,0.9999989,0.0,0.0
165.pgm,1000,0.015259,44096,67.2852,121.367,0.00737,69.4561,0.999977,0.9999932,0.0,0.021143
166.pgm,1000,0.015259,5952,9.082,17.762,0.007645,69.2972,0.999977,0.9999992,0.0,0.000885
167.pgm,1000,0.015259,12512,19.0918,10.358,0.007675,69.2799,0.999978,0.9999986,0.0,0.300049
168.pgm,1000,0.015259,55632,84.8877,13.191,0.007828,69.1944,0.999982,0.9999979,0.0,0.899916
169.pgm,1000,0.015259,48464,73.9502,15.144,0.007751,69.237,0.999986,0.9999989,0.0,0.0
170.pgm,1000,0.015259,15840,24.1699,11.204,0.007919,69.1439,0.999979,0.9999992,0.0,0.0
171.pgm,1000,0.015259,42240,64.4531,122.794,0.00795,69.1272,0.999988,0.999998,0.0,0.00237
172.pgm,1000,0.015259,37680,57.4951,30.715,0.007858,69.1775,0.999966,0.9999927,0.0,0.0
173.pgm,1000,0.015259,25008,38.1592,11.62,0.007858,69.1775,0.999986,0.9999993,0.0,0.0
174.pgm,1000,0.015259,16928,25.8301,7.715,0.007523,69.3671,0.999957,0.9999949,0.0,0.0
175.pgm,1000,0.015259,22416,34.2041,92.901,0.007477,69.3936,0.999988,0.9999963,0.0,0.707348
176.pgm,1000,0.015259,41248,62.9395,12.058,0.007492,69.3848,0.999978,0.999999,0.0,0.385957
177.pgm,1000,0.015259,43168,65.8691,13.002,0.007645,69.2972,0.999987,0.999999,0.0,0.087535
178.pgm,1000,0.015259,5984,9.1309,22.186,0.007523,69.3671,0.999983,0.9999988,0.0,0.0
179.pgm,1000,0.015259,26000,39.6729,36.711,0.007584,69.332,0.999978,0.9999967,0.0,0.056103
180.pgm,1000,0.015259,31520,48.0957,113.774,0.00766,69.2886,0.999982,0.9999974,0.0,4.8e-05
181.pgm,1000,0.015259,35616,54.3457,39.468,0.007416,69.4292,0.999989,0.9999991,0.0,0.028329
182.pgm,1000,0.015259,26176,39.9414,15.389,0.007446,69.4114,0.999981,0.9999978,0.0,7e-06
183.pgm,1000,0.015259,36512,55.7129,12.035,0.007584,69.332,0.999986,0.9999987,0.0,0.014813
184.pgm,1000,0.015259,35200,53.7109,126.317,0.007401,69.4382,0.999988,0.9999995,0.0,0.0
185.pgm,1000,0.015259,54352,82.9346,47.36,0.007858,69.1775,0.999985,0.9999968,0.0,0.572245
186.pgm,1000,0.015259,22672,34.5947,11.282,0.007965,69.1189,0.999988,0.9999995,0.0,0.0
187.pgm,1000,0.015259,19072,29.1016,20.415,0.007584,69.332,0.999987,0.9999988,0.0,2.5e-05
188.pgm,1000,0.015259,35888,54.7607,84.854,0.007843,69.186,0.999976,0.9999964,0.0,0.0
189.pgm,1000,0.015259,23616,36.0352,18.018,0.007645,69.2972,0.999986,0.9999994,0.0,0.0
190.pgm,1000,0.015259,38176,58.252,14.209,0.007523,69.3671,0.999987,0.9999991,0.0,0.805066
191.pgm,1000,0.015259,23376,35.6689,9.642,0.007462,69.4025,0.999985,0.9999987,0.0,0.007065
192.pgm,1000,0.015259,56112,85.6201,14.589,0.007614,69.3146,0.999991,0.9999966,0.0,0.99984
193.pgm,1000,0.015259,36576,55.8105,16.562,0.007843,69.186,0.999989,0.999999,0.0,0.586643
194.pgm,1000,0.015259,51664,78.833,65.329,0.007538,69.3583,0.999982,0.9999972,0.0,0.078944
195.pgm,1000,0.015259,31920,48.7061,19.477,0.007538,69.3583,0.999988,0.999999,0.0,7.5e-05
196.pgm,1000,0.015259,11968,18.2617,7.296,0.007477,69.3936,0.999983,0.999997,0.0,0.0
197.pgm,1000,0.015259,14384,21.9482,9.944,0.007645,69.2972,0.99998,0.9999982,0.0,0.0
198.pgm,1000,0.015259,45680,69.7021,28.855,0.007645,69.2972,0.999982,0.9999968,0.0,0.913818
199.pgm,1000,0.015259,28032,42.7734,55.114,0.007568,69.3408,0.999984,0.9999985,0.0,0.0
200.pgm,1000,0.015259,6032,9.2041,11.236,0.007462,69.4025,0.999972,0.9999971,0.0,0.0
201.pgm,1000,0.015259,12096,18.457,9.68,0.00766,69.2886,0.99998,0.9999987,0.0,0.0
202.pgm,1000,0.015259,29392,44.8486,10.522,0.008026,69.0857,0.999991,0.9999995,0.0,0.0
203.pgm,1000,0.015259,23216,35.4248,10.692,0.007629,69.3059,0.99999,0.9999995,0.0,0.0
204.pgm,1000,0.015259,31056,47.3877,83.883,0.00766,69.2886,0.999985,0.9999985,0.0,8.8e-05
205.pgm,1000,0.015259,51216,78.1494,44.321,0.007477,69.3936,0.999987,0.9999984,0.0,0.812706
206.pgm,1000,0.015259,44512,67.9199,22.951,0.007706,69.2627,0.999966,0.999991,0.0,0.923647
207.pgm,1000,0.015259,15488,23.6328,10.075,0.007812,69.2029,0.999975,0.9999926,0.0,2e-06
208.pgm,1000,0.015259,45200,68.9697,14.619,0.007614,69.3146,0.999987,0.9999991,0.0,0.0
209.pgm,1000,0.015259,48336,73.7549,75.471,0.007828,69.1944,0.999988,0.999998,0.0,0.443453
210.pgm,1000,0.015259,33328,50.8545,40.232,0.007782,69.2199,0.999973,0.999997,0.0,0.0
211.pgm,1000,0.015259,28160,42.9688,13.753,0.007492,69.3848,0.999972,0.9999945,0.0,0.005195
212.pgm,1000,0.015259,8592,13.1104,6.809,0.008057,69.0693,0.999975,0.999999,0.0,0.0
213.pgm,1000,0.015259,21152,32.2754,8.561,0.007446,69.4114,0.999986,0.9999995,0.0,0.0
214.pgm,1000,0.015259,42656,65.0879,16.067,0.007721,69.2541,0.999991,0.9999979,0.0,2e-06
215.pgm,1000,0.015259,18832,28.7354,103.259,0.007889,69.1607,0.999987,0.9999985,0.0,0.342669
216.pgm,1000,0.015259,30704,46.8506,25.796,0.007339,69.4742,0.999985,0.9999995,0.0,0.0
217.pgm,1000,0.015259,27680,42.2363,11.494,0.007706,69.2627,0.99999,0.9999994,0.0,0.0
218.pgm,1000,0.015259,33120,50.5371,10.536,0.007538,69.3583,0.999983,0.9999988,0.0,0.00474
219.pgm,1000,0.015259,28560,43.5791,9.481,0.007462,69.4025,0.999987,0.9999985,0.0,0.0
220.pgm,1000,0.015259,19104,29.1504,10.181,0.007507,69.376,0.999983,0.9999989,0.0,0.0
221.pgm,1000,0.015259,39984,61.0107,117.402,0.007614,69.3146,0.999989,0.9999985,0.0,0.995874
222.pgm,1000,0.015259,39872,60.8398,40.564,0.007019,69.668,0.999986,0.9999982,0.0,0.280973
223.pgm,1000,0.015259,48640,74.2188,17.752,0.007446,69.4114,0.999984,0.9999976,0.0,0.880551
224.pgm,1000,0.015259,17072,26.0498,10.16,0.007721,69.2541,0.999974,0.9999992,0.0,0.0
225.pgm,1000,0.015259,20784,31.7139,14.037,0.007782,69.2199,0.999978,0.999999,0.0,0.0
226.pgm,1000,0.015259,28032,42.7734,132.924,0.007935,69.1356,0.999985,0.9999993,0.0,0.0
227.pgm,1000,0.015259,24864,37.9395,25.691,0.007675,69.2799,0.999974,0.999996,0.0,0.956898
228.pgm,1000,0.015259,1232,1.8799,7.634,0.00737,69.4561,0.999968,0.9999994,0.0,0.0
229.pgm,1000,0.015259,2304,3.5156,5.154,0.007538,69.3583,0.999935,0.9996971,0.0,0.0
230.pgm,1000,0.015259,21984,33.5449,8.886,0.007248,69.5287,0.999987,0.9999995,0.0,0.0
231.pgm,1000,0.015259,27184,41.4795,11.854,0.007614,69.3146,0.999983,0.9999992,0.0,0.0
232.pgm,1000,0.015259,39184,59.79,142.016,0.007736,69.2455,0.999988,0.9999971,0.0,0.997353
233.pgm,1000,0.015259,15584,23.7793,41.965,0.007751,69.237,0.999973,0.9999978,0.0,0.0
234.pgm,1000,0.015259,1344,2.0508,8.152,0.007706,69.2627,0.999964,0.9999935,0.0,0.0
235.pgm,1000,0.015259,32624,49.7803,16.969,0.00766,69.2886,0.999984,0.9999992,0.0,0.051995
236.pgm,1000,0.015259,14800,22.583,44.425,0.007339,69.4742,0.999964,0.9999976,0.0,0.0
237.pgm,1000,0.015259,44560,67.9932,43.118,0.007858,69.1775,0.999988,0.999999,0.0,0.0
238.pgm,1000,0.015259,26784,40.8691,14.68,0.008026,69.0857,0.999985,0.9999992,0.0,0.0
239.pgm,1000,0.015259,14592,22.2656,12.175,0.007751,69.237,0.999983,0.9999993,0.0,0.128549
240.pgm,1000,0.015259,14272,21.7773,112.018,0.007736,69.2455,0.999976,0.9999985,0.0,1.3e-05
241.pgm,1000,0.015259,26224,40.0146,21.681,0.007843,69.186,0.999988,0.9999984,0.0,0.479707
242.pgm,1000,0.015259,23200,35.4004,10.802,0.007629,69.3059,0.999986,0.9999991,0.0,0.0
243.pgm,1000,0.015259,7232,11.0352,6.77,0.007538,69.3583,0.999959,0.9999957,0.0,0.0
244.pgm,1000,0.015259,44688,68.1885,15.009,0.007584,69.332,0.999987,0.999999,0.0,0.0
245.pgm,1000,0.015259,24256,37.0117,21.797,0.007553,69.3496,0.999976,0.9999985,0.0,0.0
246.pgm,1000,0.015259,27296,41.6504,91.443,0.007874,69.1691,0.999982,0.9999972,0.0,6e-06
247.pgm,1000,0.015259,29088,44.3848,32.056,0.007553,69.3496,0.999983,0.9999972,0.0,0.0
248.pgm,1000,0.015259,7344,11.2061,9.551,0.007828,69.1944,0.999942,0.9999744,0.0,0.0
249.pgm,1000,0.015259,40880,62.3779,14.941,0.007629,69.3059,0.999981,0.9999954,0.0,0.326505
250.pgm,1000,0.015259,32368,49.3896,34.981,0.008011,69.094,0.999987,0.9999989,0.0,0.0
251.pgm,1000,0.015259,45520,69.458,59.466,0.00737,69.4561,0.999985,0.9999978,0.0,2e-05
252.pgm,1000,0.015259,55024,83.96,20.83,0.008011,69.094,0.999984,0.9999965,0.0,1.0
253.pgm,1000,0.015259,25712,39.2334,10.623,0.007126,69.6024,0.999978,0.9999989,0.0,0.0
254.pgm,1000,0.015259,35392,54.0039,11.828,0.008118,69.0365,0.999982,0.9999992,0.0,0.0
255.pgm,1000,0.015259,3728,5.6885,6.85,0.007507,69.376,0.999985,0.9999994,0.0,0.0
256.pgm,1000,0.015259,23504,35.8643,27.66,0.007889,69.1607,0.999978,0.9999991,0.0,0.004542
257.pgm,1000,0.015259,12368,18.8721,63.568,0.007721,69.2541,0.999965,0.9999976,0.0,0.001157
258.pgm,1000,0.015259,11280,17.2119,11.624,0.007141,69.5931,0.999974,0.9999946,0.0,0.981734
259.pgm,1000,0.015259,21664,33.0566,10.018,0.007706,69.2627,0.999988,0.9999993,0.0,0.0
260.pgm,1000,0.015259,50528,77.0996,38.268,0.00737,69.4561,0.999991,0.9999987,0.0,2.9e-05
261.pgm,1000,0.015259,25808,39.3799,41.271,0.007553,69.3496,0.999989,0.9999974,0.0,0.039023
262.pgm,1000,0.015259,24496,37.3779,13.421,0.007568,69.3408,0.999972,0.9999948,0.0,0.0
263.pgm,1000,0.015259,55184,84.2041,14.742,0.007706,69.2627,0.999982,0.999998,0.0,0.335464
264.pgm,1000,0.015259,60672,92.5781,14.4,0.007477,69.3936,0.999989,0.9999972,0.0,0.597472
265.pgm,1000,0.015259,26912,41.0645,10.153,0.007843,69.186,0.999976,0.9999984,0.0,0.0
266.pgm,1000,0.015259,9504,14.502,14.871,0.007645,69.2972,0.999977,0.9999995,0.0,0.0
267.pgm,1000,0.015259,1104,1.6846,34.668,0.007721,69.2541,0.999975,0.9999969,0.0,0.0
268.pgm,1000,0.015259,36464,55.6396,19.035,0.007736,69.2455,0.999983,0.9999967,0.0,0.495599
269.pgm,1000,0.015259,24048,36.6943,10.119,0.007401,69.4382,0.999991,0.9999993,0.0,0.0
270.pgm,1000,0.015259,24448,37.3047,9.023,0.007477,69.3936,0.999984,0.9999995,0.0,0.0
271.pgm,1000,0.015259,24112,36.792,11.171,0.007858,69.1775,0.99998,0.9999991,0.0,0.0
272.pgm,1000,0.015259,39136,59.7168,121.828,0.007523,69.3671,0.999984,0.9999975,0.0,0.980246
273.pgm,1000,0.015259,24640,37.5977,32.998,0.00824,68.9717,0.99997,0.9999953,0.0,0.995783
274.pgm,1000,0.015259,3328,5.0781,10.858,0.007507,69.376,0.999968,0.9999988,0.0,0.0
275.pgm,1000,0.015259,20304,30.9814,30.894,0.007507,69.376,0.999984,0.9999989,0.0,8e-06
276.pgm,1000,0.015259,23536,35.9131,68.72,0.007614,69.3146,0.999986,0.9999994,0.0,0.0
278.pgm,1000,0.015259,54448,83.0811,25.404,0.00798,69.1106,0.999992,0.9999968,0.0,0.867472
279.pgm,1000,0.015259,36368,55.4932,13.477,0.007751,69.237,0.99999,0.9999993,0.0,0.0
280.pgm,1000,0.015259,29072,44.3604,10.135,0.007568,69.3408,0.999982,0.999999,0.0,0.0
281.pgm,1000,0.015259,12464,19.0186,7.689,0.007706,69.2627,0.999982,0.9999993,0.0,0.0
282.pgm,1000,0.015259,55024,83.96,37.363,0.007431,69.4203,0.999982,0.9999977,0.0,0.999353
283.pgm,1000,0.015259,48752,74.3896,43.739,0.00766,69.2886,0.999985,0.9999974,0.0,0.750724
284.pgm,1000,0.015259,24784,37.8174,15.56,0.007339,69.4742,0.999988,0.9999987,0.0,0.0
285.pgm,1000,0.015259,37936,57.8857,15.646,0.007767,69.2284,0.999988,0.999999,0.0,0.001911
286.pgm,1000,0.015259,38272,58.3984,17.063,0.007172,69.5746,0.99999,0.9999985,0.0,0.981097
287.pgm,1000,0.015259,20336,31.0303,132.373,0.007584,69.332,0.999982,0.9999983,0.0,0.0
288.pgm,1000,0.015259,34656,52.8809,33.212,0.007828,69.1944,0.999983,0.9999989,0.0,0.0
289.pgm,1000,0.015259,44576,68.0176,15.877,0.007584,69.332,0.999987,0.9999982,0.0,0.7835
290.pgm,1000,0.015259,26720,40.7715,12.205,0.007675,69.2799,0.999982,0.999999,0.0,0.222019
291.pgm,1000,0.015259,27744,42.334,16.675,0.007538,69.3583,0.999976,0.9999966,0.0,0.000689
292.pgm,1000,0.015259,16080,24.5361,93.089,0.007782,69.2199,0.999973,0.9999968,0.0,0.000717
293.pgm,1000,0.015259,24608,37.5488,24.057,0.007599,69.3233,0.999981,0.999999,0.0,0.159828
294.pgm,1000,0.015259,10096,15.4053,9.138,0.007248,69.5287,0.999968,0.9999976,0.0,0.0
295.pgm,1000,0.015259,42304,64.5508,11.673,0.007812,69.2029,0.999977,0.9999964,0.0,0.608626
296.pgm,1000,0.015259,27280,41.626,8.309,0.007858,69.1775,0.999978,0.999997,0.0,0.0
297.pgm,1000,0.015259,26960,41.1377,12.234,0.007538,69.3583,0.999972,0.9999945,0.0,0.991389
298.pgm,1000,0.015259,48480,73.9746,161.802,0.00769,69.2713,0.999988,0.9999982,0.0,0.81227
299.pgm,1000,0.015259,16704,25.4883,19.717,0.007294,69.5013,0.999947,0.9999742,0.0,0.0
300.pgm,1000,0.015259,14496,22.1191,10.688,0.007553,69.3496,0.999984,0.9999994,0.0,0.0
301.pgm,1000,0.015259,22592,34.4727,11.068,0.007568,69.3408,0.999985,0.9999992,0.0,0.0
302.pgm,1000,0.015259,23552,35.9375,14.413,0.007553,69.3496,0.999981,0.9999992,0.0,0.0
303.pgm,1000,0.015259,15392,23.4863,69.397,0.007828,69.1944,0.999977,0.9999992,0.0,0.817858
304.pgm,1000,0.015259,51984,79.3213,29.614,0.007446,69.4114,0.999987,0.9999969,0.0,0.998056
305.pgm,1000,0.015259,33632,51.3184,15.577,0.008026,69.0857,0.999971,0.9999981,0.0,0.014662
306.pgm,1000,0.015259,31840,48.584,128.603,0.007645,69.2972,0.999975,0.9999985,0.0,0.767755
307.pgm,1000,0.015259,11760,17.9443,18.368,0.007401,69.4382,0.999982,0.9999993,0.0,0.0
308.pgm,1000,0.015259,25920,39.5508,11.244,0.007477,69.3936,0.999978,0.9999988,0.0,0.0
309.pgm,1000,0.015259,21776,33.2275,9.086,0.008011,69.094,0.999987,0.9999992,0.0,2.9e-05
310.pgm,1000,0.015259,47760,72.876,16.256,0.007446,69.4114,0.999987,0.9999987,0.0,0.999963
311.pgm,1000,0.015259,22608,34.4971,112.632,0.007736,69.2455,0.999984,0.9999995,0.0,0.0
312.pgm,1000,0.015259,52944,80.7861,34.684,0.007263,69.5195,0.999985,0.9999983,0.0,0.94005
313.pgm,1000,0.015259,46368,70.752,16.458,0.007446,69.4114,0.999986,0.9999987,0.0,0.0
314.pgm,1000,0.015259,46096,70.3369,12.407,0.007797,69.2114,0.999988,0.9999989,0.0,0.275798
315.pgm,1000,0.015259,1680,2.5635,5.266,0.00827,68.9556,0.999984,0.9999996,0.0,0.0
316.pgm,1000,0.015259,19584,29.8828,15.85,0.007599,69.3233,0.999972,0.9999971,0.0,0.0
317.pgm,1000,0.015259,30544,46.6064,104.072,0.007584,69.332,0.999984,0.9999992,0.0,0.0
318.pgm,1000,0.015259,14288,21.8018,13.418,0.00795,69.1272,0.999982,0.9999989,0.0,0.0
319.pgm,1000,0.015259,12032,18.3594,8.592,0.007904,69.1523,0.999976,0.9999984,0.0,3e-06
320.pgm,1000,0.015259,27312,41.6748,10.003,0.007538,69.3583,0.999988,0.9999993,0.0,0.0
321.pgm,1000,0.015259,42336,64.5996,15.641,0.007339,69.4742,0.999988,0.9999981,0.0,0.000145
322.pgm,1000,0.015259,22800,34.79,110.508,0.008072,69.061,0.999984,0.999998,0.0,0.0
323.pgm,1000,0.015259,27120,41.3818,22.024,0.007599,69.3233,0.999987,0.9999984,0.0,0.01808
324.pgm,1000,0.015259,41888,63.916,17.861,0.007339,69.4742,0.99998,0.9999985,0.0,0.972091
325.pgm,1000,0.015259,18016,27.4902,9.272,0.007477,69.3936,0.999984,0.9999987,0.0,0.081296
326.pgm,1000,0.015259,29088,44.3848,10.055,0.007462,69.4025,0.999978,0.9999969,0.0,0.004726
327.pgm,1000,0.015259,50992,77.8076,12.209,0.007828,69.1944,0.999978,0.9999976,0.0,0.561627
328.pgm,1000,0.015259,28832,43.9941,10.483,0.007629,69.3059,0.999986,0.9999993,0.0,0.0
329.pgm,1000,0.015259,31744,48.4375,16.724,0.007782,69.2199,0.999988,0.999999,0.0,0.000696
330.pgm,1000,0.015259,31104,47.4609,100.497,0.007675,69.2799,0.999985,0.9999987,0.0,0.0
331.pgm,1000,0.015259,16896,25.7812,13.681,0.007797,69.2114,0.999965,0.9999935,0.0,0.26891
332.pgm,1000,0.015259,27968,42.6758,9.585,0.007614,69.3146,0.999984,0.9999992,0.0,0.0
333.pgm,1000,0.015259,34848,53.1738,12.072,0.007492,69.3848,0.999985,0.9999985,0.0,0.982151
334.pgm,1000,0.015259,40368,61.5967,15.47,0.008011,69.094,0.999992,0.999999,0.0,0.0
335.pgm,1000,0.015259,35712,54.4922,73.809,0.007767,69.2284,0.999986,0.999999,0.0,0.0
336.pgm,1000,0.015259,13328,20.3369,30.424,0.007874,69.1691,0.999981,0.9999994,0.0,0.0
337.pgm,1000,0.015259,22224,33.9111,13.553,0.007675,69.2799,0.999979,0.9999993,0.0,0.0
338.pgm,1000,0.015259,23152,35.3271,9.627,0.007721,69.2541,0.999983,0.9999988,0.0,0.0
339.pgm,1000,0.015259,44320,67.627,11.795,0.007843,69.186,0.999987,0.9999987,0.0,0.084873
340.pgm,1000,0.015259,27328,41.6992,9.803,0.007477,69.3936,0.999973,0.9999929,0.0,0.000542
341.pgm,1000,0.015259,26112,39.8438,19.896,0.007614,69.3146,0.999987,0.999999,0.0,0.0
342.pgm,1000,0.015259,27344,41.7236,61.095,0.00766,69.2886,0.999987,0.999999,0.0,0.000343
343.pgm,1000,0.015259,11200,17.0898,11.077,0.007477,69.3936,0.999977,0.9999988,0.0,0.362247
344.pgm,1000,0.015259,26624,40.625,9.44,0.007889,69.1607,0.999982,0.9999991,0.0,0.0
345.pgm,1000,0.015259,43184,65.8936,10.984,0.007233,69.5378,0.999991,0.9999991,0.0,0.022449
346.pgm,1000,0.015259,64800,98.877,19.002,0.00798,69.1106,0.999984,0.9999949,0.0,0.995094
347.pgm,1000,0.015259,57792,88.1836,172.266,0.007263,69.5195,0.99998,0.9999976,0.0,0.997401
348.pgm,1000,0.015259,5648,8.6182,9.516,0.00766,69.2886,0.999964,0.9999839,0.0,0.0
349.pgm,1000,0.015259,24720,37.7197,8.482,0.007355,69.4651,0.99999,0.9999989,0.0,0.005437
350.pgm,1000,0.015259,50816,77.5391,11.796,0.007645,69.2972,0.999974,0.9999943,0.0,0.104216
351.pgm,1000,0.015259,39920,60.9131,20.959,0.007843,69.186,0.999977,0.9999988,0.0,0.0
352.pgm,1000,0.015259,21872,33.374,142.07,0.007706,69.2627,0.999975,0.9999989,0.0,0.000391
353.pgm,1000,0.015259,9472,14.4531,21.229,0.007568,69.3408,0.999971,0.999989,0.0,0.0
354.pgm,1000,0.015259,28400,43.335,13.435,0.007492,69.3848,0.999987,0.999998,0.0,0.587939
355.pgm,1000,0.015259,16064,24.5117,7.856,0.007523,69.3671,0.999986,0.9999987,0.0,0.0
356.pgm,1000,0.015259,11952,18.2373,6.825,0.007629,69.3059,0.999984,0.9999995,0.0,0.0
357.pgm,1000,0.015259,22272,33.9844,13.269,0.007477,69.3936,0.999983,0.9999983,0.0,0.00366
358.pgm,1000,0.015259,28672,43.75,133.356,0.007355,69.4651,0.999983,0.9999995,0.0,0.0
359.pgm,1000,0.015259,13552,20.6787,16.805,0.007797,69.2114,0.99999,0.999999,0.0,0.0
360.pgm,1000,0.015259,35168,53.6621,15.3,0.007462,69.4025,0.999974,0.9999966,0.0,0.713076
361.pgm,1000,0.015259,15040,22.9492,7.673,0.007889,69.1607,0.999971,0.9999976,0.0,0.0
362.pgm,1000,0.015259,6128,9.3506,6.93,0.007462,69.4025,0.999974,0.9999986,0.0,0.0
363.pgm,1000,0.015259,21280,32.4707,11.702,0.007355,69.4651,0.999985,0.9999995,0.0,0.0
364.pgm,1000,0.015259,29264,44.6533,100.014,0.007828,69.1944,0.999968,0.9999927,0.0,0.07634
365.pgm,1000,0.015259,44528,67.9443,33.61,0.007492,69.3848,0.999987,0.9999976,0.0,0.564666
366.pgm,1000,0.015259,11360,17.334,9.943,0.007629,69.3059,0.999963,0.9999944,0.0,0.0
367.pgm,1000,0.015259,43072,65.7227,13.41,0.007828,69.1944,0.999987,0.9999986,0.0,0.436283
368.pgm,1000,0.015259,42048,64.1602,12.906,0.007477,69.3936,0.99998,0.9999984,0.0,0.176437
369.pgm,1000,0.015259,23456,35.791,12.654,0.007767,69.2284,0.999987,0.9999992,0.0,0.0
370.pgm,1000,0.015259,31088,47.4365,139.397,0.007675,69.2799,0.99996,0.9999823,0.0,0.0
371.pgm,1000,0.015259,10144,15.4785,18.026,0.008072,69.061,0.999975,0.9999987,0.0,0.0
372.pgm,1000,0.015259,35968,54.8828,14.202,0.007843,69.186,0.999986,0.9999978,0.0,0.000485
373.pgm,1000,0.015259,34320,52.3682,10.582,0.00769,69.2713,0.999989,0.9999989,0.0,0.0
374.pgm,1000,0.015259,13568,20.7031,10.266,0.007217,69.547,0.999966,0.9999883,0.0,0.015085
375.pgm,1000,0.015259,37168,56.7139,15.225,0.007431,69.4203,0.999985,0.999999,0.0,0.0
376.pgm,1000,0.015259,12064,18.4082,32.439,0.007767,69.2284,0.99997,0.999998,0.0,0.0
377.pgm,1000,0.015259,40448,61.7188,47.911,0.007446,69.4114,0.999976,0.9999981,0.0,0.0
378.pgm,1000,0.015259,59680,91.0645,23.831,0.007721,69.2541,0.999985,0.9999979,0.0,0.749328
379.pgm,1000,0.015259,25392,38.7451,11.407,0.007828,69.1944,0.999982,0.9999956,0.0,0.0
380.pgm,1000,0.015259,34144,52.0996,12.048,0.007385,69.4471,0.99999,0.9999988,0.0,0.0
381.pgm,1000,0.015259,55296,84.375,15.018,0.007767,69.2284,0.999989,0.9999984,0.0,0.796311
382.pgm,1000,0.015259,55104,84.082,21.261,0.007614,69.3146,0.999983,0.9999963,0.0,0.984325
383.pgm,1000,0.015259,48400,73.8525,160.511,0.007492,69.3848,0.999991,0.9999988,0.0,0.0
384.pgm,1000,0.015259,30288,46.2158,24.269,0.007996,69.1023,0.999979,0.9999971,0.0,4e-06
385.pgm,1000,0.015259,19248,29.3701,9.864,0.007736,69.2455,0.999972,0.9999981,0.0,0.0
386.pgm,1000,0.015259,14640,22.3389,6.85,0.007721,69.2541,0.999981,0.9999995,0.0,0.0
387.pgm,1000,0.015259,24080,36.7432,9.787,0.007401,69.4382,0.999982,0.9999992,0.0,0.0
388.pgm,1000,0.015259,18704,28.54,12.451,0.007599,69.3233,0.999985,0.9999991,0.0,0.0
389.pgm,1000,0.015259,13264,20.2393,98.686,0.007599,69.3233,0.999964,0.9999767,0.0,0.0
390.pgm,1000,0.015259,59392,90.625,31.279,0.007401,69.4382,0.999993,0.9999984,0.0,4.5e-05
391.pgm,1000,0.015259,33632,51.3184,22.199,0.007492,69.3848,0.999981,0.9999976,0.0,0.015726
392.pgm,1000,0.015259,21904,33.4229,8.907,0.007858,69.1775,0.999977,0.9999992,0.0,0.0
393.pgm,1000,0.015259,20096,30.6641,13.298,0.00769,69.2713,0.999986,0.9999993,0.0,0.0
394.pgm,1000,0.015259,25984,39.6484,122.913,0.007492,69.3848,0.999975,0.9999976,0.0,0.0
395.pgm,1000,0.015259,24448,37.3047,18.208,0.007507,69.376,0.999985,0.9999991,0.0,1e-06
396.pgm,1000,0.015259,13040,19.8975,9.192,0.007263,69.5195,0.999977,0.9999969,0.0,0.0
397.pgm,1000,0.015259,15856,24.1943,7.947,0.007172,69.5746,0.999988,0.9999996,0.0,0.0
398.pgm,1000,0.015259,4560,6.958,5.909,0.007751,69.237,0.999961,0.9999969,0.0,0.0
399.pgm,1000,0.015259,49072,74.8779,18.79,0.00766,69.2886,0.999986,0.9999971,0.0,0.666535
400.pgm,1000,0.015259,38864,59.3018,125.097,0.007782,69.2199,0.999982,0.9999991,0.0,0.0
401.pgm,1000,0.015259,14432,22.0215,15.059,0.007278,69.5104,0.99998,0.9999996,0.0,0.0
402.pgm,1000,0.015259,12032,18.3594,9.256,0.007935,69.1356,0.999978,0.9999988,0.0,1e-06
403.pgm,1000,0.015259,13584,20.7275,8.067,0.007843,69.186,0.999983,0.9999983,0.0,0.0
404.pgm,1000,0.015259,39744,60.6445,12.507,0.007645,69.2972,0.999978,0.9999952,0.0,0.0
405.pgm,1000,0.015259,29088,44.3848,14.436,0.007797,69.2114,0.999987,0.9999994,0.0,0.0
406.pgm,1000,0.015259,29744,45.3857,133.013,0.007675,69.2799,0.999979,0.9999965,0.0,0.0
407.pgm,1000,0.015259,45296,69.1162,33.012,0.007355,69.4651,0.999984,0.9999986,0.0,0.984484
408.pgm,1000,0.015259,21392,32.6416,12.722,0.007385,69.4471,0.999981,0.9999993,0.0,0.0
409.pgm,1000,0.015259,28240,43.0908,12.835,0.007355,69.4651,0.999985,0.9999983,0.0,0.0
410.pgm,1000,0.015259,29456,44.9463,32.222,0.007904,69.1523,0.999991,0.9999993,0.0,0.0
411.pgm,1000,0.015259,25120,38.3301,66.208,0.007721,69.2541,0.999956,0.999995,0.0,0.0
412.pgm,1000,0.015259,44000,67.1387,21.015,0.007477,69.3936,0.999987,0.9999982,0.0,0.835327
413.pgm,1000,0.015259,33600,51.2695,11.357,0.007645,69.2972,0.999986,0.9999974,0.0,0.502009
414.pgm,1000,0.015259,25344,38.6719,8.909,0.007828,69.1944,0.999979,0.999999,0.0,0.0
415.pgm,1000,0.015259,40432,61.6943,11.995,0.007614,69.3146,0.999968,0.9999965,0.0,0.0
416.pgm,1000,0.015259,35168,53.6621,20.16,0.007736,69.2455,0.999987,0.9999986,0.0,0.0
417.pgm,1000,0.015259,52912,80.7373,115.102,0.007629,69.3059,0.999982,0.9999953,0.0,0.555237
418.pgm,1000,0.015259,59072,90.1367,22.861,0.00769,69.2713,0.999977,0.9999963,0.0,0.65245
419.pgm,1000,0.015259,33600,51.2695,12.935,0.008102,69.0447,0.999935,0.9999842,0.0,0.0
420.pgm,1000,0.015259,30224,46.1182,10.03,0.007248,69.5287,0.999982,0.9999973,0.0,0.784913
421.pgm,1000,0.015259,29440,44.9219,14.079,0.007401,69.4382,0.999994,0.9999996,0.0,0.0
422.pgm,1000,0.015259,32800,50.0488,142.706,0.00766,69.2886,0.999984,0.9999991,0.0,0.0
423.pgm,1000,0.015259,44896,68.5059,33.125,0.007538,69.3583,0.999993,0.9999974,0.0,0.0
424.pgm,1000,0.015259,13248,20.2148,9.686,0.007462,69.4025,0.99998,0.9999986,0.0,0.015235
425.pgm,1000,0.015259,10720,16.3574,6.619,0.007324,69.4832,0.999985,0.9999985,0.0,0.0
426.pgm,1000,0.015259,13840,21.1182,9.717,0.00769,69.2713,0.999968,0.9999973,0.0,0.0
427.pgm,1000,0.015259,51856,79.126,21.313,0.007874,69.1691,0.999987,0.9999975,0.0,0.847549
428.pgm,1000,0.015259,41792,63.7695,124.187,0.007294,69.5013,0.99999,0.9999989,0.0,0.0
429.pgm,1000,0.015259,21696,33.1055,25.511,0.007385,69.4471,0.999987,0.9999989,0.0,0.000434
430.pgm,1000,0.015259,31808,48.5352,12.853,0.007278,69.5104,0.999988,0.9999993,0.0,0.0
431.pgm,1000,0.015259,38992,59.4971,10.93,0.007828,69.1944,0.999986,0.9999988,0.0,0.0
432.pgm,1000,0.015259,20224,30.8594,11.14,0.007919,69.1439,0.999983,0.9999988,0.0,0.00334
433.pgm,1000,0.015259,30144,45.9961,17.847,0.007965,69.1189,0.999987,0.9999991,0.0,0.003719
434.pgm,1000,0.015259,53696,81.9336,130.706,0.007446,69.4114,0.999984,0.9999983,0.0,2.2e-05
435.pgm,1000,0.015259,6896,10.5225,18.085,0.007767,69.2284,0.999985,0.9999983,0.0,0.0
436.pgm,1000,0.015259,48064,73.3398,12.727,0.007492,69.3848,0.999984,0.9999991,0.0,0.0
437.pgm,1000,0.015259,26048,39.7461,8.764,0.007721,69.2541,0.999981,0.9999983,0.0,0.0
438.pgm,1000,0.015259,15280,23.3154,12.262,0.00769,69.2713,0.999976,0.9999991,0.0,0.962576
439.pgm,1000,0.015259,61840,94.3604,167.898,0.007645,69.2972,0.999987,0.9999978,0.0,0.828621
440.pgm,1000,0.015259,24672,37.6465,17.693,0.00769,69.2713,0.999988,0.9999991,0.0,0.0
441.pgm,1000,0.015259,57600,87.8906,28.714,0.007355,69.4651,0.999994,0.999999,0.0,0.077835
442.pgm,1000,0.015259,12528,19.1162,17.619,0.007553,69.3496,0.999985,0.9999993,0.0,0.0
443.pgm,1000,0.015259,17904,27.3193,108.565,0.00795,69.1272,0.999982,0.9999993,0.0,0.230049
444.pgm,1000,0.015259,36800,56.1523,35.394,0.007843,69.186,0.999987,0.9999991,0.0,0.021304
445.pgm,1000,0.015259,44800,68.3594,19.575,0.007431,69.4203,0.999988,0.9999986,0.0,0.992157
446.pgm,1000,0.015259,26512,40.4541,11.477,0.007721,69.2541,0.999983,0.9999974,0.0,1.2e-05
447.pgm,1000,0.015259,26432,40.332,10.847,0.007523,69.3671,0.999981,0.9999987,0.0,0.0
448.pgm,1000,0.015259,9024,13.7695,11.112,0.008041,69.0775,0.999954,0.999996,0.0,0.0
449.pgm,1000,0.015259,28544,43.5547,107.554,0.00798,69.1106,0.999979,0.9999987,0.0,0.868444
450.pgm,1000,0.015259,58304,88.9648,25.123,0.008133,69.0283,0.999989,0.9999981,0.0,0.99992
451.pgm,1000,0.015259,22288,34.0088,10.054,0.008102,69.0447,0.999984,0.9999983,0.0,0.0
452.pgm,1000,0.015259,40384,61.6211,11.477,0.007782,69.2199,0.99999,0.9999962,0.0,0.018414
453.pgm,1000,0.015259,25216,38.4766,12.3,0.007935,69.1356,0.999975,0.9999989,0.0,0.0
454.pgm,1000,0.015259,41408,63.1836,65.883,0.007507,69.376,0.999985,0.9999981,0.0,0.767706
455.pgm,1000,0.015259,39952,60.9619,45.313,0.007721,69.2541,0.999981,0.9999968,0.0,0.259697
456.pgm,1000,0.015259,32144,49.0479,15.795,0.007675,69.2799,0.999982,0.9999993,0.0,2e-06
457.pgm,1000,0.015259,32960,50.293,12.559,0.007385,69.4471,0.999986,0.999998,0.0,0.0
458.pgm,1000,0.015259,31312,47.7783,14.794,0.007385,69.4471,0.999983,0.9999991,0.0,0.032564
459.pgm,1000,0.015259,39232,59.8633,118.042,0.007706,69.2627,0.999979,0.9999975,0.0,0.0
460.pgm,1000,0.015259,19280,29.4189,21.78,0.007462,69.4025,0.999988,0.9999994,0.0,0.0
461.pgm,1000,0.015259,20112,30.6885,10.388,0.007431,69.4203,0.999984,0.9999995,0.0,0.0
462.pgm,1000,0.015259,35088,53.54,10.752,0.007584,69.332,0.999982,0.9999988,0.0,0.993299
463.pgm,1000,0.015259,38112,58.1543,17.682,0.007614,69.3146,0.999991,0.9999989,0.0,0.0
464.pgm,1000,0.015259,29264,44.6533,123.874,0.007782,69.2199,0.999986,0.999999,0.0,0.0
465.pgm,1000,0.015259,24880,37.9639,23.348,0.007278,69.5104,0.999988,0.9999991,0.0,0.0
466.pgm,1000,0.015259,37872,57.7881,12.815,0.007446,69.4114,0.999987,0.999998,0.0,0.934733
467.pgm,1000,0.015259,31888,48.6572,10.613,0.007706,69.2627,0.999973,0.9999961,0.0,0.018848
468.pgm,1000,0.015259,55536,84.7412,20.083,0.007278,69.5104,0.999994,0.9999992,0.0,0.112089
469.pgm,1000,0.015259,52576,80.2246,159.426,0.007843,69.186,0.999988,0.9999986,0.0,0.996708
470.pgm,1000,0.015259,18832,28.7354,32.348,0.007874,69.1691,0.999962,0.9999958,0.0,0.009766
471.pgm,1000,0.015259,35232,53.7598,17.558,0.007355,69.4651,0.999987,0.999999,0.0,0.0
472.pgm,1000,0.015259,35088,53.54,16.624,0.008179,69.004,0.999981,0.9999964,0.0,0.000299
473.pgm,1000,0.015259,29744,45.3857,43.504,0.007401,69.4382,0.999985,0.9999993,0.0,0.0
474.pgm,1000,0.015259,24624,37.5732,56.731,0.007706,69.2627,0.999975,0.9999959,0.0,0.98442
475.pgm,1000,0.015259,25168,38.4033,15.338,0.007919,69.1439,0.999972,0.9999986,0.0,0.265089
476.pgm,1000,0.015259,15696,23.9502,10.421,0.007736,69.2455,0.999978,0.9999981,0.0,0.000482
477.pgm,1000,0.015259,43472,66.333,28.963,0.007416,69.4292,0.999981,0.9999972,0.0,0.086934
478.pgm,1000,0.015259,22432,34.2285,71.144,0.007629,69.3059,0.999948,0.9999871,0.0,0.003449
479.pgm,1000,0.015259,16640,25.3906,14.288,0.007233,69.5378,0.999979,0.999998,0.0,0.006925
480.pgm,1000,0.015259,6448,9.8389,5.971,0.007477,69.3936,0.99998,0.9999988,0.0,0.0
481.pgm,1000,0.015259,44032,67.1875,11.137,0.007538,69.3583,0.999984,0.9999987,0.0,0.026712
482.pgm,1000,0.015259,24016,36.6455,12.479,0.007935,69.1356,0.999981,0.9999995,0.0,0.0
483.pgm,1000,0.015259,20336,31.0303,99.839,0.007751,69.237,0.999969,0.9999839,0.0,0.0
484.pgm,1000,0.015259,20256,30.9082,19.721,0.00737,69.4561,0.999976,0.9999969,0.0,0.0
485.pgm,1000,0.015259,7248,11.0596,7.425,0.007935,69.1356,0.999981,0.9999992,0.0,2e-06
486.pgm,1000,0.015259,26768,40.8447,9.363,0.007706,69.2627,0.99997,0.9999943,0.0,0.068161
487.pgm,1000,0.015259,12672,19.3359,9.314,0.008011,69.094,0.999957,0.9999967,0.0,0.0
488.pgm,1000,0.015259,24096,36.7676,17.193,0.007706,69.2627,0.999979,0.9999992,0.0,0.0
489.pgm,1000,0.015259,5888,8.9844,63.11,0.007919,69.1439,0.999982,0.9999987,0.0,0.0
490.pgm,1000,0.015259,25040,38.208,19.395,0.007324,69.4832,0.999985,0.9999992,0.0,0.0
491.pgm,1000,0.015259,22032,33.6182,11.359,0.00766,69.2886,0.999978,0.9999973,0.0,5e-06
492.pgm,1000,0.015259,18288,27.9053,9.059,0.007874,69.1691,0.999972,0.999998,0.0,0.780864
493.pgm,1000,0.015259,29248,44.6289,10.602,0.007874,69.1691,0.999985,0.999998,0.0,0.0
494.pgm,1000,0.015259,20480,31.25,17.428,0.007584,69.332,0.999977,0.9999987,0.0,1.7e-05
495.pgm,1000,0.015259,12848,19.6045,71.656,0.007446,69.4114,0.999982,0.9999995,0.0,0.0
496.pgm,1000,0.015259,5920,9.0332,12.343,0.00827,68.9556,0.999954,0.9999947,0.0,0.0
497.pgm,1000,0.015259,57024,87.0117,19.097,0.00795,69.1272,0.99999,0.9999977,0.0,0.99998
498.pgm,1000,0.015259,7632,11.6455,11.597,0.007507,69.376,0.999978,0.9999986,0.0,0.0
499.pgm,1000,0.015259,20160,30.7617,104.789,0.007889,69.1607,0.99998,0.9999978,0.0,0.032078
500.pgm,1000,0.015259,50784,77.4902,29.887,0.007706,69.2627,0.999979,0.9999984,0.0,0.0
501.pgm,1000,0.015259,27504,41.9678,12.618,0.007706,69.2627,0.999971,0.9999977,0.0,0.0
502.pgm,1000,0.015259,34512,52.6611,14.049,0.007843,69.186,0.999975,0.9999969,0.0,0.0
503.pgm,1000,0.015259,53776,82.0557,160.968,0.008041,69.0775,0.999992,0.9999988,0.0,0.999916
504.pgm,1000,0.015259,13968,21.3135,20.711,0.007584,69.332,0.999978,0.9999991,0.0,4.4e-05
505.pgm,1000,0.015259,31792,48.5107,13.113,0.007874,69.1691,0.999987,0.9999989,0.0,0.071282
506.pgm,1000,0.015259,26864,40.9912,9.763,0.007828,69.1944,0.999977,0.9999966,0.0,0.051776
507.pgm,1000,0.015259,39424,60.1562,15.197,0.007812,69.2029,0.99999,0.9999988,0.0,0.019083
508.pgm,1000,0.015259,47248,72.0947,81.968,0.007736,69.2455,0.999989,0.9999957,0.0,0.0
509.pgm,1000,0.015259,29184,44.5312,31.633,0.007675,69.2799,0.999987,0.9999993,0.0,0.0
510.pgm,1000,0.015259,11472,17.5049,9.36,0.007721,69.2541,0.999944,0.9999866,0.0,0.0
511.pgm,1000,0.015259,29632,45.2148,9.447,0.007812,69.2029,0.999986,0.9999991,0.0,0.0
512.pgm,1000,0.015259,21760,33.2031,8.316,0.00737,69.4561,0.999983,0.9999993,0.0,0.0
513.pgm,1000,0.015259,14592,22.2656,9.336,0.008057,69.0693,0.999977,0.999999,0.0,0.0
514.pgm,1000,0.015259,43568,66.4795,148.126,0.007431,69.4203,0.999986,0.9999977,0.0,0.998797
515.pgm,1000,0.015259,36512,55.7129,27.518,0.007935,69.1356,0.999986,0.9999985,0.0,0.997793
516.pgm,1000,0.015259,43392,66.2109,15.062,0.007568,69.3408,0.999986,0.9999983,0.0,0.383516
517.pgm,1000,0.015259,37360,57.0068,11.277,0.007996,69.1023,0.999984,0.9999986,0.0,0.225976
518.pgm,1000,0.015259,30464,46.4844,11.694,0.008179,69.004,0.999985,0.9999991,0.0,0.217001
519.pgm,1000,0.015259,48608,74.1699,53.22,0.007645,69.2972,0.999988,0.9999977,0.0,0.998793
520.pgm,1000,0.015259,29232,44.6045,45.037,0.007385,69.4471,0.999984,0.9999993,0.0,0.0
521.pgm,1000,0.015259,10448,15.9424,17.306,0.008057,69.0693,0.999967,0.9999988,0.0,1.6e-05
522.pgm,1000,0.015259,26560,40.5273,15.324,0.007584,69.332,0.999988,0.9999992,0.0,0.0
523.pgm,1000,0.015259,34448,52.5635,16.83,0.007996,69.1023,0.99997,0.9999976,0.0,0.0
524.pgm,1000,0.015259,31616,48.2422,112.476,0.007568,69.3408,0.999988,0.9999989,0.0,0.0
525.pgm,1000,0.015259,18736,28.5889,18.226,0.007645,69.2972,0.999977,0.9999992,0.0,0.172272
526.pgm,1000,0.015259,44608,68.0664,13.397,0.007645,69.2972,0.999989,0.999999,0.0,0.869188
527.pgm,1000,0.015259,43344,66.1377,15.567,0.006943,69.7155,0.999988,0.9999979,0.0,0.996817
528.pgm,1000,0.015259,25968,39.624,122.333,0.007706,69.2627,0.999982,0.9999973,0.0,0.000124
529.pgm,1000,0.015259,23888,36.4502,31.095,0.00769,69.2713,0.999981,0.9999991,0.0,0.0
530.pgm,1000,0.015259,39472,60.2295,18.404,0.007233,69.5378,0.999982,0.9999972,0.0,0.000386
531.pgm,1000,0.015259,17936,27.3682,12.214,0.007935,69.1356,0.999977,0.9999984,0.0,0.0
532.pgm,1000,0.015259,21872,33.374,26.523,0.007782,69.2199,0.99998,0.9999993,0.0,0.0
533.pgm,1000,0.015259,10208,15.5762,34.551,0.007523,69.3671,0.999984,0.9999967,0.0,0.643998
534.pgm,1000,0.015259,24896,37.9883,17.071,0.007889,69.1607,0.999985,0.9999989,0.0,0.0
535.pgm,1000,0.015259,20400,31.1279,12.645,0.006958,69.706,0.999984,0.9999991,0.0,0.170427
536.pgm,1000,0.015259,39056,59.5947,15.032,0.007324,69.4832,0.999987,0.9999993,0.0,0.0
537.pgm,1000,0.015259,29968,45.7275,25.711,0.007187,69.5654,0.999985,0.9999983,0.0,0.893755
538.pgm,1000,0.015259,9888,15.0879,63.391,0.007721,69.2541,0.999995,0.9999985,0.0,0.0
539.pgm,1000,0.015259,42560,64.9414,21.286,0.007202,69.5562,0.99998,0.9999981,0.0,0.230623
540.pgm,1000,0.015259,10800,16.4795,7.713,0.007416,69.4292,0.999979,0.9999989,0.0,2e-06
541.pgm,1000,0.015259,16144,24.6338,7.076,0.007736,69.2455,0.999985,0.9999995,0.0,0.0
542.pgm,1000,0.015259,16400,25.0244,8.695,0.007874,69.1691,0.999964,0.9999973,0.0,0.0
543.pgm,1000,0.015259,17664,26.9531,63.184,0.007721,69.2541,0.999987,0.9999996,0.0,0.0
544.pgm,1000,0.015259,19184,29.2725,41.636,0.007492,69.3848,0.999984,0.9999981,0.0,2.7e-05
545.pgm,1000,0.015259,14208,21.6797,13.746,0.007355,69.4651,0.999979,0.9999995,0.0,0.0
546.pgm,1000,0.015259,14240,21.7285,11.108,0.00824,68.9717,0.99997,0.999998,0.0,0.0
547.pgm,1000,0.015259,41024,62.5977,14.702,0.007645,69.2972,0.999983,0.9999961,0.0,0.0
548.pgm,1000,0.015259,20480,31.25,11.826,0.007797,69.2114,0.999979,0.9999985,0.0,5e-05
549.pgm,1000,0.015259,8096,12.3535,88.126,0.007935,69.1356,0.999956,0.9999897,0.0,0.0
550.pgm,1000,0.015259,30960,47.2412,27.257,0.007217,69.547,0.99999,0.999999,0.0,0.0
551.pgm,1000,0.015259,31952,48.7549,12.617,0.007965,69.1189,0.999986,0.999999,0.0,0.0
552.pgm,1000,0.015259,25504,38.916,9.697,0.007278,69.5104,0.999985,0.9999992,0.0,0.0
553.pgm,1000,0.015259,15168,23.1445,8.056,0.007523,69.3671,0.999984,0.9999994,0.0,0.0
554.pgm,1000,0.015259,17760,27.0996,14.501,0.008041,69.0775,0.999964,0.9999977,0.0,0.0
555.pgm,1000,0.015259,27152,41.4307,117.698,0.007446,69.4114,0.999985,0.9999993,0.0,0.0
556.pgm,1000,0.015259,15904,24.2676,26.426,0.007156,69.5839,0.999982,0.9999977,0.0,0.012255
557.pgm,1000,0.015259,25296,38.5986,12.718,0.007599,69.3233,0.999988,0.9999989,0.0,0.0
558.pgm,1000,0.015259,40544,61.8652,19.497,0.007874,69.1691,0.99999,0.9999976,0.0,0.010803
559.pgm,1000,0.015259,22768,34.7412,110.194,0.007324,69.4832,0.999982,0.9999986,0.0,0.517888
560.pgm,1000,0.015259,35168,53.6621,34.254,0.007996,69.1023,0.999977,0.9999978,0.0,0.24465
561.pgm,1000,0.015259,46912,71.582,18.618,0.008072,69.061,0.99999,0.9999993,0.0,0.0
562.pgm,1000,0.015259,51440,78.4912,18.579,0.007202,69.5562,0.999991,0.9999988,0.0,0.009844
563.pgm,1000,0.015259,12000,18.3105,85.37,0.007553,69.3496,0.999974,0.9999986,0.0,0.0
564.pgm,1000,0.015259,38704,59.0576,39.989,0.007385,69.4471,0.999982,0.9999969,0.0,0.298945
565.pgm,1000,0.015259,30080,45.8984,18.766,0.007599,69.3233,0.999971,0.9999978,0.0,0.0
566.pgm,1000,0.015259,24512,37.4023,14.807,0.007568,69.3408,0.99998,0.9999982,0.0,0.0
567.pgm,1000,0.015259,23488,35.8398,29.91,0.007523,69.3671,0.999979,0.9999992,0.0,0.0
568.pgm,1000,0.015259,31456,47.998,57.155,0.007355,69.4651,0.999988,0.9999982,0.0,6.2e-05
569.pgm,1000,0.015259,25728,39.2578,16.69,0.007858,69.1775,0.999987,0.9999988,0.0,0.408428
570.pgm,1000,0.015259,53856,82.1777,18.608,0.007309,69.4922,0.999986,0.9999981,0.0,0.997039
571.pgm,1000,0.015259,14048,21.4355,10.228,0.007507,69.376,0.999973,0.9999956,0.0,0.0
572.pgm,1000,0.015259,29904,45.6299,132.947,0.007416,69.4292,0.999973,0.9999973,0.0,0.046378
573.pgm,1000,0.015259,24720,37.7197,35.114,0.008026,69.0857,0.99999,0.9999989,0.0,0.0
574.pgm,1000,0.015259,50048,76.3672,13.844,0.007065,69.6398,0.999985,0.9999975,0.0,0.73313
575.pgm,1000,0.015259,28672,43.75,9.77,0.007721,69.2541,0.999984,0.9999989,0.0,0.0
576.pgm,1000,0.015259,36272,55.3467,81.242,0.00766,69.2886,0.999989,0.9999991,0.0,0.000599
577.pgm,1000,0.015259,18976,28.9551,21.808,0.007614,69.3146,0.999987,0.999999,0.0,0.0
578.pgm,1000,0.015259,15744,24.0234,11.082,0.008041,69.0775,0.999976,0.9999991,0.0,0.0
579.pgm,1000,0.015259,41136,62.7686,12.548,0.00798,69.1106,0.999989,0.9999986,0.0,0.464136
580.pgm,1000,0.015259,18128,27.6611,8.614,0.007355,69.4651,0.999978,0.9999993,0.0,0.002461
581.pgm,1000,0.015259,14272,21.7773,19.584,0.007172,69.5746,0.999978,0.9999983,0.0,0.0
582.pgm,1000,0.015259,25248,38.5254,93.399,0.007767,69.2284,0.999976,0.9999969,0.0,1e-06
583.pgm,1000,0.015259,27088,41.333,15.58,0.007538,69.3583,0.999984,0.9999986,0.0,0.0
584.pgm,1000,0.015259,13568,20.7031,8.774,0.007034,69.6586,0.99998,0.9999985,0.0,0.003255
585.pgm,1000,0.015259,23248,35.4736,8.886,0.007278,69.5104,0.999985,0.9999995,0.0,0.0
586.pgm,1000,0.015259,29984,45.752,13.038,0.007004,69.6775,0.999978,0.999999,0.0,0.021812
587.pgm,1000,0.015259,9376,14.3066,115.569,0.008286,68.9476,0.999952,0.9999884,0.0,0.0
588.pgm,1000,0.015259,31136,47.5098,34.727,0.007263,69.5195,0.999972,0.9999966,0.0,0.0
589.pgm,1000,0.015259,18176,27.7344,12.957,0.007202,69.5562,0.999982,0.9999994,0.0,0.0
590.pgm,1000,0.015259,56768,86.6211,16.133,0.007309,69.4922,0.999992,0.9999979,0.0,0.985827
591.pgm,1000,0.015259,24352,37.1582,10.047,0.007599,69.3233,0.999984,0.9999987,0.0,0.0
592.pgm,1000,0.015259,50240,76.6602,99.462,0.007614,69.3146,0.999985,0.9999988,0.0,0.0
593.pgm,1000,0.015259,20640,31.4941,34.619,0.007767,69.2284,0.999986,0.9999995,0.0,0.0
594.pgm,1000,0.015259,18192,27.7588,11.817,0.007538,69.3583,0.999981,0.9999995,0.0,0.0
595.pgm,1000,0.015259,55408,84.5459,14.406,0.00737,69.4561,0.999989,0.9999985,0.0,0.899034
596.pgm,1000,0.015259,33328,50.8545,13.571,0.007889,69.1607,0.999982,0.9999968,0.0,0.005581
597.pgm,1000,0.015259,61456,93.7744,28.261,0.007797,69.2114,0.999991,0.999997,0.0,0.999141
598.pgm,1000,0.015259,20304,30.9814,108.422,0.007217,69.547,0.999985,0.9999985,0.0,0.453545
599.pgm,1000,0.015259,30992,47.29,22.906,0.007462,69.4025,0.999985,0.9999992,0.0,0.001119
600.pgm,1000,0.015259,18560,28.3203,9.964,0.007507,69.376,0.999983,0.9999995,0.0,0.0
601.pgm,1000,0.015259,33120,50.5371,10.258,0.007812,69.2029,0.999977,0.9999965,0.0,0.103497
602.pgm,1000,0.015259,22624,34.5215,10.835,0.007523,69.3671,0.999976,0.9999986,0.0,0.0
603.pgm,1000,0.015259,25360,38.6963,15.846,0.007782,69.2199,0.999977,0.9999968,0.0,0.0
604.pgm,1000,0.015259,28944,44.165,122.265,0.007965,69.1189,0.999981,0.999999,0.0,0.0
605.pgm,1000,0.015259,14208,21.6797,20.269,0.007675,69.2799,0.999985,0.9999994,0.0,0.0
606.pgm,1000,0.015259,16992,25.9277,11.54,0.007416,69.4292,0.999977,0.9999987,0.0,0.000737
607.pgm,1000,0.015259,63936,97.5586,18.189,0.007202,69.5562,0.999992,0.9999962,0.0,0.998501
608.pgm,1000,0.015259,37760,57.6172,14.153,0.008347,68.9157,0.999987,0.9999993,0.0,0.0
609.pgm,1000,0.015259,24864,37.9395,52.93,0.00766,69.2886,0.999982,0.9999986,0.0,0.177036
610.pgm,1000,0.015259,27600,42.1143,32.252,0.007675,69.2799,0.999987,0.9999991,0.0,0.0
611.pgm,1000,0.015259,5344,8.1543,11.023,0.007324,69.4832,0.999968,0.999998,0.0,0.0
612.pgm,1000,0.015259,34400,52.4902,13.148,0.007935,69.1356,0.999983,0.9999992,0.0,0.005881
613.pgm,1000,0.015259,23440,35.7666,9.356,0.008133,69.0283,0.99998,0.9999988,0.0,0.0
614.pgm,1000,0.015259,38736,59.1064,12.926,0.007904,69.1523,0.999982,0.9999967,0.0,0.63326
615.pgm,1000,0.015259,24624,37.5732,64.191,0.007584,69.332,0.999988,0.9999993,0.0,1.5e-05
616.pgm,1000,0.015259,34048,51.9531,55.778,0.007477,69.3936,0.999986,0.9999986,0.0,0.495317
617.pgm,1000,0.015259,38592,58.8867,23.052,0.007736,69.2455,0.999983,0.9999988,0.0,0.948097
618.pgm,1000,0.015259,43360,66.1621,12.046,0.007736,69.2455,0.999991,0.9999989,0.0,0.0
619.pgm,1000,0.015259,34512,52.6611,46.336,0.007492,69.3848,0.999973,0.9999982,0.0,0.0
620.pgm,1000,0.015259,35264,53.8086,20.779,0.007141,69.5931,0.999989,0.9999967,0.0,0.295124
621.pgm,1000,0.015259,26544,40.5029,10.079,0.008026,69.0857,0.999982,0.9999985,0.0,0.000108
622.pgm,1000,0.015259,19456,29.6875,8.482,0.007797,69.2114,0.999978,0.9999984,0.0,0.0
623.pgm,1000,0.015259,26736,40.7959,11.827,0.007629,69.3059,0.99998,0.9999984,0.0,2e-06
624.pgm,1000,0.015259,53424,81.5186,157.174,0.007477,69.3936,0.999995,0.9999991,0.0,0.0
625.pgm,1000,0.015259,11360,17.334,13.077,0.007553,69.3496,0.999976,0.9999947,0.0,0.0
626.pgm,1000,0.015259,52016,79.3701,14.535,0.007645,69.2972,0.999988,0.9999971,0.0,0.394306
627.pgm,1000,0.015259,14992,22.876,7.349,0.007492,69.3848,0.99997,0.9999975,0.0,0.0
628.pgm,1000,0.015259,20176,30.7861,8.1,0.00766,69.2886,0.999947,0.9999765,0.0,0.0
629.pgm,1000,0.015259,35456,54.1016,124.657,0.007248,69.5287,0.999986,0.9999993,0.0,0.0
630.pgm,1000,0.015259,23056,35.1807,25.474,0.00769,69.2713,0.999967,0.9999949,0.0,0.949176
631.pgm,1000,0.015259,48832,74.5117,17.35,0.007675,69.2799,0.999982,0.9999983,0.0,0.005006
632.pgm,1000,0.015259,39232,59.8633,11.099,0.007584,69.332,0.999982,0.9999958,0.0,0.0
633.pgm,1000,0.015259,27600,42.1143,13.834,0.007538,69.3583,0.999983,0.9999985,0.0,0.140008
634.pgm,1000,0.015259,26736,40.7959,13.342,0.007736,69.2455,0.999976,0.9999974,0.0,0.0
635.pgm,1000,0.015259,31376,47.876,97.565,0.007782,69.2199,0.999985,0.9999988,0.0,0.631498
636.pgm,1000,0.015259,14288,21.8018,27.355,0.007401,69.4382,0.999978,0.999998,0.0,0.0
637.pgm,1000,0.015259,22000,33.5693,15.743,0.007828,69.1944,0.999978,0.9999988,0.0,0.566884
638.pgm,1000,0.015259,6160,9.3994,7.353,0.007553,69.3496,0.999984,0.9999994,0.0,0.0
639.pgm,1000,0.015259,22128,33.7646,8.972,0.007492,69.3848,0.99998,0.9999987,0.0,0.50073
640.pgm,1000,0.015259,1344,2.0508,5.362,0.007324,69.4832,0.999979,0.9999904,0.0,0.001548
641.pgm,1000,0.015259,17136,26.1475,10.17,0.007797,69.2114,0.999987,0.9999995,0.0,0.0
642.pgm,1000,0.015259,22592,34.4727,112.893,0.007721,69.2541,0.999983,0.9999994,0.0,1.3e-05
643.pgm,1000,0.015259,23488,35.8398,25.993,0.007751,69.237,0.999971,0.9999974,0.0,0.033508
644.pgm,1000,0.015259,13008,19.8486,9.061,0.007599,69.3233,0.999974,0.9999973,0.0,0.0
645.pgm,1000,0.015259,15712,23.9746,7.423,0.007538,69.3583,0.999987,0.999998,0.0,0.0
646.pgm,1000,0.015259,26016,39.6973,10.663,0.007568,69.3408,0.999982,0.9999986,0.0,0.043336
647.pgm,1000,0.015259,24816,37.8662,12.673,0.007294,69.5013,0.999973,0.9999978,0.0,0.0
648.pgm,1000,0.015259,17664,26.9531,105.969,0.007477,69.3936,0.99998,0.9999993,0.0,0.0
649.pgm,1000,0.015259,40928,62.4512,33.175,0.007828,69.1944,0.999984,0.9999992,0.0,0.0
650.pgm,1000,0.015259,29664,45.2637,12.309,0.007629,69.3059,0.999984,0.9999988,0.0,0.974972
651.pgm,1000,0.015259,18336,27.9785,7.739,0.007462,69.4025,0.999985,0.9999982,0.0,0.0
652.pgm,1000,0.015259,37488,57.2021,10.641,0.007599,69.3233,0.999986,0.9999988,0.0,0.0
653.pgm,1000,0.015259,8928,13.623,8.44,0.007751,69.237,0.999976,0.9999984,0.0,0.0
654.pgm,1000,0.015259,30992,47.29,20.795,0.007324,69.4832,0.999985,0.9999976,0.0,0.0
655.pgm,1000,0.015259,16672,25.4395,58.015,0.007263,69.5195,0.999984,0.9999994,0.0,0.0
656.pgm,1000,0.015259,31488,48.0469,22.041,0.007858,69.1775,0.999982,0.9999969,0.0,0.023443
657.pgm,1000,0.015259,57680,88.0127,17.765,0.007355,69.4651,0.999979,0.9999975,0.0,0.99678
658.pgm,1000,0.015259,21536,32.8613,9.021,0.007721,69.2541,0.99998,0.9999984,0.0,0.643275
659.pgm,1000,0.015259,15104,23.0469,7.66,0.007568,69.3408,0.999981,0.9999994,0.0,0.0
660.pgm,1000,0.015259,48160,73.4863,22.913,0.007706,69.2627,0.999985,0.9999986,0.0,0.625392
661.pgm,1000,0.015259,36192,55.2246,86.745,0.007706,69.2627,0.999981,0.999999,0.0,0.0
662.pgm,1000,0.015259,17216,26.2695,12.662,0.007599,69.3233,0.999987,0.9999987,0.0,0.28235
663.pgm,1000,0.015259,29440,44.9219,10.276,0.007309,69.4922,0.999979,0.9999988,0.0,0.000145
664.pgm,1000,0.015259,24160,36.8652,8.861,0.007919,69.1439,0.999974,0.9999968,0.0,0.0
665.pgm,1000,0.015259,25664,39.1602,12.217,0.007736,69.2455,0.999981,0.9999991,0.0,0.0
666.pgm,1000,0.015259,24128,36.8164,83.29,0.00766,69.2886,0.999969,0.9999954,0.0,0.979667
667.pgm,1000,0.015259,24208,36.9385,27.855,0.007553,69.3496,0.999987,0.9999993,0.0,0.010521
668.pgm,1000,0.015259,16096,24.5605,10.803,0.007446,69.4114,0.999984,0.9999995,0.0,0.0
669.pgm,1000,0.015259,23840,36.377,9.132,0.007339,69.4742,0.999985,0.9999995,0.0,0.0
670.pgm,1000,0.015259,5184,7.9102,7.997,0.007538,69.3583,0.999973,0.9999982,0.0,0.0
671.pgm,1000,0.015259,39696,60.5713,19.54,0.007431,69.4203,0.999988,0.9999981,0.0,0.0
672.pgm,1000,0.015259,23104,35.2539,116.952,0.007553,69.3496,0.999985,0.9999982,0.0,0.999907
673.pgm,1000,0.015259,50080,76.416,24.123,0.007538,69.3583,0.99999,0.999999,0.0,0.0
674.pgm,1000,0.015259,21472,32.7637,10.54,0.007584,69.332,0.99998,0.9999995,0.0,0.0
675.pgm,1000,0.015259,29264,44.6533,9.76,0.007721,69.2541,0.999983,0.9999975,0.0,0.0
676.pgm,1000,0.015259,9248,14.1113,7.773,0.007675,69.2799,0.999979,0.9999986,0.0,0.0
677.pgm,1000,0.015259,38672,59.0088,90.627,0.007492,69.3848,0.999972,0.9999972,0.0,0.0
678.pgm,1000,0.015259,48064,73.3398,44.817,0.007721,69.2541,0.999988,0.9999978,0.0,0.01676
679.pgm,1000,0.015259,16272,24.8291,10.931,0.007416,69.4292,0.999988,0.9999985,0.0,1.5e-05
680.pgm,1000,0.015259,31904,48.6816,11.844,0.007248,69.5287,0.999988,0.9999994,0.0,0.0
681.pgm,1000,0.015259,27520,41.9922,9.659,0.007385,69.4471,0.999986,0.999999,0.0,0.0
682.pgm,1000,0.015259,46176,70.459,18.353,0.00798,69.1106,0.999986,0.9999992,0.0,0.0
683.pgm,1000,0.015259,18768,28.6377,101.582,0.007614,69.3146,0.999988,0.9999991,0.0,0.0
684.pgm,1000,0.015259,16272,24.8291,24.847,0.007828,69.1944,0.999969,0.9999971,0.0,0.0
685.pgm,1000,0.015259,28240,43.0908,20.049,0.008286,68.9476,0.999979,0.9999987,0.0,0.0
686.pgm,1000,0.015259,21168,32.2998,11.32,0.007767,69.2284,0.99998,0.9999992,0.0,0.0
687.pgm,1000,0.015259,38944,59.4238,19.695,0.007736,69.2455,0.999979,0.9999991,0.0,0.0
688.pgm,1000,0.015259,26800,40.8936,121.216,0.008102,69.0447,0.999987,0.9999992,0.0,0.0
689.pgm,1000,0.015259,64000,97.6562,37.233,0.007843,69.186,0.999992,0.9999972,0.0,0.964197
690.pgm,1000,0.015259,5616,8.5693,10.465,0.007538,69.3583,0.999975,0.9999975,0.0,0.0
691.pgm,1000,0.015259,22768,34.7412,12.316,0.007645,69.2972,0.999981,0.9999986,0.0,0.363435
692.pgm,1000,0.015259,32656,49.8291,60.401,0.007812,69.2029,0.999987,0.9999991,0.0,0.0
693.pgm,1000,0.015259,46240,70.5566,36.028,0.007736,69.2455,0.999986,0.9999983,0.0,0.299935
694.pgm,1000,0.015259,58896,89.8682,16.847,0.007828,69.1944,0.999986,0.9999974,0.0,0.729563
695.pgm,1000,0.015259,38384,58.5693,10.784,0.007278,69.5104,0.999969,0.9999934,0.0,0.0
696.pgm,1000,0.015259,7536,11.499,6.249,0.007065,69.6398,0.999982,0.9999994,0.0,0.0
697.pgm,1000,0.015259,27168,41.4551,16.295,0.007523,69.3671,0.999982,0.9999994,0.0,0.0
698.pgm,1000,0.015259,48656,74.2432,140.262,0.007523,69.3671,0.99999,0.9999983,0.0,0.148136
699.pgm,1000,0.015259,28848,44.0186,16.843,0.007202,69.5562,0.999979,0.9999988,0.0,0.271819
700.pgm,1000,0.015259,26416,40.3076,10.117,0.00795,69.1272,0.999986,0.9999994,0.0,0.0
701.pgm,1000,0.015259,38240,58.3496,13.343,0.007538,69.3583,0.999992,0.9999995,0.0,0.212593
702.pgm,1000,0.015259,18464,28.1738,12.099,0.00737,69.4561,0.999983,0.9999984,0.0,0.0
703.pgm,1000,0.015259,22160,33.8135,104.748,0.007874,69.1691,0.999989,0.9999976,0.0,0.0
704.pgm,1000,0.015259,22896,34.9365,22.387,0.007172,69.5746,0.999978,0.9999993,0.0,0.0
705.pgm,1000,0.015259,45520,69.458,14.976,0.007736,69.2455,0.999981,0.9999964,0.0,0.072318
706.pgm,1000,0.015259,41984,64.0625,11.619,0.007935,69.1356,0.999983,0.9999969,0.0,0.080119
707.pgm,1000,0.015259,39120,59.6924,13.373,0.007553,69.3496,0.999989,0.9999986,0.0,0.994982
708.pgm,1000,0.015259,17488,26.6846,10.664,0.007431,69.4203,0.999983,0.9999988,0.0,0.02611
709.pgm,1000,0.015259,34832,53.1494,26.404,0.007721,69.2541,0.999967,0.9999971,0.0,0.0
710.pgm,1000,0.015259,6640,10.1318,42.57,0.00769,69.2713,0.999976,0.9999914,0.0,0.0
711.pgm,1000,0.015259,11072,16.8945,13.945,0.007477,69.3936,0.999969,0.9999969,0.0,0.0
712.pgm,1000,0.015259,25984,39.6484,12.758,0.007629,69.3059,0.999979,0.9999984,0.0,0.003124
713.pgm,1000,0.015259,50624,77.2461,13.717,0.007553,69.3496,0.999991,0.9999987,0.0,0.051872
714.pgm,1000,0.015259,25152,38.3789,9.704,0.007858,69.1775,0.999982,0.9999986,0.0,8.1e-05
715.pgm,1000,0.015259,24704,37.6953,12.597,0.007935,69.1356,0.999985,0.9999991,0.0,1.4e-05
716.pgm,1000,0.015259,33744,51.4893,134.684,0.008011,69.094,0.999981,0.9999973,0.0,0.704428
717.pgm,1000,0.015259,36784,56.1279,23.296,0.007599,69.3233,0.999979,0.999999,0.0,0.0
718.pgm,1000,0.015259,21664,33.0566,11.028,0.007263,69.5195,0.999977,0.9999991,0.0,0.0
719.pgm,1000,0.015259,7616,11.6211,6.235,0.007736,69.2455,0.999988,0.9999907,0.0,0.0
720.pgm,1000,0.015259,45616,69.6045,13.14,0.007904,69.1523,0.999986,0.999999,0.0,0.0
721.pgm,1000,0.015259,16960,25.8789,8.923,0.007797,69.2114,0.999979,0.9999973,0.0,0.0
722.pgm,1000,0.015259,19392,29.5898,26.192,0.007599,69.3233,0.999985,0.9999981,0.0,0.0
723.pgm,1000,0.015259,55216,84.2529,60.883,0.007645,69.2972,0.99999,0.9999984,0.0,0.220346
724.pgm,1000,0.015259,14944,22.8027,16.091,0.007614,69.3146,0.99997,0.9999939,0.0,0.280219
725.pgm,1000,0.015259,20560,31.3721,12.387,0.007477,69.3936,0.999979,0.9999995,0.0,0.0
726.pgm,1000,0.015259,23648,36.084,11.359,0.007904,69.1523,0.999984,0.9999986,0.0,0.0
727.pgm,1000,0.015259,21136,32.251,10.022,0.007523,69.3671,0.999987,0.9999972,0.0,0.137536
728.pgm,1000,0.015259,42320,64.5752,120.948,0.00766,69.2886,0.999987,0.999999,0.0,0.0
729.pgm,1000,0.015259,31424,47.9492,24.09,0.007553,69.3496,0.999974,0.9999962,0.0,0.027175
730.pgm,1000,0.015259,30896,47.1436,11.937,0.007233,69.5378,0.999987,0.9999993,0.0,0.0
731.pgm,1000,0.015259,26032,39.7217,10.658,0.007874,69.1691,0.999969,0.999994,0.0,0.284725
732.pgm,1000,0.015259,23968,36.5723,15.67,0.007858,69.1775,0.999979,0.9999988,0.0,0.002618
733.pgm,1000,0.015259,55728,85.0342,133.414,0.007553,69.3496,0.999987,0.9999979,0.0,0.920415
734.pgm,1000,0.015259,22784,34.7656,14.806,0.007446,69.4114,0.999986,0.9999992,0.0,0.0
735.pgm,1000,0.015259,31776,48.4863,11.188,0.007217,69.547,0.999988,0.9999995,0.0,0.0
736.pgm,1000,0.015259,27552,42.041,9.483,0.008011,69.094,0.99999,0.9999988,0.0,0.0
737.pgm,1000,0.015259,31680,48.3398,13.529,0.007385,69.4471,0.999986,0.9999985,0.0,0.973499
738.pgm,1000,0.015259,26272,40.0879,115.957,0.007797,69.2114,0.999982,0.9999983,0.0,0.0
739.pgm,1000,0.015259,31920,48.7061,20.933,0.007294,69.5013,0.999985,0.9999994,0.0,0.0
740.pgm,1000,0.015259,18640,28.4424,9.315,0.007294,69.5013,0.99998,0.9999993,0.0,0.0
741.pgm,1000,0.015259,40496,61.792,11.004,0.007736,69.2455,0.999989,0.9999991,0.0,0.000249
742.pgm,1000,0.015259,6768,10.3271,7.377,0.007538,69.3583,0.999958,0.9999834,0.0,0.0
743.pgm,1000,0.015259,57488,87.7197,152.904,0.007767,69.2284,0.999992,0.9999989,0.0,0.00501
744.pgm,1000,0.015259,20704,31.5918,15.732,0.007843,69.186,0.999982,0.9999989,0.0,0.0
745.pgm,1000,0.015259,47104,71.875,14.891,0.00769,69.2713,0.999985,0.999998,0.0,0.012034
746.pgm,1000,0.015259,41376,63.1348,11.801,0.007797,69.2114,0.99998,0.9999989,0.0,0.0
747.pgm,1000,0.015259,23408,35.7178,9.903,0.007599,69.3233,0.999988,0.9999992,0.0,0.0
748.pgm,1000,0.015259,32064,48.9258,72.431,0.007706,69.2627,0.999985,0.9999982,0.0,0.024254
749.pgm,1000,0.015259,51136,78.0273,43.846,0.007706,69.2627,0.999985,0.9999959,0.0,0.808949
750.pgm,1000,0.015259,41952,64.0137,15.447,0.007874,69.1691,0.999987,0.9999981,0.0,0.0
751.pgm,1000,0.015259,31952,48.7549,10.354,0.008102,69.0447,0.999974,0.9999972,0.0,6e-06
752.pgm,1000,0.015259,23888,36.4502,10.351,0.007843,69.186,0.999983,0.9999992,0.0,0.0
753.pgm,1000,0.015259,7520,11.4746,12.986,0.007828,69.1944,0.999955,0.9999964,0.0,0.0
754.pgm,1000,0.015259,31328,47.8027,72.893,0.007828,69.1944,0.999976,0.9999987,0.0,0.847899
755.pgm,1000,0.015259,18720,28.5645,16.613,0.007889,69.1607,0.999979,0.9999989,0.0,0.011207
756.pgm,1000,0.015259,16736,25.5371,21.904,0.007309,69.4922,0.999975,0.9999987,0.0,0.867043
757.pgm,1000,0.015259,5584,8.5205,31.182,0.007675,69.2799,0.999977,0.9999995,0.0,0.0
758.pgm,1000,0.015259,19168,29.248,30.432,0.007492,69.3848,0.999976,0.9999988,0.0,0.520298
759.pgm,1000,0.015259,33328,50.8545,15.608,0.007721,69.2541,0.999988,0.9999995,0.0,0.0
760.pgm,1000,0.015259,17312,26.416,9.271,0.008087,69.0528,0.999976,0.9999989,0.0,0.0
761.pgm,1000,0.015259,44848,68.4326,13.056,0.007416,69.4292,0.99999,0.9999988,0.0,0.001366
762.pgm,1000,0.015259,21680,33.0811,66.859,0.007462,69.4025,0.999981,0.9999995,0.0,0.0
763.pgm,1000,0.015259,33936,51.7822,46.038,0.00766,69.2886,0.999985,0.9999991,0.0,0.0
764.pgm,1000,0.015259,18496,28.2227,15.56,0.007278,69.5104,0.999974,0.9999961,0.0,0.000344
765.pgm,1000,0.015259,16896,25.7812,10.242,0.007401,69.4382,0.999969,0.9999974,0.0,0.0
766.pgm,1000,0.015259,43760,66.7725,13.768,0.007599,69.3233,0.999986,0.9999983,0.0,0.032827
767.pgm,1000,0.015259,53184,81.1523,17.966,0.007233,69.5378,0.99998,0.9999963,0.0,0.998874
768.pgm,1000,0.015259,54672,83.4229,143.548,0.007629,69.3059,0.999976,0.9999954,0.0,0.98615
769.pgm,1000,0.015259,23776,36.2793,20.222,0.007324,69.4832,0.999984,0.9999988,0.0,0.0
770.pgm,1000,0.015259,22304,34.0332,11.22,0.007126,69.6024,0.999981,0.9999984,0.0,0.068124
771.pgm,1000,0.015259,41408,63.1836,12.384,0.007919,69.1439,0.999988,0.9999992,0.0,0.359223
772.pgm,1000,0.015259,13520,20.6299,8.135,0.007339,69.4742,0.99999,0.9999955,0.0,0.0
773.pgm,1000,0.015259,17232,26.2939,69.972,0.007584,69.332,0.999965,0.9999946,0.0,0.0
774.pgm,1000,0.015259,15408,23.5107,30.077,0.007446,69.4114,0.999982,0.9999995,0.0,0.0
775.pgm,1000,0.015259,40464,61.7432,20.586,0.007843,69.186,0.999988,0.9999994,0.0,0.0
776.pgm,1000,0.015259,24656,37.6221,15.422,0.007553,69.3496,0.999982,0.9999974,0.0,0.0
777.pgm,1000,0.015259,45360,69.2139,16.731,0.007401,69.4382,0.999984,0.9999987,0.0,0.999212
778.pgm,1000,0.015259,20928,31.9336,11.006,0.007263,69.5195,0.999983,0.9999984,0.0,0.0
779.pgm,1000,0.015259,43184,65.8936,99.792,0.007797,69.2114,0.999982,0.9999988,0.0,0.925111
780.pgm,1000,0.015259,8480,12.9395,21.593,0.007629,69.3059,0.999968,0.999997,0.0,0.0
781.pgm,1000,0.015259,26400,40.2832,15.163,0.007507,69.376,0.999984,0.9999972,0.0,0.192283
782.pgm,1000,0.015259,50624,77.2461,15.128,0.007706,69.2627,0.99998,0.999998,0.0,0.99414
783.pgm,1000,0.015259,20384,31.1035,8.288,0.007675,69.2799,0.999985,0.9999994,0.0,0.0
784.pgm,1000,0.015259,48672,74.2676,13.286,0.007614,69.3146,0.999987,0.9999989,0.0,0.0
785.pgm,1000,0.015259,22464,34.2773,14.717,0.007828,69.1944,0.999977,0.999999,0.0,0.0
786.pgm,1000,0.015259,19216,29.3213,102.116,0.007446,69.4114,0.999968,0.9999975,0.0,0.000201
787.pgm,1000,0.015259,38416,58.6182,30.154,0.007477,69.3936,0.999988,0.9999992,0.0,0.0
788.pgm,1000,0.015259,35088,53.54,14.932,0.00769,69.2713,0.999986,0.9999993,0.0,0.0
789.pgm,1000,0.015259,11920,18.1885,8.345,0.00766,69.2886,0.999987,0.9999987,0.0,0.0
790.pgm,1000,0.015259,9040,13.7939,8.386,0.007324,69.4832,0.999973,0.9999991,0.0,0.016048
791.pgm,1000,0.015259,28784,43.9209,24.819,0.008026,69.0857,0.999988,0.9999974,0.0,0.0
792.pgm,1000,0.015259,24320,37.1094,77.968,0.007462,69.4025,0.999983,0.9999986,0.0,0.0
793.pgm,1000,0.015259,40128,61.2305,23.536,0.007645,69.2972,0.999989,0.9999991,0.0,0.084629
794.pgm,1000,0.015259,27312,41.6748,13.23,0.007492,69.3848,0.999983,0.9999974,0.0,0.005604
795.pgm,1000,0.015259,37488,57.2021,14.059,0.007248,69.5287,0.999986,0.9999984,0.0,0.0
796.pgm,1000,0.015259,28080,42.8467,100.59,0.007828,69.1944,0.999987,0.9999992,0.0,0.0
797.pgm,1000,0.015259,7424,11.3281,21.985,0.007431,69.4203,0.999971,0.9999985,0.0,1e-06
798.pgm,1000,0.015259,35760,54.5654,12.373,0.007385,69.4471,0.999993,0.9999994,0.0,8e-06
799.pgm,1000,0.015259,36880,56.2744,12.307,0.007645,69.2972,0.999988,0.999998,0.0,0.0
800.pgm,1000,0.015259,27664,42.2119,116.589,0.007919,69.1439,0.999987,0.9999987,0.0,0.0
801.pgm,1000,0.015259,56016,85.4736,37.708,0.007812,69.2029,0.999987,0.9999982,0.0,0.091361
802.pgm,1000,0.015259,41856,63.8672,15.415,0.00769,69.2713,0.999981,0.9999976,0.0,0.05553
803.pgm,1000,0.015259,35248,53.7842,11.117,0.007553,69.3496,0.999977,0.9999978,0.0,2.3e-05
804.pgm,1000,0.015259,25568,39.0137,8.898,0.008041,69.0775,0.99998,0.9999972,0.0,0.0
805.pgm,1000,0.015259,23584,35.9863,10.034,0.007797,69.2114,0.999981,0.9999993,0.0,0.0
806.pgm,1000,0.015259,51920,79.2236,199.662,0.007599,69.3233,0.999976,0.9999959,0.0,0.770695
807.pgm,1000,0.015259,24528,37.4268,21.164,0.007919,69.1439,0.999979,0.9999989,0.0,0.0
808.pgm,1000,0.015259,5472,8.3496,6.179,0.007477,69.3936,0.999981,0.9999993,0.0,0.0
809.pgm,1000,0.015259,34416,52.5146,14.143,0.007309,69.4922,0.999986,0.999999,0.0,0.0
810.pgm,1000,0.015259,12096,18.457,11.299,0.007736,69.2455,0.999969,0.9999962,0.0,0.0
811.pgm,1000,0.015259,29280,44.6777,128.825,0.00737,69.4561,0.999983,0.9999987,0.0,0.100728
812.pgm,1000,0.015259,27136,41.4062,25.174,0.008133,69.0283,0.999985,0.9999993,0.0,0.0
813.pgm,1000,0.015259,22656,34.5703,10.265,0.007629,69.3059,0.999987,0.9999988,0.0,0.120668
814.pgm,1000,0.015259,39728,60.6201,10.884,0.007339,69.4742,0.999985,0.9999993,0.0,0.0
815.pgm,1000,0.015259,36080,55.0537,11.288,0.007874,69.1691,0.999987,0.9999986,0.0,0.674634
816.pgm,1000,0.015259,24608,37.5488,11.492,0.007568,69.3408,0.99998,0.9999992,0.0,0.0
817.pgm,1000,0.015259,29248,44.6289,123.961,0.007584,69.332,0.999981,0.9999981,0.0,0.0
818.pgm,1000,0.015259,42992,65.6006,34.518,0.007553,69.3496,0.999982,0.9999988,0.0,0.878364
819.pgm,1000,0.015259,31952,48.7549,13.394,0.007553,69.3496,0.999981,0.9999987,0.0,0.0
820.pgm,1000,0.015259,64448,98.3398,17.542,0.007584,69.332,0.999983,0.9999953,0.0,0.991336
821.pgm,1000,0.015259,38112,58.1543,64.405,0.007935,69.1356,0.999984,0.9999987,0.0,0.0
822.pgm,1000,0.015259,47792,72.9248,46.622,0.007797,69.2114,0.999982,0.9999979,0.0,0.0
823.pgm,1000,0.015259,22128,33.7646,15.384,0.007751,69.237,0.999984,0.9999994,0.0,0.0
824.pgm,1000,0.015259,13808,21.0693,9.603,0.007248,69.5287,0.999985,0.9999994,0.0,1e-06
825.pgm,1000,0.015259,27440,41.8701,11.535,0.007523,69.3671,0.999979,0.9999983,0.0,0.308846
826.pgm,1000,0.015259,39120,59.6924,17.171,0.007767,69.2284,0.999983,0.9999962,0.0,0.0
827.pgm,1000,0.015259,17904,27.3193,89.986,0.007889,69.1607,0.999984,0.9999991,0.0,0.000311
828.pgm,1000,0.015259,23008,35.1074,29.108,0.008347,68.9157,0.99998,0.999997,0.0,0.757892
829.pgm,1000,0.015259,15664,23.9014,12.176,0.007828,69.1944,0.999979,0.9999981,0.0,0.0
830.pgm,1000,0.015259,34320,52.3682,13.559,0.007675,69.2799,0.999987,0.9999994,0.0,0.0
831.pgm,1000,0.015259,54944,83.8379,16.842,0.007141,69.5931,0.999993,0.9999974,0.0,0.931128
832.pgm,1000,0.015259,25584,39.0381,51.549,0.00737,69.4561,0.999982,0.9999973,0.0,0.171642
833.pgm,1000,0.015259,27104,41.3574,34.87,0.007477,69.3936,0.999983,0.9999987,0.0,0.005034
834.pgm,1000,0.015259,37008,56.4697,17.831,0.007736,69.2455,0.999988,0.9999982,0.0,0.513786
835.pgm,1000,0.015259,33872,51.6846,13.023,0.00705,69.6492,0.999989,0.9999985,0.0,0.001379
836.pgm,1000,0.015259,48816,74.4873,13.97,0.00769,69.2713,0.999981,0.9999981,0.0,0.931778
837.pgm,1000,0.015259,27152,41.4307,12.18,0.008286,68.9476,0.999972,0.9999971,0.0,0.0
838.pgm,1000,0.015259,40480,61.7676,145.456,0.007568,69.3408,0.999988,0.9999982,0.0,0.0
839.pgm,1000,0.015259,28288,43.1641,22.513,0.007858,69.1775,0.999983,0.9999992,0.0,0.32297
840.pgm,1000,0.015259,47600,72.6318,17.988,0.007874,69.1691,0.999981,0.9999986,0.0,0.006735
841.pgm,1000,0.015259,46768,71.3623,14.934,0.007874,69.1691,0.999984,0.9999986,0.0,0.0
842.pgm,1000,0.015259,40880,62.3779,14.031,0.007507,69.376,0.999986,0.9999992,0.0,0.0
843.pgm,1000,0.015259,12960,19.7754,19.334,0.007599,69.3233,0.999986,0.9999994,0.0,0.0
844.pgm,1000,0.015259,14016,21.3867,39.206,0.007568,69.3408,0.99998,0.9999986,0.0,0.0
845.pgm,1000,0.015259,4928,7.5195,9.596,0.008194,68.9959,0.999973,0.9999954,0.0,8e-06
846.pgm,1000,0.015259,14016,21.3867,8.659,0.00737,69.4561,0.999985,0.9999994,0.0,0.0
847.pgm,1000,0.015259,49616,75.708,13.034,0.008057,69.0693,0.999986,0.9999978,0.0,0.147627
848.pgm,1000,0.015259,51616,78.7598,15.151,0.007751,69.237,0.999978,0.9999977,0.0,0.958666
849.pgm,1000,0.015259,47552,72.5586,143.169,0.007614,69.3146,0.999984,0.9999971,0.0,0.282255
850.pgm,1000,0.015259,60800,92.7734,32.909,0.007492,69.3848,0.999988,0.9999971,0.0,0.999859
851.pgm,1000,0.015259,22976,35.0586,10.771,0.007767,69.2284,0.999979,0.999998,0.0,0.0
852.pgm,1000,0.015259,31616,48.2422,10.433,0.007278,69.5104,0.999988,0.9999994,0.0,0.0
853.pgm,1000,0.015259,18208,27.7832,9.808,0.00769,69.2713,0.999984,0.9999988,0.0,0.00258
854.pgm,1000,0.015259,16368,24.9756,59.257,0.007935,69.1356,0.999984,0.9999994,0.0,0.0
855.pgm,1000,0.015259,14032,21.4111,26.034,0.007675,69.2799,0.999981,0.9999995,0.0,0.0
856.pgm,1000,0.015259,43248,65.9912,19.159,0.00705,69.6492,0.999993,0.9999994,0.0,0.0
857.pgm,1000,0.015259,20800,31.7383,10.117,0.007645,69.2972,0.999986,0.9999988,0.0,0.77867
858.pgm,1000,0.015259,23360,35.6445,9.616,0.007797,69.2114,0.999967,0.9999963,0.0,0.0
859.pgm,1000,0.015259,41632,63.5254,11.628,0.007416,69.4292,0.999986,0.9999993,0.0,0.0
860.pgm,1000,0.015259,24208,36.9385,9.359,0.007507,69.376,0.999985,0.9999991,0.0,0.0
861.pgm,1000,0.015259,21200,32.3486,15.176,0.007706,69.2627,0.999987,0.9999992,0.0,0.0
862.pgm,1000,0.015259,60128,91.748,104.5,0.007568,69.3408,0.999985,0.9999981,0.0,0.887041
863.pgm,1000,0.015259,31216,47.6318,18.705,0.007095,69.6211,0.999988,0.9999986,0.0,0.999534
864.pgm,1000,0.015259,31504,48.0713,12.835,0.007477,69.3936,0.999986,0.9999993,0.0,0.0
865.pgm,1000,0.015259,10736,16.3818,7.97,0.007614,69.3146,0.99998,0.9999968,0.0,0.0
866.pgm,1000,0.015259,28752,43.8721,10.522,0.007675,69.2799,0.999987,0.9999994,0.0,3.8e-05
867.pgm,1000,0.015259,7824,11.9385,7.072,0.007446,69.4114,0.999945,0.9999759,0.0,0.0
868.pgm,1000,0.015259,9568,14.5996,12.446,0.007904,69.1523,0.999986,0.9999967,0.0,0.0
869.pgm,1000,0.015259,29824,45.5078,63.121,0.007278,69.5104,0.999989,0.999999,0.0,0.94058
870.pgm,1000,0.015259,32864,50.1465,25.786,0.007874,69.1691,0.999987,0.9999991,0.0,0.0
871.pgm,1000,0.015259,15728,23.999,12.068,0.008118,69.0365,0.999984,0.9999996,0.0,0.0
872.pgm,1000,0.015259,33712,51.4404,13.859,0.007446,69.4114,0.999982,0.9999993,0.0,0.0
873.pgm,1000,0.015259,28992,44.2383,11.558,0.007751,69.237,0.999985,0.9999993,0.0,0.0
874.pgm,1000,0.015259,8080,12.3291,8.038,0.007477,69.3936,0.999981,0.9999978,0.0,0.0
875.pgm,1000,0.015259,27024,41.2354,157.694,0.007935,69.1356,0.999987,0.9999984,0.0,0.00407
876.pgm,1000,0.015259,51744,78.9551,25.088,0.007629,69.3059,0.999981,0.9999982,0.0,0.0
877.pgm,1000,0.015259,34576,52.7588,11.447,0.007584,69.332,0.999978,0.9999963,0.0,0.989876
878.pgm,1000,0.015259,30272,46.1914,9.439,0.008057,69.0693,0.999984,0.999999,0.0,0.001003
879.pgm,1000,0.015259,27552,42.041,10.397,0.00769,69.2713,0.999989,0.9999979,0.0,0.0
880.pgm,1000,0.015259,33200,50.6592,31.504,0.007584,69.332,0.999987,0.9999989,0.0,0.0
881.pgm,1000,0.015259,20496,31.2744,55.057,0.007309,69.4922,0.999991,0.9999993,0.0,0.0
882.pgm,1000,0.015259,20560,31.3721,18.438,0.00766,69.2886,0.999988,0.9999987,0.0,0.0
883.pgm,1000,0.015259,29152,44.4824,14.543,0.007309,69.4922,0.99999,0.9999992,0.0,1e-05
884.pgm,1000,0.015259,26176,39.9414,10.72,0.007416,69.4292,0.999976,0.9999981,0.0,0.0
885.pgm,1000,0.015259,15904,24.2676,8.166,0.007645,69.2972,0.999973,0.9999986,0.0,0.0
886.pgm,1000,0.015259,26704,40.7471,9.616,0.007721,69.2541,0.999985,0.9999993,0.0,3.8e-05
887.pgm,1000,0.015259,23072,35.2051,12.817,0.007385,69.4471,0.999986,0.9999992,0.0,0.0
888.pgm,1000,0.015259,37152,56.6895,130.624,0.008041,69.0775,0.999983,0.9999991,0.0,0.0
889.pgm,1000,0.015259,31936,48.7305,25.01,0.007431,69.4203,0.999973,0.9999976,0.0,0.000186
890.pgm,1000,0.015259,49200,75.0732,15.778,0.007721,69.2541,0.999982,0.9999971,0.0,0.370298
891.pgm,1000,0.015259,10528,16.0645,7.005,0.007538,69.3583,0.999983,0.9999991,0.0,0.0
892.pgm,1000,0.015259,48480,73.9746,22.723,0.007843,69.186,0.999986,0.9999985,0.0,0.0
893.pgm,1000,0.015259,9632,14.6973,91.186,0.007339,69.4742,0.999949,0.999946,0.0,0.0
894.pgm,1000,0.015259,59440,90.6982,33.14,0.007965,69.1189,0.999993,0.9999984,0.0,3e-06
895.pgm,1000,0.015259,27520,41.9922,12.841,0.007874,69.1691,0.999987,0.9999993,0.0,0.0
896.pgm,1000,0.015259,41408,63.1836,14.904,0.007965,69.1189,0.999987,0.9999991,0.0,0.370524
897.pgm,1000,0.015259,26080,39.7949,26.819,0.007324,69.4832,0.999988,0.9999987,0.0,0.0
898.pgm,1000,0.015259,9888,15.0879,33.212,0.007538,69.3583,0.999982,0.9999984,0.0,0.0
899.pgm,1000,0.015259,17712,27.0264,16.249,0.007568,69.3408,0.999987,0.9999989,0.0,0.0
900.pgm,1000,0.015259,31104,47.4609,13.273,0.00798,69.1106,0.999977,0.9999976,0.0,0.175037
901.pgm,1000,0.015259,35088,53.54,9.97,0.007584,69.332,0.999986,0.9999987,0.0,6e-05
902.pgm,1000,0.015259,31600,48.2178,9.812,0.007141,69.5931,0.999987,0.9999992,0.0,0.0
903.pgm,1000,0.015259,21728,33.1543,9.797,0.007446,69.4114,0.999984,0.9999986,0.0,0.0
904.pgm,1000,0.015259,62768,95.7764,29.83,0.007385,69.4471,0.999991,0.9999978,0.0,0.997511
905.pgm,1000,0.015259,34016,51.9043,114.971,0.007568,69.3408,0.999982,0.999999,0.0,0.001273
906.pgm,1000,0.015259,23856,36.4014,16.627,0.007294,69.5013,0.999983,0.9999986,0.0,0.0
907.pgm,1000,0.015259,9984,15.2344,8.194,0.007568,69.3408,0.999964,0.9999953,0.0,0.0
908.pgm,1000,0.015259,5840,8.9111,5.343,0.007553,69.3496,0.99998,0.9999976,0.0,0.0
909.pgm,1000,0.015259,32880,50.1709,11.832,0.00795,69.1272,0.999975,0.9999927,0.0,0.0
910.pgm,1000,0.015259,52256,79.7363,24.537,0.007523,69.3671,0.999984,0.9999976,0.0,0.834697
911.pgm,1000,0.015259,14992,22.876,87.875,0.00769,69.2713,0.999973,0.9999955,0.0,1e-06
912.pgm,1000,0.015259,32016,48.8525,20.283,0.007568,69.3408,0.999984,0.999999,0.0,1e-06
913.pgm,1000,0.015259,36448,55.6152,14.376,0.007935,69.1356,0.999983,0.9999992,0.0,0.0
914.pgm,1000,0.015259,15744,24.0234,8.554,0.007599,69.3233,0.999975,0.9999986,0.0,0.0
915.pgm,1000,0.015259,13008,19.8486,8.636,0.007629,69.3059,0.99998,0.999999,0.0,0.0
916.pgm,1000,0.015259,44352,67.6758,71.104,0.007828,69.1944,0.999983,0.9999984,0.0,1e-06
917.pgm,1000,0.015259,35760,54.5654,43.234,0.008179,69.004,0.999988,0.999998,0.0,0.003188
918.pgm,1000,0.015259,36784,56.1279,18.54,0.007492,69.3848,0.999987,0.9999985,0.0,0.001108
919.pgm,1000,0.015259,42288,64.5264,15.431,0.007614,69.3146,0.999986,0.9999973,0.0,0.485004
920.pgm,1000,0.015259,25264,38.5498,10.623,0.007523,69.3671,0.999983,0.9999995,0.0,0.0
921.pgm,1000,0.015259,19936,30.4199,9.217,0.007935,69.1356,0.999978,0.9999985,0.0,2e-06
922.pgm,1000,0.015259,16464,25.1221,11.682,0.007721,69.2541,0.999984,0.9999965,0.0,0.0
923.pgm,1000,0.015259,43232,65.9668,158.875,0.007904,69.1523,0.999977,0.9999953,0.0,0.000206
924.pgm,1000,0.015259,5984,9.1309,15.027,0.007935,69.1356,0.999977,0.9999992,0.0,0.00058
925.pgm,1000,0.015259,20272,30.9326,10.469,0.007568,69.3408,0.999971,0.9999973,0.0,0.0
926.pgm,1000,0.015259,24240,36.9873,9.154,0.007919,69.1439,0.999986,0.9999987,0.0,0.0
927.pgm,1000,0.015259,1152,1.7578,5.125,0.007355,69.4651,0.999985,0.9999991,0.0,0.0
928.pgm,1000,0.015259,51536,78.6377,17.857,0.007401,69.4382,0.999991,0.9999988,0.0,0.0
929.pgm,1000,0.015259,25520,38.9404,117.861,0.008087,69.0528,0.999981,0.9999981,0.0,0.0
930.pgm,1000,0.015259,31536,48.1201,29.287,0.007736,69.2455,0.999986,0.9999989,0.0,0.0
931.pgm,1000,0.015259,6848,10.4492,8.271,0.007538,69.3583,0.999983,0.9999995,0.0,0.0
932.pgm,1000,0.015259,44720,68.2373,11.835,0.007767,69.2284,0.999984,0.9999985,0.0,0.0
933.pgm,1000,0.015259,36032,54.9805,10.708,0.007401,69.4382,0.999991,0.9999995,0.0,4.8e-05
934.pgm,1000,0.015259,41120,62.7441,15.737,0.007828,69.1944,0.999978,0.999997,0.0,0.3194
935.pgm,1000,0.015259,48576,74.1211,159.622,0.007446,69.4114,0.999987,0.9999981,0.0,0.727035
936.pgm,1000,0.015259,30752,46.9238,22.651,0.007263,69.5195,0.999987,0.9999988,0.0,0.0
937.pgm,1000,0.015259,44736,68.2617,15.749,0.007553,69.3496,0.999989,0.9999989,0.0,0.778032
938.pgm,1000,0.015259,13968,21.3135,7.135,0.007385,69.4471,0.999989,0.9999983,0.0,0.0
939.pgm,1000,0.015259,29024,44.2871,11.336,0.007584,69.332,0.999976,0.9999978,0.0,2e-06
940.pgm,1000,0.015259,30144,45.9961,18.75,0.007889,69.1607,0.999982,0.9999976,0.0,0.398851
941.pgm,1000,0.015259,61280,93.5059,137.683,0.00705,69.6492,0.99999,0.9999975,0.0,0.586807
942.pgm,1000,0.015259,17264,26.3428,15.671,0.007553,69.3496,0.999971,0.9999981,0.0,0.293594
943.pgm,1000,0.015259,12768,19.4824,9.067,0.007935,69.1356,0.999975,0.999997,0.0,0.0
944.pgm,1000,0.015259,57536,87.793,15.137,0.00737,69.4561,0.999993,0.9999987,0.0,0.343571
945.pgm,1000,0.015259,42768,65.2588,13.259,0.007736,69.2455,0.999979,0.999997,0.0,0.001336
946.pgm,1000,0.015259,46544,71.0205,34.944,0.007477,69.3936,0.999989,0.9999958,0.0,0.0
947.pgm,1000,0.015259,21360,32.5928,72.66,0.007751,69.237,0.999985,0.9999992,0.0,0.0
948.pgm,1000,0.015259,41760,63.7207,21.505,0.007446,69.4114,0.999982,0.9999992,0.0,0.006296
949.pgm,1000,0.015259,37152,56.6895,12.183,0.00766,69.2886,0.99998,0.9999978,0.0,0.770655
950.pgm,1000,0.015259,10496,16.0156,6.982,0.007172,69.5746,0.999973,0.9999988,0.0,0.0
951.pgm,1000,0.015259,40192,61.3281,15.352,0.007812,69.2029,0.999983,0.9999978,0.0,1e-06
952.pgm,1000,0.015259,8432,12.8662,37.95,0.007843,69.186,0.99998,0.9999985,0.0,0.0
953.pgm,1000,0.015259,17520,26.7334,49.333,0.007751,69.237,0.999975,0.9999983,0.0,0.003454
954.pgm,1000,0.015259,13392,20.4346,13.99,0.008118,69.0365,0.999973,0.9999986,0.0,0.0
955.pgm,1000,0.015259,14000,21.3623,11.52,0.007828,69.1944,0.999965,0.9999965,0.0,0.0
956.pgm,1000,0.015259,51184,78.1006,15.575,0.007874,69.1691,0.999988,0.9999971,0.0,0.0
957.pgm,1000,0.015259,32192,49.1211,10.952,0.007278,69.5104,0.999989,0.999999,0.0,0.442429
958.pgm,1000,0.015259,29776,45.4346,11.713,0.007507,69.376,0.999988,0.9999986,0.0,0.999938
959.pgm,1000,0.015259,27760,42.3584,102.673,0.007339,69.4742,0.999968,0.9999943,0.0,0.0
960.pgm,1000,0.015259,45216,68.9941,41.897,0.007767,69.2284,0.999982,0.9999985,0.0,0.999938
961.pgm,1000,0.015259,60704,92.627,22.988,0.007614,69.3146,0.999988,0.9999986,0.0,0.999991
962.pgm,1000,0.015259,34160,52.124,13.283,0.007675,69.2799,0.999988,0.9999991,0.0,0.001348
963.pgm,1000,0.015259,58016,88.5254,15.119,0.007538,69.3583,0.999995,0.9999988,0.0,0.010977
964.pgm,1000,0.015259,36672,55.957,15.985,0.007492,69.3848,0.999977,0.999996,0.0,0.0
965.pgm,1000,0.015259,20816,31.7627,103.727,0.007629,69.3059,0.999988,0.999999,0.0,0.0
966.pgm,1000,0.015259,21328,32.5439,23.867,0.007843,69.186,0.999981,0.9999993,0.0,0.0
967.pgm,1000,0.015259,43616,66.5527,17.058,0.007751,69.237,0.999985,0.999998,0.0,0.871294
968.pgm,1000,0.015259,27360,41.748,10.276,0.007248,69.5287,0.999982,0.9999982,0.0,0.003781
969.pgm,1000,0.015259,21760,33.2031,8.791,0.007568,69.3408,0.999977,0.9999953,0.0,0.0
970.pgm,1000,0.015259,23872,36.4258,10.919,0.007538,69.3583,0.999975,0.9999988,0.0,0.0
971.pgm,1000,0.015259,29088,44.3848,116.691,0.007553,69.3496,0.999981,0.9999978,0.0,0.870342
972.pgm,1000,0.015259,21904,33.4229,54.613,0.007599,69.3233,0.999988,0.9999993,0.0,0.0
973.pgm,1000,0.015259,35504,54.1748,15.975,0.007782,69.2199,0.999988,0.9999991,0.0,0.001141
974.pgm,1000,0.015259,26144,39.8926,13.809,0.007553,69.3496,0.999982,0.999998,0.0,0.829168
975.pgm,1000,0.015259,23776,36.2793,40.411,0.007507,69.376,0.999988,0.9999991,0.0,0.0
976.pgm,1000,0.015259,12352,18.8477,29.564,0.007248,69.5287,0.999985,0.9999995,0.0,0.0
977.pgm,1000,0.015259,64896,99.0234,21.238,0.007431,69.4203,0.999993,0.999997,0.0,0.999989
978.pgm,1000,0.015259,21456,32.7393,9.823,0.007263,69.5195,0.999981,0.9999986,0.0,0.0
979.pgm,1000,0.015259,26544,40.5029,9.772,0.007584,69.332,0.999974,0.9999961,0.0,0.855346
980.pgm,1000,0.015259,27152,41.4307,11.019,0.007645,69.2972,0.999989,0.9999991,0.0,0.0
981.pgm,1000,0.015259,38144,58.2031,44.641,0.00795,69.1272,0.999984,0.9999983,0.0,0.0
982.pgm,1000,0.015259,4560,6.958,46.903,0.007538,69.3583,0.999958,0.9999966,0.0,0.0
983.pgm,1000,0.015259,22544,34.3994,17.341,0.007568,69.3408,0.999982,0.9999984,0.0,0.0
984.pgm,1000,0.015259,37392,57.0557,13.798,0.007416,69.4292,0.999984,0.9999991,0.0,0.578777
985.pgm,1000,0.015259,58320,88.9893,14.582,0.007339,69.4742,0.999988,0.9999977,0.0,0.082754
986.pgm,1000,0.015259,37664,57.4707,11.73,0.007431,69.4203,0.999974,0.9999967,0.0,2e-06
987.pgm,1000,0.015259,30160,46.0205,33.637,0.007553,69.3496,0.999983,0.9999973,0.0,0.0
988.pgm,1000,0.015259,17536,26.7578,59.835,0.007965,69.1189,0.999983,0.9999992,0.0,0.0
989.pgm,1000,0.015259,35392,54.0039,18.349,0.007538,69.3583,0.999985,0.9999979,0.0,0.000179
990.pgm,1000,0.015259,40352,61.5723,14.293,0.006973,69.6964,0.999992,0.9999989,0.0,3.1e-05
991.pgm,1000,0.015259,22320,34.0576,8.934,0.007584,69.332,0.99998,0.9999982,0.0,0.0
992.pgm,1000,0.015259,57568,87.8418,12.907,0.007614,69.3146,0.999993,0.9999986,0.0,0.808208
993.pgm,1000,0.015259,39680,60.5469,12.197,0.007217,69.547,0.999988,0.9999987,0.0,0.367435
994.pgm,1000,0.015259,27552,42.041,39.377,0.007812,69.2029,0.999986,0.9999985,0.0,0.037266
995.pgm,1000,0.015259,49632,75.7324,50.373,0.007416,69.4292,0.999986,0.9999972,0.0,0.533148
996.pgm,1000,0.015259,20080,30.6396,13.628,0.007874,69.1691,0.999984,0.9999974,0.0,0.148764
997.pgm,1000,0.015259,32960,50.293,12.237,0.007156,69.5839,0.999983,0.9999988,0.0,0.234616
998.pgm,1000,0.015259,14640,22.3389,8.289,0.007675,69.2799,0.999981,0.9999983,0.0,0.0
999.pgm,1000,0.015259,41744,63.6963,108.868,0.007187,69.5654,0.999989,0.9999995,0.0,0.0
1000.pgm,1000,0.015259,27120,41.3818,19.766,0.007462,69.4025,0.999988,0.9999995,0.0,0.0
1.pgm,2500,0.038147,23952,36.5479,14.157,0.019226,65.2919,0.999962,0.999998,0.0,0.0
2.pgm,2500,0.038147,10768,16.4307,9.467,0.019012,65.3404,0.999909,0.9999917,0.0,0.0
3.pgm,2500,0.038147,24720,37.7197,15.062,0.018265,65.5147,0.999957,0.999997,0.0,0.0
4.pgm,2500,0.038147,27968,42.6758,145.999,0.019135,65.3126,0.999967,0.9999976,0.0,0.0
5.pgm,2500,0.038147,22480,34.3018,31.121,0.01889,65.3684,0.999946,0.9999979,0.0,0.0
6.pgm,2500,0.038147,37872,57.7881,21.154,0.019989,65.1229,0.99997,0.9999962,0.0,1.7e-05
7.pgm,2500,0.038147,25072,38.2568,14.489,0.018921,65.3614,0.99997,0.9999986,0.0,0.0
8.pgm,2500,0.038147,38224,58.3252,20.939,0.018906,65.3649,0.999959,0.9999955,0.0,0.730928
9.pgm,2500,0.038147,49376,75.3418,153.488,0.019043,65.3335,0.999966,0.999993,0.0,0.169059
10.pgm,2500,0.038147,35296,53.8574,22.0,0.019958,65.1295,0.999963,0.9999977,0.0,0.006226
11.pgm,2500,0.038147,31472,48.0225,13.628,0.019119,65.3161,0.99996,0.9999979,0.0,0.0
12.pgm,2500,0.038147,30368,46.3379,15.513,0.018921,65.3614,0.999947,0.9999928,0.0,0.056272
13.pgm,2500,0.038147,43904,66.9922,187.044,0.019547,65.2201,0.999966,0.999996,0.0,0.0
14.pgm,2500,0.038147,16208,24.7314,28.562,0.01947,65.2371,0.99995,0.9999981,0.0,0.010075
15.pgm,2500,0.038147,32320,49.3164,20.476,0.019104,65.3196,0.999951,0.9999915,0.0,0.000841
16.pgm,2500,0.038147,14640,22.3389,17.825,0.019684,65.1897,0.999927,0.9999905,0.0,0.003852
17.pgm,2500,0.038147,25408,38.7695,135.989,0.019501,65.2303,0.999977,0.9999989,0.0,0.0
18.pgm,2500,0.038147,18144,27.6855,20.311,0.018677,65.4178,0.99996,0.9999978,0.0,0.000234
19.pgm,2500,0.038147,36032,54.9805,15.055,0.018875,65.3719,0.999967,0.9999978,0.0,0.0
20.pgm,2500,0.038147,35344,53.9307,15.799,0.018738,65.4036,0.999935,0.9999899,0.0,0.997629
21.pgm,2500,0.038147,31584,48.1934,17.076,0.019562,65.2167,0.999968,0.9999875,0.0,0.034832
22.pgm,2500,0.038147,41888,63.916,161.891,0.019058,65.33,0.999973,0.999995,0.0,0.20011
23.pgm,2500,0.038147,24832,37.8906,27.978,0.019089,65.323,0.999968,0.9999977,0.0,0.0
24.pgm,2500,0.038147,25856,39.4531,17.055,0.018738,65.4036,0.99994,0.9999943,0.0,0.013849
25.pgm,2500,0.038147,25040,38.208,14.033,0.019531,65.2235,0.999968,0.9999983,0.0,0.0
26.pgm,2500,0.038147,60624,92.5049,22.354,0.01886,65.3754,0.999972,0.9999929,0.0,0.577427
27.pgm,2500,0.038147,43392,66.2109,159.237,0.018677,65.4178,0.999953,0.9999946,0.0,0.918116
28.pgm,2500,0.038147,23216,35.4248,23.945,0.019333,65.2678,0.999955,0.9999978,0.0,0.0
29.pgm,2500,0.038147,52400,79.9561,23.891,0.018661,65.4213,0.999967,0.9999933,0.0,0.334084
30.pgm,2500,0.038147,36208,55.249,16.578,0.019424,65.2473,0.999963,0.9999948,0.0,3e-06
31.pgm,2500,0.038147,22368,34.1309,15.72,0.019379,65.2576,0.999954,0.9999982,0.0,0.0
32.pgm,2500,0.038147,17872,27.2705,123.098,0.019196,65.2988,0.999964,0.9999966,0.0,0.0
33.pgm,2500,0.038147,38832,59.2529,23.951,0.018936,65.3579,0.999972,0.999996,0.0,0.180222
34.pgm,2500,0.038147,33520,51.1475,13.891,0.019119,65.3161,0.999964,0.9999956,0.0,0.0
35.pgm,2500,0.038147,25424,38.7939,13.651,0.019806,65.1629,0.999969,0.9999986,0.0,0.0
36.pgm,2500,0.038147,30320,46.2646,109.513,0.019241,65.2885,0.999974,0.9999952,0.0,0.0
37.pgm,2500,0.038147,23792,36.3037,35.816,0.018799,65.3895,0.999947,0.999996,0.0,0.314814
38.pgm,2500,0.038147,39472,60.2295,17.965,0.018448,65.4713,0.999967,0.9999979,0.0,0.0
39.pgm,2500,0.038147,58976,89.9902,16.863,0.018997,65.3439,0.999965,0.999991,0.0,0.180187
40.pgm,2500,0.038147,27264,41.6016,12.725,0.018768,65.3966,0.999958,0.9999981,0.0,0.0
41.pgm,2500,0.038147,3952,6.0303,22.841,0.01857,65.4427,0.999899,0.9999935,0.0,0.0
42.pgm,2500,0.038147,33776,51.5381,33.806,0.018982,65.3474,0.999941,0.9999941,0.0,0.919676
43.pgm,2500,0.038147,28576,43.6035,17.211,0.019485,65.2337,0.999951,0.9999906,0.0,1.7e-05
44.pgm,2500,0.038147,10576,16.1377,10.838,0.01918,65.3023,0.999969,0.9999955,0.0,0.0
45.pgm,2500,0.038147,33776,51.5381,15.539,0.018906,65.3649,0.999967,0.999996,0.0,0.0
46.pgm,2500,0.038147,21776,33.2275,138.12,0.019043,65.3335,0.999968,0.9999989,0.0,0.0
47.pgm,2500,0.038147,12752,19.458,28.27,0.019363,65.261,0.999954,0.9999975,0.0,0.0
48.pgm,2500,0.038147,40784,62.2314,21.63,0.018982,65.3474,0.999958,0.9999975,0.0,0.0
49.pgm,2500,0.038147,19280,29.4189,12.648,0.018387,65.4857,0.999933,0.9999921,0.0,0.0
50.pgm,2500,0.038147,12176,18.5791,12.899,0.018982,65.3474,0.999893,0.9999907,0.0,0.0
51.pgm,2500,0.038147,20320,31.0059,118.877,0.019104,65.3196,0.999953,0.9999979,0.0,0.0
52.pgm,2500,0.038147,21984,33.5449,37.236,0.019012,65.3404,0.999929,0.9999868,0.0,0.998448
53.pgm,2500,0.038147,10176,15.5273,13.351,0.018707,65.4107,0.999934,0.9999909,0.0,0.004422
54.pgm,2500,0.038147,41328,63.0615,17.587,0.019897,65.1428,0.999958,0.9999971,0.0,0.0
55.pgm,2500,0.038147,27584,42.0898,135.515,0.01889,65.3684,0.999981,0.9999978,0.0,0.0
56.pgm,2500,0.038147,10304,15.7227,24.931,0.018661,65.4213,0.999897,0.999989,0.0,0.0
57.pgm,2500,0.038147,50976,77.7832,19.293,0.019379,65.2576,0.999951,0.9999953,0.0,0.993938
58.pgm,2500,0.038147,43312,66.0889,14.876,0.018982,65.3474,0.999967,0.9999964,0.0,0.783337
59.pgm,2500,0.038147,32000,48.8281,14.445,0.018661,65.4213,0.99996,0.9999968,0.0,6e-05
60.pgm,2500,0.038147,28560,43.5791,29.158,0.019363,65.261,0.999953,0.9999974,0.0,0.0
61.pgm,2500,0.038147,39456,60.2051,49.532,0.019028,65.3369,0.999962,0.9999982,0.0,0.0
62.pgm,2500,0.038147,13200,20.1416,15.696,0.018387,65.4857,0.999947,0.9999975,0.0,0.0
63.pgm,2500,0.038147,16784,25.6104,12.979,0.018768,65.3966,0.999936,0.9999818,0.0,0.0
64.pgm,2500,0.038147,33104,50.5127,15.671,0.01918,65.3023,0.999957,0.9999986,0.0,0.0
65.pgm,2500,0.038147,34560,52.7344,94.466,0.019623,65.2032,0.999951,0.9999957,0.0,0.999718
66.pgm,2500,0.038147,19952,30.4443,52.842,0.018814,65.386,0.999943,0.9999966,0.0,0.024213
67.pgm,2500,0.038147,32000,48.8281,23.265,0.018768,65.3966,0.999954,0.9999956,0.0,0.0
68.pgm,2500,0.038147,14336,21.875,12.292,0.019485,65.2337,0.999962,0.9999988,0.0,0.0
69.pgm,2500,0.038147,23344,35.6201,12.059,0.018723,65.4072,0.999964,0.9999976,0.0,0.0
70.pgm,2500,0.038147,34064,51.9775,14.973,0.019791,65.1662,0.999971,0.9999962,0.0,1.9e-05
71.pgm,2500,0.038147,18080,27.5879,95.913,0.019196,65.2988,0.999955,0.9999965,0.0,0.074089
72.pgm,2500,0.038147,16448,25.0977,28.283,0.018692,65.4142,0.999941,0.9999937,0.0,0.00015
73.pgm,2500,0.038147,23792,36.3037,15.961,0.018265,65.5147,0.999962,0.9999966,0.0,0.0
74.pgm,2500,0.038147,54864,83.7158,17.482,0.019577,65.2133,0.999946,0.999992,0.0,0.999991
75.pgm,2500,0.038147,30608,46.7041,23.484,0.018646,65.4249,0.999955,0.9999935,0.0,0.001067
76.pgm,2500,0.038147,55072,84.0332,197.127,0.019272,65.2816,0.999949,0.9999942,0.0,0.994641
77.pgm,2500,0.038147,32608,49.7559,21.777,0.018936,65.3579,0.999981,0.9999984,0.0,0.0
78.pgm,2500,0.038147,47680,72.7539,13.723,0.019608,65.2066,0.999964,0.9999951,0.0,0.999599
79.pgm,2500,0.038147,39840,60.791,13.709,0.018875,65.3719,0.999964,0.9999983,0.0,0.0
80.pgm,2500,0.038147,50272,76.709,80.438,0.018494,65.4606,0.999966,0.9999937,0.0,0.998087
81.pgm,2500,0.038147,28640,43.7012,43.841,0.018768,65.3966,0.99996,0.9999958,0.0,0.800737
82.pgm,2500,0.038147,29984,45.752,24.83,0.018555,65.4463,0.999966,0.9999979,0.0,0.0
83.pgm,2500,0.038147,40896,62.4023,23.29,0.018448,65.4713,0.999974,0.9999978,0.0,0.0
84.pgm,2500,0.038147,30560,46.6309,104.675,0.018967,65.3509,0.999956,0.9999955,0.0,0.0
85.pgm,2500,0.038147,35344,53.9307,50.255,0.019165,65.3057,0.999954,0.9999971,0.0,0.999966
86.pgm,2500,0.038147,15328,23.3887,14.262,0.019501,65.2303,0.999951,0.9999983,0.0,0.0
87.pgm,2500,0.038147,31360,47.8516,14.436,0.019485,65.2337,0.999938,0.9999956,0.0,0.904338
88.pgm,2500,0.038147,37808,57.6904,22.446,0.019211,65.2953,0.999965,0.9999947,0.0,0.852654
89.pgm,2500,0.038147,19056,29.0771,127.24,0.018707,65.4107,0.999962,0.9999976,0.0,0.0
90.pgm,2500,0.038147,33888,51.709,41.85,0.0186,65.4356,0.999944,0.9999906,0.0,0.994604
91.pgm,2500,0.038147,45440,69.3359,20.689,0.019684,65.1897,0.99997,0.9999906,0.0,0.0
92.pgm,2500,0.038147,11888,18.1396,8.74,0.01915,65.3092,0.999956,0.9999949,0.0,0.0
93.pgm,2500,0.038147,26592,40.5762,13.211,0.018829,65.3825,0.999959,0.9999972,0.0,0.983585
94.pgm,2500,0.038147,30640,46.7529,31.259,0.018906,65.3649,0.999968,0.9999975,0.0,0.00017
95.pgm,2500,0.038147,22112,33.7402,71.494,0.0186,65.4356,0.999964,0.9999933,0.0,0.0
96.pgm,2500,0.038147,33040,50.415,27.725,0.019302,65.2747,0.999971,0.9999989,0.0,0.0
97.pgm,2500,0.038147,23792,36.3037,19.234,0.019531,65.2235,0.999963,0.9999978,0.0,0.0
98.pgm,2500,0.038147,20720,31.6162,15.871,0.019531,65.2235,0.999912,0.9999949,0.0,0.422946
99.pgm,2500,0.038147,44480,67.8711,26.274,0.018768,65.3966,0.999957,0.9999957,0.0,7.9e-05
100.pgm,2500,0.038147,31616,48.2422,104.784,0.019073,65.3265,0.999943,0.9999946,0.0,0.0
101.pgm,2500,0.038147,55440,84.5947,37.977,0.018509,65.457,0.999977,0.9999962,0.0,0.893278
102.pgm,2500,0.038147,63584,97.0215,22.825,0.019653,65.1964,0.999986,0.9999945,0.0,0.998792
103.pgm,2500,0.038147,21648,33.0322,15.809,0.019196,65.2988,0.999959,0.9999963,0.0,0.006475
104.pgm,2500,0.038147,24368,37.1826,148.41,0.019196,65.2988,0.999957,0.9999944,0.0,0.0
105.pgm,2500,0.038147,20992,32.0312,44.288,0.018875,65.3719,0.999968,0.9999962,0.0,0.0
106.pgm,2500,0.038147,41040,62.6221,17.782,0.018127,65.5474,0.999971,0.9999974,0.0,0.0
107.pgm,2500,0.038147,55072,84.0332,18.728,0.019562,65.2167,0.999958,0.9999953,0.0,0.648939
108.pgm,2500,0.038147,56576,86.3281,168.54,0.019196,65.2988,0.999982,0.9999979,0.0,0.90005
109.pgm,2500,0.038147,27520,41.9922,36.339,0.019104,65.3196,0.999964,0.9999965,0.0,0.0
110.pgm,2500,0.038147,43488,66.3574,19.173,0.018951,65.3544,0.999976,0.9999979,0.0,0.0
111.pgm,2500,0.038147,35888,54.7607,19.83,0.019165,65.3057,0.99997,0.9999939,0.0,0.988226
112.pgm,2500,0.038147,29424,44.8975,42.868,0.019089,65.323,0.999966,0.9999981,0.0,0.004769
113.pgm,2500,0.038147,25424,38.7939,63.366,0.019485,65.2337,0.99995,0.999997,0.0,0.0
114.pgm,2500,0.038147,29952,45.7031,19.704,0.018707,65.4107,0.999962,0.9999968,0.0,0.999987
115.pgm,2500,0.038147,38176,58.252,15.386,0.019363,65.261,0.999974,0.999996,0.0,0.93154
116.pgm,2500,0.038147,3424,5.2246,8.173,0.01947,65.2371,0.999933,0.9999974,0.0,0.0
117.pgm,2500,0.038147,41168,62.8174,22.954,0.019073,65.3265,0.999963,0.9999964,0.0,0.0
118.pgm,2500,0.038147,27664,42.2119,117.917,0.018494,65.4606,0.99996,0.9999987,0.0,0.0
119.pgm,2500,0.038147,14240,21.7285,15.357,0.019775,65.1696,0.999952,0.9999955,0.0,0.0
120.pgm,2500,0.038147,55520,84.7168,17.984,0.019699,65.1863,0.999974,0.9999914,0.0,0.989402
121.pgm,2500,0.038147,23856,36.4014,11.551,0.018204,65.5292,0.999968,0.9999985,0.0,0.0
122.pgm,2500,0.038147,23312,35.5713,16.481,0.01976,65.1729,0.999933,0.9999964,0.0,0.0
123.pgm,2500,0.038147,28832,43.9941,142.306,0.019287,65.2781,0.999934,0.9999948,0.0,0.0
124.pgm,2500,0.038147,20960,31.9824,20.357,0.018219,65.5256,0.999976,0.999998,0.0,0.0
125.pgm,2500,0.038147,31680,48.3398,15.062,0.019516,65.2269,0.999965,0.9999975,0.0,3.2e-05
126.pgm,2500,0.038147,55328,84.4238,16.586,0.018906,65.3649,0.999971,0.9999921,0.0,0.621936
127.pgm,2500,0.038147,23408,35.7178,13.404,0.018738,65.4036,0.999968,0.9999989,0.0,0.0
128.pgm,2500,0.038147,11376,17.3584,132.5,0.019226,65.2919,0.999938,0.9999965,0.0,0.262066
129.pgm,2500,0.038147,21664,33.0566,36.966,0.019104,65.3196,0.999957,0.9999986,0.0,0.0
130.pgm,2500,0.038147,18192,27.7588,15.546,0.019012,65.3404,0.999942,0.9999981,0.0,0.178203
131.pgm,2500,0.038147,20752,31.665,12.173,0.018951,65.3544,0.999903,0.9999793,0.0,0.819568
132.pgm,2500,0.038147,28336,43.2373,13.682,0.019867,65.1495,0.99995,0.9999957,0.0,0.004788
133.pgm,2500,0.038147,24288,37.0605,72.151,0.019943,65.1328,0.999923,0.999993,0.0,0.0
134.pgm,2500,0.038147,11392,17.3828,42.858,0.019974,65.1262,0.99991,0.9999954,0.0,0.0
135.pgm,2500,0.038147,35952,54.8584,22.633,0.019302,65.2747,0.999946,0.9999926,0.0,1e-06
136.pgm,2500,0.038147,48752,74.3896,18.556,0.018936,65.3579,0.999965,0.9999981,0.0,0.0
137.pgm,2500,0.038147,34528,52.6855,15.535,0.018951,65.3544,0.999972,0.9999975,0.0,1.2e-05
138.pgm,2500,0.038147,23664,36.1084,73.785,0.019318,65.2713,0.999954,0.9999978,0.0,0.002039
139.pgm,2500,0.038147,27744,42.334,69.156,0.018936,65.3579,0.999961,0.9999985,0.0,0.0
140.pgm,2500,0.038147,14352,21.8994,13.249,0.018799,65.3895,0.99994,0.9999948,0.0,0.0
141.pgm,2500,0.038147,13776,21.0205,9.32,0.018524,65.4534,0.999924,0.9999896,0.0,0.0
142.pgm,2500,0.038147,34784,53.0762,17.769,0.019257,65.285,0.999964,0.9999967,0.0,0.0
143.pgm,2500,0.038147,53296,81.3232,133.036,0.019531,65.2235,0.999955,0.9999881,0.0,0.734525
144.pgm,2500,0.038147,26816,40.918,22.832,0.018417,65.4785,0.999959,0.9999956,0.0,0.91301
145.pgm,2500,0.038147,53600,81.7871,25.726,0.018646,65.4249,0.999963,0.9999955,0.0,0.999975
146.pgm,2500,0.038147,16176,24.6826,12.399,0.019485,65.2337,0.999939,0.9999934,0.0,0.0
147.pgm,2500,0.038147,26592,40.5762,24.895,0.01944,65.2439,0.999922,0.9999836,0.0,0.0
148.pgm,2500,0.038147,16336,24.9268,64.979,0.018906,65.3649,0.999934,0.9999969,0.0,0.3524
149.pgm,2500,0.038147,51600,78.7354,30.294,0.019119,65.3161,0.999975,0.9999957,0.0,0.06035
150.pgm,2500,0.038147,45072,68.7744,17.157,0.018967,65.3509,0.999958,0.9999925,0.0,0.114242
151.pgm,2500,0.038147,29968,45.7275,13.349,0.019333,65.2678,0.999945,0.9999929,0.0,0.978791
152.pgm,2500,0.038147,34880,53.2227,41.666,0.019241,65.2885,0.999973,0.9999914,0.0,0.785082
153.pgm,2500,0.038147,22912,34.9609,48.044,0.019104,65.3196,0.999954,0.9999928,0.0,0.0
154.pgm,2500,0.038147,18496,28.2227,12.026,0.018799,65.3895,0.999927,0.9999925,0.0,0.0
155.pgm,2500,0.038147,26864,40.9912,11.522,0.019104,65.3196,0.9999,0.9999849,0.0,0.004955
156.pgm,2500,0.038147,35984,54.9072,24.002,0.018463,65.4677,0.999967,0.9999976,0.0,1e-06
157.pgm,2500,0.038147,23984,36.5967,68.374,0.019119,65.3161,0.999936,0.9999961,0.0,0.068094
158.pgm,2500,0.038147,37840,57.7393,28.681,0.019699,65.1863,0.999909,0.9999821,0.0,0.0
159.pgm,2500,0.038147,20320,31.0059,14.803,0.019775,65.1696,0.99995,0.9999985,0.0,0.0
160.pgm,2500,0.038147,11248,17.1631,11.007,0.019058,65.33,0.999963,0.9999967,0.0,3.3e-05
161.pgm,2500,0.038147,16704,25.4883,13.114,0.019485,65.2337,0.999953,0.9999986,0.0,0.0
162.pgm,2500,0.038147,24464,37.3291,125.178,0.018875,65.3719,0.999946,0.9999981,0.0,0.0
163.pgm,2500,0.038147,47696,72.7783,70.096,0.018677,65.4178,0.999961,0.9999977,0.0,0.0
164.pgm,2500,0.038147,23504,35.8643,122.249,0.019028,65.3369,0.999942,0.9999973,0.0,0.0
165.pgm,2500,0.038147,44096,67.2852,44.089,0.01915,65.3092,0.999938,0.9999824,0.0,0.018352
166.pgm,2500,0.038147,5952,9.082,27.076,0.019272,65.2816,0.999945,0.999998,0.0,0.001319
167.pgm,2500,0.038147,12512,19.0918,79.707,0.019562,65.2167,0.999944,0.9999965,0.0,0.342411
168.pgm,2500,0.038147,55632,84.8877,34.04,0.01857,65.4427,0.999958,0.9999949,0.0,0.954336
169.pgm,2500,0.038147,48464,73.9502,18.373,0.018921,65.3614,0.999968,0.9999973,0.0,0.0
170.pgm,2500,0.038147,15840,24.1699,10.93,0.019501,65.2303,0.99995,0.9999981,0.0,0.0
171.pgm,2500,0.038147,42240,64.4531,22.007,0.019348,65.2644,0.999969,0.999995,0.0,0.004501
172.pgm,2500,0.038147,37680,57.4951,139.794,0.019226,65.2919,0.999913,0.9999821,0.0,0.0
173.pgm,2500,0.038147,25008,38.1592,24.376,0.019119,65.3161,0.999969,0.9999982,0.0,0.0
174.pgm,2500,0.038147,16928,25.8301,13.529,0.01886,65.3754,0.999896,0.9999873,0.0,0.0
175.pgm,2500,0.038147,22416,34.2041,23.76,0.019058,65.33,0.999967,0.9999907,0.0,0.826963
176.pgm,2500,0.038147,41248,62.9395,22.676,0.020325,65.0506,0.99994,0.9999973,0.0,0.32141
177.pgm,2500,0.038147,43168,65.8691,16.838,0.01947,65.2371,0.999967,0.9999974,0.0,0.095113
178.pgm,2500,0.038147,5984,9.1309,9.636,0.018997,65.3439,0.999954,0.9999971,0.0,0.0
179.pgm,2500,0.038147,26000,39.6729,57.667,0.019272,65.2816,0.999943,0.9999917,0.0,0.057943
180.pgm,2500,0.038147,31520,48.0957,40.684,0.018311,65.5038,0.999954,0.9999937,0.0,3.9e-05
181.pgm,2500,0.038147,35616,54.3457,16.391,0.018738,65.4036,0.999971,0.9999978,0.0,0.009873
182.pgm,2500,0.038147,26176,39.9414,11.653,0.018814,65.386,0.999952,0.9999946,0.0,1.8e-05
183.pgm,2500,0.038147,36512,55.7129,17.495,0.019485,65.2337,0.999965,0.9999966,0.0,0.032004
184.pgm,2500,0.038147,35200,53.7109,23.743,0.019073,65.3265,0.999969,0.9999987,0.0,0.0
185.pgm,2500,0.038147,54352,82.9346,154.161,0.01915,65.3092,0.999963,0.9999921,0.0,0.52151
186.pgm,2500,0.038147,22672,34.5947,17.285,0.018768,65.3966,0.999971,0.9999988,0.0,0.0
187.pgm,2500,0.038147,19072,29.1016,11.587,0.019775,65.1696,0.999965,0.999997,0.0,4.6e-05
188.pgm,2500,0.038147,35888,54.7607,12.995,0.01915,65.3092,0.999939,0.9999912,0.0,0.0
189.pgm,2500,0.038147,23616,36.0352,13.319,0.018356,65.4929,0.999967,0.9999986,0.0,0.0
190.pgm,2500,0.038147,38176,58.252,21.45,0.019135,65.3126,0.999966,0.9999976,0.0,0.787755
191.pgm,2500,0.038147,23376,35.6689,139.276,0.01918,65.3023,0.999962,0.9999965,0.0,0.003902
192.pgm,2500,0.038147,56112,85.6201,26.447,0.019043,65.3335,0.999977,0.9999916,0.0,0.998158
193.pgm,2500,0.038147,36576,55.8105,14.0,0.018677,65.4178,0.999973,0.9999977,0.0,0.655969
194.pgm,2500,0.038147,51664,78.833,15.37,0.019714,65.183,0.99995,0.9999927,0.0,0.075371
195.pgm,2500,0.038147,31920,48.7061,17.621,0.018661,65.4213,0.99997,0.9999976,0.0,8.7e-05
196.pgm,2500,0.038147,11968,18.2617,112.248,0.018814,65.386,0.999958,0.9999924,0.0,0.0
197.pgm,2500,0.038147,14384,21.9482,21.688,0.019669,65.1931,0.999941,0.9999953,0.0,0.0
198.pgm,2500,0.038147,45680,69.7021,17.745,0.019333,65.2678,0.999955,0.9999919,0.0,0.92569
199.pgm,2500,0.038147,28032,42.7734,12.145,0.018494,65.4606,0.99996,0.9999964,0.0,0.0
200.pgm,2500,0.038147,6032,9.2041,12.625,0.019241,65.2885,0.999925,0.9999926,0.0,0.0
201.pgm,2500,0.038147,12096,18.457,123.906,0.019272,65.2816,0.999946,0.9999966,0.0,0.0
202.pgm,2500,0.038147,29392,44.8486,30.555,0.01886,65.3754,0.999978,0.9999988,0.0,0.0
203.pgm,2500,0.038147,23216,35.4248,17.456,0.019028,65.3369,0.999973,0.9999987,0.0,0.0
204.pgm,2500,0.038147,31056,47.3877,13.993,0.019043,65.3335,0.999961,0.9999962,0.0,7.6e-05
205.pgm,2500,0.038147,51216,78.1494,19.119,0.018646,65.4249,0.999966,0.999996,0.0,0.72696
206.pgm,2500,0.038147,44512,67.9199,145.351,0.018463,65.4677,0.999915,0.9999785,0.0,0.884871
207.pgm,2500,0.038147,15488,23.6328,20.923,0.01889,65.3684,0.999938,0.9999822,0.0,1e-06
208.pgm,2500,0.038147,45200,68.9697,22.954,0.019241,65.2885,0.999968,0.9999978,0.0,0.0
209.pgm,2500,0.038147,48336,73.7549,18.934,0.0186,65.4356,0.999974,0.9999953,0.0,0.384213
210.pgm,2500,0.038147,33328,50.8545,14.434,0.018677,65.4178,0.999935,0.9999927,0.0,0.0
211.pgm,2500,0.038147,28160,42.9688,14.864,0.019073,65.3265,0.999924,0.9999859,0.0,0.016208
212.pgm,2500,0.038147,8592,13.1104,126.511,0.019241,65.2885,0.99994,0.9999975,0.0,0.0
213.pgm,2500,0.038147,21152,32.2754,29.612,0.018875,65.3719,0.999963,0.9999987,0.0,0.0
214.pgm,2500,0.038147,42656,65.0879,22.686,0.019211,65.2953,0.999978,0.9999948,0.0,1e-06
215.pgm,2500,0.038147,18832,28.7354,12.227,0.01918,65.3023,0.999969,0.9999964,0.0,0.214043
216.pgm,2500,0.038147,30704,46.8506,13.217,0.01947,65.2371,0.999954,0.9999986,0.0,0.0
217.pgm,2500,0.038147,27680,42.2363,14.529,0.019211,65.2953,0.999974,0.9999986,0.0,0.0
218.pgm,2500,0.038147,33120,50.5371,163.968,0.018555,65.4463,0.999961,0.999997,0.0,0.002993
219.pgm,2500,0.038147,28560,43.5791,26.362,0.01918,65.3023,0.999964,0.999996,0.0,0.0
220.pgm,2500,0.038147,19104,29.1504,13.058,0.018814,65.386,0.999956,0.9999972,0.0,0.0
221.pgm,2500,0.038147,39984,61.0107,15.101,0.01886,65.3754,0.999974,0.9999963,0.0,0.999071
222.pgm,2500,0.038147,39872,60.8398,59.298,0.018585,65.4391,0.999962,0.9999953,0.0,0.208428
223.pgm,2500,0.038147,48640,74.2188,54.459,0.018982,65.3474,0.999956,0.9999938,0.0,0.852166
224.pgm,2500,0.038147,17072,26.0498,15.014,0.019241,65.2885,0.999935,0.9999979,0.0,0.0
225.pgm,2500,0.038147,20784,31.7139,12.495,0.018097,65.5548,0.999948,0.9999976,0.0,0.0
226.pgm,2500,0.038147,28032,42.7734,17.733,0.019119,65.3161,0.999963,0.9999984,0.0,0.0
227.pgm,2500,0.038147,24864,37.9395,106.349,0.019272,65.2816,0.999935,0.9999898,0.0,0.983057
230.pgm,2500,0.038147,21984,33.5449,22.692,0.019516,65.2269,0.999965,0.9999987,0.0,0.0
231.pgm,2500,0.038147,27184,41.4795,16.902,0.019409,65.2507,0.999957,0.999998,0.0,0.0
232.pgm,2500,0.038147,39184,59.79,16.9,0.01915,65.3092,0.99997,0.9999929,0.0,0.997763
233.pgm,2500,0.038147,15584,23.7793,14.902,0.018997,65.3439,0.999936,0.9999946,0.0,0.0
235.pgm,2500,0.038147,32624,49.7803,100.44,0.019455,65.2405,0.999956,0.999998,0.0,0.036134
236.pgm,2500,0.038147,14800,22.583,16.58,0.019745,65.1763,0.9999,0.9999935,0.0,0.0
237.pgm,2500,0.038147,44560,67.9932,17.726,0.019318,65.2713,0.999971,0.9999975,0.0,0.0
238.pgm,2500,0.038147,26784,40.8691,12.664,0.019196,65.2988,0.999961,0.9999982,0.0,0.0
239.pgm,2500,0.038147,14592,22.2656,11.144,0.018875,65.3719,0.999959,0.9999983,0.0,0.199809
240.pgm,2500,0.038147,14272,21.7773,86.583,0.019287,65.2781,0.999937,0.9999963,0.0,2e-05
241.pgm,2500,0.038147,26224,40.0146,39.367,0.019119,65.3161,0.999966,0.9999962,0.0,0.337281
242.pgm,2500,0.038147,23200,35.4004,11.689,0.019241,65.2885,0.999964,0.9999977,0.0,0.0
243.pgm,2500,0.038147,7232,11.0352,49.774,0.018509,65.457,0.999899,0.9999893,0.0,0.0
244.pgm,2500,0.038147,44688,68.1885,55.117,0.01915,65.3092,0.999968,0.9999976,0.0,1e-06
245.pgm,2500,0.038147,24256,37.0117,16.823,0.019653,65.1964,0.999935,0.9999962,0.0,0.0
246.pgm,2500,0.038147,27296,41.6504,14.359,0.018829,65.3825,0.999953,0.9999934,0.0,1e-05
247.pgm,2500,0.038147,29088,44.3848,36.68,0.019272,65.2816,0.999952,0.9999929,0.0,0.0
248.pgm,2500,0.038147,7344,11.2061,47.96,0.019058,65.33,0.999855,0.9999376,0.0,0.0
249.pgm,2500,0.038147,40880,62.3779,42.778,0.018845,65.3789,0.999951,0.9999887,0.0,0.326206
250.pgm,2500,0.038147,32368,49.3896,13.094,0.018661,65.4213,0.999968,0.9999974,0.0,0.0
251.pgm,2500,0.038147,45520,69.458,15.033,0.019012,65.3404,0.99996,0.9999942,0.0,2.4e-05
252.pgm,2500,0.038147,55024,83.96,108.75,0.019516,65.2269,0.999959,0.9999915,0.0,0.999997
253.pgm,2500,0.038147,25712,39.2334,27.098,0.018982,65.3474,0.999939,0.999997,0.0,0.0
254.pgm,2500,0.038147,35392,54.0039,14.49,0.018539,65.4498,0.999959,0.9999981,0.0,0.0
255.pgm,2500,0.038147,3728,5.6885,7.029,0.019196,65.2988,0.999961,0.9999986,0.0,0.0
256.pgm,2500,0.038147,23504,35.8643,14.963,0.018463,65.4677,0.999948,0.9999979,0.0,0.010242
257.pgm,2500,0.038147,12368,18.8721,119.516,0.019333,65.2678,0.999912,0.9999941,0.0,0.000919
258.pgm,2500,0.038147,11280,17.2119,32.721,0.018784,65.393,0.999927,0.9999857,0.0,0.997463
259.pgm,2500,0.038147,21664,33.0566,17.554,0.019257,65.285,0.999972,0.9999982,0.0,0.0
260.pgm,2500,0.038147,50528,77.0996,16.421,0.018768,65.3966,0.999976,0.9999968,0.0,7.7e-05
261.pgm,2500,0.038147,25808,39.3799,12.784,0.018906,65.3649,0.999972,0.9999934,0.0,0.056585
262.pgm,2500,0.038147,24496,37.3779,18.517,0.018997,65.3439,0.999931,0.999987,0.0,0.0
263.pgm,2500,0.038147,55184,84.2041,155.813,0.019531,65.2235,0.999952,0.999995,0.0,0.235733
264.pgm,2500,0.038147,60672,92.5781,28.164,0.019043,65.3335,0.999972,0.9999929,0.0,0.73407
265.pgm,2500,0.038147,26912,41.0645,12.969,0.019241,65.2885,0.999942,0.999996,0.0,0.0
266.pgm,2500,0.038147,9504,14.502,9.299,0.019272,65.2816,0.999941,0.9999987,0.0,0.0
268.pgm,2500,0.038147,36464,55.6396,109.005,0.019043,65.3335,0.999958,0.999992,0.0,0.531183
269.pgm,2500,0.038147,24048,36.6943,37.136,0.018478,65.4642,0.999978,0.9999984,0.0,0.0
270.pgm,2500,0.038147,24448,37.3047,18.676,0.018906,65.3649,0.999959,0.9999988,0.0,0.0
271.pgm,2500,0.038147,24112,36.792,13.425,0.019043,65.3335,0.999951,0.9999977,0.0,0.0
272.pgm,2500,0.038147,39136,59.7168,17.086,0.019104,65.3196,0.999957,0.9999936,0.0,0.982639
273.pgm,2500,0.038147,24640,37.5977,22.897,0.018661,65.4213,0.999929,0.9999893,0.0,0.993293
274.pgm,2500,0.038147,3328,5.0781,66.782,0.018951,65.3544,0.999921,0.9999971,0.0,0.0
275.pgm,2500,0.038147,20304,30.9814,21.317,0.019012,65.3404,0.999961,0.9999971,0.0,1e-05
276.pgm,2500,0.038147,23536,35.9131,13.666,0.019669,65.1931,0.999964,0.9999985,0.0,0.0
278.pgm,2500,0.038147,54448,83.0811,16.475,0.019012,65.3404,0.99998,0.9999923,0.0,0.862238
279.pgm,2500,0.038147,36368,55.4932,31.226,0.019318,65.2713,0.999973,0.9999983,0.0,0.0
280.pgm,2500,0.038147,29072,44.3604,60.057,0.018845,65.3789,0.999954,0.9999974,0.0,0.0
281.pgm,2500,0.038147,12464,19.0186,29.135,0.018845,65.3789,0.999957,0.9999983,0.0,0.0
282.pgm,2500,0.038147,55024,83.96,36.999,0.018768,65.3966,0.999956,0.9999942,0.0,0.998726
283.pgm,2500,0.038147,48752,74.3896,185.166,0.019485,65.2337,0.999959,0.9999933,0.0,0.813659
284.pgm,2500,0.038147,24784,37.8174,36.178,0.019241,65.2885,0.999965,0.9999967,0.0,0.0
285.pgm,2500,0.038147,37936,57.8857,27.895,0.019348,65.2644,0.999969,0.9999974,0.0,0.001903
286.pgm,2500,0.038147,38272,58.3984,18.851,0.018829,65.3825,0.999973,0.9999961,0.0,0.964457
287.pgm,2500,0.038147,20336,31.0303,17.593,0.018738,65.4036,0.999952,0.9999957,0.0,0.0
288.pgm,2500,0.038147,34656,52.8809,155.635,0.019104,65.3196,0.999958,0.9999974,0.0,0.0
289.pgm,2500,0.038147,44576,68.0176,53.022,0.017792,65.6286,0.999968,0.9999957,0.0,0.845062
290.pgm,2500,0.038147,26720,40.7715,20.599,0.018768,65.3966,0.999958,0.9999976,0.0,0.464989
291.pgm,2500,0.038147,27744,42.334,21.116,0.019043,65.3335,0.999943,0.9999915,0.0,0.009131
292.pgm,2500,0.038147,16080,24.5361,159.103,0.019348,65.2644,0.999931,0.999992,0.0,0.000494
293.pgm,2500,0.038147,24608,37.5488,29.406,0.019241,65.2885,0.999949,0.9999975,0.0,0.155324
294.pgm,2500,0.038147,10096,15.4053,11.652,0.018784,65.393,0.999918,0.9999937,0.0,0.0
295.pgm,2500,0.038147,42304,64.5508,14.471,0.01918,65.3023,0.999938,0.9999912,0.0,0.690348
296.pgm,2500,0.038147,27280,41.626,12.805,0.018936,65.3579,0.999946,0.9999927,0.0,0.0
297.pgm,2500,0.038147,26960,41.1377,76.427,0.018524,65.4534,0.999931,0.9999866,0.0,0.946368
298.pgm,2500,0.038147,48480,73.9746,50.163,0.020004,65.1196,0.999968,0.9999952,0.0,0.650378
299.pgm,2500,0.038147,16704,25.4883,15.711,0.019211,65.2953,0.99986,0.9999321,0.0,0.0
300.pgm,2500,0.038147,14496,22.1191,11.853,0.01947,65.2371,0.99996,0.9999984,0.0,0.0
301.pgm,2500,0.038147,22592,34.4727,12.755,0.018585,65.4391,0.99996,0.999998,0.0,0.0
302.pgm,2500,0.038147,23552,35.9375,16.272,0.019623,65.2032,0.999949,0.9999978,0.0,0.0
303.pgm,2500,0.038147,15392,23.4863,128.357,0.019333,65.2678,0.999944,0.999998,0.0,0.745644
304.pgm,2500,0.038147,51984,79.3213,37.759,0.019928,65.1362,0.999963,0.9999918,0.0,0.999467
305.pgm,2500,0.038147,33632,51.3184,15.153,0.018845,65.3789,0.99993,0.9999954,0.0,0.007765
306.pgm,2500,0.038147,31840,48.584,13.323,0.01889,65.3684,0.999939,0.9999962,0.0,0.919123
307.pgm,2500,0.038147,11760,17.9443,84.093,0.019058,65.33,0.999952,0.9999982,0.0,0.0
308.pgm,2500,0.038147,25920,39.5508,50.22,0.019104,65.3196,0.999945,0.999997,0.0,0.0
309.pgm,2500,0.038147,21776,33.2275,18.454,0.018997,65.3439,0.999969,0.9999981,0.0,2e-06
310.pgm,2500,0.038147,47760,72.876,19.151,0.01915,65.3092,0.999966,0.9999967,0.0,0.999966
311.pgm,2500,0.038147,22608,34.4971,17.567,0.018951,65.3544,0.999959,0.9999987,0.0,0.0
312.pgm,2500,0.038147,52944,80.7861,138.261,0.018753,65.4001,0.999958,0.9999957,0.0,0.954627
313.pgm,2500,0.038147,46368,70.752,47.412,0.018799,65.3895,0.999966,0.9999968,0.0,0.0
314.pgm,2500,0.038147,46096,70.3369,24.913,0.019241,65.2885,0.999972,0.9999973,0.0,0.290372
316.pgm,2500,0.038147,19584,29.8828,102.209,0.019119,65.3161,0.999926,0.9999926,0.0,0.0
317.pgm,2500,0.038147,30544,46.6064,28.551,0.019165,65.3057,0.99996,0.9999981,0.0,0.0
318.pgm,2500,0.038147,14288,21.8018,11.125,0.01915,65.3092,0.999956,0.9999974,0.0,0.0
319.pgm,2500,0.038147,12032,18.3594,9.607,0.019653,65.1964,0.999937,0.9999959,0.0,5e-06
320.pgm,2500,0.038147,27312,41.6748,11.256,0.018692,65.4142,0.999968,0.9999982,0.0,0.0
321.pgm,2500,0.038147,42336,64.5996,15.5,0.01886,65.3754,0.999971,0.9999952,0.0,0.000144
322.pgm,2500,0.038147,22800,34.79,95.413,0.019302,65.2747,0.99996,0.9999953,0.0,0.0
323.pgm,2500,0.038147,27120,41.3818,46.314,0.018951,65.3544,0.999965,0.9999961,0.0,0.030128
324.pgm,2500,0.038147,41888,63.916,21.413,0.018951,65.3544,0.999947,0.9999962,0.0,0.998252
325.pgm,2500,0.038147,18016,27.4902,12.303,0.019318,65.2713,0.999958,0.9999967,0.0,0.092059
326.pgm,2500,0.038147,29088,44.3848,14.901,0.01889,65.3684,0.999944,0.999992,0.0,0.006039
327.pgm,2500,0.038147,50992,77.8076,167.296,0.018875,65.3719,0.999947,0.9999941,0.0,0.714176
328.pgm,2500,0.038147,28832,43.9941,28.181,0.018433,65.4749,0.999966,0.9999983,0.0,0.0
329.pgm,2500,0.038147,31744,48.4375,17.709,0.019089,65.323,0.999971,0.9999975,0.0,0.003271
330.pgm,2500,0.038147,31104,47.4609,13.459,0.020172,65.0833,0.999962,0.9999965,0.0,0.0
331.pgm,2500,0.038147,16896,25.7812,10.776,0.018951,65.3544,0.999915,0.9999841,0.0,0.413447
332.pgm,2500,0.038147,27968,42.6758,16.114,0.019333,65.2678,0.999957,0.9999981,0.0,0.0
333.pgm,2500,0.038147,34848,53.1738,168.101,0.018509,65.457,0.999962,0.9999963,0.0,0.936798
334.pgm,2500,0.038147,40368,61.5967,29.067,0.018677,65.4178,0.999981,0.9999976,0.0,0.0
335.pgm,2500,0.038147,35712,54.4922,17.161,0.019196,65.2988,0.999962,0.9999976,0.0,0.0
336.pgm,2500,0.038147,13328,20.3369,10.681,0.019196,65.2988,0.999951,0.9999985,0.0,0.0
337.pgm,2500,0.038147,22224,33.9111,13.317,0.019211,65.2953,0.999947,0.9999983,0.0,0.0
338.pgm,2500,0.038147,23152,35.3271,146.907,0.018661,65.4213,0.999958,0.9999972,0.0,1e-06
339.pgm,2500,0.038147,44320,67.627,27.065,0.018829,65.3825,0.999969,0.9999969,0.0,0.064615
340.pgm,2500,0.038147,27328,41.6992,15.202,0.019608,65.2066,0.999927,0.9999814,0.0,0.000729
341.pgm,2500,0.038147,26112,39.8438,12.755,0.018417,65.4785,0.999968,0.9999975,0.0,0.0
342.pgm,2500,0.038147,27344,41.7236,15.122,0.019836,65.1562,0.999964,0.9999973,0.0,0.001141
343.pgm,2500,0.038147,11200,17.0898,123.079,0.01915,65.3092,0.999942,0.999997,0.0,0.36216
344.pgm,2500,0.038147,26624,40.625,27.678,0.018814,65.386,0.999955,0.9999978,0.0,0.0
345.pgm,2500,0.038147,43184,65.8936,23.911,0.018814,65.386,0.999973,0.9999978,0.0,0.016675
346.pgm,2500,0.038147,64800,98.877,22.773,0.01915,65.3092,0.999961,0.9999878,0.0,0.991636
347.pgm,2500,0.038147,57792,88.1836,19.093,0.018692,65.4142,0.999949,0.9999938,0.0,0.993635
348.pgm,2500,0.038147,5648,8.6182,91.567,0.018829,65.3825,0.999909,0.9999603,0.0,0.0
349.pgm,2500,0.038147,24720,37.7197,54.858,0.018875,65.3719,0.999973,0.9999973,0.0,0.003629
350.pgm,2500,0.038147,50816,77.5391,22.748,0.01918,65.3023,0.999935,0.9999856,0.0,0.062045
351.pgm,2500,0.038147,39920,60.9131,14.867,0.018967,65.3509,0.999946,0.999997,0.0,0.0
352.pgm,2500,0.038147,21872,33.374,11.214,0.019592,65.21,0.999936,0.9999971,0.0,0.000752
353.pgm,2500,0.038147,9472,14.4531,10.629,0.018997,65.3439,0.999923,0.9999723,0.0,0.0
354.pgm,2500,0.038147,28400,43.335,131.329,0.019287,65.2781,0.999965,0.9999949,0.0,0.641083
355.pgm,2500,0.038147,16064,24.5117,24.217,0.019791,65.1662,0.999959,0.9999966,0.0,0.0
356.pgm,2500,0.038147,11952,18.2373,11.923,0.019547,65.2201,0.999956,0.9999987,0.0,0.0
357.pgm,2500,0.038147,22272,33.9844,11.743,0.019135,65.3126,0.999956,0.9999957,0.0,0.004284
358.pgm,2500,0.038147,28672,43.75,13.002,0.018753,65.4001,0.999959,0.9999987,0.0,0.0
359.pgm,2500,0.038147,13552,20.6787,14.9,0.01947,65.2371,0.999972,0.9999974,0.0,0.0
360.pgm,2500,0.038147,35168,53.6621,150.003,0.018921,65.3614,0.999937,0.9999913,0.0,0.595331
361.pgm,2500,0.038147,15040,22.9492,21.009,0.019318,65.2713,0.999928,0.9999941,0.0,0.0
362.pgm,2500,0.038147,6128,9.3506,10.843,0.018768,65.3966,0.999933,0.9999964,0.0,0.0
363.pgm,2500,0.038147,21280,32.4707,11.547,0.018906,65.3649,0.999961,0.9999988,0.0,0.0
364.pgm,2500,0.038147,29264,44.6533,16.038,0.01947,65.2371,0.999917,0.9999819,0.0,0.050018
365.pgm,2500,0.038147,44528,67.9443,167.105,0.019608,65.2066,0.999965,0.9999938,0.0,0.598041
366.pgm,2500,0.038147,11360,17.334,28.837,0.018829,65.3825,0.999905,0.9999862,0.0,0.0
367.pgm,2500,0.038147,43072,65.7227,17.292,0.018295,65.5074,0.999969,0.9999967,0.0,0.334893
368.pgm,2500,0.038147,42048,64.1602,14.665,0.018448,65.4713,0.999949,0.9999961,0.0,0.261472
369.pgm,2500,0.038147,23456,35.791,11.675,0.01889,65.3684,0.99997,0.9999981,0.0,0.0
370.pgm,2500,0.038147,31088,47.4365,17.791,0.019028,65.3369,0.9999,0.999956,0.0,1e-06
371.pgm,2500,0.038147,10144,15.4785,125.985,0.019135,65.3126,0.999938,0.999997,0.0,0.0
372.pgm,2500,0.038147,35968,54.8828,35.957,0.018951,65.3544,0.999963,0.9999946,0.0,0.000504
373.pgm,2500,0.038147,34320,52.3682,15.894,0.019287,65.2781,0.999973,0.9999972,0.0,0.0
374.pgm,2500,0.038147,13568,20.7031,9.898,0.018723,65.4072,0.999911,0.9999696,0.0,0.034722
375.pgm,2500,0.038147,37168,56.7139,15.341,0.018723,65.4072,0.99996,0.9999976,0.0,0.0
376.pgm,2500,0.038147,12064,18.4082,22.796,0.01915,65.3092,0.99993,0.999995,0.0,0.0
377.pgm,2500,0.038147,40448,61.7188,106.602,0.019394,65.2541,0.999937,0.999995,0.0,0.0
378.pgm,2500,0.038147,59680,91.0645,32.098,0.018814,65.386,0.999962,0.9999949,0.0,0.413609
379.pgm,2500,0.038147,25392,38.7451,13.842,0.018906,65.3649,0.999954,0.9999894,0.0,0.0
380.pgm,2500,0.038147,34144,52.0996,12.969,0.019379,65.2576,0.99997,0.9999967,0.0,0.0
381.pgm,2500,0.038147,55296,84.375,15.404,0.019012,65.3404,0.999972,0.999996,0.0,0.899244
382.pgm,2500,0.038147,55104,84.082,20.243,0.018616,65.432,0.999957,0.9999909,0.0,0.986929
383.pgm,2500,0.038147,48400,73.8525,101.361,0.019577,65.2133,0.999974,0.9999969,0.0,0.0
384.pgm,2500,0.038147,30288,46.2158,38.005,0.019394,65.2541,0.999951,0.999993,0.0,1e-06
385.pgm,2500,0.038147,19248,29.3701,15.831,0.019089,65.323,0.999933,0.9999953,0.0,0.0
386.pgm,2500,0.038147,14640,22.3389,11.242,0.01947,65.2371,0.999952,0.9999987,0.0,0.0
387.pgm,2500,0.038147,24080,36.7432,12.105,0.018753,65.4001,0.999953,0.9999979,0.0,0.0
388.pgm,2500,0.038147,18704,28.54,14.21,0.018753,65.4001,0.999963,0.9999978,0.0,0.0
389.pgm,2500,0.038147,13264,20.2393,12.109,0.019424,65.2473,0.999907,0.9999404,0.0,0.0
390.pgm,2500,0.038147,59392,90.625,141.258,0.018875,65.3719,0.999982,0.999996,0.0,0.000218
391.pgm,2500,0.038147,33632,51.3184,34.492,0.019394,65.2541,0.999953,0.9999938,0.0,0.029121
392.pgm,2500,0.038147,21904,33.4229,14.902,0.018921,65.3614,0.999942,0.9999981,0.0,0.0
393.pgm,2500,0.038147,20096,30.6641,10.991,0.01947,65.2371,0.999965,0.9999982,0.0,0.0
394.pgm,2500,0.038147,25984,39.6484,11.357,0.019333,65.2678,0.999941,0.9999939,0.0,0.0
395.pgm,2500,0.038147,24448,37.3047,14.296,0.017944,65.5915,0.999967,0.9999977,0.0,1e-06
396.pgm,2500,0.038147,13040,19.8975,15.42,0.019135,65.3126,0.999942,0.9999918,0.0,0.0
397.pgm,2500,0.038147,15856,24.1943,121.341,0.018661,65.4213,0.99997,0.999999,0.0,0.0
398.pgm,2500,0.038147,4560,6.958,19.966,0.019287,65.2781,0.999903,0.9999923,0.0,0.0
399.pgm,2500,0.038147,49072,74.8779,18.818,0.019363,65.261,0.999965,0.9999926,0.0,0.656224
400.pgm,2500,0.038147,38864,59.3018,12.681,0.019104,65.3196,0.999956,0.9999978,0.0,0.0
401.pgm,2500,0.038147,14432,22.0215,10.498,0.018951,65.3544,0.999947,0.9999989,0.0,0.0
402.pgm,2500,0.038147,12032,18.3594,14.061,0.018967,65.3509,0.999944,0.9999972,0.0,2e-06
403.pgm,2500,0.038147,13584,20.7275,122.181,0.019348,65.2644,0.99996,0.9999958,0.0,0.0
404.pgm,2500,0.038147,39744,60.6445,35.451,0.019287,65.2781,0.999943,0.9999878,0.0,0.0
405.pgm,2500,0.038147,29088,44.3848,14.035,0.019196,65.2988,0.999967,0.9999985,0.0,0.0
406.pgm,2500,0.038147,29744,45.3857,11.582,0.019165,65.3057,0.999948,0.9999912,0.0,0.0
407.pgm,2500,0.038147,45296,69.1162,14.69,0.019104,65.3196,0.999957,0.9999965,0.0,0.961588
408.pgm,2500,0.038147,21392,32.6416,15.775,0.01944,65.2439,0.999949,0.9999981,0.0,0.0
409.pgm,2500,0.038147,28240,43.0908,151.245,0.01915,65.3092,0.999961,0.9999955,0.0,0.0
410.pgm,2500,0.038147,29456,44.9463,26.141,0.019257,65.285,0.999979,0.9999984,0.0,0.0
411.pgm,2500,0.038147,25120,38.3301,13.711,0.018768,65.3966,0.999892,0.9999879,0.0,0.0
412.pgm,2500,0.038147,44000,67.1387,15.17,0.019287,65.2781,0.999966,0.9999955,0.0,0.768167
413.pgm,2500,0.038147,33600,51.2695,39.516,0.019028,65.3369,0.999965,0.9999936,0.0,0.632981
414.pgm,2500,0.038147,25344,38.6719,103.439,0.01918,65.3023,0.999945,0.9999975,0.0,0.0
415.pgm,2500,0.038147,40432,61.6943,26.002,0.019562,65.2167,0.999919,0.9999909,0.0,0.0
416.pgm,2500,0.038147,35168,53.6621,15.883,0.018356,65.4929,0.999969,0.9999966,0.0,0.0
417.pgm,2500,0.038147,52912,80.7373,14.863,0.019592,65.21,0.999953,0.999988,0.0,0.494148
418.pgm,2500,0.038147,59072,90.1367,15.978,0.019608,65.2066,0.99994,0.9999905,0.0,0.506676
419.pgm,2500,0.038147,33600,51.2695,36.817,0.019211,65.2953,0.999847,0.9999626,0.0,0.0
420.pgm,2500,0.038147,30224,46.1182,93.936,0.018478,65.4642,0.999954,0.9999931,0.0,0.69144
421.pgm,2500,0.038147,29440,44.9219,18.285,0.019409,65.2507,0.999982,0.9999989,0.0,0.0
422.pgm,2500,0.038147,32800,50.0488,13.109,0.019241,65.2885,0.999959,0.9999978,0.0,0.0
423.pgm,2500,0.038147,44896,68.5059,14.805,0.019318,65.2713,0.99998,0.9999933,0.0,0.0
424.pgm,2500,0.038147,13248,20.2148,12.963,0.019104,65.3196,0.999947,0.9999964,0.0,0.01783
425.pgm,2500,0.038147,10720,16.3574,13.243,0.019257,65.285,0.999955,0.999996,0.0,0.0
426.pgm,2500,0.038147,13840,21.1182,126.25,0.019272,65.2816,0.999923,0.9999933,0.0,2.2e-05
427.pgm,2500,0.038147,51856,79.126,46.854,0.020248,65.0669,0.999967,0.9999937,0.0,0.930764
428.pgm,2500,0.038147,41792,63.7695,16.63,0.018402,65.4821,0.999975,0.9999973,0.0,0.0
429.pgm,2500,0.038147,21696,33.1055,9.984,0.01886,65.3754,0.999967,0.9999973,0.0,0.000376
430.pgm,2500,0.038147,31808,48.5352,11.857,0.018829,65.3825,0.999968,0.9999982,0.0,0.0
431.pgm,2500,0.038147,38992,59.4971,18.761,0.019379,65.2576,0.999964,0.9999971,0.0,0.0
432.pgm,2500,0.038147,20224,30.8594,127.168,0.019409,65.2507,0.999957,0.9999972,0.0,0.003247
433.pgm,2500,0.038147,30144,45.9961,35.019,0.019516,65.2269,0.999966,0.9999979,0.0,0.007155
434.pgm,2500,0.038147,53696,81.9336,19.865,0.019058,65.33,0.999961,0.9999956,0.0,1.9e-05
435.pgm,2500,0.038147,6896,10.5225,8.1,0.018661,65.4213,0.999962,0.9999958,0.0,0.0
436.pgm,2500,0.038147,48064,73.3398,16.017,0.01976,65.1729,0.999957,0.9999975,0.0,0.0
437.pgm,2500,0.038147,26048,39.7461,14.973,0.018982,65.3474,0.999951,0.9999957,0.0,0.0
438.pgm,2500,0.038147,15280,23.3154,16.198,0.019257,65.285,0.99994,0.9999977,0.0,0.994134
439.pgm,2500,0.038147,61840,94.3604,196.78,0.019547,65.2201,0.999968,0.9999943,0.0,0.951958
440.pgm,2500,0.038147,24672,37.6465,22.926,0.019745,65.1763,0.999968,0.9999976,0.0,0.0
441.pgm,2500,0.038147,57600,87.8906,21.376,0.018097,65.5548,0.999984,0.9999975,0.0,0.090459
442.pgm,2500,0.038147,12528,19.1162,11.527,0.019379,65.2576,0.999959,0.9999982,0.0,0.0
443.pgm,2500,0.038147,17904,27.3193,13.985,0.019302,65.2747,0.999955,0.9999984,0.0,0.311889
444.pgm,2500,0.038147,36800,56.1523,31.092,0.019394,65.2541,0.999969,0.9999978,0.0,0.019789
445.pgm,2500,0.038147,44800,68.3594,68.355,0.018936,65.3579,0.999969,0.9999965,0.0,0.994508
446.pgm,2500,0.038147,26512,40.4541,17.341,0.018723,65.4072,0.999953,0.9999938,0.0,5e-06
447.pgm,2500,0.038147,26432,40.332,12.031,0.018921,65.3614,0.999953,0.9999968,0.0,0.0
448.pgm,2500,0.038147,9024,13.7695,8.392,0.019485,65.2337,0.999892,0.9999903,0.0,0.0
449.pgm,2500,0.038147,28544,43.5547,13.247,0.02002,65.1163,0.999946,0.9999968,0.0,0.910089
450.pgm,2500,0.038147,58304,88.9648,36.164,0.019363,65.261,0.999973,0.9999954,0.0,0.999955
451.pgm,2500,0.038147,22288,34.0088,72.197,0.019012,65.3404,0.99996,0.9999959,0.0,0.0
452.pgm,2500,0.038147,40384,61.6211,20.117,0.018738,65.4036,0.999976,0.9999907,0.0,0.016827
453.pgm,2500,0.038147,25216,38.4766,12.7,0.018585,65.4391,0.99994,0.9999973,0.0,0.0
454.pgm,2500,0.038147,41408,63.1836,15.962,0.018875,65.3719,0.999962,0.9999953,0.0,0.842697
455.pgm,2500,0.038147,39952,60.9619,17.362,0.01944,65.2439,0.99995,0.999992,0.0,0.165062
456.pgm,2500,0.038147,32144,49.0479,21.752,0.018967,65.3509,0.999954,0.9999982,0.0,1.5e-05
457.pgm,2500,0.038147,32960,50.293,137.234,0.019608,65.2066,0.999965,0.9999946,0.0,0.0
458.pgm,2500,0.038147,31312,47.7783,25.867,0.019119,65.3161,0.999953,0.9999976,0.0,0.02127
459.pgm,2500,0.038147,39232,59.8633,19.57,0.019394,65.2541,0.999951,0.9999937,0.0,0.0
460.pgm,2500,0.038147,19280,29.4189,10.868,0.019409,65.2507,0.99997,0.9999984,0.0,0.0
461.pgm,2500,0.038147,20112,30.6885,13.9,0.019409,65.2507,0.999958,0.9999987,0.0,0.0
462.pgm,2500,0.038147,35088,53.54,19.201,0.018738,65.4036,0.999953,0.999997,0.0,0.995871
463.pgm,2500,0.038147,38112,58.1543,25.931,0.019012,65.3404,0.999977,0.9999972,0.0,0.0
464.pgm,2500,0.038147,29264,44.6533,136.699,0.019363,65.261,0.999964,0.9999976,0.0,0.0
465.pgm,2500,0.038147,24880,37.9639,23.871,0.018707,65.4107,0.999968,0.9999976,0.0,0.0
466.pgm,2500,0.038147,37872,57.7881,15.591,0.019196,65.2988,0.999967,0.9999949,0.0,0.891612
467.pgm,2500,0.038147,31888,48.6572,13.409,0.018738,65.4036,0.999931,0.9999906,0.0,0.040117
468.pgm,2500,0.038147,55536,84.7412,23.024,0.018768,65.3966,0.999983,0.9999979,0.0,0.202868
469.pgm,2500,0.038147,52576,80.2246,109.869,0.01886,65.3754,0.999969,0.9999967,0.0,0.998934
470.pgm,2500,0.038147,18832,28.7354,68.977,0.01889,65.3684,0.99991,0.9999899,0.0,0.018893
471.pgm,2500,0.038147,35232,53.7598,21.194,0.019211,65.2953,0.999965,0.9999974,0.0,0.0
472.pgm,2500,0.038147,35088,53.54,15.273,0.019135,65.3126,0.999955,0.9999916,0.0,0.000266
473.pgm,2500,0.038147,29744,45.3857,12.999,0.018738,65.4036,0.999961,0.9999983,0.0,0.0
474.pgm,2500,0.038147,24624,37.5732,16.091,0.018845,65.3789,0.999941,0.9999899,0.0,0.972682
475.pgm,2500,0.038147,25168,38.4033,150.319,0.018921,65.3614,0.999931,0.9999966,0.0,0.378785
476.pgm,2500,0.038147,15696,23.9502,26.687,0.019577,65.2133,0.999947,0.9999951,0.0,0.001752
477.pgm,2500,0.038147,43472,66.333,21.249,0.018875,65.3719,0.99995,0.999993,0.0,0.076616
478.pgm,2500,0.038147,22432,34.2285,13.087,0.019257,65.285,0.999865,0.9999675,0.0,0.002039
479.pgm,2500,0.038147,16640,25.3906,11.955,0.019012,65.3404,0.999945,0.9999948,0.0,0.002275
480.pgm,2500,0.038147,6448,9.8389,112.4,0.019348,65.2644,0.999946,0.9999969,0.0,0.0
481.pgm,2500,0.038147,44032,67.1875,52.136,0.01915,65.3092,0.999959,0.9999968,0.0,0.036509
482.pgm,2500,0.038147,24016,36.6455,34.916,0.018555,65.4463,0.999953,0.9999989,0.0,0.0
483.pgm,2500,0.038147,20336,31.0303,59.368,0.019516,65.2269,0.999918,0.9999594,0.0,0.0
484.pgm,2500,0.038147,20256,30.9082,51.721,0.018326,65.5002,0.999939,0.9999923,0.0,0.0
485.pgm,2500,0.038147,7248,11.0596,15.86,0.01889,65.3684,0.999956,0.9999982,0.0,2e-06
486.pgm,2500,0.038147,26768,40.8447,13.431,0.018921,65.3614,0.999923,0.999986,0.0,0.051876
487.pgm,2500,0.038147,12672,19.3359,9.004,0.019516,65.2269,0.999892,0.9999921,0.0,0.0
488.pgm,2500,0.038147,24096,36.7676,11.63,0.019058,65.33,0.999948,0.999998,0.0,0.0
489.pgm,2500,0.038147,5888,8.9844,12.507,0.019043,65.3335,0.999956,0.9999968,0.0,0.0
490.pgm,2500,0.038147,25040,38.208,149.57,0.019272,65.2816,0.999962,0.9999979,0.0,0.0
491.pgm,2500,0.038147,22032,33.6182,23.085,0.018768,65.3966,0.999948,0.9999933,0.0,1.4e-05
492.pgm,2500,0.038147,18288,27.9053,14.274,0.018997,65.3439,0.99993,0.9999951,0.0,0.774581
493.pgm,2500,0.038147,29248,44.6289,13.731,0.019257,65.285,0.99996,0.9999951,0.0,0.0
494.pgm,2500,0.038147,20480,31.25,11.862,0.018295,65.5074,0.999944,0.9999968,0.0,2.7e-05
495.pgm,2500,0.038147,12848,19.6045,15.179,0.018555,65.4463,0.999953,0.9999988,0.0,0.0
496.pgm,2500,0.038147,5920,9.0332,115.955,0.018463,65.4677,0.999899,0.9999882,0.0,0.0
497.pgm,2500,0.038147,57024,87.0117,32.874,0.018646,65.4249,0.999976,0.9999947,0.0,0.999996
498.pgm,2500,0.038147,7632,11.6455,9.138,0.018616,65.432,0.999939,0.9999966,0.0,0.0
499.pgm,2500,0.038147,20160,30.7617,11.391,0.019073,65.3265,0.999954,0.9999948,0.0,0.058069
500.pgm,2500,0.038147,50784,77.4902,36.382,0.019135,65.3126,0.999947,0.9999961,0.0,0.0
501.pgm,2500,0.038147,27504,41.9678,93.282,0.019119,65.3161,0.999929,0.9999943,0.0,0.0
502.pgm,2500,0.038147,34512,52.6611,45.519,0.018951,65.3544,0.999938,0.9999926,0.0,0.0
503.pgm,2500,0.038147,53776,82.0557,22.842,0.018982,65.3474,0.999979,0.9999972,0.0,0.999965
504.pgm,2500,0.038147,13968,21.3135,33.25,0.019424,65.2473,0.999942,0.9999978,0.0,3.8e-05
505.pgm,2500,0.038147,31792,48.5107,73.105,0.019424,65.2473,0.999968,0.9999973,0.0,0.075854
506.pgm,2500,0.038147,26864,40.9912,17.184,0.019485,65.2337,0.999942,0.9999914,0.0,0.146585
507.pgm,2500,0.038147,39424,60.1562,14.22,0.019531,65.2235,0.999973,0.9999971,0.0,0.014484
508.pgm,2500,0.038147,47248,72.0947,18.01,0.019135,65.3126,0.999972,0.9999893,0.0,0.0
509.pgm,2500,0.038147,29184,44.5312,150.835,0.019073,65.3265,0.999967,0.9999984,0.0,0.0
510.pgm,2500,0.038147,11472,17.5049,30.852,0.018677,65.4178,0.999866,0.9999676,0.0,0.0
511.pgm,2500,0.038147,29632,45.2148,13.452,0.019119,65.3161,0.999966,0.9999978,0.0,0.0
512.pgm,2500,0.038147,21760,33.2031,10.978,0.018402,65.4821,0.999959,0.9999983,0.0,0.0
513.pgm,2500,0.038147,14592,22.2656,14.709,0.018585,65.4391,0.999945,0.9999977,0.0,0.0
514.pgm,2500,0.038147,43568,66.4795,144.086,0.019211,65.2953,0.999961,0.9999941,0.0,0.999414
515.pgm,2500,0.038147,36512,55.7129,24.281,0.019379,65.2576,0.999968,0.9999963,0.0,0.998505
516.pgm,2500,0.038147,43392,66.2109,14.457,0.019073,65.3265,0.999965,0.9999958,0.0,0.55682
517.pgm,2500,0.038147,37360,57.0068,16.619,0.018951,65.3544,0.999959,0.9999968,0.0,0.340727
518.pgm,2500,0.038147,30464,46.4844,29.428,0.019302,65.2747,0.999966,0.9999978,0.0,0.231477
519.pgm,2500,0.038147,48608,74.1699,96.379,0.019241,65.2885,0.999966,0.9999942,0.0,0.998636
520.pgm,2500,0.038147,29232,44.6045,17.369,0.019287,65.2781,0.999959,0.9999982,0.0,0.0
521.pgm,2500,0.038147,10448,15.9424,9.422,0.018768,65.3966,0.999922,0.9999973,0.0,2.7e-05
522.pgm,2500,0.038147,26560,40.5273,14.478,0.01944,65.2439,0.999968,0.9999978,0.0,0.0
523.pgm,2500,0.038147,34448,52.5635,33.345,0.019333,65.2678,0.999929,0.9999942,0.0,0.0
524.pgm,2500,0.038147,31616,48.2422,103.665,0.019348,65.2644,0.99997,0.9999972,0.0,0.0
525.pgm,2500,0.038147,18736,28.5889,26.602,0.019348,65.2644,0.99994,0.9999979,0.0,0.049528
526.pgm,2500,0.038147,44608,68.0664,19.7,0.019226,65.2919,0.999973,0.9999976,0.0,0.833751
527.pgm,2500,0.038147,43344,66.1377,15.728,0.019211,65.2953,0.999963,0.9999941,0.0,0.995008
528.pgm,2500,0.038147,25968,39.624,12.97,0.018173,65.5365,0.999957,0.9999936,0.0,7.2e-05
529.pgm,2500,0.038147,23888,36.4502,23.81,0.018997,65.3439,0.999952,0.9999977,0.0,0.0
530.pgm,2500,0.038147,39472,60.2295,123.251,0.019272,65.2816,0.999949,0.9999925,0.0,0.000313
531.pgm,2500,0.038147,17936,27.3682,18.761,0.01857,65.4427,0.999944,0.9999963,0.0,0.0
532.pgm,2500,0.038147,21872,33.374,11.583,0.019318,65.2713,0.999951,0.9999983,0.0,0.0
533.pgm,2500,0.038147,10208,15.5762,10.18,0.019028,65.3369,0.999957,0.9999917,0.0,0.535819
534.pgm,2500,0.038147,24896,37.9883,55.89,0.019394,65.2541,0.999961,0.9999974,0.0,0.0
535.pgm,2500,0.038147,20400,31.1279,34.584,0.019302,65.2747,0.999957,0.9999974,0.0,0.168924
536.pgm,2500,0.038147,39056,59.5947,41.585,0.019485,65.2337,0.999964,0.9999981,0.0,0.0
537.pgm,2500,0.038147,29968,45.7275,22.486,0.018921,65.3614,0.999963,0.9999956,0.0,0.786312
538.pgm,2500,0.038147,9888,15.0879,23.265,0.019547,65.2201,0.999985,0.9999963,0.0,0.0
539.pgm,2500,0.038147,42560,64.9414,102.295,0.019485,65.2337,0.999946,0.9999948,0.0,0.195414
540.pgm,2500,0.038147,10800,16.4795,14.864,0.019379,65.2576,0.999943,0.9999972,0.0,2e-06
541.pgm,2500,0.038147,16144,24.6338,10.846,0.019028,65.3369,0.999961,0.9999988,0.0,0.0
542.pgm,2500,0.038147,16400,25.0244,13.611,0.018692,65.4142,0.999913,0.9999936,0.0,0.0
543.pgm,2500,0.038147,17664,26.9531,24.27,0.018723,65.4072,0.999967,0.9999991,0.0,0.0
544.pgm,2500,0.038147,19184,29.2725,98.881,0.019058,65.33,0.999955,0.9999952,0.0,5.6e-05
545.pgm,2500,0.038147,14208,21.6797,23.938,0.018616,65.432,0.999949,0.9999986,0.0,0.0
546.pgm,2500,0.038147,14240,21.7285,15.406,0.01915,65.3092,0.999928,0.9999953,0.0,0.0
547.pgm,2500,0.038147,41024,62.5977,19.261,0.01889,65.3684,0.999958,0.9999904,0.0,0.0
548.pgm,2500,0.038147,20480,31.25,65.305,0.018982,65.3474,0.999944,0.9999964,0.0,7.4e-05
549.pgm,2500,0.038147,8096,12.3535,59.988,0.018524,65.4534,0.999896,0.999976,0.0,0.0
550.pgm,2500,0.038147,30960,47.2412,23.02,0.018707,65.4107,0.999973,0.9999973,0.0,0.0
551.pgm,2500,0.038147,31952,48.7549,15.445,0.019424,65.2473,0.999968,0.9999976,0.0,0.0
552.pgm,2500,0.038147,25504,38.916,13.409,0.018814,65.386,0.999959,0.9999981,0.0,0.0
553.pgm,2500,0.038147,15168,23.1445,13.352,0.019394,65.2541,0.999959,0.9999984,0.0,0.0
554.pgm,2500,0.038147,17760,27.0996,34.242,0.019669,65.1931,0.99991,0.9999944,0.0,0.0
555.pgm,2500,0.038147,27152,41.4307,79.046,0.018875,65.3719,0.999959,0.9999983,0.0,0.0
556.pgm,2500,0.038147,15904,24.2676,17.317,0.019028,65.3369,0.999948,0.999994,0.0,0.004061
557.pgm,2500,0.038147,25296,38.5986,13.749,0.01947,65.2371,0.999967,0.9999972,0.0,0.0
558.pgm,2500,0.038147,40544,61.8652,15.276,0.019348,65.2644,0.999974,0.9999942,0.0,0.003047
559.pgm,2500,0.038147,22768,34.7412,14.651,0.019135,65.3126,0.999952,0.9999964,0.0,0.503591
560.pgm,2500,0.038147,35168,53.6621,156.24,0.019363,65.261,0.99994,0.9999947,0.0,0.143194
561.pgm,2500,0.038147,46912,71.582,29.365,0.018967,65.3509,0.999976,0.9999983,0.0,0.0
562.pgm,2500,0.038147,51440,78.4912,15.931,0.018692,65.4142,0.999978,0.9999969,0.0,0.017153
563.pgm,2500,0.038147,12000,18.3105,9.378,0.019104,65.3196,0.999932,0.9999964,0.0,0.0
564.pgm,2500,0.038147,38704,59.0576,16.478,0.018829,65.3825,0.999954,0.9999922,0.0,0.26277
565.pgm,2500,0.038147,30080,45.8984,55.077,0.019226,65.2919,0.999928,0.9999943,0.0,0.0
566.pgm,2500,0.038147,24512,37.4023,90.206,0.019394,65.2541,0.999945,0.9999954,0.0,0.0
567.pgm,2500,0.038147,23488,35.8398,19.631,0.019196,65.2988,0.999943,0.999998,0.0,0.0
568.pgm,2500,0.038147,31456,47.998,15.036,0.01947,65.2371,0.999968,0.9999951,0.0,0.000127
569.pgm,2500,0.038147,25728,39.2578,13.309,0.018768,65.3966,0.999969,0.9999971,0.0,0.315822
570.pgm,2500,0.038147,53856,82.1777,23.736,0.019623,65.2032,0.999961,0.9999949,0.0,0.997279
571.pgm,2500,0.038147,14048,21.4355,124.0,0.018784,65.393,0.999934,0.9999891,0.0,0.0
572.pgm,2500,0.038147,29904,45.6299,20.877,0.019196,65.2988,0.999929,0.9999929,0.0,0.025914
573.pgm,2500,0.038147,24720,37.7197,11.51,0.019272,65.2816,0.999976,0.9999974,0.0,0.0
574.pgm,2500,0.038147,50048,76.3672,96.896,0.019043,65.3335,0.999958,0.9999933,0.0,0.723047
575.pgm,2500,0.038147,28672,43.75,40.382,0.018677,65.4178,0.999961,0.9999973,0.0,0.0
576.pgm,2500,0.038147,36272,55.3467,23.051,0.018433,65.4749,0.999972,0.9999979,0.0,0.001677
577.pgm,2500,0.038147,18976,28.9551,13.767,0.018906,65.3649,0.999967,0.9999975,0.0,0.0
578.pgm,2500,0.038147,15744,24.0234,11.566,0.019089,65.323,0.999941,0.9999979,0.0,0.0
579.pgm,2500,0.038147,41136,62.7686,21.483,0.019104,65.3196,0.999973,0.9999966,0.0,0.391928
580.pgm,2500,0.038147,18128,27.6611,138.105,0.018158,65.5401,0.999947,0.9999984,0.0,0.001659
581.pgm,2500,0.038147,14272,21.7773,22.415,0.018707,65.4107,0.999941,0.9999955,0.0,0.0
582.pgm,2500,0.038147,25248,38.5254,14.47,0.018997,65.3439,0.99994,0.9999924,0.0,1e-06
583.pgm,2500,0.038147,27088,41.333,12.856,0.019073,65.3265,0.999959,0.9999964,0.0,0.0
584.pgm,2500,0.038147,13568,20.7031,11.495,0.019119,65.3161,0.999943,0.999996,0.0,0.003081
585.pgm,2500,0.038147,23248,35.4736,138.365,0.01944,65.2439,0.999959,0.9999986,0.0,0.0
586.pgm,2500,0.038147,29984,45.752,31.47,0.019028,65.3369,0.999942,0.9999973,0.0,0.060442
587.pgm,2500,0.038147,9376,14.3066,11.432,0.019501,65.2303,0.999886,0.9999727,0.0,0.0
588.pgm,2500,0.038147,31136,47.5098,13.078,0.019135,65.3126,0.999924,0.999991,0.0,0.0
589.pgm,2500,0.038147,18176,27.7344,14.429,0.018875,65.3719,0.999952,0.9999985,0.0,0.0
590.pgm,2500,0.038147,56768,86.6211,155.487,0.018555,65.4463,0.999979,0.9999948,0.0,0.990026
591.pgm,2500,0.038147,24352,37.1582,31.84,0.019135,65.3126,0.999958,0.9999967,0.0,0.0
592.pgm,2500,0.038147,50240,76.6602,16.65,0.019302,65.2747,0.999963,0.9999969,0.0,0.0
593.pgm,2500,0.038147,20640,31.4941,12.124,0.018616,65.432,0.999967,0.9999988,0.0,0.0
594.pgm,2500,0.038147,18192,27.7588,12.257,0.018829,65.3825,0.999954,0.9999987,0.0,0.0
595.pgm,2500,0.038147,55408,84.5459,176.018,0.019394,65.2541,0.999973,0.999996,0.0,0.923047
596.pgm,2500,0.038147,33328,50.8545,31.712,0.019424,65.2473,0.999952,0.9999922,0.0,0.006976
597.pgm,2500,0.038147,61456,93.7744,20.064,0.019257,65.285,0.999977,0.9999926,0.0,0.999683
598.pgm,2500,0.038147,20304,30.9814,10.761,0.019882,65.1462,0.999955,0.9999959,0.0,0.561725
599.pgm,2500,0.038147,30992,47.29,12.213,0.019028,65.3369,0.999961,0.999998,0.0,0.000926
600.pgm,2500,0.038147,18560,28.3203,19.258,0.019409,65.2507,0.999953,0.9999988,0.0,0.0
601.pgm,2500,0.038147,33120,50.5371,121.553,0.018677,65.4178,0.999944,0.9999916,0.0,0.066774
602.pgm,2500,0.038147,22624,34.5215,26.232,0.018768,65.3966,0.999939,0.9999965,0.0,0.0
603.pgm,2500,0.038147,25360,38.6963,15.56,0.018539,65.4498,0.999944,0.9999923,0.0,0.0
604.pgm,2500,0.038147,28944,44.165,14.382,0.018814,65.386,0.999955,0.9999976,0.0,0.0
605.pgm,2500,0.038147,14208,21.6797,12.29,0.01889,65.3684,0.999959,0.9999985,0.0,0.0
606.pgm,2500,0.038147,16992,25.9277,128.321,0.019302,65.2747,0.999936,0.9999966,0.0,0.000702
607.pgm,2500,0.038147,63936,97.5586,43.829,0.019028,65.3369,0.999977,0.9999898,0.0,0.998972
608.pgm,2500,0.038147,37760,57.6172,17.879,0.018982,65.3474,0.999971,0.9999984,0.0,0.0
609.pgm,2500,0.038147,24864,37.9395,14.136,0.019516,65.2269,0.999954,0.9999963,0.0,0.20509
610.pgm,2500,0.038147,27600,42.1143,98.618,0.018784,65.393,0.999966,0.9999979,0.0,0.0
611.pgm,2500,0.038147,5344,8.1543,32.16,0.019226,65.2919,0.999915,0.9999947,0.0,0.0
612.pgm,2500,0.038147,34400,52.4902,18.53,0.019043,65.3335,0.99996,0.999998,0.0,0.003476
613.pgm,2500,0.038147,23440,35.7666,11.01,0.019302,65.2747,0.999952,0.9999972,0.0,1e-06
614.pgm,2500,0.038147,38736,59.1064,15.627,0.019424,65.2473,0.99995,0.9999918,0.0,0.422602
615.pgm,2500,0.038147,24624,37.5732,128.519,0.019302,65.2747,0.999969,0.9999983,0.0,4.7e-05
616.pgm,2500,0.038147,34048,51.9531,44.691,0.019058,65.33,0.999964,0.9999964,0.0,0.606377
617.pgm,2500,0.038147,38592,58.8867,18.317,0.018906,65.3649,0.999957,0.9999971,0.0,0.973514
618.pgm,2500,0.038147,43360,66.1621,13.654,0.018677,65.4178,0.999976,0.9999974,0.0,0.0
619.pgm,2500,0.038147,34512,52.6611,22.032,0.018997,65.3439,0.999932,0.9999954,0.0,0.0
620.pgm,2500,0.038147,35264,53.8086,150.463,0.019135,65.3126,0.999971,0.9999912,0.0,0.248294
621.pgm,2500,0.038147,26544,40.5029,27.443,0.018967,65.3509,0.999954,0.9999966,0.0,5.4e-05
622.pgm,2500,0.038147,19456,29.6875,14.52,0.019379,65.2576,0.999945,0.999996,0.0,0.0
623.pgm,2500,0.038147,26736,40.7959,12.535,0.018951,65.3544,0.999951,0.9999959,0.0,0.0
624.pgm,2500,0.038147,53424,81.5186,17.992,0.018616,65.432,0.999986,0.9999977,0.0,0.0
625.pgm,2500,0.038147,11360,17.334,27.642,0.018936,65.3579,0.999936,0.9999866,0.0,0.0
626.pgm,2500,0.038147,52016,79.3701,63.607,0.01886,65.3754,0.999971,0.9999929,0.0,0.400713
627.pgm,2500,0.038147,14992,22.876,16.104,0.019302,65.2747,0.999925,0.9999934,0.0,0.0
628.pgm,2500,0.038147,20176,30.7861,11.243,0.019501,65.2303,0.999863,0.9999401,0.0,0.0
629.pgm,2500,0.038147,35456,54.1016,14.094,0.019043,65.3335,0.999961,0.9999982,0.0,0.0
630.pgm,2500,0.038147,23056,35.1807,16.299,0.018372,65.4893,0.999918,0.9999878,0.0,0.931154
631.pgm,2500,0.038147,48832,74.5117,185.414,0.018951,65.3544,0.999954,0.9999957,0.0,0.005297
632.pgm,2500,0.038147,39232,59.8633,39.414,0.019058,65.33,0.999956,0.9999894,0.0,0.0
633.pgm,2500,0.038147,27600,42.1143,17.475,0.018845,65.3789,0.999959,0.9999963,0.0,0.220329
634.pgm,2500,0.038147,26736,40.7959,13.453,0.018845,65.3789,0.999938,0.9999937,0.0,0.0
635.pgm,2500,0.038147,31376,47.876,18.748,0.018463,65.4677,0.999964,0.9999971,0.0,0.779267
636.pgm,2500,0.038147,14288,21.8018,137.048,0.019241,65.2885,0.999941,0.9999948,0.0,0.0
637.pgm,2500,0.038147,22000,33.5693,49.158,0.019073,65.3265,0.999943,0.9999972,0.0,0.42596
638.pgm,2500,0.038147,6160,9.3994,9.611,0.019516,65.2269,0.999961,0.9999984,0.0,0.0
639.pgm,2500,0.038147,22128,33.7646,12.722,0.018921,65.3614,0.999949,0.9999968,0.0,0.693891
641.pgm,2500,0.038147,17136,26.1475,17.39,0.019135,65.3126,0.999966,0.9999989,0.0,0.0
642.pgm,2500,0.038147,22592,34.4727,121.229,0.019058,65.33,0.999958,0.9999984,0.0,2e-05
643.pgm,2500,0.038147,23488,35.8398,24.264,0.019638,65.1998,0.999925,0.9999935,0.0,0.04959
644.pgm,2500,0.038147,13008,19.8486,12.492,0.019333,65.2678,0.999932,0.999993,0.0,0.0
645.pgm,2500,0.038147,15712,23.9746,10.606,0.018646,65.4249,0.999966,0.999995,0.0,0.0
646.pgm,2500,0.038147,26016,39.6973,15.359,0.019287,65.2781,0.999955,0.9999963,0.0,0.101081
647.pgm,2500,0.038147,24816,37.8662,146.253,0.019028,65.3369,0.99993,0.9999943,0.0,0.0
648.pgm,2500,0.038147,17664,26.9531,26.315,0.019516,65.2269,0.999944,0.9999981,0.0,0.0
649.pgm,2500,0.038147,40928,62.4512,18.707,0.019104,65.3196,0.99996,0.999998,0.0,0.0
650.pgm,2500,0.038147,29664,45.2637,13.534,0.01944,65.2439,0.999958,0.999997,0.0,0.980461
651.pgm,2500,0.038147,18336,27.9785,11.988,0.018845,65.3789,0.999962,0.9999956,0.0,0.0
652.pgm,2500,0.038147,37488,57.2021,104.022,0.019012,65.3404,0.999964,0.9999969,0.0,0.0
653.pgm,2500,0.038147,8928,13.623,27.938,0.019455,65.2405,0.999942,0.9999961,0.0,0.0
654.pgm,2500,0.038147,30992,47.29,17.677,0.019073,65.3265,0.999958,0.9999937,0.0,0.0
655.pgm,2500,0.038147,16672,25.4395,10.773,0.018265,65.5147,0.999956,0.9999985,0.0,0.0
656.pgm,2500,0.038147,31488,48.0469,12.636,0.018661,65.4213,0.999957,0.9999927,0.0,0.017991
657.pgm,2500,0.038147,57680,88.0127,215.754,0.020004,65.1196,0.999944,0.9999932,0.0,0.996371
658.pgm,2500,0.038147,21536,32.8613,19.593,0.019135,65.3126,0.999948,0.9999961,0.0,0.720119
659.pgm,2500,0.038147,15104,23.0469,11.02,0.019302,65.2747,0.999952,0.9999984,0.0,0.0
660.pgm,2500,0.038147,48160,73.4863,15.184,0.019089,65.323,0.999959,0.9999967,0.0,0.631101
661.pgm,2500,0.038147,36192,55.2246,40.569,0.019073,65.3265,0.999952,0.9999974,0.0,0.0
662.pgm,2500,0.038147,17216,26.2695,104.645,0.018936,65.3579,0.999967,0.9999967,0.0,0.352771
663.pgm,2500,0.038147,29440,44.9219,22.982,0.018417,65.4785,0.999949,0.999997,0.0,0.000357
664.pgm,2500,0.038147,24160,36.8652,12.735,0.019394,65.2541,0.999933,0.9999923,0.0,0.0
665.pgm,2500,0.038147,25664,39.1602,10.953,0.019348,65.2644,0.999951,0.9999977,0.0,0.0
666.pgm,2500,0.038147,24128,36.8164,11.842,0.01915,65.3092,0.999923,0.9999885,0.0,0.981028
667.pgm,2500,0.038147,24208,36.9385,18.556,0.018478,65.4642,0.999965,0.9999984,0.0,0.026946
668.pgm,2500,0.038147,16096,24.5605,113.195,0.018661,65.4213,0.999959,0.9999988,0.0,0.0
669.pgm,2500,0.038147,23840,36.377,23.771,0.018585,65.4391,0.99996,0.9999988,0.0,0.0
670.pgm,2500,0.038147,5184,7.9102,8.535,0.019638,65.1998,0.999927,0.9999952,0.0,0.0
671.pgm,2500,0.038147,39696,60.5713,14.374,0.019363,65.261,0.99997,0.9999951,0.0,0.0
672.pgm,2500,0.038147,23104,35.2539,14.625,0.01918,65.3023,0.99996,0.9999954,0.0,0.999943
673.pgm,2500,0.038147,50080,76.416,171.178,0.018997,65.3439,0.999975,0.9999976,0.0,0.0
674.pgm,2500,0.038147,21472,32.7637,32.286,0.019547,65.2201,0.999949,0.9999987,0.0,0.0
675.pgm,2500,0.038147,29264,44.6533,14.533,0.01915,65.3092,0.999957,0.9999939,0.0,0.0
676.pgm,2500,0.038147,9248,14.1113,8.88,0.019547,65.2201,0.999947,0.9999963,0.0,0.0
677.pgm,2500,0.038147,38672,59.0088,15.363,0.019119,65.3161,0.999928,0.9999928,0.0,0.0
678.pgm,2500,0.038147,48064,73.3398,157.648,0.01889,65.3684,0.999972,0.9999945,0.0,0.0129
679.pgm,2500,0.038147,16272,24.8291,33.548,0.019318,65.2713,0.999964,0.9999961,0.0,3.9e-05
680.pgm,2500,0.038147,31904,48.6816,16.161,0.019394,65.2541,0.999966,0.9999985,0.0,0.0
681.pgm,2500,0.038147,27520,41.9922,12.323,0.019058,65.33,0.999965,0.9999975,0.0,0.0
682.pgm,2500,0.038147,46176,70.459,17.984,0.018677,65.4178,0.999968,0.999998,0.0,0.0
683.pgm,2500,0.038147,18768,28.6377,129.742,0.018951,65.3544,0.999968,0.9999977,0.0,0.0
684.pgm,2500,0.038147,16272,24.8291,17.03,0.019104,65.3196,0.999921,0.9999929,0.0,0.0
685.pgm,2500,0.038147,28240,43.0908,12.152,0.018463,65.4677,0.999953,0.9999972,0.0,0.0
686.pgm,2500,0.038147,21168,32.2998,9.879,0.01947,65.2371,0.999949,0.999998,0.0,0.0
687.pgm,2500,0.038147,38944,59.4238,15.505,0.018799,65.3895,0.999945,0.9999978,0.0,0.0
688.pgm,2500,0.038147,26800,40.8936,193.937,0.018906,65.3649,0.999967,0.9999981,0.0,0.0
689.pgm,2500,0.038147,64000,97.6562,49.846,0.019897,65.1428,0.999978,0.9999928,0.0,0.98165
690.pgm,2500,0.038147,5616,8.5693,11.991,0.01976,65.1729,0.999934,0.9999935,0.0,0.0
691.pgm,2500,0.038147,22768,34.7412,12.418,0.019028,65.3369,0.999953,0.9999964,0.0,0.438863
692.pgm,2500,0.038147,32656,49.8291,14.784,0.018402,65.4821,0.999969,0.9999978,0.0,0.0
693.pgm,2500,0.038147,46240,70.5566,174.131,0.019073,65.3265,0.999965,0.9999958,0.0,0.383944
694.pgm,2500,0.038147,58896,89.8682,33.205,0.018372,65.4893,0.999968,0.9999938,0.0,0.755592
695.pgm,2500,0.038147,38384,58.5693,15.39,0.019287,65.2781,0.999915,0.9999825,0.0,0.0
696.pgm,2500,0.038147,7536,11.499,7.728,0.019058,65.33,0.999948,0.9999984,0.0,0.0
697.pgm,2500,0.038147,27168,41.4551,15.239,0.018555,65.4463,0.999954,0.9999984,0.0,0.0
698.pgm,2500,0.038147,48656,74.2432,142.395,0.018753,65.4001,0.999974,0.9999957,0.0,0.051755
699.pgm,2500,0.038147,28848,44.0186,33.488,0.019119,65.3161,0.999942,0.9999968,0.0,0.216373
700.pgm,2500,0.038147,26416,40.3076,15.434,0.018814,65.386,0.99997,0.9999986,0.0,0.0
701.pgm,2500,0.038147,38240,58.3496,13.596,0.019073,65.3265,0.999977,0.9999987,0.0,0.284699
702.pgm,2500,0.038147,18464,28.1738,13.878,0.019089,65.323,0.999954,0.9999959,0.0,0.0
703.pgm,2500,0.038147,22160,33.8135,27.513,0.019302,65.2747,0.999973,0.9999942,0.0,0.0
704.pgm,2500,0.038147,22896,34.9365,83.609,0.019028,65.3369,0.999943,0.999998,0.0,0.0
705.pgm,2500,0.038147,45520,69.458,27.125,0.018829,65.3825,0.999952,0.9999913,0.0,0.08843
706.pgm,2500,0.038147,41984,64.0625,17.436,0.019211,65.2953,0.999955,0.9999925,0.0,0.067878
707.pgm,2500,0.038147,39120,59.6924,13.998,0.018646,65.4249,0.999971,0.9999965,0.0,0.996868
708.pgm,2500,0.038147,17488,26.6846,17.547,0.018753,65.4001,0.999954,0.999997,0.0,0.014942
709.pgm,2500,0.038147,34832,53.1494,146.25,0.018784,65.393,0.999914,0.999993,0.0,0.0
710.pgm,2500,0.038147,6640,10.1318,20.499,0.019226,65.2919,0.999942,0.9999784,0.0,0.0
711.pgm,2500,0.038147,11072,16.8945,12.661,0.019318,65.2713,0.999916,0.9999919,0.0,0.0
712.pgm,2500,0.038147,25984,39.6484,15.135,0.018768,65.3966,0.99995,0.999996,0.0,0.005861
713.pgm,2500,0.038147,50624,77.2461,160.041,0.018875,65.3719,0.999977,0.9999967,0.0,0.03451
714.pgm,2500,0.038147,25152,38.3789,19.917,0.018936,65.3579,0.999958,0.9999965,0.0,0.000181
715.pgm,2500,0.038147,24704,37.6953,16.399,0.018814,65.386,0.999966,0.9999979,0.0,4.6e-05
716.pgm,2500,0.038147,33744,51.4893,16.123,0.018707,65.4107,0.999953,0.9999937,0.0,0.531577
717.pgm,2500,0.038147,36784,56.1279,24.392,0.019394,65.2541,0.999946,0.9999976,0.0,0.0
718.pgm,2500,0.038147,21664,33.0566,54.299,0.0186,65.4356,0.999943,0.9999977,0.0,0.0
719.pgm,2500,0.038147,7616,11.6211,23.926,0.019577,65.2133,0.999967,0.9999764,0.0,0.0
720.pgm,2500,0.038147,45616,69.6045,15.377,0.018829,65.3825,0.999966,0.9999976,0.0,0.0
721.pgm,2500,0.038147,16960,25.8789,9.36,0.01886,65.3754,0.999943,0.9999936,0.0,0.0
722.pgm,2500,0.038147,19392,29.5898,13.04,0.018829,65.3825,0.99996,0.9999953,0.0,0.0
723.pgm,2500,0.038147,55216,84.2529,124.391,0.019135,65.3126,0.999976,0.9999959,0.0,0.324059
724.pgm,2500,0.038147,14944,22.8027,29.49,0.018921,65.3614,0.999925,0.9999849,0.0,0.253295
725.pgm,2500,0.038147,20560,31.3721,12.897,0.019196,65.2988,0.999947,0.9999986,0.0,0.0
726.pgm,2500,0.038147,23648,36.084,11.131,0.018967,65.3509,0.999964,0.9999967,0.0,0.0
727.pgm,2500,0.038147,21136,32.251,11.136,0.019363,65.261,0.999964,0.9999927,0.0,0.068312
728.pgm,2500,0.038147,42320,64.5752,22.829,0.018555,65.4463,0.999967,0.9999975,0.0,0.0
729.pgm,2500,0.038147,31424,47.9492,157.734,0.018814,65.386,0.999935,0.9999907,0.0,0.02776
730.pgm,2500,0.038147,30896,47.1436,26.396,0.018799,65.3895,0.999967,0.9999983,0.0,0.0
731.pgm,2500,0.038147,26032,39.7217,16.348,0.01915,65.3092,0.999925,0.9999853,0.0,0.345615
732.pgm,2500,0.038147,23968,36.5723,12.8,0.019165,65.3057,0.999948,0.999997,0.0,0.001591
733.pgm,2500,0.038147,55728,85.0342,16.422,0.018723,65.4072,0.999966,0.9999948,0.0,0.912085
734.pgm,2500,0.038147,22784,34.7656,14.337,0.01889,65.3684,0.999965,0.999998,0.0,0.0
735.pgm,2500,0.038147,31776,48.4863,153.659,0.018433,65.4749,0.999967,0.9999988,0.0,0.0
736.pgm,2500,0.038147,27552,42.041,35.678,0.01918,65.3023,0.999974,0.9999971,0.0,0.0
737.pgm,2500,0.038147,31680,48.3398,20.887,0.019135,65.3126,0.999963,0.9999961,0.0,0.981444
738.pgm,2500,0.038147,26272,40.0879,13.942,0.019043,65.3335,0.999953,0.9999958,0.0,0.0
739.pgm,2500,0.038147,31920,48.7061,16.172,0.018768,65.3966,0.999958,0.9999984,0.0,0.0
740.pgm,2500,0.038147,18640,28.4424,151.401,0.018784,65.393,0.999949,0.9999981,0.0,0.0
741.pgm,2500,0.038147,40496,61.792,33.991,0.01947,65.2371,0.999971,0.9999978,0.0,5.8e-05
742.pgm,2500,0.038147,6768,10.3271,11.62,0.018631,65.4284,0.999894,0.9999589,0.0,0.0
743.pgm,2500,0.038147,57488,87.7197,18.765,0.019012,65.3404,0.999978,0.9999974,0.0,0.003134
744.pgm,2500,0.038147,20704,31.5918,11.568,0.019714,65.183,0.999956,0.9999972,0.0,0.0
745.pgm,2500,0.038147,47104,71.875,21.187,0.018906,65.3649,0.999962,0.9999951,0.0,0.006507
746.pgm,2500,0.038147,41376,63.1348,157.632,0.019562,65.2167,0.999953,0.9999972,0.0,0.0
747.pgm,2500,0.038147,23408,35.7178,24.805,0.018997,65.3439,0.99997,0.9999981,0.0,0.0
748.pgm,2500,0.038147,32064,48.9258,15.667,0.019211,65.2953,0.999963,0.9999956,0.0,0.011501
749.pgm,2500,0.038147,51136,78.0273,16.08,0.019196,65.2988,0.999963,0.9999899,0.0,0.624843
750.pgm,2500,0.038147,41952,64.0137,17.712,0.019623,65.2032,0.999968,0.9999952,0.0,0.0
751.pgm,2500,0.038147,31952,48.7549,162.461,0.019333,65.2678,0.999938,0.9999934,0.0,4e-06
752.pgm,2500,0.038147,23888,36.4502,23.707,0.018677,65.4178,0.999958,0.9999982,0.0,0.0
753.pgm,2500,0.038147,7520,11.4746,11.378,0.018738,65.4036,0.999891,0.9999913,0.0,0.0
754.pgm,2500,0.038147,31328,47.8027,12.808,0.019089,65.323,0.999941,0.9999968,0.0,0.880132
755.pgm,2500,0.038147,18720,28.5645,10.37,0.019592,65.21,0.999948,0.9999973,0.0,0.00818
756.pgm,2500,0.038147,16736,25.5371,11.217,0.018936,65.3579,0.999933,0.9999967,0.0,0.890656
757.pgm,2500,0.038147,5584,8.5205,84.128,0.019897,65.1428,0.999939,0.9999986,0.0,0.0
758.pgm,2500,0.038147,19168,29.248,47.11,0.019379,65.2576,0.999936,0.9999968,0.0,0.564471
759.pgm,2500,0.038147,33328,50.8545,19.815,0.019516,65.2269,0.999967,0.9999987,0.0,0.0
760.pgm,2500,0.038147,17312,26.416,10.915,0.019302,65.2747,0.999942,0.9999974,0.0,0.0
761.pgm,2500,0.038147,44848,68.4326,15.168,0.019333,65.2678,0.999976,0.9999968,0.0,0.000818
762.pgm,2500,0.038147,21680,33.0811,24.628,0.018921,65.3614,0.999953,0.9999987,0.0,0.0
763.pgm,2500,0.038147,33936,51.7822,122.189,0.018494,65.4606,0.99996,0.9999978,0.0,0.0
764.pgm,2500,0.038147,18496,28.2227,21.33,0.019165,65.3057,0.999934,0.9999897,0.0,0.000259
765.pgm,2500,0.038147,16896,25.7812,13.29,0.019119,65.3161,0.999921,0.9999932,0.0,0.0
766.pgm,2500,0.038147,43760,66.7725,17.055,0.018585,65.4391,0.999966,0.9999958,0.0,0.042264
767.pgm,2500,0.038147,53184,81.1523,192.514,0.018341,65.4966,0.999949,0.9999906,0.0,0.999847
768.pgm,2500,0.038147,54672,83.4229,29.368,0.018753,65.4001,0.99994,0.9999888,0.0,0.978175
769.pgm,2500,0.038147,23776,36.2793,12.8,0.018921,65.3614,0.999955,0.999997,0.0,0.0
770.pgm,2500,0.038147,22304,34.0332,13.949,0.019073,65.3265,0.999945,0.9999956,0.0,0.094454
771.pgm,2500,0.038147,41408,63.1836,182.18,0.019608,65.2066,0.999968,0.999998,0.0,0.346819
772.pgm,2500,0.038147,13520,20.6299,23.434,0.018585,65.4391,0.999972,0.9999887,0.0,0.0
773.pgm,2500,0.038147,17232,26.2939,11.489,0.019791,65.1662,0.999911,0.9999858,0.0,0.0
774.pgm,2500,0.038147,15408,23.5107,9.888,0.018814,65.386,0.999952,0.9999987,0.0,0.0
775.pgm,2500,0.038147,40464,61.7432,13.838,0.018845,65.3789,0.999972,0.9999986,0.0,0.0
776.pgm,2500,0.038147,24656,37.6221,18.437,0.018753,65.4001,0.999956,0.9999935,0.0,0.0
777.pgm,2500,0.038147,45360,69.2139,184.792,0.019348,65.2644,0.999956,0.9999965,0.0,0.998969
778.pgm,2500,0.038147,20928,31.9336,45.213,0.018539,65.4498,0.999954,0.9999959,0.0,0.0
779.pgm,2500,0.038147,43184,65.8936,40.053,0.018585,65.4391,0.999955,0.999997,0.0,0.916519
780.pgm,2500,0.038147,8480,12.9395,97.879,0.019547,65.2201,0.999915,0.9999924,0.0,0.0
781.pgm,2500,0.038147,26400,40.2832,33.078,0.019043,65.3335,0.999957,0.9999929,0.0,0.065987
782.pgm,2500,0.038147,50624,77.2461,22.731,0.019287,65.2781,0.999946,0.9999951,0.0,0.981818
783.pgm,2500,0.038147,20384,31.1035,11.84,0.019485,65.2337,0.999959,0.9999986,0.0,0.0
784.pgm,2500,0.038147,48672,74.2676,14.753,0.019974,65.1262,0.999964,0.999997,0.0,0.0
785.pgm,2500,0.038147,22464,34.2773,13.465,0.018936,65.3579,0.999943,0.9999976,0.0,0.0
786.pgm,2500,0.038147,19216,29.3213,139.108,0.018265,65.5147,0.999922,0.9999939,0.0,7.7e-05
787.pgm,2500,0.038147,38416,58.6182,33.85,0.018936,65.3579,0.999971,0.999998,0.0,0.0
788.pgm,2500,0.038147,35088,53.54,18.198,0.018463,65.4677,0.999964,0.9999982,0.0,0.0
789.pgm,2500,0.038147,11920,18.1885,10.232,0.018723,65.4072,0.999967,0.9999968,0.0,0.0
790.pgm,2500,0.038147,9040,13.7939,9.619,0.018356,65.4929,0.999934,0.9999977,0.0,0.01253
791.pgm,2500,0.038147,28784,43.9209,15.391,0.018906,65.3649,0.999971,0.9999939,0.0,0.0
792.pgm,2500,0.038147,24320,37.1094,117.704,0.019348,65.2644,0.999958,0.9999965,0.0,0.0
793.pgm,2500,0.038147,40128,61.2305,30.416,0.019089,65.323,0.999971,0.9999978,0.0,0.054607
794.pgm,2500,0.038147,27312,41.6748,13.987,0.018677,65.4178,0.999955,0.9999935,0.0,0.008182
795.pgm,2500,0.038147,37488,57.2021,13.226,0.019562,65.2167,0.999963,0.9999958,0.0,0.0
796.pgm,2500,0.038147,28080,42.8467,12.035,0.01889,65.3684,0.999967,0.999998,0.0,0.0
797.pgm,2500,0.038147,7424,11.3281,10.397,0.019089,65.323,0.999922,0.9999962,0.0,1e-06
798.pgm,2500,0.038147,35760,54.5654,110.541,0.01915,65.3092,0.99998,0.9999984,0.0,2e-06
799.pgm,2500,0.038147,36880,56.2744,48.793,0.019302,65.2747,0.999969,0.9999949,0.0,0.0
800.pgm,2500,0.038147,27664,42.2119,18.64,0.01944,65.2439,0.999967,0.9999967,0.0,0.0
801.pgm,2500,0.038147,56016,85.4736,18.46,0.01947,65.2371,0.999967,0.9999954,0.0,0.071226
802.pgm,2500,0.038147,41856,63.8672,14.476,0.019135,65.3126,0.999953,0.999994,0.0,0.032263
803.pgm,2500,0.038147,35248,53.7842,13.145,0.019318,65.2713,0.99994,0.9999944,0.0,6e-06
804.pgm,2500,0.038147,25568,39.0137,162.087,0.019684,65.1897,0.999953,0.9999931,0.0,0.0
805.pgm,2500,0.038147,23584,35.9863,32.762,0.018875,65.3719,0.999955,0.9999982,0.0,0.0
806.pgm,2500,0.038147,51920,79.2236,21.548,0.018585,65.4391,0.99994,0.99999,0.0,0.901124
807.pgm,2500,0.038147,24528,37.4268,11.376,0.019882,65.1462,0.999949,0.9999973,0.0,0.0
808.pgm,2500,0.038147,5472,8.3496,9.479,0.018753,65.4001,0.999952,0.9999982,0.0,0.0
809.pgm,2500,0.038147,34416,52.5146,20.913,0.019104,65.3196,0.999964,0.9999973,0.0,0.0
810.pgm,2500,0.038147,12096,18.457,93.378,0.019882,65.1462,0.999916,0.9999901,0.0,0.0
811.pgm,2500,0.038147,29280,44.6777,22.817,0.01918,65.3023,0.999954,0.9999965,0.0,0.146675
812.pgm,2500,0.038147,27136,41.4062,13.781,0.018585,65.4391,0.999967,0.9999983,0.0,0.0
813.pgm,2500,0.038147,22656,34.5703,11.538,0.019287,65.2781,0.999964,0.999997,0.0,0.080822
814.pgm,2500,0.038147,39728,60.6201,17.848,0.019287,65.2781,0.999959,0.9999982,0.0,0.0
815.pgm,2500,0.038147,36080,55.0537,169.789,0.019974,65.1262,0.999964,0.9999965,0.0,0.691262
816.pgm,2500,0.038147,24608,37.5488,25.319,0.018845,65.3789,0.99995,0.9999981,0.0,0.0
817.pgm,2500,0.038147,29248,44.6289,13.944,0.018997,65.3439,0.999953,0.9999951,0.0,0.0
818.pgm,2500,0.038147,42992,65.6006,14.622,0.019409,65.2507,0.999953,0.9999968,0.0,0.812519
819.pgm,2500,0.038147,31952,48.7549,15.371,0.019302,65.2747,0.999951,0.9999966,0.0,0.0
820.pgm,2500,0.038147,64448,98.3398,207.667,0.019073,65.3265,0.999958,0.9999883,0.0,0.987238
821.pgm,2500,0.038147,38112,58.1543,29.015,0.018906,65.3649,0.99996,0.9999969,0.0,0.0
822.pgm,2500,0.038147,47792,72.9248,15.154,0.018951,65.3544,0.999955,0.9999948,0.0,0.0
823.pgm,2500,0.038147,22128,33.7646,10.888,0.018448,65.4713,0.99996,0.9999985,0.0,0.0
824.pgm,2500,0.038147,13808,21.0693,12.922,0.018661,65.4213,0.999959,0.9999984,0.0,5e-06
825.pgm,2500,0.038147,27440,41.8701,155.405,0.019287,65.2781,0.999942,0.9999957,0.0,0.457677
826.pgm,2500,0.038147,39120,59.6924,35.526,0.01889,65.3684,0.999957,0.9999906,0.0,0.0
827.pgm,2500,0.038147,17904,27.3193,14.587,0.018814,65.386,0.999961,0.9999979,0.0,0.000431
828.pgm,2500,0.038147,23008,35.1074,13.56,0.018707,65.4107,0.999956,0.9999933,0.0,0.699044
829.pgm,2500,0.038147,15664,23.9014,115.898,0.019745,65.1763,0.999946,0.9999952,0.0,0.0
830.pgm,2500,0.038147,34320,52.3682,26.771,0.018631,65.4284,0.999968,0.9999985,0.0,0.0
831.pgm,2500,0.038147,54944,83.8379,17.478,0.018555,65.4463,0.999982,0.9999934,0.0,0.907593
832.pgm,2500,0.038147,25584,39.0381,12.302,0.019012,65.3404,0.999952,0.9999931,0.0,0.329075
833.pgm,2500,0.038147,27104,41.3574,17.382,0.019272,65.2816,0.999958,0.9999968,0.0,0.008763
834.pgm,2500,0.038147,37008,56.4697,157.693,0.018997,65.3439,0.999969,0.9999957,0.0,0.555298
835.pgm,2500,0.038147,33872,51.6846,27.545,0.01889,65.3684,0.99997,0.9999959,0.0,0.001707
836.pgm,2500,0.038147,48816,74.4873,19.697,0.01915,65.3092,0.999954,0.9999953,0.0,0.863253
837.pgm,2500,0.038147,27152,41.4307,12.809,0.01886,65.3754,0.999934,0.9999935,0.0,0.0
838.pgm,2500,0.038147,40480,61.7676,23.325,0.019287,65.2781,0.999969,0.9999955,0.0,0.0
839.pgm,2500,0.038147,28288,43.1641,109.396,0.018799,65.3895,0.999961,0.9999982,0.0,0.390963
840.pgm,2500,0.038147,47600,72.6318,26.768,0.01886,65.3754,0.999953,0.9999966,0.0,0.001968
841.pgm,2500,0.038147,46768,71.3623,17.131,0.018707,65.4107,0.999961,0.9999967,0.0,0.0
842.pgm,2500,0.038147,40880,62.3779,14.023,0.019333,65.2678,0.999965,0.999998,0.0,0.0
843.pgm,2500,0.038147,12960,19.7754,9.284,0.019669,65.1931,0.999961,0.9999985,0.0,0.0
844.pgm,2500,0.038147,14016,21.3867,18.482,0.019592,65.21,0.999947,0.9999965,0.0,0.0
845.pgm,2500,0.038147,4928,7.5195,93.623,0.019302,65.2747,0.999937,0.9999891,0.0,9.8e-05
846.pgm,2500,0.038147,14016,21.3867,24.818,0.019135,65.3126,0.99996,0.9999985,0.0,0.0
847.pgm,2500,0.038147,49616,75.708,23.422,0.01886,65.3754,0.999964,0.999995,0.0,0.18957
848.pgm,2500,0.038147,51616,78.7598,18.75,0.019165,65.3057,0.999946,0.9999942,0.0,0.980847
849.pgm,2500,0.038147,47552,72.5586,21.885,0.018906,65.3649,0.999962,0.9999929,0.0,0.237588
850.pgm,2500,0.038147,60800,92.7734,150.953,0.019211,65.2953,0.999971,0.9999925,0.0,0.999887
851.pgm,2500,0.038147,22976,35.0586,18.709,0.019028,65.3369,0.999946,0.9999952,0.0,0.0
852.pgm,2500,0.038147,31616,48.2422,13.155,0.018784,65.393,0.999971,0.9999984,0.0,0.0
853.pgm,2500,0.038147,18208,27.7832,10.346,0.018509,65.457,0.999962,0.999997,0.0,0.001177
854.pgm,2500,0.038147,16368,24.9756,10.841,0.018951,65.3544,0.999961,0.9999986,0.0,0.0
855.pgm,2500,0.038147,14032,21.4111,53.92,0.018692,65.4142,0.999952,0.9999987,0.0,0.0
856.pgm,2500,0.038147,43248,65.9912,65.773,0.018967,65.3509,0.99998,0.9999983,0.0,0.0
857.pgm,2500,0.038147,20800,31.7383,21.968,0.019409,65.2507,0.99996,0.9999969,0.0,0.786112
858.pgm,2500,0.038147,23360,35.6445,19.268,0.019333,65.2678,0.999918,0.9999909,0.0,0.0
859.pgm,2500,0.038147,41632,63.5254,20.976,0.018951,65.3544,0.999965,0.9999983,0.0,0.0
860.pgm,2500,0.038147,24208,36.9385,14.946,0.019165,65.3057,0.999961,0.9999978,0.0,0.0
861.pgm,2500,0.038147,21200,32.3486,113.942,0.019073,65.3265,0.999963,0.9999981,0.0,0.0
862.pgm,2500,0.038147,60128,91.748,44.569,0.019196,65.2988,0.999964,0.9999951,0.0,0.916188
863.pgm,2500,0.038147,31216,47.6318,16.373,0.019043,65.3335,0.999961,0.9999962,0.0,0.999956
864.pgm,2500,0.038147,31504,48.0713,14.395,0.0186,65.4356,0.999963,0.9999983,0.0,0.0
865.pgm,2500,0.038147,10736,16.3818,10.167,0.019043,65.3335,0.999944,0.9999921,0.0,0.0
866.pgm,2500,0.038147,28752,43.8721,16.203,0.019714,65.183,0.999965,0.9999984,0.0,3.2e-05
867.pgm,2500,0.038147,7824,11.9385,151.71,0.019073,65.3265,0.999852,0.9999383,0.0,0.0
868.pgm,2500,0.038147,9568,14.5996,21.567,0.01889,65.3684,0.999968,0.9999921,0.0,0.0
869.pgm,2500,0.038147,29824,45.5078,20.07,0.01918,65.3023,0.999966,0.9999974,0.0,0.964957
870.pgm,2500,0.038147,32864,50.1465,16.143,0.018616,65.432,0.999968,0.9999978,0.0,0.0
871.pgm,2500,0.038147,15728,23.999,11.284,0.019226,65.2919,0.999961,0.9999991,0.0,0.0
872.pgm,2500,0.038147,33712,51.4404,16.738,0.018936,65.3579,0.999952,0.9999982,0.0,0.0
873.pgm,2500,0.038147,28992,44.2383,142.964,0.018326,65.5002,0.999963,0.9999983,0.0,0.0
874.pgm,2500,0.038147,8080,12.3291,33.538,0.0186,65.4356,0.999953,0.9999946,0.0,0.0
875.pgm,2500,0.038147,27024,41.2354,23.673,0.019409,65.2507,0.999966,0.999996,0.0,0.000599
876.pgm,2500,0.038147,51744,78.9551,46.834,0.019257,65.285,0.999951,0.9999954,0.0,0.0
877.pgm,2500,0.038147,34576,52.7588,95.981,0.018692,65.4142,0.999947,0.9999908,0.0,0.996239
878.pgm,2500,0.038147,30272,46.1914,36.148,0.018555,65.4463,0.99996,0.9999977,0.0,0.001136
879.pgm,2500,0.038147,27552,42.041,30.035,0.019501,65.2303,0.99997,0.9999947,0.0,0.0
880.pgm,2500,0.038147,33200,50.6592,157.417,0.019073,65.3265,0.999966,0.9999973,0.0,0.0
881.pgm,2500,0.038147,20496,31.2744,21.336,0.018692,65.4142,0.999977,0.9999981,0.0,0.0
882.pgm,2500,0.038147,20560,31.3721,12.937,0.019592,65.21,0.999968,0.9999967,0.0,0.0
883.pgm,2500,0.038147,29152,44.4824,11.821,0.018906,65.3649,0.999973,0.9999978,0.0,3e-06
884.pgm,2500,0.038147,26176,39.9414,16.463,0.019241,65.2885,0.999935,0.999995,0.0,0.0
885.pgm,2500,0.038147,15904,24.2676,114.144,0.018799,65.3895,0.999934,0.9999965,0.0,0.0
886.pgm,2500,0.038147,26704,40.7471,31.568,0.018845,65.3789,0.999964,0.9999982,0.0,0.000173
887.pgm,2500,0.038147,23072,35.2051,14.108,0.019241,65.2885,0.999962,0.9999979,0.0,0.0
888.pgm,2500,0.038147,37152,56.6895,13.995,0.018951,65.3544,0.99996,0.999998,0.0,0.0
889.pgm,2500,0.038147,31936,48.7305,16.843,0.019119,65.3161,0.999928,0.9999937,0.0,0.000242
890.pgm,2500,0.038147,49200,75.0732,65.5,0.019638,65.1998,0.999955,0.9999927,0.0,0.55656
891.pgm,2500,0.038147,10528,16.0645,31.644,0.018906,65.3649,0.999955,0.9999978,0.0,0.0
892.pgm,2500,0.038147,48480,73.9746,20.767,0.019424,65.2473,0.999964,0.9999963,0.0,0.0
893.pgm,2500,0.038147,9632,14.6973,9.407,0.018555,65.4463,0.999869,0.9998634,0.0,0.0
894.pgm,2500,0.038147,59440,90.6982,16.952,0.01918,65.3023,0.999982,0.9999962,0.0,2.2e-05
895.pgm,2500,0.038147,27520,41.9922,28.075,0.018906,65.3649,0.999967,0.9999983,0.0,0.0
896.pgm,2500,0.038147,41408,63.1836,100.91,0.018967,65.3509,0.999968,0.999998,0.0,0.335333
897.pgm,2500,0.038147,26080,39.7949,21.46,0.019257,65.285,0.999968,0.9999966,0.0,0.0
898.pgm,2500,0.038147,9888,15.0879,10.414,0.018768,65.3966,0.999956,0.9999959,0.0,0.0
899.pgm,2500,0.038147,17712,27.0264,124.265,0.018967,65.3509,0.999964,0.9999971,0.0,0.0
900.pgm,2500,0.038147,31104,47.4609,24.188,0.019073,65.3265,0.999942,0.9999942,0.0,0.216513
901.pgm,2500,0.038147,35088,53.54,15.038,0.019287,65.2781,0.999967,0.9999968,0.0,9e-05
902.pgm,2500,0.038147,31600,48.2178,12.655,0.018784,65.393,0.999969,0.999998,0.0,0.0
903.pgm,2500,0.038147,21728,33.1543,14.229,0.019211,65.2953,0.999957,0.9999964,0.0,0.0
904.pgm,2500,0.038147,62768,95.7764,141.147,0.01973,65.1796,0.999976,0.999994,0.0,0.992705
905.pgm,2500,0.038147,34016,51.9043,26.201,0.019424,65.2473,0.999955,0.9999975,0.0,0.000196
906.pgm,2500,0.038147,23856,36.4014,14.548,0.019272,65.2816,0.999952,0.9999964,0.0,0.0
907.pgm,2500,0.038147,9984,15.2344,9.31,0.019623,65.2032,0.999905,0.9999878,0.0,0.0
908.pgm,2500,0.038147,5840,8.9111,10.653,0.019257,65.285,0.999949,0.9999939,0.0,0.0
909.pgm,2500,0.038147,32880,50.1709,22.356,0.01918,65.3023,0.999936,0.9999823,0.0,0.0
910.pgm,2500,0.038147,52256,79.7363,178.913,0.018402,65.4821,0.999959,0.9999942,0.0,0.789847
911.pgm,2500,0.038147,14992,22.876,21.411,0.018784,65.393,0.999933,0.9999891,0.0,2e-06
912.pgm,2500,0.038147,32016,48.8525,16.446,0.018677,65.4178,0.99996,0.9999975,0.0,0.0
913.pgm,2500,0.038147,36448,55.6152,15.082,0.018341,65.4966,0.999963,0.9999981,0.0,0.0
914.pgm,2500,0.038147,15744,24.0234,14.208,0.019638,65.1998,0.999934,0.9999963,0.0,0.0
915.pgm,2500,0.038147,13008,19.8486,122.297,0.020294,65.0571,0.999942,0.9999975,0.0,0.0
916.pgm,2500,0.038147,44352,67.6758,35.283,0.019257,65.285,0.999957,0.9999959,0.0,4e-06
917.pgm,2500,0.038147,35760,54.5654,16.682,0.019165,65.3057,0.999969,0.9999953,0.0,0.004522
918.pgm,2500,0.038147,36784,56.1279,15.791,0.018768,65.3966,0.999965,0.9999961,0.0,0.000328
919.pgm,2500,0.038147,42288,64.5264,123.33,0.019257,65.285,0.999962,0.9999931,0.0,0.401156
920.pgm,2500,0.038147,25264,38.5498,43.584,0.018814,65.386,0.999955,0.9999987,0.0,0.0
921.pgm,2500,0.038147,19936,30.4199,11.904,0.01973,65.1796,0.999942,0.9999964,0.0,5e-06
922.pgm,2500,0.038147,16464,25.1221,10.118,0.019363,65.261,0.999958,0.9999913,0.0,0.0
923.pgm,2500,0.038147,43232,65.9668,15.378,0.018997,65.3439,0.999943,0.9999887,0.0,0.001298
924.pgm,2500,0.038147,5984,9.1309,70.187,0.01918,65.3023,0.999943,0.9999981,0.0,0.00035
925.pgm,2500,0.038147,20272,30.9326,43.571,0.018433,65.4749,0.999933,0.9999933,0.0,0.0
926.pgm,2500,0.038147,24240,36.9873,19.586,0.018906,65.3649,0.999967,0.9999968,0.0,0.0
928.pgm,2500,0.038147,51536,78.6377,18.418,0.018524,65.4534,0.999977,0.9999969,0.0,0.0
929.pgm,2500,0.038147,25520,38.9404,15.291,0.019241,65.2885,0.999954,0.9999956,0.0,0.0
930.pgm,2500,0.038147,31536,48.1201,152.73,0.019287,65.2781,0.999961,0.9999972,0.0,0.0
931.pgm,2500,0.038147,6848,10.4492,37.613,0.019531,65.2235,0.999953,0.9999986,0.0,0.0
932.pgm,2500,0.038147,44720,68.2373,23.551,0.019089,65.323,0.999961,0.9999964,0.0,0.0
933.pgm,2500,0.038147,36032,54.9805,27.438,0.019669,65.1931,0.999977,0.9999987,0.0,6.5e-05
934.pgm,2500,0.038147,41120,62.7441,136.341,0.018784,65.393,0.999944,0.9999927,0.0,0.216723
935.pgm,2500,0.038147,48576,74.1211,41.543,0.019394,65.2541,0.999966,0.999995,0.0,0.733044
936.pgm,2500,0.038147,30752,46.9238,19.41,0.01976,65.1729,0.999962,0.9999968,0.0,0.0
937.pgm,2500,0.038147,44736,68.2617,19.608,0.019806,65.1629,0.999972,0.999997,0.0,0.845092
938.pgm,2500,0.038147,13968,21.3135,14.587,0.018829,65.3825,0.999972,0.9999957,0.0,0.0
939.pgm,2500,0.038147,29024,44.2871,157.975,0.018326,65.5002,0.999942,0.9999947,0.0,2e-06
940.pgm,2500,0.038147,30144,45.9961,25.245,0.018784,65.393,0.999958,0.9999942,0.0,0.478641
941.pgm,2500,0.038147,61280,93.5059,21.164,0.019104,65.3196,0.999972,0.9999932,0.0,0.561636
942.pgm,2500,0.038147,17264,26.3428,11.285,0.018661,65.4213,0.999928,0.9999952,0.0,0.250478
943.pgm,2500,0.038147,12768,19.4824,13.101,0.019135,65.3126,0.999937,0.9999928,0.0,0.0
944.pgm,2500,0.038147,57536,87.793,165.936,0.019791,65.1662,0.999983,0.9999966,0.0,0.355351
945.pgm,2500,0.038147,42768,65.2588,25.281,0.019745,65.1763,0.999944,0.9999924,0.0,0.00231
946.pgm,2500,0.038147,46544,71.0205,15.663,0.018906,65.3649,0.999972,0.9999895,0.0,0.0
947.pgm,2500,0.038147,21360,32.5928,14.033,0.01915,65.3092,0.999961,0.9999979,0.0,0.0
948.pgm,2500,0.038147,41760,63.7207,164.853,0.018814,65.386,0.999957,0.9999979,0.0,0.004737
949.pgm,2500,0.038147,37152,56.6895,41.353,0.019241,65.2885,0.999945,0.9999946,0.0,0.829478
950.pgm,2500,0.038147,10496,16.0156,19.958,0.019104,65.3196,0.999927,0.9999968,0.0,0.0
951.pgm,2500,0.038147,40192,61.3281,15.322,0.019135,65.3126,0.999959,0.9999946,0.0,2e-06
952.pgm,2500,0.038147,8432,12.8662,58.142,0.019348,65.2644,0.999949,0.9999964,0.0,0.0
953.pgm,2500,0.038147,17520,26.7334,49.821,0.01889,65.3684,0.999939,0.9999959,0.0,0.00094
954.pgm,2500,0.038147,13392,20.4346,16.901,0.018951,65.3544,0.999938,0.9999968,0.0,0.0
955.pgm,2500,0.038147,14000,21.3623,12.075,0.018723,65.4072,0.999913,0.9999916,0.0,0.0
956.pgm,2500,0.038147,51184,78.1006,16.155,0.020096,65.0997,0.999967,0.9999926,0.0,1e-06
957.pgm,2500,0.038147,32192,49.1211,15.788,0.019684,65.1897,0.999967,0.9999972,0.0,0.439293
958.pgm,2500,0.038147,29776,45.4346,151.34,0.019165,65.3057,0.999971,0.9999963,0.0,0.999849
959.pgm,2500,0.038147,27760,42.3584,45.67,0.019424,65.2473,0.999911,0.9999849,0.0,0.0
960.pgm,2500,0.038147,45216,68.9941,34.871,0.01889,65.3684,0.999955,0.9999964,0.0,0.999978
961.pgm,2500,0.038147,60704,92.627,159.236,0.018845,65.3789,0.99997,0.9999966,0.0,0.999998
962.pgm,2500,0.038147,34160,52.124,41.549,0.01915,65.3092,0.999968,0.9999977,0.0,0.001188
963.pgm,2500,0.038147,58016,88.5254,23.558,0.019302,65.2747,0.999987,0.999997,0.0,0.030076
964.pgm,2500,0.038147,36672,55.957,15.188,0.018875,65.3719,0.999938,0.9999899,0.0,0.0
965.pgm,2500,0.038147,20816,31.7627,11.939,0.019592,65.21,0.999969,0.9999975,0.0,0.0
966.pgm,2500,0.038147,21328,32.5439,35.489,0.019043,65.3335,0.999954,0.9999984,0.0,0.0
967.pgm,2500,0.038147,43616,66.5527,51.027,0.018738,65.4036,0.999966,0.9999952,0.0,0.762982
968.pgm,2500,0.038147,27360,41.748,17.473,0.019958,65.1295,0.999953,0.999995,0.0,0.002087
969.pgm,2500,0.038147,21760,33.2031,11.848,0.018448,65.4713,0.999943,0.9999886,0.0,0.0
970.pgm,2500,0.038147,23872,36.4258,12.523,0.019104,65.3196,0.999936,0.999997,0.0,0.0
971.pgm,2500,0.038147,29088,44.3848,39.542,0.018311,65.5038,0.999953,0.9999946,0.0,0.898327
972.pgm,2500,0.038147,21904,33.4229,39.819,0.019226,65.2919,0.999968,0.9999982,0.0,0.0
973.pgm,2500,0.038147,35504,54.1748,46.721,0.019852,65.1528,0.99997,0.9999977,0.0,0.010124
974.pgm,2500,0.038147,26144,39.8926,41.493,0.01947,65.2371,0.999954,0.999995,0.0,0.815115
975.pgm,2500,0.038147,23776,36.2793,49.032,0.018814,65.386,0.999969,0.9999978,0.0,0.0
976.pgm,2500,0.038147,12352,18.8477,19.528,0.018875,65.3719,0.99996,0.9999988,0.0,0.0
977.pgm,2500,0.038147,64896,99.0234,23.46,0.019028,65.3369,0.999981,0.9999923,0.0,0.999994
978.pgm,2500,0.038147,21456,32.7393,13.511,0.019058,65.33,0.999946,0.9999964,0.0,0.0
979.pgm,2500,0.038147,26544,40.5029,21.555,0.019012,65.3404,0.999936,0.9999903,0.0,0.73071
980.pgm,2500,0.038147,27152,41.4307,57.796,0.019073,65.3265,0.999966,0.9999976,0.0,0.0
981.pgm,2500,0.038147,38144,58.2031,83.001,0.018311,65.5038,0.999963,0.999996,0.0,0.0
982.pgm,2500,0.038147,4560,6.958,20.939,0.019196,65.2988,0.999892,0.9999912,0.0,0.0
983.pgm,2500,0.038147,22544,34.3994,54.174,0.01915,65.3092,0.999951,0.999996,0.0,0.0
984.pgm,2500,0.038147,37392,57.0557,49.873,0.019119,65.3161,0.999959,0.9999978,0.0,0.620789
985.pgm,2500,0.038147,58320,88.9893,29.358,0.018478,65.4642,0.99997,0.9999943,0.0,0.195308
986.pgm,2500,0.038147,37664,57.4707,18.901,0.019012,65.3404,0.99993,0.9999914,0.0,0.0
987.pgm,2500,0.038147,30160,46.0205,16.906,0.019211,65.2953,0.999955,0.9999932,0.0,0.0
988.pgm,2500,0.038147,17536,26.7578,103.046,0.018799,65.3895,0.999958,0.9999981,0.0,0.0
989.pgm,2500,0.038147,35392,54.0039,35.048,0.018768,65.3966,0.999963,0.9999948,0.0,6.1e-05
990.pgm,2500,0.038147,40352,61.5723,18.78,0.018784,65.393,0.999977,0.9999971,0.0,4.1e-05
991.pgm,2500,0.038147,22320,34.0576,13.066,0.01915,65.3092,0.999951,0.9999954,0.0,0.0
992.pgm,2500,0.038147,57568,87.8418,21.945,0.019104,65.3196,0.999982,0.9999964,0.0,0.878541
993.pgm,2500,0.038147,39680,60.5469,164.781,0.01976,65.1729,0.999969,0.9999966,0.0,0.439446
994.pgm,2500,0.038147,27552,42.041,22.373,0.018524,65.4534,0.999965,0.9999964,0.0,0.037621
995.pgm,2500,0.038147,49632,75.7324,18.167,0.018845,65.3789,0.999964,0.9999929,0.0,0.549265
996.pgm,2500,0.038147,20080,30.6396,10.613,0.018799,65.3895,0.999962,0.9999938,0.0,0.166963
997.pgm,2500,0.038147,32960,50.293,13.645,0.018845,65.3789,0.999954,0.999997,0.0,0.235644
998.pgm,2500,0.038147,14640,22.3389,51.422,0.019287,65.2781,0.999949,0.9999958,0.0,0.0
999.pgm,2500,0.038147,41744,63.6963,47.885,0.018433,65.4749,0.999974,0.9999988,0.0,0.0
1000.pgm,2500,0.038147,27120,41.3818,32.422,0.018814,65.386,0.999971,0.9999987,0.0,0.0
1.pgm,5000,0.076294,23952,36.5479,30.186,0.03775,62.3616,0.999923,0.9999961,0.0,0.0
2.pgm,5000,0.076294,10768,16.4307,33.91,0.037796,62.3563,0.999819,0.9999836,0.0,0.0
3.pgm,5000,0.076294,24720,37.7197,104.452,0.03775,62.3616,0.999911,0.9999938,0.0,0.0
4.pgm,5000,0.076294,27968,42.6758,58.42,0.037567,62.3827,0.999934,0.9999952,0.0,0.0
5.pgm,5000,0.076294,22480,34.3018,36.276,0.039246,62.1929,0.999885,0.9999957,0.0,0.0
6.pgm,5000,0.076294,37872,57.7881,246.144,0.038269,62.3023,0.999945,0.9999927,0.0,2.7e-05
7.pgm,5000,0.076294,25072,38.2568,65.777,0.038818,62.2404,0.999938,0.999997,0.0,0.0
8.pgm,5000,0.076294,38224,58.3252,34.206,0.038193,62.311,0.999919,0.999991,0.0,0.794488
9.pgm,5000,0.076294,49376,75.3418,35.588,0.03775,62.3616,0.999932,0.9999862,0.0,0.250449
10.pgm,5000,0.076294,35296,53.8574,205.795,0.037811,62.3546,0.999931,0.9999956,0.0,0.009745
11.pgm,5000,0.076294,31472,48.0225,37.127,0.038208,62.3093,0.999918,0.9999959,0.0,0.0
12.pgm,5000,0.076294,30368,46.3379,25.599,0.037735,62.3634,0.999897,0.9999856,0.0,0.010266
13.pgm,5000,0.076294,43904,66.9922,46.076,0.037918,62.3423,0.999933,0.9999922,0.0,0.0
14.pgm,5000,0.076294,16208,24.7314,78.774,0.037872,62.3476,0.999901,0.9999964,0.0,0.048493
15.pgm,5000,0.076294,32320,49.3164,52.003,0.037109,62.436,0.999905,0.9999836,0.0,0.000227
16.pgm,5000,0.076294,14640,22.3389,29.63,0.038315,62.2971,0.999855,0.9999814,0.0,0.00115
17.pgm,5000,0.076294,25408,38.7695,147.835,0.038315,62.2971,0.999951,0.9999977,0.0,0.0
18.pgm,5000,0.076294,18144,27.6855,40.597,0.039001,62.22,0.999916,0.9999955,0.0,0.000683
19.pgm,5000,0.076294,36032,54.9805,23.926,0.038422,62.285,0.999933,0.9999955,0.0,0.0
20.pgm,5000,0.076294,35344,53.9307,22.579,0.039581,62.1559,0.999864,0.9999786,0.0,0.999904
21.pgm,5000,0.076294,31584,48.1934,123.857,0.037949,62.3388,0.999936,0.9999758,0.0,0.035058
22.pgm,5000,0.076294,41888,63.916,39.537,0.037888,62.3458,0.999945,0.9999901,0.0,0.119205
23.pgm,5000,0.076294,24832,37.8906,17.7,0.038498,62.2764,0.999933,0.9999953,0.0,0.0
24.pgm,5000,0.076294,25856,39.4531,16.871,0.038727,62.2507,0.999876,0.9999881,0.0,0.046383
25.pgm,5000,0.076294,25040,38.208,31.002,0.03833,62.2954,0.999936,0.9999967,0.0,0.0
26.pgm,5000,0.076294,60624,92.5049,87.029,0.038574,62.2678,0.999943,0.9999856,0.0,0.4014
27.pgm,5000,0.076294,43392,66.2109,25.992,0.03804,62.3284,0.999901,0.9999889,0.0,0.860774
28.pgm,5000,0.076294,23216,35.4248,17.487,0.037674,62.3704,0.999912,0.9999956,0.0,0.0
29.pgm,5000,0.076294,52400,79.9561,26.43,0.038162,62.3145,0.999933,0.9999863,0.0,0.508386
30.pgm,5000,0.076294,36208,55.249,200.696,0.038818,62.2404,0.999928,0.9999895,0.0,2.3e-05
31.pgm,5000,0.076294,22368,34.1309,33.001,0.037766,62.3599,0.999908,0.9999964,0.0,0.0
32.pgm,5000,0.076294,17872,27.2705,16.94,0.038284,62.3006,0.999929,0.9999933,0.0,0.0
33.pgm,5000,0.076294,38832,59.2529,17.681,0.038269,62.3023,0.999944,0.9999918,0.0,0.037909
34.pgm,5000,0.076294,33520,51.1475,22.774,0.038406,62.2868,0.999928,0.9999912,0.0,0.0
35.pgm,5000,0.076294,25424,38.7939,191.181,0.038239,62.3058,0.99994,0.9999974,0.0,0.0
36.pgm,5000,0.076294,30320,46.2646,41.212,0.037842,62.3511,0.999945,0.9999905,0.0,0.0
37.pgm,5000,0.076294,23792,36.3037,20.568,0.037659,62.3722,0.999894,0.9999919,0.0,0.293644
38.pgm,5000,0.076294,39472,60.2295,21.965,0.038223,62.3075,0.999931,0.9999957,0.0,0.0
39.pgm,5000,0.076294,58976,89.9902,152.103,0.039093,62.2098,0.999929,0.9999815,0.0,0.22138
40.pgm,5000,0.076294,27264,41.6016,23.573,0.038361,62.292,0.99991,0.9999961,0.0,0.0
42.pgm,5000,0.076294,33776,51.5381,18.805,0.037842,62.3511,0.999886,0.9999882,0.0,0.86502
43.pgm,5000,0.076294,28576,43.6035,24.057,0.038193,62.311,0.999899,0.9999815,0.0,1.2e-05
44.pgm,5000,0.076294,10576,16.1377,134.594,0.037888,62.3458,0.999937,0.999991,0.0,0.0
45.pgm,5000,0.076294,33776,51.5381,32.38,0.039734,62.1392,0.999931,0.9999915,0.0,0.0
46.pgm,5000,0.076294,21776,33.2275,20.068,0.038651,62.2593,0.999936,0.9999979,0.0,0.0
47.pgm,5000,0.076294,12752,19.458,19.887,0.038513,62.2747,0.999903,0.9999949,0.0,0.0
48.pgm,5000,0.076294,40784,62.2314,188.838,0.038315,62.2971,0.999915,0.999995,0.0,0.0
49.pgm,5000,0.076294,19280,29.4189,42.53,0.038071,62.3249,0.999859,0.9999836,0.0,0.0
50.pgm,5000,0.076294,12176,18.5791,17.88,0.038452,62.2816,0.999783,0.9999812,0.0,0.0
51.pgm,5000,0.076294,20320,31.0059,16.146,0.037521,62.388,0.999908,0.9999959,0.0,2e-06
52.pgm,5000,0.076294,21984,33.5449,22.563,0.038452,62.2816,0.999857,0.9999732,0.0,0.999002
53.pgm,5000,0.076294,10176,15.5273,199.84,0.037506,62.3898,0.999861,0.9999819,0.0,0.012102
54.pgm,5000,0.076294,41328,63.0615,32.756,0.037857,62.3493,0.999919,0.9999945,0.0,0.0
55.pgm,5000,0.076294,27584,42.0898,16.426,0.038452,62.2816,0.99996,0.9999955,0.0,0.0
56.pgm,5000,0.076294,10304,15.7227,17.491,0.038345,62.2937,0.999789,0.9999774,0.0,0.0
57.pgm,5000,0.076294,50976,77.7832,181.097,0.038361,62.292,0.999903,0.9999907,0.0,0.998923
58.pgm,5000,0.076294,43312,66.0889,52.398,0.038574,62.2678,0.999936,0.9999927,0.0,0.930242
59.pgm,5000,0.076294,32000,48.8281,31.179,0.038132,62.3179,0.999917,0.9999935,0.0,0.000586
60.pgm,5000,0.076294,28560,43.5791,21.957,0.03746,62.3951,0.999904,0.9999949,0.0,0.0
61.pgm,5000,0.076294,39456,60.2051,187.874,0.038193,62.311,0.999925,0.9999965,0.0,0.0
62.pgm,5000,0.076294,13200,20.1416,47.139,0.038147,62.3162,0.999886,0.9999948,0.0,2e-06
63.pgm,5000,0.076294,16784,25.6104,20.755,0.03775,62.3616,0.999869,0.9999634,0.0,0.0
64.pgm,5000,0.076294,33104,50.5127,18.98,0.039108,62.2081,0.999911,0.9999971,0.0,0.0
65.pgm,5000,0.076294,34560,52.7344,33.217,0.038391,62.2885,0.999906,0.9999916,0.0,0.996633
66.pgm,5000,0.076294,19952,30.4443,57.068,0.037781,62.3581,0.999887,0.9999932,0.0,0.053645
67.pgm,5000,0.076294,32000,48.8281,34.184,0.037415,62.4004,0.999909,0.9999913,0.0,0.0
68.pgm,5000,0.076294,14336,21.875,20.699,0.037857,62.3493,0.999928,0.9999976,0.0,0.0
69.pgm,5000,0.076294,23344,35.6201,118.54,0.038345,62.2937,0.999924,0.999995,0.0,0.0
70.pgm,5000,0.076294,34064,51.9775,42.908,0.038147,62.3162,0.999942,0.9999927,0.0,2.5e-05
71.pgm,5000,0.076294,18080,27.5879,42.23,0.038239,62.3058,0.99991,0.999993,0.0,0.108523
72.pgm,5000,0.076294,16448,25.0977,87.122,0.037811,62.3546,0.999877,0.9999873,0.0,0.000118
73.pgm,5000,0.076294,23792,36.3037,31.968,0.037674,62.3704,0.999922,0.9999929,0.0,0.0
74.pgm,5000,0.076294,54864,83.7158,204.366,0.037949,62.3388,0.999897,0.9999846,0.0,0.999993
75.pgm,5000,0.076294,30608,46.7041,34.437,0.037872,62.3476,0.999905,0.9999869,0.0,0.001066
76.pgm,5000,0.076294,55072,84.0332,48.329,0.038757,62.2473,0.9999,0.9999884,0.0,0.992784
77.pgm,5000,0.076294,32608,49.7559,107.231,0.038696,62.2541,0.999963,0.9999967,0.0,0.0
78.pgm,5000,0.076294,47680,72.7539,32.039,0.03833,62.2954,0.999925,0.9999904,0.0,0.999989
79.pgm,5000,0.076294,39840,60.791,20.103,0.038269,62.3023,0.999927,0.9999965,0.0,0.0
80.pgm,5000,0.076294,50272,76.709,22.423,0.038452,62.2816,0.999928,0.999987,0.0,0.997681
81.pgm,5000,0.076294,28640,43.7012,71.487,0.038727,62.2507,0.999917,0.9999914,0.0,0.797602
82.pgm,5000,0.076294,29984,45.752,74.963,0.038437,62.2833,0.999934,0.9999957,0.0,0.0
83.pgm,5000,0.076294,40896,62.4023,33.008,0.037323,62.411,0.999944,0.9999956,0.0,0.0
84.pgm,5000,0.076294,30560,46.6309,17.798,0.037781,62.3581,0.999912,0.999991,0.0,0.0
85.pgm,5000,0.076294,35344,53.9307,22.459,0.038483,62.2782,0.999909,0.9999941,0.0,0.999381
86.pgm,5000,0.076294,15328,23.3887,133.504,0.03801,62.3319,0.999905,0.9999968,0.0,0.0
87.pgm,5000,0.076294,31360,47.8516,50.116,0.038284,62.3006,0.999878,0.9999913,0.0,0.936761
88.pgm,5000,0.076294,37808,57.6904,29.314,0.037399,62.4022,0.999932,0.9999898,0.0,0.837682
89.pgm,5000,0.076294,19056,29.0771,127.068,0.037888,62.3458,0.999922,0.9999952,0.0,0.0
90.pgm,5000,0.076294,33888,51.709,27.897,0.038391,62.2885,0.999885,0.9999806,0.0,0.999759
91.pgm,5000,0.076294,45440,69.3359,22.794,0.037827,62.3528,0.999941,0.9999819,0.0,0.0
92.pgm,5000,0.076294,11888,18.1396,22.438,0.038559,62.2696,0.99991,0.9999897,0.0,0.0
93.pgm,5000,0.076294,26592,40.5762,157.063,0.03717,62.4288,0.999922,0.9999946,0.0,0.960579
94.pgm,5000,0.076294,30640,46.7529,35.029,0.038284,62.3006,0.999934,0.999995,0.0,0.000444
95.pgm,5000,0.076294,22112,33.7402,18.121,0.037735,62.3634,0.999924,0.9999864,0.0,1e-06
96.pgm,5000,0.076294,33040,50.415,17.391,0.038483,62.2782,0.99994,0.9999977,0.0,0.0
97.pgm,5000,0.076294,23792,36.3037,30.667,0.038269,62.3023,0.999926,0.9999957,0.0,0.0
98.pgm,5000,0.076294,20720,31.6162,102.717,0.037659,62.3722,0.99983,0.9999901,0.0,0.507048
99.pgm,5000,0.076294,44480,67.8711,39.288,0.038452,62.2816,0.999909,0.9999911,0.0,8.7e-05
100.pgm,5000,0.076294,31616,48.2422,24.871,0.037277,62.4164,0.999887,0.9999894,0.0,0.0
101.pgm,5000,0.076294,55440,84.5947,161.346,0.03801,62.3319,0.999953,0.9999922,0.0,0.775177
102.pgm,5000,0.076294,63584,97.0215,46.805,0.038239,62.3058,0.999973,0.9999893,0.0,0.999392
103.pgm,5000,0.076294,21648,33.0322,20.195,0.038376,62.2902,0.999921,0.9999926,0.0,0.001371
104.pgm,5000,0.076294,24368,37.1826,19.911,0.037521,62.388,0.999914,0.9999891,0.0,0.0
105.pgm,5000,0.076294,20992,32.0312,196.438,0.037994,62.3336,0.999935,0.9999923,0.0,0.0
106.pgm,5000,0.076294,41040,62.6221,45.349,0.037704,62.3669,0.999939,0.9999945,0.0,0.0
107.pgm,5000,0.076294,55072,84.0332,25.394,0.037872,62.3476,0.999917,0.9999909,0.0,0.388889
108.pgm,5000,0.076294,56576,86.3281,24.175,0.037781,62.3581,0.999965,0.9999958,0.0,0.938118
109.pgm,5000,0.076294,27520,41.9922,72.995,0.038788,62.2438,0.999929,0.9999928,0.0,0.0
110.pgm,5000,0.076294,43488,66.3574,93.914,0.039093,62.2098,0.999951,0.9999956,0.0,0.0
111.pgm,5000,0.076294,35888,54.7607,24.795,0.037949,62.3388,0.99994,0.9999879,0.0,0.961971
112.pgm,5000,0.076294,29424,44.8975,17.394,0.037872,62.3476,0.999933,0.9999961,0.0,0.001192
113.pgm,5000,0.076294,25424,38.7939,17.521,0.038147,62.3162,0.999898,0.9999941,0.0,0.0
114.pgm,5000,0.076294,29952,45.7031,104.352,0.037415,62.4004,0.999921,0.9999936,0.0,0.999999
115.pgm,5000,0.076294,38176,58.252,66.533,0.038544,62.2713,0.999949,0.999992,0.0,0.94252
117.pgm,5000,0.076294,41168,62.8174,26.165,0.036758,62.4772,0.99993,0.9999931,0.0,0.0
118.pgm,5000,0.076294,27664,42.2119,17.666,0.037781,62.3581,0.999919,0.9999973,0.0,0.0
119.pgm,5000,0.076294,14240,21.7285,15.648,0.037888,62.3458,0.99991,0.9999915,0.0,0.0
120.pgm,5000,0.076294,55520,84.7168,219.876,0.037994,62.3336,0.999951,0.9999834,0.0,0.995923
121.pgm,5000,0.076294,23856,36.4014,26.091,0.037704,62.3669,0.999934,0.9999969,0.0,0.0
122.pgm,5000,0.076294,23312,35.5713,18.005,0.037827,62.3528,0.999875,0.999993,0.0,0.0
123.pgm,5000,0.076294,28832,43.9941,20.23,0.038727,62.2507,0.999869,0.9999896,0.0,0.0
124.pgm,5000,0.076294,20960,31.9824,190.697,0.038391,62.2885,0.999949,0.9999959,0.0,0.0
125.pgm,5000,0.076294,31680,48.3398,32.389,0.0383,62.2989,0.999929,0.9999951,0.0,0.00057
126.pgm,5000,0.076294,55328,84.4238,22.404,0.038696,62.2541,0.999939,0.9999838,0.0,0.782031
127.pgm,5000,0.076294,23408,35.7178,16.174,0.038315,62.2971,0.999937,0.9999978,0.0,0.0
128.pgm,5000,0.076294,11376,17.3584,33.188,0.038452,62.2816,0.999875,0.999993,0.0,0.320638
129.pgm,5000,0.076294,21664,33.0566,104.291,0.037994,62.3336,0.999914,0.9999972,0.0,0.0
130.pgm,5000,0.076294,18192,27.7588,26.903,0.038635,62.261,0.999882,0.9999961,0.0,0.230274
131.pgm,5000,0.076294,20752,31.665,20.364,0.037781,62.3581,0.999804,0.9999588,0.0,0.899533
132.pgm,5000,0.076294,28336,43.2373,21.362,0.038467,62.2799,0.999902,0.9999916,0.0,0.014602
133.pgm,5000,0.076294,24288,37.0605,148.848,0.039078,62.2115,0.999849,0.9999862,0.0,0.0
134.pgm,5000,0.076294,11392,17.3828,39.021,0.038223,62.3075,0.999829,0.9999912,0.0,0.0
135.pgm,5000,0.076294,35952,54.8584,29.168,0.038757,62.2473,0.999894,0.9999851,0.0,0.0
136.pgm,5000,0.076294,48752,74.3896,24.249,0.037735,62.3634,0.99993,0.9999963,0.0,0.0
137.pgm,5000,0.076294,34528,52.6855,215.992,0.038589,62.2661,0.99994,0.9999949,0.0,3.8e-05
138.pgm,5000,0.076294,23664,36.1084,37.903,0.038055,62.3266,0.999908,0.9999956,0.0,0.000573
139.pgm,5000,0.076294,27744,42.334,18.57,0.038757,62.2473,0.999924,0.999997,0.0,0.0
140.pgm,5000,0.076294,14352,21.8994,14.043,0.039322,62.1845,0.999874,0.9999892,0.0,0.0
141.pgm,5000,0.076294,13776,21.0205,19.716,0.038971,62.2234,0.999843,0.999978,0.0,0.0
142.pgm,5000,0.076294,34784,53.0762,186.187,0.038177,62.3127,0.999927,0.9999935,0.0,0.0
143.pgm,5000,0.076294,53296,81.3232,39.984,0.039124,62.2064,0.999907,0.9999761,0.0,0.86423
144.pgm,5000,0.076294,26816,40.918,19.052,0.038132,62.3179,0.999916,0.9999908,0.0,0.935912
145.pgm,5000,0.076294,53600,81.7871,20.112,0.037613,62.3774,0.999925,0.9999909,0.0,0.99999
146.pgm,5000,0.076294,16176,24.6826,18.188,0.037933,62.3406,0.999882,0.9999872,0.0,0.0
147.pgm,5000,0.076294,26592,40.5762,209.754,0.038345,62.2937,0.999848,0.9999676,0.0,0.0
148.pgm,5000,0.076294,16336,24.9268,36.943,0.038193,62.311,0.999864,0.9999936,0.0,0.240091
149.pgm,5000,0.076294,51600,78.7354,25.723,0.037354,62.4075,0.99995,0.9999917,0.0,0.090741
150.pgm,5000,0.076294,45072,68.7744,21.834,0.037933,62.3406,0.999915,0.999985,0.0,0.363973
151.pgm,5000,0.076294,29968,45.7275,84.323,0.037964,62.3371,0.999891,0.999986,0.0,0.991933
152.pgm,5000,0.076294,34880,53.2227,88.111,0.037125,62.4342,0.999945,0.9999835,0.0,0.415857
153.pgm,5000,0.076294,22912,34.9609,84.754,0.037476,62.3933,0.999906,0.9999859,0.0,0.0
154.pgm,5000,0.076294,18496,28.2227,165.788,0.037643,62.3739,0.999853,0.999985,0.0,0.0
155.pgm,5000,0.076294,26864,40.9912,42.441,0.038086,62.3232,0.999796,0.9999699,0.0,0.020154
156.pgm,5000,0.076294,35984,54.9072,22.381,0.039474,62.1676,0.99993,0.9999948,0.0,0.0
157.pgm,5000,0.076294,23984,36.5967,17.069,0.038132,62.3179,0.999869,0.9999923,0.0,0.233806
158.pgm,5000,0.076294,37840,57.7393,142.369,0.037918,62.3423,0.999824,0.9999655,0.0,0.0
159.pgm,5000,0.076294,20320,31.0059,52.65,0.038834,62.2387,0.999901,0.999997,0.0,0.0
160.pgm,5000,0.076294,11248,17.1631,20.347,0.038803,62.2421,0.999918,0.9999934,0.0,5.7e-05
161.pgm,5000,0.076294,16704,25.4883,20.265,0.038391,62.2885,0.999907,0.9999972,0.0,0.0
162.pgm,5000,0.076294,24464,37.3291,81.275,0.038177,62.3127,0.999893,0.9999963,0.0,0.0
163.pgm,5000,0.076294,47696,72.7783,79.459,0.037766,62.3599,0.999919,0.9999954,0.0,0.0
164.pgm,5000,0.076294,23504,35.8643,19.842,0.038788,62.2438,0.999876,0.9999944,0.0,0.0
165.pgm,5000,0.076294,44096,67.2852,19.878,0.038269,62.3023,0.999878,0.9999648,0.0,0.007508
166.pgm,5000,0.076294,5952,9.082,15.565,0.037613,62.3774,0.999893,0.9999961,0.0,0.000562
167.pgm,5000,0.076294,12512,19.0918,171.892,0.037918,62.3423,0.99989,0.9999933,0.0,0.203772
168.pgm,5000,0.076294,55632,84.8877,46.111,0.038406,62.2868,0.99991,0.9999896,0.0,0.955274
169.pgm,5000,0.076294,48464,73.9502,30.441,0.038193,62.311,0.999933,0.9999945,0.0,0.0
170.pgm,5000,0.076294,15840,24.1699,18.755,0.038208,62.3093,0.999902,0.9999963,0.0,0.0
171.pgm,5000,0.076294,42240,64.4531,222.586,0.038406,62.2868,0.999938,0.9999901,0.0,0.004313
172.pgm,5000,0.076294,37680,57.4951,41.593,0.03833,62.2954,0.999827,0.9999644,0.0,0.0
173.pgm,5000,0.076294,25008,38.1592,17.161,0.037933,62.3406,0.999934,0.9999964,0.0,0.0
174.pgm,5000,0.076294,16928,25.8301,13.761,0.037888,62.3458,0.999791,0.9999745,0.0,0.0
175.pgm,5000,0.076294,22416,34.2041,21.091,0.038071,62.3249,0.999931,0.9999813,0.0,0.870055
176.pgm,5000,0.076294,41248,62.9395,95.347,0.038483,62.2782,0.999885,0.9999949,0.0,0.332651
177.pgm,5000,0.076294,43168,65.8691,62.479,0.037415,62.4004,0.999937,0.999995,0.0,0.135477
178.pgm,5000,0.076294,5984,9.1309,16.881,0.03833,62.2954,0.99991,0.9999941,0.0,0.0
179.pgm,5000,0.076294,26000,39.6729,18.541,0.037521,62.388,0.999888,0.9999838,0.0,0.325716
180.pgm,5000,0.076294,31520,48.0957,18.101,0.037857,62.3493,0.99991,0.9999869,0.0,2e-05
181.pgm,5000,0.076294,35616,54.3457,34.183,0.038376,62.2902,0.999939,0.9999956,0.0,0.026427
182.pgm,5000,0.076294,26176,39.9414,140.292,0.038116,62.3197,0.9999,0.999989,0.0,1e-06
183.pgm,5000,0.076294,36512,55.7129,34.983,0.039291,62.1878,0.999928,0.9999931,0.0,0.008982
184.pgm,5000,0.076294,35200,53.7109,20.766,0.03775,62.3616,0.999937,0.9999974,0.0,0.0
185.pgm,5000,0.076294,54352,82.9346,29.522,0.037888,62.3458,0.999923,0.9999844,0.0,0.581772
186.pgm,5000,0.076294,22672,34.5947,128.786,0.037598,62.3792,0.999941,0.9999975,0.0,0.0
187.pgm,5000,0.076294,19072,29.1016,47.145,0.037918,62.3423,0.999934,0.9999942,0.0,2.3e-05
188.pgm,5000,0.076294,35888,54.7607,27.605,0.038498,62.2764,0.999883,0.9999823,0.0,0.0
189.pgm,5000,0.076294,23616,36.0352,19.976,0.038193,62.311,0.999931,0.999997,0.0,0.0
190.pgm,5000,0.076294,38176,58.252,23.35,0.038391,62.2885,0.99993,0.9999953,0.0,0.636414
191.pgm,5000,0.076294,23376,35.6689,177.794,0.038956,62.2251,0.999919,0.999993,0.0,0.005528
192.pgm,5000,0.076294,56112,85.6201,53.903,0.038773,62.2456,0.999951,0.9999828,0.0,0.998035
193.pgm,5000,0.076294,36576,55.8105,23.522,0.038712,62.2524,0.999944,0.9999953,0.0,0.576454
194.pgm,5000,0.076294,51664,78.833,22.56,0.038467,62.2799,0.999903,0.9999857,0.0,0.100038
195.pgm,5000,0.076294,31920,48.7061,19.331,0.038528,62.273,0.999936,0.9999951,0.0,0.000414
196.pgm,5000,0.076294,11968,18.2617,106.938,0.038193,62.311,0.999909,0.9999846,0.0,0.0
197.pgm,5000,0.076294,14384,21.9482,58.296,0.038315,62.2971,0.999889,0.9999908,0.0,0.0
198.pgm,5000,0.076294,45680,69.7021,28.654,0.038162,62.3145,0.999911,0.9999839,0.0,0.891741
199.pgm,5000,0.076294,28032,42.7734,20.788,0.037933,62.3406,0.999919,0.9999927,0.0,0.0
200.pgm,5000,0.076294,6032,9.2041,21.755,0.037491,62.3916,0.999856,0.9999856,0.0,0.0
201.pgm,5000,0.076294,12096,18.457,182.826,0.038345,62.2937,0.999893,0.9999933,0.0,0.0
202.pgm,5000,0.076294,29392,44.8486,31.619,0.037689,62.3686,0.999955,0.9999975,0.0,0.0
203.pgm,5000,0.076294,23216,35.4248,16.665,0.037994,62.3336,0.999945,0.9999974,0.0,0.0
204.pgm,5000,0.076294,31056,47.3877,15.636,0.039734,62.1392,0.999919,0.999992,0.0,6.3e-05
205.pgm,5000,0.076294,51216,78.1494,21.73,0.038147,62.3162,0.99993,0.9999917,0.0,0.873432
206.pgm,5000,0.076294,44512,67.9199,193.074,0.037842,62.3511,0.999823,0.9999559,0.0,0.89142
207.pgm,5000,0.076294,15488,23.6328,33.764,0.038513,62.2747,0.999874,0.9999637,0.0,6e-06
208.pgm,5000,0.076294,45200,68.9697,23.86,0.038055,62.3266,0.999933,0.9999957,0.0,0.0
209.pgm,5000,0.076294,48336,73.7549,19.717,0.038239,62.3058,0.999945,0.9999904,0.0,0.584221
210.pgm,5000,0.076294,33328,50.8545,19.599,0.037308,62.4128,0.99987,0.9999855,0.0,0.0
211.pgm,5000,0.076294,28160,42.9688,146.671,0.037506,62.3898,0.999854,0.9999724,0.0,0.033568
212.pgm,5000,0.076294,8592,13.1104,40.481,0.037369,62.4057,0.99988,0.9999952,0.0,0.0
213.pgm,5000,0.076294,21152,32.2754,20.992,0.037933,62.3406,0.999925,0.9999975,0.0,0.0
214.pgm,5000,0.076294,42656,65.0879,19.35,0.038528,62.273,0.999956,0.9999896,0.0,2e-06
215.pgm,5000,0.076294,18832,28.7354,20.076,0.038147,62.3162,0.999933,0.9999928,0.0,0.254491
216.pgm,5000,0.076294,30704,46.8506,199.658,0.038101,62.3214,0.999913,0.9999972,0.0,0.0
217.pgm,5000,0.076294,27680,42.2363,32.835,0.037689,62.3686,0.999945,0.9999972,0.0,0.0
218.pgm,5000,0.076294,33120,50.5371,20.141,0.039001,62.22,0.999913,0.9999938,0.0,0.000834
219.pgm,5000,0.076294,28560,43.5791,16.854,0.038391,62.2885,0.99993,0.9999921,0.0,0.0
220.pgm,5000,0.076294,19104,29.1504,21.902,0.037796,62.3563,0.999907,0.9999943,0.0,0.0
221.pgm,5000,0.076294,39984,61.0107,178.188,0.037888,62.3458,0.999946,0.9999925,0.0,0.999719
222.pgm,5000,0.076294,39872,60.8398,31.285,0.037949,62.3388,0.999923,0.9999903,0.0,0.278369
223.pgm,5000,0.076294,48640,74.2188,19.946,0.038818,62.2404,0.999908,0.9999873,0.0,0.899604
224.pgm,5000,0.076294,17072,26.0498,14.149,0.037933,62.3406,0.999871,0.999996,0.0,0.0
225.pgm,5000,0.076294,20784,31.7139,21.058,0.037933,62.3406,0.999894,0.999995,0.0,0.0
226.pgm,5000,0.076294,28032,42.7734,202.632,0.03833,62.2954,0.999926,0.9999968,0.0,0.0
227.pgm,5000,0.076294,24864,37.9395,36.88,0.038437,62.2833,0.999866,0.9999798,0.0,0.888316
230.pgm,5000,0.076294,21984,33.5449,20.014,0.038574,62.2678,0.999928,0.9999975,0.0,0.0
231.pgm,5000,0.076294,27184,41.4795,16.865,0.037567,62.3827,0.999915,0.9999961,0.0,0.0
232.pgm,5000,0.076294,39184,59.79,24.197,0.038239,62.3058,0.999941,0.9999859,0.0,0.999821
233.pgm,5000,0.076294,15584,23.7793,169.225,0.037064,62.4413,0.99987,0.9999895,0.0,0.0
235.pgm,5000,0.076294,32624,49.7803,51.999,0.038681,62.2558,0.999911,0.9999961,0.0,0.065958
236.pgm,5000,0.076294,14800,22.583,25.881,0.0383,62.2989,0.999803,0.9999874,0.0,0.0
237.pgm,5000,0.076294,44560,67.9932,32.667,0.038513,62.2747,0.999941,0.999995,0.0,0.0
238.pgm,5000,0.076294,26784,40.8691,211.504,0.037842,62.3511,0.999926,0.9999965,0.0,0.0
239.pgm,5000,0.076294,14592,22.2656,33.783,0.038452,62.2816,0.999915,0.9999965,0.0,0.201645
240.pgm,5000,0.076294,14272,21.7773,20.328,0.036606,62.4953,0.999877,0.9999929,0.0,1.5e-05
241.pgm,5000,0.076294,26224,40.0146,17.942,0.037766,62.3599,0.999935,0.9999925,0.0,0.509229
242.pgm,5000,0.076294,23200,35.4004,21.968,0.038666,62.2575,0.999926,0.9999954,0.0,0.0
243.pgm,5000,0.076294,7232,11.0352,154.652,0.038269,62.3023,0.999787,0.999978,0.0,0.0
244.pgm,5000,0.076294,44688,68.1885,36.975,0.038406,62.2868,0.999932,0.9999952,0.0,0.0
245.pgm,5000,0.076294,24256,37.0117,17.524,0.03775,62.3616,0.999877,0.9999926,0.0,0.0
246.pgm,5000,0.076294,27296,41.6504,15.616,0.039597,62.1542,0.9999,0.9999861,0.0,3e-06
247.pgm,5000,0.076294,29088,44.3848,19.538,0.038788,62.2438,0.999903,0.9999857,0.0,0.0
248.pgm,5000,0.076294,7344,11.2061,180.828,0.038239,62.3058,0.999698,0.9998748,0.0,0.0
249.pgm,5000,0.076294,40880,62.3779,46.555,0.039597,62.1542,0.999901,0.9999762,0.0,0.194442
250.pgm,5000,0.076294,32368,49.3896,22.599,0.038162,62.3145,0.999934,0.9999946,0.0,0.0
251.pgm,5000,0.076294,45520,69.458,21.609,0.037384,62.4039,0.999921,0.9999886,0.0,2.3e-05
252.pgm,5000,0.076294,55024,83.96,36.515,0.03862,62.2627,0.999921,0.9999831,0.0,0.999991
253.pgm,5000,0.076294,25712,39.2334,109.945,0.037704,62.3669,0.999878,0.9999941,0.0,0.0
254.pgm,5000,0.076294,35392,54.0039,30.356,0.038193,62.311,0.999916,0.999996,0.0,0.0
256.pgm,5000,0.076294,23504,35.8643,17.533,0.037857,62.3493,0.999894,0.9999957,0.0,0.00717
257.pgm,5000,0.076294,12368,18.8721,15.317,0.037155,62.4306,0.99983,0.9999886,0.0,0.001388
258.pgm,5000,0.076294,11280,17.2119,120.609,0.037827,62.3528,0.999853,0.9999712,0.0,0.995827
259.pgm,5000,0.076294,21664,33.0566,40.232,0.039352,62.1811,0.999939,0.9999962,0.0,0.0
260.pgm,5000,0.076294,50528,77.0996,23.31,0.037979,62.3354,0.99995,0.9999935,0.0,1.9e-05
261.pgm,5000,0.076294,25808,39.3799,16.084,0.037888,62.3458,0.99994,0.9999867,0.0,0.068802
262.pgm,5000,0.076294,24496,37.3779,22.028,0.03804,62.3284,0.999863,0.9999741,0.0,0.0
263.pgm,5000,0.076294,55184,84.2041,237.297,0.038391,62.2885,0.999908,0.9999901,0.0,0.62377
264.pgm,5000,0.076294,60672,92.5781,37.632,0.037949,62.3388,0.999944,0.9999859,0.0,0.69377
265.pgm,5000,0.076294,26912,41.0645,17.372,0.038818,62.2404,0.999879,0.9999918,0.0,0.0
266.pgm,5000,0.076294,9504,14.502,13.38,0.037354,62.4075,0.999885,0.9999975,0.0,0.0
268.pgm,5000,0.076294,36464,55.6396,24.547,0.03804,62.3284,0.999914,0.999984,0.0,0.734758
269.pgm,5000,0.076294,24048,36.6943,172.51,0.03894,62.2268,0.999952,0.9999966,0.0,0.0
270.pgm,5000,0.076294,24448,37.3047,29.506,0.036957,62.4539,0.99992,0.9999976,0.0,0.0
271.pgm,5000,0.076294,24112,36.792,27.961,0.039246,62.1929,0.999896,0.9999954,0.0,0.0
272.pgm,5000,0.076294,39136,59.7168,20.637,0.03833,62.2954,0.999915,0.9999871,0.0,0.964199
273.pgm,5000,0.076294,24640,37.5977,26.868,0.038361,62.292,0.999848,0.9999781,0.0,0.984991
275.pgm,5000,0.076294,20304,30.9814,141.448,0.03804,62.3284,0.999919,0.9999942,0.0,3e-06
276.pgm,5000,0.076294,23536,35.9131,29.829,0.03862,62.2627,0.999928,0.9999971,0.0,0.0
278.pgm,5000,0.076294,54448,83.0811,22.576,0.0383,62.2989,0.999958,0.9999845,0.0,0.902294
279.pgm,5000,0.076294,36368,55.4932,19.268,0.038605,62.2644,0.999947,0.9999967,0.0,0.0
280.pgm,5000,0.076294,29072,44.3604,102.343,0.038177,62.3127,0.999905,0.9999947,0.0,0.0
281.pgm,5000,0.076294,12464,19.0186,48.157,0.038269,62.3023,0.999911,0.9999966,0.0,0.0
282.pgm,5000,0.076294,55024,83.96,27.891,0.037796,62.3563,0.99991,0.9999883,0.0,0.999329
283.pgm,5000,0.076294,48752,74.3896,21.532,0.037918,62.3423,0.999918,0.999987,0.0,0.918091
284.pgm,5000,0.076294,24784,37.8174,23.065,0.037827,62.3528,0.999934,0.9999935,0.0,0.0
285.pgm,5000,0.076294,37936,57.8857,216.56,0.037766,62.3599,0.999939,0.9999949,0.0,0.001221
286.pgm,5000,0.076294,38272,58.3984,37.337,0.037994,62.3336,0.999944,0.999992,0.0,0.935911
287.pgm,5000,0.076294,20336,31.0303,18.896,0.037842,62.3511,0.999904,0.9999913,0.0,0.0
288.pgm,5000,0.076294,34656,52.8809,20.498,0.038116,62.3197,0.999918,0.9999948,0.0,1e-06
289.pgm,5000,0.076294,44576,68.0176,171.782,0.0383,62.2989,0.999931,0.9999908,0.0,0.668591
290.pgm,5000,0.076294,26720,40.7715,29.785,0.038055,62.3266,0.999913,0.9999951,0.0,0.616877
291.pgm,5000,0.076294,27744,42.334,18.93,0.038513,62.2747,0.999881,0.9999828,0.0,0.020819
292.pgm,5000,0.076294,16080,24.5361,14.503,0.038132,62.3179,0.999863,0.9999842,0.0,0.000394
293.pgm,5000,0.076294,24608,37.5488,16.85,0.037735,62.3634,0.999897,0.999995,0.0,0.071975
294.pgm,5000,0.076294,10096,15.4053,27.171,0.037918,62.3423,0.99983,0.9999872,0.0,0.0
295.pgm,5000,0.076294,42304,64.5508,140.277,0.03714,62.4324,0.999878,0.999983,0.0,0.721877
296.pgm,5000,0.076294,27280,41.626,37.194,0.037674,62.3704,0.999892,0.9999854,0.0,0.0
297.pgm,5000,0.076294,26960,41.1377,26.928,0.038773,62.2456,0.999856,0.9999719,0.0,0.995545
298.pgm,5000,0.076294,48480,73.9746,26.301,0.038528,62.273,0.999935,0.9999908,0.0,0.704288
299.pgm,5000,0.076294,16704,25.4883,134.18,0.03804,62.3284,0.999715,0.9998656,0.0,0.0
300.pgm,5000,0.076294,14496,22.1191,39.998,0.037354,62.4075,0.999922,0.999997,0.0,0.0
301.pgm,5000,0.076294,22592,34.4727,21.874,0.038757,62.2473,0.999917,0.9999958,0.0,0.0
302.pgm,5000,0.076294,23552,35.9375,19.77,0.037628,62.3757,0.999902,0.9999958,0.0,0.0
303.pgm,5000,0.076294,15392,23.4863,135.779,0.038162,62.3145,0.999888,0.999996,0.0,0.806347
304.pgm,5000,0.076294,51984,79.3213,46.416,0.038193,62.311,0.99993,0.9999843,0.0,0.999029
305.pgm,5000,0.076294,33632,51.3184,21.98,0.038208,62.3093,0.999858,0.9999908,0.0,0.006924
306.pgm,5000,0.076294,31840,48.584,18.687,0.038483,62.2782,0.999877,0.9999924,0.0,0.770441
307.pgm,5000,0.076294,11760,17.9443,26.571,0.038208,62.3093,0.999904,0.9999963,0.0,0.0
308.pgm,5000,0.076294,25920,39.5508,180.037,0.037613,62.3774,0.999891,0.9999942,0.0,0.0
309.pgm,5000,0.076294,21776,33.2275,25.308,0.038528,62.273,0.999936,0.9999961,0.0,7.5e-05
310.pgm,5000,0.076294,47760,72.876,19.715,0.038315,62.2971,0.999931,0.9999933,0.0,0.999984
311.pgm,5000,0.076294,22608,34.4971,26.174,0.038239,62.3058,0.99992,0.9999974,0.0,0.0
312.pgm,5000,0.076294,52944,80.7861,235.414,0.03862,62.2627,0.999914,0.9999911,0.0,0.890018
313.pgm,5000,0.076294,46368,70.752,36.59,0.037857,62.3493,0.999928,0.9999935,0.0,0.0
314.pgm,5000,0.076294,46096,70.3369,19.452,0.038666,62.2575,0.99994,0.9999947,0.0,0.368404
316.pgm,5000,0.076294,19584,29.8828,15.291,0.037643,62.3739,0.999854,0.9999854,0.0,0.0
317.pgm,5000,0.076294,30544,46.6064,31.278,0.038467,62.2799,0.999915,0.9999961,0.0,0.0
318.pgm,5000,0.076294,14288,21.8018,137.086,0.037262,62.4181,0.999915,0.999995,0.0,0.0
319.pgm,5000,0.076294,12032,18.3594,29.268,0.038223,62.3075,0.999874,0.9999921,0.0,3e-06
320.pgm,5000,0.076294,27312,41.6748,18.82,0.038101,62.3214,0.999937,0.9999963,0.0,0.0
321.pgm,5000,0.076294,42336,64.5996,37.107,0.037659,62.3722,0.999939,0.9999904,0.0,0.000284
322.pgm,5000,0.076294,22800,34.79,69.395,0.039383,62.1777,0.999922,0.9999904,0.0,0.0
323.pgm,5000,0.076294,27120,41.3818,35.783,0.0383,62.2989,0.99993,0.999992,0.0,0.017206
324.pgm,5000,0.076294,41888,63.916,24.12,0.038513,62.2747,0.999896,0.9999923,0.0,0.991947
325.pgm,5000,0.076294,18016,27.4902,15.988,0.039276,62.1895,0.999912,0.9999934,0.0,0.072467
326.pgm,5000,0.076294,29088,44.3848,89.598,0.037949,62.3388,0.999885,0.999984,0.0,0.035256
327.pgm,5000,0.076294,50992,77.8076,51.113,0.037506,62.3898,0.999891,0.9999883,0.0,0.760149
328.pgm,5000,0.076294,28832,43.9941,23.335,0.037903,62.3441,0.99993,0.9999965,0.0,0.0
329.pgm,5000,0.076294,31744,48.4375,20.357,0.037552,62.3845,0.999943,0.9999951,0.0,0.005015
330.pgm,5000,0.076294,31104,47.4609,28.201,0.037704,62.3669,0.999925,0.9999935,0.0,0.0
331.pgm,5000,0.076294,16896,25.7812,135.568,0.037308,62.4128,0.999831,0.9999688,0.0,0.563783
332.pgm,5000,0.076294,27968,42.6758,27.731,0.038666,62.2575,0.999918,0.9999962,0.0,0.0
333.pgm,5000,0.076294,34848,53.1738,18.381,0.038361,62.292,0.999925,0.9999924,0.0,0.982967
334.pgm,5000,0.076294,40368,61.5967,21.202,0.039062,62.2132,0.999959,0.999995,0.0,0.0
335.pgm,5000,0.076294,35712,54.4922,183.085,0.037979,62.3354,0.999925,0.9999952,0.0,0.0
336.pgm,5000,0.076294,13328,20.3369,33.178,0.038773,62.2456,0.999902,0.9999969,0.0,0.0
337.pgm,5000,0.076294,22224,33.9111,20.682,0.038635,62.261,0.999894,0.9999966,0.0,0.0
338.pgm,5000,0.076294,23152,35.3271,17.809,0.037689,62.3686,0.999914,0.9999943,0.0,2e-06
339.pgm,5000,0.076294,44320,67.627,151.76,0.037704,62.3669,0.999937,0.9999938,0.0,0.139741
340.pgm,5000,0.076294,27328,41.6992,36.806,0.037323,62.411,0.999859,0.9999646,0.0,0.001161
341.pgm,5000,0.076294,26112,39.8438,17.881,0.038345,62.2937,0.999932,0.9999948,0.0,0.0
342.pgm,5000,0.076294,27344,41.7236,21.549,0.038254,62.3041,0.999932,0.9999948,0.0,0.000779
343.pgm,5000,0.076294,11200,17.0898,21.289,0.037918,62.3423,0.999884,0.999994,0.0,0.427815
344.pgm,5000,0.076294,26624,40.625,100.596,0.03772,62.3651,0.999912,0.9999955,0.0,0.0
345.pgm,5000,0.076294,43184,65.8936,65.951,0.038437,62.2833,0.999944,0.9999954,0.0,0.016524
346.pgm,5000,0.076294,64800,98.877,28.015,0.038818,62.2404,0.999919,0.9999752,0.0,0.989403
347.pgm,5000,0.076294,57792,88.1836,21.257,0.038834,62.2387,0.999894,0.9999871,0.0,0.99729
348.pgm,5000,0.076294,5648,8.6182,11.944,0.037964,62.3371,0.999816,0.99992,0.0,0.0
349.pgm,5000,0.076294,24720,37.7197,27.784,0.038345,62.2937,0.999942,0.9999945,0.0,0.014723
350.pgm,5000,0.076294,50816,77.5391,112.639,0.037994,62.3336,0.999865,0.9999715,0.0,0.061227
351.pgm,5000,0.076294,39920,60.9131,29.976,0.038925,62.2285,0.999886,0.9999939,0.0,0.0
352.pgm,5000,0.076294,21872,33.374,15.943,0.037857,62.3493,0.999879,0.9999944,0.0,0.000516
353.pgm,5000,0.076294,9472,14.4531,16.908,0.039246,62.1929,0.999845,0.9999427,0.0,0.0
354.pgm,5000,0.076294,28400,43.335,23.769,0.037415,62.4004,0.999927,0.99999,0.0,0.719765
355.pgm,5000,0.076294,16064,24.5117,56.717,0.038757,62.2473,0.99992,0.9999934,0.0,0.0
356.pgm,5000,0.076294,11952,18.2373,71.477,0.037888,62.3458,0.999917,0.9999975,0.0,0.0
357.pgm,5000,0.076294,22272,33.9844,22.015,0.038269,62.3023,0.999912,0.9999913,0.0,0.005224
358.pgm,5000,0.076294,28672,43.75,18.373,0.037613,62.3774,0.999915,0.9999973,0.0,0.0
359.pgm,5000,0.076294,13552,20.6787,125.771,0.037628,62.3757,0.999943,0.999995,0.0,0.0
360.pgm,5000,0.076294,35168,53.6621,42.995,0.038132,62.3179,0.999869,0.9999824,0.0,0.829912
361.pgm,5000,0.076294,15040,22.9492,17.303,0.039047,62.2149,0.999856,0.9999881,0.0,0.0
362.pgm,5000,0.076294,6128,9.3506,13.15,0.038101,62.3214,0.999861,0.9999928,0.0,0.0
363.pgm,5000,0.076294,21280,32.4707,16.135,0.038742,62.249,0.999915,0.9999975,0.0,0.0
364.pgm,5000,0.076294,29264,44.6533,98.104,0.038773,62.2456,0.999835,0.999964,0.0,0.110317
365.pgm,5000,0.076294,44528,67.9443,71.329,0.038879,62.2336,0.999929,0.9999878,0.0,0.522946
366.pgm,5000,0.076294,11360,17.334,28.809,0.037674,62.3704,0.999807,0.9999724,0.0,0.0
367.pgm,5000,0.076294,43072,65.7227,30.685,0.038788,62.2438,0.999934,0.9999929,0.0,0.578515
368.pgm,5000,0.076294,42048,64.1602,215.815,0.037674,62.3704,0.999895,0.9999919,0.0,0.365626
369.pgm,5000,0.076294,23456,35.791,29.688,0.038361,62.292,0.999935,0.9999962,0.0,0.0
370.pgm,5000,0.076294,31088,47.4365,18.38,0.038849,62.237,0.999794,0.9999102,0.0,0.0
371.pgm,5000,0.076294,10144,15.4785,12.592,0.037796,62.3563,0.999877,0.999994,0.0,0.0
372.pgm,5000,0.076294,35968,54.8828,19.396,0.038452,62.2816,0.999924,0.9999891,0.0,0.0018
373.pgm,5000,0.076294,34320,52.3682,138.563,0.037872,62.3476,0.999945,0.9999945,0.0,0.0
374.pgm,5000,0.076294,13568,20.7031,48.047,0.038177,62.3127,0.999817,0.9999381,0.0,0.061315
375.pgm,5000,0.076294,37168,56.7139,27.954,0.038223,62.3075,0.999919,0.9999951,0.0,0.0
376.pgm,5000,0.076294,12064,18.4082,27.013,0.037582,62.381,0.999856,0.9999902,0.0,0.0
377.pgm,5000,0.076294,40448,61.7188,169.062,0.038544,62.2713,0.999873,0.9999901,0.0,0.0
378.pgm,5000,0.076294,59680,91.0645,33.842,0.0383,62.2989,0.999924,0.9999895,0.0,0.57776
379.pgm,5000,0.076294,25392,38.7451,16.459,0.038055,62.3266,0.99991,0.9999787,0.0,0.0
380.pgm,5000,0.076294,34144,52.0996,22.836,0.037338,62.4093,0.999942,0.9999937,0.0,0.0
381.pgm,5000,0.076294,55296,84.375,256.558,0.038437,62.2833,0.999941,0.9999919,0.0,0.882658
382.pgm,5000,0.076294,55104,84.082,38.951,0.039474,62.1676,0.99991,0.9999807,0.0,0.99579
383.pgm,5000,0.076294,48400,73.8525,24.505,0.037857,62.3493,0.99995,0.999994,0.0,0.0
384.pgm,5000,0.076294,30288,46.2158,20.382,0.037735,62.3634,0.999904,0.9999863,0.0,1e-06
385.pgm,5000,0.076294,19248,29.3701,26.516,0.038879,62.2336,0.999862,0.9999904,0.0,0.0
386.pgm,5000,0.076294,14640,22.3389,91.84,0.038925,62.2285,0.999906,0.9999973,0.0,0.0
387.pgm,5000,0.076294,24080,36.7432,29.739,0.037613,62.3774,0.999905,0.9999958,0.0,0.0
388.pgm,5000,0.076294,18704,28.54,15.861,0.038086,62.3232,0.999922,0.9999956,0.0,0.0
389.pgm,5000,0.076294,13264,20.2393,16.966,0.037201,62.4253,0.999817,0.9998859,0.0,0.0
390.pgm,5000,0.076294,59392,90.625,170.454,0.038162,62.3145,0.999964,0.9999919,0.0,2.8e-05
391.pgm,5000,0.076294,33632,51.3184,57.501,0.038055,62.3266,0.999907,0.9999878,0.0,0.10671
392.pgm,5000,0.076294,21904,33.4229,22.465,0.038895,62.2319,0.999881,0.9999961,0.0,0.0
393.pgm,5000,0.076294,20096,30.6641,18.245,0.037689,62.3686,0.999932,0.9999966,0.0,0.0
394.pgm,5000,0.076294,25984,39.6484,21.052,0.038528,62.273,0.999876,0.9999878,0.0,1e-06
395.pgm,5000,0.076294,24448,37.3047,52.144,0.038651,62.2593,0.999924,0.9999951,0.0,3e-06
396.pgm,5000,0.076294,13040,19.8975,75.103,0.037888,62.3458,0.99988,0.9999839,0.0,0.0
397.pgm,5000,0.076294,15856,24.1943,29.965,0.038345,62.2937,0.999936,0.9999979,0.0,0.0
399.pgm,5000,0.076294,49072,74.8779,29.177,0.039017,62.2183,0.999928,0.9999851,0.0,0.635993
400.pgm,5000,0.076294,38864,59.3018,23.123,0.037949,62.3388,0.999912,0.9999956,0.0,0.0
401.pgm,5000,0.076294,14432,22.0215,19.403,0.038605,62.2644,0.999892,0.9999977,0.0,0.0
402.pgm,5000,0.076294,12032,18.3594,150.275,0.03801,62.3319,0.999888,0.9999945,0.0,2e-06
403.pgm,5000,0.076294,13584,20.7275,39.833,0.038681,62.2558,0.999921,0.9999916,0.0,0.0
404.pgm,5000,0.076294,39744,60.6445,26.789,0.038208,62.3093,0.999885,0.9999759,0.0,0.0
405.pgm,5000,0.076294,29088,44.3848,19.321,0.038361,62.292,0.999932,0.999997,0.0,0.0
406.pgm,5000,0.076294,29744,45.3857,92.096,0.038177,62.3127,0.999896,0.9999826,0.0,0.0
407.pgm,5000,0.076294,45296,69.1162,66.57,0.037613,62.3774,0.999911,0.9999931,0.0,0.961922
408.pgm,5000,0.076294,21392,32.6416,20.001,0.03801,62.3319,0.999898,0.9999962,0.0,0.0
409.pgm,5000,0.076294,28240,43.0908,17.787,0.037613,62.3774,0.999922,0.9999911,0.0,0.0
410.pgm,5000,0.076294,29456,44.9463,22.171,0.037918,62.3423,0.999958,0.9999969,0.0,0.0
411.pgm,5000,0.076294,25120,38.3301,188.25,0.037964,62.3371,0.99978,0.9999755,0.0,0.0
412.pgm,5000,0.076294,44000,67.1387,30.196,0.037598,62.3792,0.999932,0.9999912,0.0,0.701421
413.pgm,5000,0.076294,33600,51.2695,22.539,0.037643,62.3739,0.999929,0.9999874,0.0,0.729769
414.pgm,5000,0.076294,25344,38.6719,29.813,0.037766,62.3599,0.999891,0.9999951,0.0,0.0
415.pgm,5000,0.076294,40432,61.6943,130.19,0.038147,62.3162,0.99984,0.9999822,0.0,0.0
416.pgm,5000,0.076294,35168,53.6621,23.134,0.037994,62.3336,0.999933,0.9999929,0.0,0.0
417.pgm,5000,0.076294,52912,80.7373,21.917,0.03801,62.3319,0.999907,0.9999768,0.0,0.414362
418.pgm,5000,0.076294,59072,90.1367,25.907,0.038406,62.2868,0.999879,0.9999814,0.0,0.603722
419.pgm,5000,0.076294,33600,51.2695,206.539,0.038879,62.2336,0.999695,0.9999244,0.0,0.0
420.pgm,5000,0.076294,30224,46.1182,31.99,0.037613,62.3774,0.999904,0.999986,0.0,0.604079
421.pgm,5000,0.076294,29440,44.9219,19.698,0.038071,62.3249,0.999965,0.9999978,0.0,0.0
422.pgm,5000,0.076294,32800,50.0488,18.459,0.038483,62.2782,0.999917,0.9999957,0.0,0.0
423.pgm,5000,0.076294,44896,68.5059,21.933,0.037674,62.3704,0.999963,0.999987,0.0,0.0
424.pgm,5000,0.076294,13248,20.2148,60.718,0.037994,62.3336,0.999891,0.9999928,0.0,0.046598
425.pgm,5000,0.076294,10720,16.3574,70.371,0.038132,62.3179,0.999911,0.9999921,0.0,0.0
426.pgm,5000,0.076294,13840,21.1182,21.941,0.03772,62.3651,0.999846,0.9999869,0.0,2e-06
427.pgm,5000,0.076294,51856,79.126,24.262,0.038132,62.3179,0.999937,0.999988,0.0,0.957972
428.pgm,5000,0.076294,41792,63.7695,20.223,0.038498,62.2764,0.999946,0.9999943,0.0,0.0
429.pgm,5000,0.076294,21696,33.1055,20.752,0.038483,62.2782,0.999931,0.9999945,0.0,0.000316
430.pgm,5000,0.076294,31808,48.5352,168.839,0.0383,62.2989,0.999934,0.9999963,0.0,0.0
431.pgm,5000,0.076294,38992,59.4971,39.145,0.037857,62.3493,0.999933,0.9999943,0.0,0.0
432.pgm,5000,0.076294,20224,30.8594,25.357,0.037399,62.4022,0.999916,0.9999945,0.0,0.005778
433.pgm,5000,0.076294,30144,45.9961,20.585,0.037827,62.3528,0.999934,0.9999958,0.0,0.017823
434.pgm,5000,0.076294,53696,81.9336,24.932,0.039078,62.2115,0.999918,0.999991,0.0,3e-06
435.pgm,5000,0.076294,6896,10.5225,84.632,0.038483,62.2782,0.999922,0.9999914,0.0,0.0
436.pgm,5000,0.076294,48064,73.3398,56.188,0.038666,62.2575,0.999915,0.9999951,0.0,0.0
437.pgm,5000,0.076294,26048,39.7461,26.722,0.038467,62.2799,0.999901,0.9999913,0.0,0.0
438.pgm,5000,0.076294,15280,23.3154,21.092,0.037994,62.3336,0.999881,0.9999955,0.0,0.962543
439.pgm,5000,0.076294,61840,94.3604,146.328,0.03775,62.3616,0.999938,0.9999889,0.0,0.911324
440.pgm,5000,0.076294,24672,37.6465,48.831,0.037613,62.3774,0.999937,0.9999955,0.0,0.0
441.pgm,5000,0.076294,57600,87.8906,29.064,0.038162,62.3145,0.999966,0.9999947,0.0,0.071425
442.pgm,5000,0.076294,12528,19.1162,14.95,0.038528,62.273,0.999918,0.9999965,0.0,0.0
443.pgm,5000,0.076294,17904,27.3193,18.542,0.03923,62.1946,0.999907,0.9999967,0.0,0.272529
444.pgm,5000,0.076294,36800,56.1523,32.941,0.03685,62.4664,0.999942,0.9999958,0.0,0.01589
445.pgm,5000,0.076294,44800,68.3594,193.694,0.037888,62.3458,0.999938,0.999993,0.0,0.997505
446.pgm,5000,0.076294,26512,40.4541,34.603,0.037811,62.3546,0.999905,0.9999875,0.0,1.2e-05
447.pgm,5000,0.076294,26432,40.332,20.259,0.037918,62.3423,0.999906,0.9999935,0.0,0.0
448.pgm,5000,0.076294,9024,13.7695,15.436,0.037857,62.3493,0.999789,0.9999812,0.0,0.0
449.pgm,5000,0.076294,28544,43.5547,170.462,0.038834,62.2387,0.999895,0.9999938,0.0,0.856596
450.pgm,5000,0.076294,58304,88.9648,60.42,0.038025,62.3301,0.999945,0.9999909,0.0,0.999899
451.pgm,5000,0.076294,22288,34.0088,21.138,0.039047,62.2149,0.999914,0.9999917,0.0,0.0
452.pgm,5000,0.076294,40384,61.6211,20.557,0.037354,62.4075,0.999951,0.9999815,0.0,0.003695
453.pgm,5000,0.076294,25216,38.4766,37.8,0.038666,62.2575,0.99988,0.9999944,0.0,0.0
454.pgm,5000,0.076294,41408,63.1836,80.053,0.038956,62.2251,0.999921,0.9999904,0.0,0.938135
455.pgm,5000,0.076294,39952,60.9619,47.516,0.037659,62.3722,0.999903,0.9999846,0.0,0.252096
456.pgm,5000,0.076294,32144,49.0479,196.906,0.039047,62.2149,0.999907,0.9999964,0.0,1.1e-05
457.pgm,5000,0.076294,32960,50.293,42.69,0.037506,62.3898,0.999933,0.9999896,0.0,0.0
458.pgm,5000,0.076294,31312,47.7783,21.7,0.03891,62.2302,0.999905,0.9999951,0.0,0.014988
459.pgm,5000,0.076294,39232,59.8633,19.822,0.037476,62.3933,0.999901,0.9999878,0.0,0.0
460.pgm,5000,0.076294,19280,29.4189,15.507,0.038315,62.2971,0.999941,0.9999968,0.0,0.0
461.pgm,5000,0.076294,20112,30.6885,22.874,0.037918,62.3423,0.99992,0.9999975,0.0,0.0
462.pgm,5000,0.076294,35088,53.54,171.105,0.038452,62.2816,0.999904,0.9999938,0.0,0.985771
463.pgm,5000,0.076294,38112,58.1543,58.958,0.037949,62.3388,0.999954,0.9999945,0.0,0.0
464.pgm,5000,0.076294,29264,44.6533,25.581,0.037781,62.3581,0.999929,0.9999953,0.0,0.0
465.pgm,5000,0.076294,24880,37.9639,22.075,0.038239,62.3058,0.999936,0.9999951,0.0,0.0
466.pgm,5000,0.076294,37872,57.7881,59.124,0.037369,62.4057,0.999936,0.9999901,0.0,0.865962
467.pgm,5000,0.076294,31888,48.6572,63.297,0.038757,62.2473,0.999851,0.9999806,0.0,0.047974
468.pgm,5000,0.076294,55536,84.7412,28.289,0.037552,62.3845,0.999965,0.9999958,0.0,0.18504
469.pgm,5000,0.076294,52576,80.2246,21.432,0.038254,62.3041,0.999941,0.9999933,0.0,0.999002
470.pgm,5000,0.076294,18832,28.7354,27.163,0.03833,62.2954,0.999814,0.9999796,0.0,0.011072
471.pgm,5000,0.076294,35232,53.7598,161.79,0.039001,62.22,0.999928,0.9999946,0.0,0.0
472.pgm,5000,0.076294,35088,53.54,26.127,0.037964,62.3371,0.999909,0.9999834,0.0,0.000594
473.pgm,5000,0.076294,29744,45.3857,20.84,0.03804,62.3284,0.999922,0.9999965,0.0,0.0
474.pgm,5000,0.076294,24624,37.5732,161.539,0.03891,62.2302,0.999877,0.9999792,0.0,0.979036
475.pgm,5000,0.076294,25168,38.4033,40.047,0.037796,62.3563,0.999863,0.9999933,0.0,0.329111
476.pgm,5000,0.076294,15696,23.9502,17.046,0.037781,62.3581,0.999895,0.9999905,0.0,0.001293
477.pgm,5000,0.076294,43472,66.333,19.74,0.037659,62.3722,0.999901,0.999986,0.0,0.122259
478.pgm,5000,0.076294,22432,34.2285,25.527,0.038895,62.2319,0.999728,0.9999344,0.0,0.006969
479.pgm,5000,0.076294,16640,25.3906,124.765,0.038574,62.2678,0.999886,0.9999895,0.0,0.002669
480.pgm,5000,0.076294,6448,9.8389,29.402,0.037643,62.3739,0.999894,0.9999939,0.0,0.0
481.pgm,5000,0.076294,44032,67.1875,29.034,0.038681,62.2558,0.999917,0.9999935,0.0,0.020861
482.pgm,5000,0.076294,24016,36.6455,23.277,0.037048,62.4431,0.999909,0.9999977,0.0,0.0
483.pgm,5000,0.076294,20336,31.0303,190.98,0.039413,62.1744,0.999842,0.9999181,0.0,0.0
484.pgm,5000,0.076294,20256,30.9082,38.533,0.038483,62.2782,0.999869,0.9999839,0.0,0.0
485.pgm,5000,0.076294,7248,11.0596,17.97,0.038696,62.2541,0.99991,0.9999962,0.0,1e-06
486.pgm,5000,0.076294,26768,40.8447,19.298,0.038361,62.292,0.999846,0.9999716,0.0,0.091534
487.pgm,5000,0.076294,12672,19.3359,18.214,0.038162,62.3145,0.999792,0.9999845,0.0,0.0
488.pgm,5000,0.076294,24096,36.7676,194.846,0.038773,62.2456,0.999891,0.9999959,0.0,0.0
489.pgm,5000,0.076294,5888,8.9844,30.42,0.038254,62.3041,0.999911,0.9999935,0.0,0.0
490.pgm,5000,0.076294,25040,38.208,20.794,0.037186,62.427,0.999926,0.9999959,0.0,0.0
491.pgm,5000,0.076294,22032,33.6182,16.5,0.037491,62.3916,0.999887,0.9999866,0.0,2e-06
492.pgm,5000,0.076294,18288,27.9053,20.475,0.038025,62.3301,0.999854,0.9999901,0.0,0.665893
493.pgm,5000,0.076294,29248,44.6289,214.764,0.038223,62.3075,0.99992,0.9999902,0.0,0.0
494.pgm,5000,0.076294,20480,31.25,33.926,0.03801,62.3319,0.999882,0.9999933,0.0,2e-06
495.pgm,5000,0.076294,12848,19.6045,17.905,0.038467,62.2799,0.9999,0.9999976,0.0,0.0
496.pgm,5000,0.076294,5920,9.0332,14.944,0.037979,62.3354,0.999789,0.9999758,0.0,0.0
497.pgm,5000,0.076294,57024,87.0117,23.285,0.039017,62.2183,0.999949,0.9999889,0.0,0.999999
498.pgm,5000,0.076294,7632,11.6455,19.631,0.037827,62.3528,0.999878,0.999993,0.0,0.0
499.pgm,5000,0.076294,20160,30.7617,197.636,0.039078,62.2115,0.9999,0.9999893,0.0,0.148872
500.pgm,5000,0.076294,50784,77.4902,44.729,0.038422,62.285,0.999896,0.9999922,0.0,0.0
501.pgm,5000,0.076294,27504,41.9678,18.538,0.038239,62.3058,0.999857,0.9999885,0.0,0.0
502.pgm,5000,0.076294,34512,52.6611,19.76,0.038727,62.2507,0.999881,0.9999849,0.0,0.0
503.pgm,5000,0.076294,53776,82.0557,214.695,0.038956,62.2251,0.999954,0.9999943,0.0,0.99983
504.pgm,5000,0.076294,13968,21.3135,45.342,0.038284,62.3006,0.999884,0.9999956,0.0,9.3e-05
505.pgm,5000,0.076294,31792,48.5107,27.565,0.03833,62.2954,0.999936,0.9999948,0.0,0.127087
506.pgm,5000,0.076294,26864,40.9912,106.334,0.03775,62.3616,0.999885,0.9999834,0.0,0.400605
507.pgm,5000,0.076294,39424,60.1562,50.77,0.037521,62.388,0.999951,0.9999944,0.0,0.098828
508.pgm,5000,0.076294,47248,72.0947,25.387,0.037964,62.3371,0.999945,0.9999787,0.0,0.0
509.pgm,5000,0.076294,29184,44.5312,17.985,0.038223,62.3075,0.999931,0.9999967,0.0,0.0
510.pgm,5000,0.076294,11472,17.5049,28.237,0.038849,62.237,0.99972,0.9999326,0.0,0.0
511.pgm,5000,0.076294,29632,45.2148,133.375,0.037598,62.3792,0.999935,0.9999957,0.0,0.0
512.pgm,5000,0.076294,21760,33.2031,31.961,0.038666,62.2575,0.999916,0.9999964,0.0,0.0
513.pgm,5000,0.076294,14592,22.2656,34.579,0.038345,62.2937,0.999886,0.9999952,0.0,0.0
514.pgm,5000,0.076294,43568,66.4795,36.08,0.03833,62.2954,0.999922,0.9999883,0.0,0.999105
515.pgm,5000,0.076294,36512,55.7129,156.133,0.037582,62.381,0.999935,0.9999929,0.0,0.997941
516.pgm,5000,0.076294,43392,66.2109,31.332,0.037582,62.381,0.999933,0.9999917,0.0,0.232575
517.pgm,5000,0.076294,37360,57.0068,19.153,0.037781,62.3581,0.999922,0.9999936,0.0,0.624415
518.pgm,5000,0.076294,30464,46.4844,16.631,0.038925,62.2285,0.999931,0.9999956,0.0,0.415166
519.pgm,5000,0.076294,48608,74.1699,27.455,0.038101,62.3214,0.999936,0.9999885,0.0,0.9969
520.pgm,5000,0.076294,29232,44.6045,188.164,0.037781,62.3581,0.999917,0.9999964,0.0,0.0
521.pgm,5000,0.076294,10448,15.9424,27.478,0.038589,62.2661,0.999843,0.9999944,0.0,1.6e-05
522.pgm,5000,0.076294,26560,40.5273,21.131,0.036819,62.47,0.999939,0.9999959,0.0,0.0
523.pgm,5000,0.076294,34448,52.5635,19.276,0.038239,62.3058,0.999858,0.9999885,0.0,0.0
524.pgm,5000,0.076294,31616,48.2422,20.332,0.038483,62.2782,0.999938,0.9999944,0.0,0.0
525.pgm,5000,0.076294,18736,28.5889,32.148,0.038101,62.3214,0.999879,0.9999958,0.0,0.101587
526.pgm,5000,0.076294,44608,68.0664,104.962,0.037842,62.3511,0.999946,0.9999952,0.0,0.902909
527.pgm,5000,0.076294,43344,66.1377,31.725,0.038239,62.3058,0.999924,0.9999883,0.0,0.996526
528.pgm,5000,0.076294,25968,39.624,21.522,0.037186,62.427,0.999909,0.999987,0.0,0.001378
529.pgm,5000,0.076294,23888,36.4502,19.188,0.038483,62.2782,0.999901,0.9999954,0.0,0.0
530.pgm,5000,0.076294,39472,60.2295,27.286,0.036728,62.4808,0.999903,0.9999857,0.0,0.00102
531.pgm,5000,0.076294,17936,27.3682,189.265,0.037964,62.3371,0.999891,0.9999924,0.0,0.0
532.pgm,5000,0.076294,21872,33.374,32.967,0.038315,62.2971,0.999902,0.9999966,0.0,0.0
533.pgm,5000,0.076294,10208,15.5762,18.484,0.03891,62.2302,0.99991,0.999983,0.0,0.635449
534.pgm,5000,0.076294,24896,37.9883,18.821,0.038315,62.2971,0.999925,0.9999949,0.0,0.0
535.pgm,5000,0.076294,20400,31.1279,23.908,0.038361,62.292,0.999914,0.9999949,0.0,0.112387
536.pgm,5000,0.076294,39056,59.5947,186.61,0.038132,62.3179,0.999929,0.9999963,0.0,0.0
537.pgm,5000,0.076294,29968,45.7275,53.8,0.038422,62.285,0.999922,0.9999911,0.0,0.858515
538.pgm,5000,0.076294,9888,15.0879,25.1,0.039246,62.1929,0.999971,0.9999925,0.0,0.0
539.pgm,5000,0.076294,42560,64.9414,27.151,0.03801,62.3319,0.999895,0.9999899,0.0,0.200728
540.pgm,5000,0.076294,10800,16.4795,18.793,0.037079,62.4395,0.99989,0.9999947,0.0,6e-06
541.pgm,5000,0.076294,16144,24.6338,79.338,0.038254,62.3041,0.999919,0.9999975,0.0,0.0
542.pgm,5000,0.076294,16400,25.0244,49.247,0.038864,62.2353,0.999816,0.9999867,0.0,0.0
543.pgm,5000,0.076294,17664,26.9531,18.914,0.037598,62.3792,0.999935,0.9999981,0.0,0.0
544.pgm,5000,0.076294,19184,29.2725,14.842,0.038879,62.2336,0.999906,0.9999902,0.0,0.000149
545.pgm,5000,0.076294,14208,21.6797,21.869,0.038239,62.3058,0.999894,0.9999972,0.0,0.0
546.pgm,5000,0.076294,14240,21.7285,185.624,0.038086,62.3232,0.999858,0.9999906,0.0,0.0
547.pgm,5000,0.076294,41024,62.5977,43.195,0.038483,62.2782,0.999915,0.9999805,0.0,0.0
548.pgm,5000,0.076294,20480,31.25,19.858,0.038147,62.3162,0.999893,0.9999929,0.0,1.4e-05
549.pgm,5000,0.076294,8096,12.3535,14.611,0.03833,62.2954,0.999787,0.9999505,0.0,0.0
550.pgm,5000,0.076294,30960,47.2412,25.46,0.036514,62.5062,0.999947,0.9999947,0.0,0.0
551.pgm,5000,0.076294,31952,48.7549,99.482,0.037933,62.3406,0.999935,0.9999954,0.0,0.0
552.pgm,5000,0.076294,25504,38.916,26.481,0.038681,62.2558,0.999917,0.999996,0.0,0.0
553.pgm,5000,0.076294,15168,23.1445,15.513,0.038284,62.3006,0.999915,0.9999969,0.0,0.0
554.pgm,5000,0.076294,17760,27.0996,16.188,0.037369,62.4057,0.99983,0.9999894,0.0,0.0
555.pgm,5000,0.076294,27152,41.4307,152.673,0.039246,62.1929,0.999914,0.9999965,0.0,0.0
556.pgm,5000,0.076294,15904,24.2676,72.985,0.038406,62.2868,0.999895,0.9999878,0.0,0.003871
557.pgm,5000,0.076294,25296,38.5986,21.283,0.038208,62.3093,0.999936,0.9999945,0.0,0.0
558.pgm,5000,0.076294,40544,61.8652,20.616,0.037445,62.3969,0.999951,0.9999888,0.0,0.02162
559.pgm,5000,0.076294,22768,34.7412,22.413,0.038315,62.2971,0.999906,0.9999927,0.0,0.630217
560.pgm,5000,0.076294,35168,53.6621,170.473,0.037491,62.3916,0.999886,0.9999898,0.0,0.306398
561.pgm,5000,0.076294,46912,71.582,42.574,0.038651,62.2593,0.999949,0.9999965,0.0,0.0
562.pgm,5000,0.076294,51440,78.4912,25.068,0.037994,62.3336,0.999954,0.9999937,0.0,0.021682
563.pgm,5000,0.076294,12000,18.3105,15.562,0.039124,62.2064,0.999859,0.9999927,0.0,0.0
564.pgm,5000,0.076294,38704,59.0576,32.069,0.037766,62.3599,0.999904,0.9999843,0.0,0.206281
565.pgm,5000,0.076294,30080,45.8984,137.861,0.038895,62.2319,0.999854,0.9999885,0.0,0.0
566.pgm,5000,0.076294,24512,37.4023,32.14,0.0383,62.2989,0.999897,0.9999909,0.0,0.0
567.pgm,5000,0.076294,23488,35.8398,18.959,0.038345,62.2937,0.999888,0.999996,0.0,0.0
568.pgm,5000,0.076294,31456,47.998,16.321,0.037827,62.3528,0.999935,0.9999905,0.0,3.4e-05
569.pgm,5000,0.076294,25728,39.2578,23.681,0.037781,62.3581,0.999937,0.9999941,0.0,0.553435
570.pgm,5000,0.076294,53856,82.1777,237.437,0.03833,62.2954,0.999924,0.99999,0.0,0.997884
571.pgm,5000,0.076294,14048,21.4355,27.359,0.03772,62.3651,0.999862,0.9999781,0.0,0.0
572.pgm,5000,0.076294,29904,45.6299,22.432,0.038147,62.3162,0.999856,0.9999859,0.0,0.054988
573.pgm,5000,0.076294,24720,37.7197,172.648,0.038513,62.2747,0.999951,0.9999948,0.0,0.0
574.pgm,5000,0.076294,50048,76.3672,53.435,0.037552,62.3845,0.999917,0.9999868,0.0,0.713872
575.pgm,5000,0.076294,28672,43.75,23.727,0.038803,62.2421,0.999917,0.9999944,0.0,0.0
576.pgm,5000,0.076294,36272,55.3467,27.45,0.038345,62.2937,0.999944,0.9999955,0.0,0.003538
577.pgm,5000,0.076294,18976,28.9551,133.197,0.037552,62.3845,0.999932,0.9999949,0.0,0.0
578.pgm,5000,0.076294,15744,24.0234,22.076,0.037827,62.3528,0.999882,0.9999958,0.0,0.0
579.pgm,5000,0.076294,41136,62.7686,21.402,0.037811,62.3546,0.999948,0.9999933,0.0,0.444475
580.pgm,5000,0.076294,18128,27.6611,16.883,0.038483,62.2782,0.999886,0.9999966,0.0,0.009726
581.pgm,5000,0.076294,14272,21.7773,44.386,0.038284,62.3006,0.999878,0.9999908,0.0,0.0
582.pgm,5000,0.076294,25248,38.5254,69.143,0.038086,62.3232,0.999875,0.9999847,0.0,0.0
583.pgm,5000,0.076294,27088,41.333,30.096,0.038361,62.292,0.999913,0.9999927,0.0,0.0
584.pgm,5000,0.076294,13568,20.7031,19.918,0.038742,62.249,0.999884,0.999992,0.0,0.008298
585.pgm,5000,0.076294,23248,35.4736,19.122,0.038284,62.3006,0.99992,0.9999973,0.0,0.0
586.pgm,5000,0.076294,29984,45.752,27.391,0.038177,62.3127,0.999882,0.9999945,0.0,0.066878
587.pgm,5000,0.076294,9376,14.3066,133.579,0.03894,62.2268,0.99977,0.9999454,0.0,0.0
588.pgm,5000,0.076294,31136,47.5098,34.478,0.039337,62.1828,0.99984,0.9999815,0.0,0.0
589.pgm,5000,0.076294,18176,27.7344,18.67,0.038177,62.3127,0.999901,0.999997,0.0,0.0
590.pgm,5000,0.076294,56768,86.6211,29.446,0.038834,62.2387,0.999955,0.9999891,0.0,0.982362
591.pgm,5000,0.076294,24352,37.1582,177.403,0.03746,62.3951,0.999917,0.9999936,0.0,0.0
592.pgm,5000,0.076294,50240,76.6602,57.978,0.038162,62.3145,0.999925,0.9999939,0.0,0.0
593.pgm,5000,0.076294,20640,31.4941,28.506,0.037628,62.3757,0.999934,0.9999975,0.0,0.0
594.pgm,5000,0.076294,18192,27.7588,229.474,0.037766,62.3599,0.999905,0.9999975,0.0,0.0
595.pgm,5000,0.076294,55408,84.5459,57.772,0.037903,62.3441,0.999947,0.9999921,0.0,0.89843
596.pgm,5000,0.076294,33328,50.8545,25.07,0.038269,62.3023,0.999909,0.9999847,0.0,0.002101
597.pgm,5000,0.076294,61456,93.7744,40.71,0.038467,62.2799,0.999953,0.9999852,0.0,0.999605
598.pgm,5000,0.076294,20304,30.9814,96.048,0.038513,62.2747,0.999909,0.999992,0.0,0.500598
599.pgm,5000,0.076294,30992,47.29,54.974,0.038391,62.2885,0.999921,0.9999959,0.0,0.000793
600.pgm,5000,0.076294,18560,28.3203,29.331,0.038895,62.2319,0.999903,0.9999976,0.0,0.0
601.pgm,5000,0.076294,33120,50.5371,136.188,0.037613,62.3774,0.999889,0.999983,0.0,0.078037
602.pgm,5000,0.076294,22624,34.5215,37.299,0.039322,62.1845,0.999874,0.9999928,0.0,0.0
603.pgm,5000,0.076294,25360,38.6963,29.472,0.037766,62.3599,0.999887,0.9999843,0.0,0.0
604.pgm,5000,0.076294,28944,44.165,152.934,0.038635,62.261,0.999908,0.9999951,0.0,0.0
605.pgm,5000,0.076294,14208,21.6797,29.247,0.037582,62.381,0.999922,0.999997,0.0,0.0
606.pgm,5000,0.076294,16992,25.9277,16.41,0.036942,62.4557,0.999873,0.9999934,0.0,0.000229
607.pgm,5000,0.076294,63936,97.5586,21.189,0.0383,62.2989,0.999952,0.9999795,0.0,0.986121
608.pgm,5000,0.076294,37760,57.6172,137.393,0.0383,62.2989,0.99994,0.9999968,0.0,0.0
609.pgm,5000,0.076294,24864,37.9395,43.617,0.037979,62.3354,0.999908,0.9999929,0.0,0.146345
610.pgm,5000,0.076294,27600,42.1143,22.266,0.038422,62.285,0.999928,0.9999957,0.0,0.0
611.pgm,5000,0.076294,5344,8.1543,15.498,0.038254,62.3041,0.999829,0.9999895,0.0,0.0
612.pgm,5000,0.076294,34400,52.4902,19.642,0.038483,62.2782,0.999917,0.9999959,0.0,0.005992
613.pgm,5000,0.076294,23440,35.7666,130.329,0.037079,62.4395,0.999908,0.9999945,0.0,1e-06
614.pgm,5000,0.076294,38736,59.1064,57.8,0.038284,62.3006,0.999905,0.9999838,0.0,0.352202
615.pgm,5000,0.076294,24624,37.5732,24.536,0.038651,62.2593,0.999938,0.9999965,0.0,4e-06
616.pgm,5000,0.076294,34048,51.9531,19.541,0.038162,62.3145,0.999928,0.9999927,0.0,0.536131
617.pgm,5000,0.076294,38592,58.8867,24.726,0.039001,62.22,0.999908,0.999994,0.0,0.922793
618.pgm,5000,0.076294,43360,66.1621,217.864,0.038391,62.2885,0.999948,0.9999946,0.0,0.0
619.pgm,5000,0.076294,34512,52.6611,36.407,0.038864,62.2353,0.999863,0.9999906,0.0,0.0
620.pgm,5000,0.076294,35264,53.8086,23.395,0.037857,62.3493,0.999942,0.9999826,0.0,0.421079
621.pgm,5000,0.076294,26544,40.5029,20.126,0.038284,62.3006,0.999908,0.9999931,0.0,8.2e-05
622.pgm,5000,0.076294,19456,29.6875,34.62,0.038147,62.3162,0.99989,0.999992,0.0,0.0
623.pgm,5000,0.076294,26736,40.7959,85.398,0.037064,62.4413,0.999902,0.999992,0.0,0.0
624.pgm,5000,0.076294,53424,81.5186,28.378,0.038193,62.311,0.999972,0.9999953,0.0,0.0
625.pgm,5000,0.076294,11360,17.334,15.363,0.038101,62.3214,0.999871,0.9999731,0.0,0.0
626.pgm,5000,0.076294,52016,79.3701,80.49,0.03804,62.3284,0.999942,0.9999857,0.0,0.510332
627.pgm,5000,0.076294,14992,22.876,29.425,0.038162,62.3145,0.999851,0.999987,0.0,0.0
628.pgm,5000,0.076294,20176,30.7861,17.458,0.038177,62.3127,0.999733,0.9998827,0.0,0.0
629.pgm,5000,0.076294,35456,54.1016,32.878,0.037827,62.3528,0.999924,0.9999964,0.0,0.0
630.pgm,5000,0.076294,23056,35.1807,59.953,0.038605,62.2644,0.999829,0.9999745,0.0,0.906892
631.pgm,5000,0.076294,48832,74.5117,29.995,0.036041,62.5628,0.99991,0.9999919,0.0,0.000985
632.pgm,5000,0.076294,39232,59.8633,21.273,0.038208,62.3093,0.999906,0.9999788,0.0,0.0
633.pgm,5000,0.076294,27600,42.1143,19.503,0.038055,62.3266,0.999915,0.9999924,0.0,0.149058
634.pgm,5000,0.076294,26736,40.7959,186.405,0.037094,62.4378,0.999879,0.9999875,0.0,0.0
635.pgm,5000,0.076294,31376,47.876,36.224,0.037933,62.3406,0.999924,0.999994,0.0,0.632135
636.pgm,5000,0.076294,14288,21.8018,16.666,0.038834,62.2387,0.999883,0.9999895,0.0,0.0
637.pgm,5000,0.076294,22000,33.5693,17.67,0.037628,62.3757,0.999888,0.9999944,0.0,0.596958
638.pgm,5000,0.076294,6160,9.3994,24.463,0.038849,62.237,0.999917,0.9999968,0.0,0.0
639.pgm,5000,0.076294,22128,33.7646,131.521,0.037933,62.3406,0.999898,0.9999936,0.0,0.863766
641.pgm,5000,0.076294,17136,26.1475,23.444,0.038239,62.3058,0.99993,0.9999978,0.0,0.0
642.pgm,5000,0.076294,22592,34.4727,16.789,0.038742,62.249,0.999911,0.9999968,0.0,1.5e-05
643.pgm,5000,0.076294,23488,35.8398,16.778,0.038315,62.2971,0.999853,0.9999873,0.0,0.042698
644.pgm,5000,0.076294,13008,19.8486,48.727,0.0383,62.2989,0.999862,0.9999862,0.0,0.0
645.pgm,5000,0.076294,15712,23.9746,70.08,0.038696,62.2541,0.999932,0.9999896,0.0,0.0
646.pgm,5000,0.076294,26016,39.6973,32.541,0.037735,62.3634,0.999906,0.9999928,0.0,0.106217
647.pgm,5000,0.076294,24816,37.8662,20.818,0.038193,62.311,0.999858,0.9999886,0.0,0.0
648.pgm,5000,0.076294,17664,26.9531,18.166,0.037537,62.3863,0.999895,0.9999963,0.0,0.0
649.pgm,5000,0.076294,40928,62.4512,34.648,0.037979,62.3354,0.999918,0.9999961,0.0,0.0
650.pgm,5000,0.076294,29664,45.2637,51.645,0.038025,62.3301,0.999922,0.999994,0.0,0.931492
651.pgm,5000,0.076294,18336,27.9785,24.322,0.037628,62.3757,0.999922,0.9999912,0.0,0.0
652.pgm,5000,0.076294,37488,57.2021,21.659,0.038391,62.2885,0.999928,0.9999938,0.0,0.0
653.pgm,5000,0.076294,8928,13.623,14.944,0.036743,62.479,0.999891,0.9999926,0.0,0.0
654.pgm,5000,0.076294,30992,47.29,48.923,0.038727,62.2507,0.99992,0.9999871,0.0,0.0
655.pgm,5000,0.076294,16672,25.4395,57.653,0.037827,62.3528,0.99991,0.999997,0.0,0.0
656.pgm,5000,0.076294,31488,48.0469,25.287,0.038467,62.2799,0.999909,0.999985,0.0,0.064938
657.pgm,5000,0.076294,57680,88.0127,24.519,0.038742,62.249,0.999889,0.9999868,0.0,0.999431
658.pgm,5000,0.076294,21536,32.8613,18.693,0.039032,62.2166,0.999894,0.9999921,0.0,0.635
659.pgm,5000,0.076294,15104,23.0469,29.093,0.03891,62.2302,0.999902,0.9999968,0.0,0.0
660.pgm,5000,0.076294,48160,73.4863,90.721,0.037857,62.3493,0.99992,0.9999934,0.0,0.633187
661.pgm,5000,0.076294,36192,55.2246,54.067,0.038284,62.3006,0.999903,0.9999948,0.0,0.0
662.pgm,5000,0.076294,17216,26.2695,26.768,0.037491,62.3916,0.999937,0.9999935,0.0,0.232864
663.pgm,5000,0.076294,29440,44.9219,213.51,0.038452,62.2816,0.999889,0.9999938,0.0,0.000915
664.pgm,5000,0.076294,24160,36.8652,35.871,0.037598,62.3792,0.999869,0.999985,0.0,0.0
665.pgm,5000,0.076294,25664,39.1602,19.558,0.038147,62.3162,0.999903,0.9999955,0.0,0.0
666.pgm,5000,0.076294,24128,36.8164,17.085,0.038208,62.3093,0.999845,0.999977,0.0,0.977471
667.pgm,5000,0.076294,24208,36.9385,18.537,0.038269,62.3023,0.999926,0.9999966,0.0,0.01729
668.pgm,5000,0.076294,16096,24.5605,153.624,0.038177,62.3127,0.999918,0.9999975,0.0,0.0
669.pgm,5000,0.076294,23840,36.377,30.317,0.037521,62.388,0.999922,0.9999976,0.0,0.0
670.pgm,5000,0.076294,5184,7.9102,14.883,0.03891,62.2302,0.999854,0.9999906,0.0,0.0
671.pgm,5000,0.076294,39696,60.5713,17.806,0.037674,62.3704,0.99994,0.9999904,0.0,0.0
672.pgm,5000,0.076294,23104,35.2539,57.574,0.037842,62.3511,0.999921,0.999991,0.0,0.999981
673.pgm,5000,0.076294,50080,76.416,122.145,0.038544,62.2713,0.99995,0.9999951,0.0,0.0
674.pgm,5000,0.076294,21472,32.7637,26.289,0.038086,62.3232,0.999899,0.9999974,0.0,0.0
675.pgm,5000,0.076294,29264,44.6533,19.498,0.038391,62.2885,0.999915,0.9999877,0.0,0.0
676.pgm,5000,0.076294,9248,14.1113,16.65,0.038528,62.273,0.999895,0.9999928,0.0,0.0
677.pgm,5000,0.076294,38672,59.0088,229.436,0.037903,62.3441,0.999856,0.9999858,0.0,0.0
678.pgm,5000,0.076294,48064,73.3398,54.231,0.038177,62.3127,0.999941,0.9999889,0.0,0.002071
679.pgm,5000,0.076294,16272,24.8291,27.641,0.037949,62.3388,0.999931,0.9999923,0.0,7.1e-05
680.pgm,5000,0.076294,31904,48.6816,182.295,0.038528,62.273,0.999932,0.9999969,0.0,0.0
681.pgm,5000,0.076294,27520,41.9922,39.563,0.038467,62.2799,0.999929,0.999995,0.0,0.0
682.pgm,5000,0.076294,46176,70.459,22.063,0.038071,62.3249,0.999935,0.999996,0.0,0.0
683.pgm,5000,0.076294,18768,28.6377,16.35,0.038132,62.3179,0.999935,0.9999953,0.0,0.0
684.pgm,5000,0.076294,16272,24.8291,31.654,0.038406,62.2868,0.999843,0.9999858,0.0,0.0
685.pgm,5000,0.076294,28240,43.0908,78.882,0.038284,62.3006,0.999905,0.9999942,0.0,0.0
686.pgm,5000,0.076294,21168,32.2998,28.766,0.037659,62.3722,0.9999,0.9999962,0.0,0.0
687.pgm,5000,0.076294,38944,59.4238,17.263,0.03801,62.3319,0.99989,0.9999956,0.0,0.0
688.pgm,5000,0.076294,26800,40.8936,19.555,0.037674,62.3704,0.999936,0.9999961,0.0,0.0
689.pgm,5000,0.076294,64000,97.6562,218.7,0.037247,62.4199,0.999959,0.9999866,0.0,0.995661
690.pgm,5000,0.076294,5616,8.5693,60.138,0.039017,62.2183,0.999869,0.9999871,0.0,0.0
691.pgm,5000,0.076294,22768,34.7412,20.498,0.039444,62.171,0.999906,0.9999926,0.0,0.35517
692.pgm,5000,0.076294,32656,49.8291,21.737,0.037323,62.411,0.999936,0.9999956,0.0,0.0
693.pgm,5000,0.076294,46240,70.5566,180.016,0.038956,62.2251,0.99993,0.9999915,0.0,0.343974
694.pgm,5000,0.076294,58896,89.8682,53.238,0.038284,62.3006,0.999932,0.9999872,0.0,0.449217
695.pgm,5000,0.076294,38384,58.5693,25.182,0.038132,62.3179,0.999832,0.9999653,0.0,0.0
696.pgm,5000,0.076294,7536,11.499,15.466,0.038025,62.3301,0.999897,0.9999967,0.0,0.0
697.pgm,5000,0.076294,27168,41.4551,22.887,0.038315,62.2971,0.999907,0.9999968,0.0,0.0
698.pgm,5000,0.076294,48656,74.2432,187.917,0.037567,62.3827,0.999949,0.9999913,0.0,0.264142
699.pgm,5000,0.076294,28848,44.0186,41.431,0.038666,62.2575,0.999889,0.9999936,0.0,0.284052
700.pgm,5000,0.076294,26416,40.3076,21.313,0.03743,62.3986,0.999936,0.9999973,0.0,0.0
701.pgm,5000,0.076294,38240,58.3496,21.333,0.0383,62.2989,0.999956,0.9999973,0.0,0.24878
702.pgm,5000,0.076294,18464,28.1738,23.333,0.038071,62.3249,0.99991,0.9999918,0.0,0.0
703.pgm,5000,0.076294,22160,33.8135,194.132,0.038849,62.237,0.999947,0.9999883,0.0,0.0
704.pgm,5000,0.076294,22896,34.9365,30.775,0.036835,62.4682,0.999887,0.9999962,0.0,0.0
705.pgm,5000,0.076294,45520,69.458,19.051,0.038422,62.285,0.999903,0.9999822,0.0,0.062977
706.pgm,5000,0.076294,41984,64.0625,20.361,0.03688,62.4628,0.999917,0.9999856,0.0,0.05406
707.pgm,5000,0.076294,39120,59.6924,91.28,0.038254,62.3041,0.99994,0.9999928,0.0,0.996465
708.pgm,5000,0.076294,17488,26.6846,49.467,0.037613,62.3774,0.999907,0.999994,0.0,0.00844
709.pgm,5000,0.076294,34832,53.1494,20.713,0.038055,62.3266,0.999834,0.9999858,0.0,0.0
710.pgm,5000,0.076294,6640,10.1318,12.831,0.038513,62.2747,0.999883,0.9999568,0.0,0.0
711.pgm,5000,0.076294,11072,16.8945,17.253,0.037903,62.3441,0.999834,0.9999841,0.0,0.0
712.pgm,5000,0.076294,25984,39.6484,134.855,0.038315,62.2971,0.999898,0.9999918,0.0,0.004586
713.pgm,5000,0.076294,50624,77.2461,58.752,0.03801,62.3319,0.999953,0.9999934,0.0,0.104794
714.pgm,5000,0.076294,25152,38.3789,19.75,0.038132,62.3179,0.999911,0.9999931,0.0,0.000462
715.pgm,5000,0.076294,24704,37.6953,21.147,0.037857,62.3493,0.999929,0.9999958,0.0,9.4e-05
716.pgm,5000,0.076294,33744,51.4893,206.619,0.038483,62.2782,0.999902,0.999987,0.0,0.597621
717.pgm,5000,0.076294,36784,56.1279,39.388,0.038437,62.2833,0.99989,0.9999952,0.0,0.0
718.pgm,5000,0.076294,21664,33.0566,19.974,0.038025,62.3301,0.999878,0.9999954,0.0,0.0
719.pgm,5000,0.076294,7616,11.6211,13.881,0.038605,62.2644,0.999934,0.9999534,0.0,0.0
720.pgm,5000,0.076294,45616,69.6045,32.36,0.03894,62.2268,0.999931,0.999995,0.0,0.0
721.pgm,5000,0.076294,16960,25.8789,113.946,0.036606,62.4953,0.999895,0.9999875,0.0,0.0
722.pgm,5000,0.076294,19392,29.5898,29.746,0.03862,62.2627,0.999918,0.9999904,0.0,0.0
723.pgm,5000,0.076294,55216,84.2529,22.459,0.037506,62.3898,0.999952,0.9999919,0.0,0.140229
724.pgm,5000,0.076294,14944,22.8027,18.644,0.037903,62.3441,0.999851,0.9999697,0.0,0.15319
725.pgm,5000,0.076294,20560,31.3721,33.271,0.03894,62.2268,0.999894,0.9999972,0.0,0.0
726.pgm,5000,0.076294,23648,36.084,154.728,0.037857,62.3493,0.999926,0.9999934,0.0,0.0
727.pgm,5000,0.076294,21136,32.251,63.11,0.038467,62.2799,0.999929,0.9999855,0.0,0.072837
728.pgm,5000,0.076294,42320,64.5752,37.115,0.037827,62.3528,0.999931,0.9999949,0.0,0.0
729.pgm,5000,0.076294,31424,47.9492,72.129,0.037827,62.3528,0.999867,0.9999812,0.0,0.078456
730.pgm,5000,0.076294,30896,47.1436,57.111,0.038345,62.2937,0.999931,0.9999965,0.0,0.0
731.pgm,5000,0.076294,26032,39.7217,21.876,0.038055,62.3266,0.999849,0.9999709,0.0,0.441029
732.pgm,5000,0.076294,23968,36.5723,17.723,0.038696,62.2541,0.999894,0.9999939,0.0,0.00442
733.pgm,5000,0.076294,55728,85.0342,30.667,0.038132,62.3179,0.999929,0.9999894,0.0,0.957768
734.pgm,5000,0.076294,22784,34.7656,199.908,0.038681,62.2558,0.999926,0.9999959,0.0,0.0
735.pgm,5000,0.076294,31776,48.4863,41.941,0.038544,62.2713,0.999932,0.9999975,0.0,0.0
736.pgm,5000,0.076294,27552,42.041,26.268,0.037918,62.3423,0.999946,0.9999943,0.0,0.0
737.pgm,5000,0.076294,31680,48.3398,20.325,0.037674,62.3704,0.999924,0.9999923,0.0,0.983656
738.pgm,5000,0.076294,26272,40.0879,18.284,0.038025,62.3301,0.999905,0.9999915,0.0,0.0
739.pgm,5000,0.076294,31920,48.7061,26.305,0.038177,62.3127,0.999917,0.9999968,0.0,0.0
740.pgm,5000,0.076294,18640,28.4424,60.339,0.038239,62.3058,0.999896,0.9999961,0.0,0.0
741.pgm,5000,0.076294,40496,61.792,80.402,0.038284,62.3006,0.999942,0.9999956,0.0,0.000754
742.pgm,5000,0.076294,6768,10.3271,192.393,0.038254,62.3041,0.999777,0.9999156,0.0,0.0
743.pgm,5000,0.076294,57488,87.7197,59.6,0.038513,62.2747,0.999958,0.9999947,0.0,0.002145
744.pgm,5000,0.076294,20704,31.5918,23.952,0.038101,62.3214,0.999917,0.9999946,0.0,0.0
745.pgm,5000,0.076294,47104,71.875,28.082,0.038376,62.2902,0.999922,0.9999901,0.0,0.016308
746.pgm,5000,0.076294,41376,63.1348,202.984,0.037827,62.3528,0.999907,0.9999946,0.0,0.0
747.pgm,5000,0.076294,23408,35.7178,35.691,0.037918,62.3423,0.999939,0.9999962,0.0,0.0
748.pgm,5000,0.076294,32064,48.9258,27.205,0.038467,62.2799,0.999927,0.9999912,0.0,0.045841
749.pgm,5000,0.076294,51136,78.0273,26.729,0.03775,62.3616,0.999927,0.9999801,0.0,0.887435
750.pgm,5000,0.076294,41952,64.0137,24.45,0.038284,62.3006,0.999937,0.9999906,0.0,0.0
751.pgm,5000,0.076294,31952,48.7549,132.731,0.038132,62.3179,0.999877,0.9999869,0.0,2.6e-05
752.pgm,5000,0.076294,23888,36.4502,33.638,0.038116,62.3197,0.999914,0.9999962,0.0,0.0
753.pgm,5000,0.076294,7520,11.4746,15.249,0.038345,62.2937,0.999776,0.9999822,0.0,0.0
754.pgm,5000,0.076294,31328,47.8027,17.048,0.038315,62.2971,0.999882,0.9999937,0.0,0.899976
755.pgm,5000,0.076294,18720,28.5645,18.353,0.037933,62.3406,0.999897,0.9999948,0.0,0.029508
756.pgm,5000,0.076294,16736,25.5371,185.108,0.038101,62.3214,0.999867,0.9999933,0.0,0.910998
757.pgm,5000,0.076294,5584,8.5205,81.561,0.03746,62.3951,0.999886,0.9999974,0.0,0.0
758.pgm,5000,0.076294,19168,29.248,19.3,0.037842,62.3511,0.999876,0.9999938,0.0,0.449689
759.pgm,5000,0.076294,33328,50.8545,22.471,0.037842,62.3511,0.999935,0.9999974,0.0,0.0
760.pgm,5000,0.076294,17312,26.416,183.28,0.038773,62.2456,0.999883,0.9999948,0.0,0.0
761.pgm,5000,0.076294,44848,68.4326,39.388,0.038132,62.3179,0.999951,0.9999938,0.0,0.004121
762.pgm,5000,0.076294,21680,33.0811,19.272,0.038712,62.2524,0.999902,0.9999973,0.0,0.0
763.pgm,5000,0.076294,33936,51.7822,17.974,0.038498,62.2764,0.999918,0.9999955,0.0,0.0
764.pgm,5000,0.076294,18496,28.2227,19.862,0.03775,62.3616,0.999869,0.9999798,0.0,0.000272
765.pgm,5000,0.076294,16896,25.7812,187.836,0.037888,62.3458,0.99984,0.9999866,0.0,0.0
766.pgm,5000,0.076294,43760,66.7725,35.577,0.039551,62.1593,0.999929,0.999991,0.0,0.051188
767.pgm,5000,0.076294,53184,81.1523,20.437,0.037491,62.3916,0.999894,0.9999808,0.0,0.999503
768.pgm,5000,0.076294,54672,83.4229,20.163,0.037735,62.3634,0.999878,0.9999775,0.0,0.941197
769.pgm,5000,0.076294,23776,36.2793,60.796,0.039261,62.1912,0.999906,0.9999937,0.0,0.0
770.pgm,5000,0.076294,22304,34.0332,75.794,0.038589,62.2661,0.999891,0.9999912,0.0,0.018327
771.pgm,5000,0.076294,41408,63.1836,24.8,0.037659,62.3722,0.99994,0.9999961,0.0,0.490282
772.pgm,5000,0.076294,13520,20.6299,13.119,0.03804,62.3284,0.999943,0.9999769,0.0,0.0
773.pgm,5000,0.076294,17232,26.2939,15.367,0.037949,62.3388,0.999826,0.9999729,0.0,0.0
774.pgm,5000,0.076294,15408,23.5107,21.019,0.038742,62.249,0.999901,0.9999973,0.0,0.0
775.pgm,5000,0.076294,40464,61.7432,226.708,0.040268,62.0812,0.999937,0.999997,0.0,0.0
776.pgm,5000,0.076294,24656,37.6221,28.862,0.037506,62.3898,0.999909,0.999987,0.0,0.0
777.pgm,5000,0.076294,45360,69.2139,19.717,0.038513,62.2747,0.99991,0.999993,0.0,0.998531
778.pgm,5000,0.076294,20928,31.9336,15.339,0.037781,62.3581,0.999906,0.9999916,0.0,1e-06
779.pgm,5000,0.076294,43184,65.8936,30.424,0.038025,62.3301,0.99991,0.999994,0.0,0.97094
780.pgm,5000,0.076294,8480,12.9395,121.438,0.037643,62.3739,0.999832,0.9999854,0.0,0.0
781.pgm,5000,0.076294,26400,40.2832,29.202,0.038803,62.2421,0.999911,0.9999856,0.0,0.259501
782.pgm,5000,0.076294,50624,77.2461,22.5,0.038559,62.2696,0.999893,0.9999902,0.0,0.997391
783.pgm,5000,0.076294,20384,31.1035,15.375,0.038315,62.2971,0.999922,0.9999972,0.0,0.0
784.pgm,5000,0.076294,48672,74.2676,21.675,0.037598,62.3792,0.999932,0.9999944,0.0,0.0
785.pgm,5000,0.076294,22464,34.2773,174.928,0.038116,62.3197,0.999882,0.9999951,0.0,0.0
786.pgm,5000,0.076294,19216,29.3213,36.267,0.037933,62.3406,0.999832,0.9999873,0.0,0.000116
787.pgm,5000,0.076294,38416,58.6182,23.978,0.038635,62.261,0.999936,0.9999958,0.0,0.0
788.pgm,5000,0.076294,35088,53.54,21.243,0.038177,62.3127,0.999925,0.9999964,0.0,0.0
789.pgm,5000,0.076294,11920,18.1885,18.382,0.036987,62.4503,0.999937,0.9999936,0.0,0.0
790.pgm,5000,0.076294,9040,13.7939,180.131,0.037704,62.3669,0.999863,0.9999952,0.0,0.022999
791.pgm,5000,0.076294,28784,43.9209,37.207,0.037659,62.3722,0.99994,0.9999879,0.0,0.0
792.pgm,5000,0.076294,24320,37.1094,19.984,0.038895,62.2319,0.999913,0.9999929,0.0,0.0
793.pgm,5000,0.076294,40128,61.2305,19.621,0.036377,62.5225,0.999944,0.9999958,0.0,0.07885
794.pgm,5000,0.076294,27312,41.6748,19.803,0.037781,62.3581,0.999907,0.9999868,0.0,0.012493
795.pgm,5000,0.076294,37488,57.2021,253.069,0.038879,62.2336,0.99992,0.9999916,0.0,0.0
796.pgm,5000,0.076294,28080,42.8467,28.868,0.038818,62.2404,0.999931,0.9999959,0.0,0.0
797.pgm,5000,0.076294,7424,11.3281,13.607,0.038864,62.2353,0.999843,0.9999922,0.0,6e-06
798.pgm,5000,0.076294,35760,54.5654,29.048,0.037643,62.3739,0.999958,0.9999968,0.0,1.2e-05
799.pgm,5000,0.076294,36880,56.2744,190.305,0.037964,62.3371,0.999937,0.9999899,0.0,0.0
800.pgm,5000,0.076294,27664,42.2119,32.548,0.037918,62.3423,0.999936,0.9999936,0.0,0.0
801.pgm,5000,0.076294,56016,85.4736,25.273,0.039078,62.2115,0.999937,0.9999908,0.0,0.15629
802.pgm,5000,0.076294,41856,63.8672,25.096,0.038681,62.2558,0.999902,0.9999878,0.0,0.078261
803.pgm,5000,0.076294,35248,53.7842,210.529,0.037643,62.3739,0.999884,0.9999892,0.0,1.4e-05
804.pgm,5000,0.076294,25568,39.0137,29.131,0.038193,62.311,0.999903,0.9999866,0.0,0.0
805.pgm,5000,0.076294,23584,35.9863,18.277,0.038528,62.273,0.999906,0.9999963,0.0,0.0
806.pgm,5000,0.076294,51920,79.2236,22.378,0.03894,62.2268,0.999875,0.999979,0.0,0.85576
807.pgm,5000,0.076294,24528,37.4268,125.441,0.038422,62.285,0.9999,0.9999949,0.0,0.0
808.pgm,5000,0.076294,5472,8.3496,41.748,0.03923,62.1946,0.999898,0.9999963,0.0,0.0
809.pgm,5000,0.076294,34416,52.5146,24.372,0.038376,62.2902,0.999929,0.9999946,0.0,0.0
810.pgm,5000,0.076294,12096,18.457,13.352,0.03801,62.3319,0.999844,0.9999811,0.0,0.0
811.pgm,5000,0.076294,29280,44.6777,16.785,0.037735,62.3634,0.999911,0.9999931,0.0,0.107068
812.pgm,5000,0.076294,27136,41.4062,241.662,0.037842,62.3511,0.999933,0.9999966,0.0,0.0
813.pgm,5000,0.076294,22656,34.5703,29.699,0.038757,62.2473,0.999925,0.999994,0.0,0.287943
814.pgm,5000,0.076294,39728,60.6201,20.365,0.038452,62.2816,0.999921,0.9999964,0.0,0.0
815.pgm,5000,0.076294,36080,55.0537,16.974,0.038467,62.2799,0.99993,0.9999933,0.0,0.665432
816.pgm,5000,0.076294,24608,37.5488,19.874,0.038101,62.3214,0.999898,0.9999961,0.0,0.0
817.pgm,5000,0.076294,29248,44.6289,243.923,0.038605,62.2644,0.999904,0.9999901,0.0,0.0
818.pgm,5000,0.076294,42992,65.6006,38.236,0.038727,62.2507,0.999906,0.9999937,0.0,0.914103
819.pgm,5000,0.076294,31952,48.7549,27.987,0.038803,62.2421,0.999897,0.9999931,0.0,0.0
820.pgm,5000,0.076294,64448,98.3398,198.744,0.037582,62.381,0.999913,0.9999769,0.0,0.991366
821.pgm,5000,0.076294,38112,58.1543,35.51,0.038773,62.2456,0.999917,0.9999936,0.0,0.0
822.pgm,5000,0.076294,47792,72.9248,19.912,0.03804,62.3284,0.999912,0.9999895,0.0,0.0
823.pgm,5000,0.076294,22128,33.7646,16.018,0.038589,62.2661,0.999914,0.9999968,0.0,0.0
824.pgm,5000,0.076294,13808,21.0693,17.129,0.038162,62.3145,0.999914,0.9999967,0.0,1.5e-05
825.pgm,5000,0.076294,27440,41.8701,207.412,0.038025,62.3301,0.999888,0.9999915,0.0,0.481643
826.pgm,5000,0.076294,39120,59.6924,56.551,0.038086,62.3232,0.999909,0.9999811,0.0,0.0
827.pgm,5000,0.076294,17904,27.3193,20.772,0.038345,62.2937,0.999918,0.9999957,0.0,5e-05
828.pgm,5000,0.076294,23008,35.1074,22.225,0.038483,62.2782,0.999907,0.9999862,0.0,0.705897
829.pgm,5000,0.076294,15664,23.9014,140.697,0.037811,62.3546,0.999893,0.9999909,0.0,0.0
830.pgm,5000,0.076294,34320,52.3682,45.915,0.038391,62.2885,0.999935,0.9999968,0.0,0.0
831.pgm,5000,0.076294,54944,83.8379,24.894,0.037888,62.3458,0.999963,0.9999864,0.0,0.936171
832.pgm,5000,0.076294,25584,39.0381,16.39,0.036667,62.4881,0.999909,0.9999867,0.0,0.323309
833.pgm,5000,0.076294,27104,41.3574,19.233,0.038086,62.3232,0.999918,0.9999936,0.0,0.001444
834.pgm,5000,0.076294,37008,56.4697,187.323,0.038162,62.3145,0.999935,0.9999913,0.0,0.583667
835.pgm,5000,0.076294,33872,51.6846,55.606,0.039291,62.1878,0.999938,0.9999915,0.0,0.000891
836.pgm,5000,0.076294,48816,74.4873,26.347,0.037628,62.3757,0.999908,0.9999908,0.0,0.911274
837.pgm,5000,0.076294,27152,41.4307,17.578,0.038818,62.2404,0.999864,0.9999866,0.0,0.0
838.pgm,5000,0.076294,40480,61.7676,22.964,0.038101,62.3214,0.999939,0.9999911,0.0,0.0
839.pgm,5000,0.076294,28288,43.1641,200.056,0.038162,62.3145,0.99992,0.9999963,0.0,0.226823
840.pgm,5000,0.076294,47600,72.6318,46.677,0.03772,62.3651,0.999907,0.9999932,0.0,0.004666
841.pgm,5000,0.076294,46768,71.3623,22.474,0.03804,62.3284,0.99992,0.9999932,0.0,0.0
842.pgm,5000,0.076294,40880,62.3779,18.417,0.037949,62.3388,0.99993,0.999996,0.0,0.0
843.pgm,5000,0.076294,12960,19.7754,17.798,0.038422,62.285,0.999927,0.999997,0.0,0.0
844.pgm,5000,0.076294,14016,21.3867,179.651,0.038635,62.261,0.999893,0.9999931,0.0,0.0
846.pgm,5000,0.076294,14016,21.3867,36.904,0.038406,62.2868,0.999916,0.9999971,0.0,0.0
847.pgm,5000,0.076294,49616,75.708,29.424,0.039017,62.2183,0.999931,0.9999896,0.0,0.275969
848.pgm,5000,0.076294,51616,78.7598,24.528,0.038864,62.2353,0.999891,0.9999882,0.0,0.878319
849.pgm,5000,0.076294,47552,72.5586,37.023,0.038925,62.2285,0.999919,0.9999854,0.0,0.566261
850.pgm,5000,0.076294,60800,92.7734,148.413,0.037994,62.3336,0.999942,0.9999851,0.0,0.999805
851.pgm,5000,0.076294,22976,35.0586,31.577,0.037125,62.4342,0.999897,0.9999906,0.0,0.0
852.pgm,5000,0.076294,31616,48.2422,20.094,0.037704,62.3669,0.999941,0.9999967,0.0,0.0
853.pgm,5000,0.076294,18208,27.7832,14.757,0.03772,62.3651,0.999921,0.9999939,0.0,0.002613
854.pgm,5000,0.076294,16368,24.9756,37.416,0.03894,62.2268,0.999918,0.9999972,0.0,0.0
855.pgm,5000,0.076294,14032,21.4111,91.869,0.038147,62.3162,0.999902,0.9999974,0.0,0.0
856.pgm,5000,0.076294,43248,65.9912,29.503,0.037445,62.3969,0.99996,0.9999966,0.0,0.0
857.pgm,5000,0.076294,20800,31.7383,18.04,0.038498,62.2764,0.99992,0.9999939,0.0,0.864468
858.pgm,5000,0.076294,23360,35.6445,16.844,0.037964,62.3371,0.999836,0.9999821,0.0,0.0
859.pgm,5000,0.076294,41632,63.5254,27.381,0.038681,62.2558,0.999927,0.9999965,0.0,0.0
860.pgm,5000,0.076294,24208,36.9385,163.371,0.038437,62.2833,0.999923,0.9999955,0.0,0.0
861.pgm,5000,0.076294,21200,32.3486,31.011,0.038528,62.273,0.999929,0.9999961,0.0,7.7e-05
862.pgm,5000,0.076294,60128,91.748,24.079,0.037064,62.4413,0.999928,0.9999905,0.0,0.951136
863.pgm,5000,0.076294,31216,47.6318,19.577,0.038193,62.311,0.999921,0.9999923,0.0,0.999837
864.pgm,5000,0.076294,31504,48.0713,32.915,0.037994,62.3336,0.999924,0.9999966,0.0,0.0
865.pgm,5000,0.076294,10736,16.3818,82.528,0.037994,62.3336,0.999891,0.9999842,0.0,0.0
866.pgm,5000,0.076294,28752,43.8721,27.955,0.038345,62.2937,0.999933,0.9999968,0.0,2.8e-05
867.pgm,5000,0.076294,7824,11.9385,15.18,0.038239,62.3058,0.99971,0.9998763,0.0,0.0
868.pgm,5000,0.076294,9568,14.5996,13.661,0.037888,62.3458,0.99993,0.9999842,0.0,0.0
869.pgm,5000,0.076294,29824,45.5078,22.242,0.039261,62.1912,0.99993,0.9999947,0.0,0.967577
870.pgm,5000,0.076294,32864,50.1465,69.128,0.038284,62.3006,0.999934,0.9999955,0.0,0.0
871.pgm,5000,0.076294,15728,23.999,73.691,0.03772,62.3651,0.999926,0.9999982,0.0,0.0
872.pgm,5000,0.076294,33712,51.4404,33.126,0.038681,62.2558,0.999901,0.9999962,0.0,0.0
873.pgm,5000,0.076294,28992,44.2383,21.29,0.037994,62.3336,0.999923,0.9999965,0.0,0.0
874.pgm,5000,0.076294,8080,12.3291,13.894,0.037674,62.3704,0.999904,0.9999891,0.0,0.0
875.pgm,5000,0.076294,27024,41.2354,19.2,0.037903,62.3441,0.999936,0.9999921,0.0,0.003235
876.pgm,5000,0.076294,51744,78.9551,159.484,0.037613,62.3774,0.999903,0.9999911,0.0,0.0
877.pgm,5000,0.076294,34576,52.7588,54.889,0.038269,62.3023,0.999891,0.9999812,0.0,0.997356
878.pgm,5000,0.076294,30272,46.1914,22.997,0.038422,62.285,0.999919,0.9999952,0.0,0.000155
879.pgm,5000,0.076294,27552,42.041,19.257,0.037613,62.3774,0.999942,0.9999899,0.0,0.0
880.pgm,5000,0.076294,33200,50.6592,26.173,0.037735,62.3634,0.999934,0.9999946,0.0,0.0
881.pgm,5000,0.076294,20496,31.2744,127.618,0.038483,62.2782,0.999952,0.9999962,0.0,0.0
882.pgm,5000,0.076294,20560,31.3721,28.655,0.038651,62.2593,0.999936,0.9999936,0.0,0.0
883.pgm,5000,0.076294,29152,44.4824,20.506,0.037262,62.4181,0.999945,0.9999957,0.0,1e-06
884.pgm,5000,0.076294,26176,39.9414,20.484,0.038513,62.2747,0.999872,0.99999,0.0,0.0
885.pgm,5000,0.076294,15904,24.2676,136.64,0.037567,62.3827,0.999862,0.999993,0.0,0.0
886.pgm,5000,0.076294,26704,40.7471,47.987,0.038086,62.3232,0.999929,0.9999964,0.0,0.000263
887.pgm,5000,0.076294,23072,35.2051,24.282,0.037888,62.3458,0.999926,0.9999959,0.0,0.0
888.pgm,5000,0.076294,37152,56.6895,22.107,0.037018,62.4467,0.999919,0.999996,0.0,0.0
889.pgm,5000,0.076294,31936,48.7305,28.533,0.037842,62.3511,0.999858,0.9999876,0.0,0.000208
890.pgm,5000,0.076294,49200,75.0732,104.789,0.038483,62.2782,0.999907,0.9999858,0.0,0.549218
891.pgm,5000,0.076294,10528,16.0645,38.129,0.038055,62.3266,0.999907,0.9999955,0.0,0.0
892.pgm,5000,0.076294,48480,73.9746,32.403,0.038055,62.3266,0.999929,0.9999928,0.0,0.0
893.pgm,5000,0.076294,9632,14.6973,18.926,0.039078,62.2115,0.999724,0.9997124,0.0,0.0
894.pgm,5000,0.076294,59440,90.6982,62.97,0.038254,62.3041,0.999964,0.9999924,0.0,1.5e-05
895.pgm,5000,0.076294,27520,41.9922,62.54,0.037872,62.3476,0.999933,0.9999965,0.0,0.0
896.pgm,5000,0.076294,41408,63.1836,31.795,0.037857,62.3493,0.999939,0.9999959,0.0,0.357769
897.pgm,5000,0.076294,26080,39.7949,20.556,0.037857,62.3493,0.999935,0.9999933,0.0,0.0
898.pgm,5000,0.076294,9888,15.0879,16.708,0.037598,62.3792,0.999911,0.9999918,0.0,0.0
899.pgm,5000,0.076294,17712,27.0264,32.827,0.038391,62.2885,0.999927,0.9999942,0.0,0.0
900.pgm,5000,0.076294,31104,47.4609,75.736,0.038376,62.2902,0.999879,0.9999884,0.0,0.196837
901.pgm,5000,0.076294,35088,53.54,24.538,0.037231,62.4217,0.999934,0.9999938,0.0,2.4e-05
902.pgm,5000,0.076294,31600,48.2178,17.936,0.037857,62.3493,0.999936,0.9999959,0.0,0.0
903.pgm,5000,0.076294,21728,33.1543,19.538,0.038513,62.2747,0.999914,0.9999927,0.0,0.0
904.pgm,5000,0.076294,62768,95.7764,227.2,0.038452,62.2816,0.999953,0.9999883,0.0,0.995075
905.pgm,5000,0.076294,34016,51.9043,34.621,0.038147,62.3162,0.999907,0.9999951,0.0,0.001373
906.pgm,5000,0.076294,23856,36.4014,19.301,0.038849,62.237,0.999906,0.9999927,0.0,0.0
907.pgm,5000,0.076294,9984,15.2344,14.111,0.037094,62.4378,0.99982,0.999977,0.0,0.0
908.pgm,5000,0.076294,5840,8.9111,13.768,0.037476,62.3933,0.999898,0.9999881,0.0,0.0
909.pgm,5000,0.076294,32880,50.1709,92.669,0.037979,62.3354,0.999869,0.999965,0.0,0.0
910.pgm,5000,0.076294,52256,79.7363,70.817,0.037415,62.4004,0.999914,0.9999881,0.0,0.78968
911.pgm,5000,0.076294,14992,22.876,22.628,0.03772,62.3651,0.999861,0.999978,0.0,1e-06
912.pgm,5000,0.076294,32016,48.8525,19.716,0.037903,62.3441,0.999919,0.9999948,0.0,2e-06
913.pgm,5000,0.076294,36448,55.6152,29.754,0.038635,62.261,0.99992,0.9999961,0.0,0.0
914.pgm,5000,0.076294,15744,24.0234,135.241,0.038116,62.3197,0.999875,0.9999929,0.0,0.0
915.pgm,5000,0.076294,13008,19.8486,25.842,0.038467,62.2799,0.999894,0.9999952,0.0,0.0
916.pgm,5000,0.076294,44352,67.6758,21.502,0.039841,62.1275,0.999913,0.9999916,0.0,1e-06
917.pgm,5000,0.076294,35760,54.5654,18.053,0.03833,62.2954,0.999938,0.9999906,0.0,0.006002
918.pgm,5000,0.076294,36784,56.1279,26.176,0.037766,62.3599,0.999929,0.9999922,0.0,0.00068
919.pgm,5000,0.076294,42288,64.5264,153.223,0.038605,62.2644,0.999926,0.9999861,0.0,0.442259
920.pgm,5000,0.076294,25264,38.5498,36.321,0.038193,62.311,0.99991,0.9999974,0.0,0.0
921.pgm,5000,0.076294,19936,30.4199,19.125,0.038376,62.2902,0.99989,0.9999929,0.0,5e-06
922.pgm,5000,0.076294,16464,25.1221,15.627,0.038849,62.237,0.999916,0.9999825,0.0,0.0
923.pgm,5000,0.076294,43232,65.9668,70.974,0.0392,62.198,0.999888,0.9999767,0.0,0.000772
924.pgm,5000,0.076294,5984,9.1309,56.25,0.038513,62.2747,0.999885,0.9999961,0.0,0.000175
925.pgm,5000,0.076294,20272,30.9326,25.079,0.038544,62.2713,0.999862,0.999986,0.0,0.0
926.pgm,5000,0.076294,24240,36.9873,20.499,0.0383,62.2989,0.999933,0.9999935,0.0,0.0
928.pgm,5000,0.076294,51536,78.6377,24.3,0.038528,62.273,0.999952,0.9999935,0.0,0.0
929.pgm,5000,0.076294,25520,38.9404,211.792,0.037033,62.4449,0.999911,0.9999914,0.0,0.0
930.pgm,5000,0.076294,31536,48.1201,33.78,0.038635,62.261,0.999922,0.9999945,0.0,0.0
931.pgm,5000,0.076294,6848,10.4492,16.088,0.038513,62.2747,0.999908,0.9999973,0.0,0.0
932.pgm,5000,0.076294,44720,68.2373,19.968,0.038712,62.2524,0.999917,0.9999927,0.0,0.0
933.pgm,5000,0.076294,36032,54.9805,22.545,0.038712,62.2524,0.999953,0.9999975,0.0,2.7e-05
934.pgm,5000,0.076294,41120,62.7441,195.986,0.038025,62.3301,0.999883,0.9999853,0.0,0.203361
935.pgm,5000,0.076294,48576,74.1211,42.889,0.038147,62.3162,0.999933,0.9999901,0.0,0.802797
936.pgm,5000,0.076294,30752,46.9238,22.386,0.038025,62.3301,0.999928,0.9999939,0.0,0.0
937.pgm,5000,0.076294,44736,68.2617,21.79,0.037399,62.4022,0.999946,0.9999944,0.0,0.816602
938.pgm,5000,0.076294,13968,21.3135,16.632,0.038727,62.2507,0.999944,0.9999912,0.0,0.0
939.pgm,5000,0.076294,29024,44.2871,197.709,0.037552,62.3845,0.999884,0.9999892,0.0,3e-06
940.pgm,5000,0.076294,30144,45.9961,33.303,0.03772,62.3651,0.999915,0.9999883,0.0,0.452391
941.pgm,5000,0.076294,61280,93.5059,22.931,0.037094,62.4378,0.999946,0.9999869,0.0,0.627802
942.pgm,5000,0.076294,17264,26.3428,17.479,0.037994,62.3336,0.99985,0.9999903,0.0,0.447096
943.pgm,5000,0.076294,12768,19.4824,181.621,0.037811,62.3546,0.999877,0.9999858,0.0,0.0
944.pgm,5000,0.076294,57536,87.793,44.952,0.038132,62.3179,0.999967,0.9999934,0.0,0.322904
945.pgm,5000,0.076294,42768,65.2588,27.582,0.037048,62.4431,0.999893,0.9999857,0.0,0.00129
946.pgm,5000,0.076294,46544,71.0205,22.621,0.038254,62.3041,0.99994,0.9999788,0.0,0.0
947.pgm,5000,0.076294,21360,32.5928,19.004,0.037888,62.3458,0.999923,0.9999959,0.0,0.0
948.pgm,5000,0.076294,41760,63.7207,140.331,0.039368,62.1794,0.999907,0.9999957,0.0,0.013834
949.pgm,5000,0.076294,37152,56.6895,44.333,0.037445,62.3969,0.999895,0.9999895,0.0,0.716906
950.pgm,5000,0.076294,10496,16.0156,17.814,0.038513,62.2747,0.999854,0.9999936,0.0,0.0
951.pgm,5000,0.076294,40192,61.3281,19.98,0.038406,62.2868,0.999917,0.9999891,0.0,1e-06
952.pgm,5000,0.076294,8432,12.8662,20.536,0.038803,62.2421,0.999899,0.9999928,0.0,0.0
953.pgm,5000,0.076294,17520,26.7334,184.853,0.038879,62.2336,0.999869,0.9999916,0.0,0.009866
954.pgm,5000,0.076294,13392,20.4346,31.952,0.037689,62.3686,0.999873,0.9999936,0.0,0.0
955.pgm,5000,0.076294,14000,21.3623,21.536,0.037796,62.3563,0.999822,0.999983,0.0,0.0
956.pgm,5000,0.076294,51184,78.1006,23.253,0.037582,62.381,0.99994,0.9999861,0.0,0.0
957.pgm,5000,0.076294,32192,49.1211,19.216,0.037292,62.4146,0.999937,0.9999947,0.0,0.192033
958.pgm,5000,0.076294,29776,45.4346,147.219,0.038101,62.3214,0.999941,0.9999927,0.0,0.999868
959.pgm,5000,0.076294,27760,42.3584,37.732,0.038559,62.2696,0.999824,0.99997,0.0,0.0
960.pgm,5000,0.076294,45216,68.9941,22.474,0.037506,62.3898,0.999911,0.9999928,0.0,0.99993
961.pgm,5000,0.076294,60704,92.627,20.901,0.039169,62.2013,0.999939,0.999993,0.0,0.999998
962.pgm,5000,0.076294,34160,52.124,21.021,0.038544,62.2713,0.999937,0.9999953,0.0,0.003955
963.pgm,5000,0.076294,58016,88.5254,191.486,0.038208,62.3093,0.999975,0.9999941,0.0,0.01782
964.pgm,5000,0.076294,36672,55.957,28.472,0.037796,62.3563,0.999873,0.9999798,0.0,0.0
965.pgm,5000,0.076294,20816,31.7627,16.539,0.037674,62.3704,0.999939,0.9999953,0.0,0.0
966.pgm,5000,0.076294,21328,32.5439,20.571,0.038162,62.3145,0.999909,0.9999968,0.0,0.0
967.pgm,5000,0.076294,43616,66.5527,203.292,0.037628,62.3757,0.99993,0.9999903,0.0,0.607568
968.pgm,5000,0.076294,27360,41.748,25.36,0.038727,62.2507,0.999906,0.9999903,0.0,0.026951
969.pgm,5000,0.076294,21760,33.2031,15.255,0.038696,62.2541,0.999879,0.9999761,0.0,0.0
970.pgm,5000,0.076294,23872,36.4258,18.393,0.039062,62.2132,0.99987,0.9999938,0.0,0.0
971.pgm,5000,0.076294,29088,44.3848,24.072,0.039047,62.2149,0.999898,0.9999886,0.0,0.842749
972.pgm,5000,0.076294,21904,33.4229,135.82,0.037537,62.3863,0.999936,0.9999965,0.0,0.0
973.pgm,5000,0.076294,35504,54.1748,36.524,0.03801,62.3319,0.99994,0.9999955,0.0,0.009103
974.pgm,5000,0.076294,26144,39.8926,20.423,0.038696,62.2541,0.999907,0.99999,0.0,0.861004
975.pgm,5000,0.076294,23776,36.2793,17.015,0.037796,62.3563,0.999938,0.9999956,0.0,0.0
976.pgm,5000,0.076294,12352,18.8477,13.893,0.038834,62.2387,0.99992,0.9999976,0.0,0.0
977.pgm,5000,0.076294,64896,99.0234,28.091,0.038635,62.261,0.999963,0.9999845,0.0,0.999965
978.pgm,5000,0.076294,21456,32.7393,201.342,0.037354,62.4075,0.999895,0.999993,0.0,0.0
979.pgm,5000,0.076294,26544,40.5029,33.632,0.038788,62.2438,0.999868,0.9999802,0.0,0.782506
980.pgm,5000,0.076294,27152,41.4307,18.465,0.038223,62.3075,0.999939,0.9999953,0.0,0.0
981.pgm,5000,0.076294,38144,58.2031,25.031,0.038147,62.3162,0.99992,0.9999916,0.0,0.0
983.pgm,5000,0.076294,22544,34.3994,31.124,0.039062,62.2132,0.999903,0.9999918,0.0,0.0
984.pgm,5000,0.076294,37392,57.0557,119.174,0.037659,62.3722,0.999918,0.9999956,0.0,0.63837
985.pgm,5000,0.076294,58320,88.9893,43.184,0.039154,62.203,0.999936,0.9999879,0.0,0.264506
986.pgm,5000,0.076294,37664,57.4707,21.639,0.039001,62.22,0.999856,0.9999825,0.0,3e-06
987.pgm,5000,0.076294,30160,46.0205,16.522,0.038101,62.3214,0.99991,0.9999864,0.0,0.0
988.pgm,5000,0.076294,17536,26.7578,19.047,0.037476,62.3933,0.999917,0.9999963,0.0,0.0
989.pgm,5000,0.076294,35392,54.0039,226.845,0.038544,62.2713,0.999921,0.9999894,0.0,0.000214
990.pgm,5000,0.076294,40352,61.5723,44.857,0.038544,62.2713,0.999949,0.999994,0.0,0.000115
991.pgm,5000,0.076294,22320,34.0576,18.686,0.038132,62.3179,0.9999,0.9999908,0.0,0.0
992.pgm,5000,0.076294,57568,87.8418,20.471,0.037476,62.3933,0.999965,0.9999929,0.0,0.799375
993.pgm,5000,0.076294,39680,60.5469,18.679,0.038605,62.2644,0.999938,0.9999933,0.0,0.308072
994.pgm,5000,0.076294,27552,42.041,109.669,0.037964,62.3371,0.999928,0.9999927,0.0,0.022468
995.pgm,5000,0.076294,49632,75.7324,65.882,0.038635,62.261,0.999928,0.9999855,0.0,0.647129
996.pgm,5000,0.076294,20080,30.6396,73.758,0.038193,62.311,0.99992,0.9999873,0.0,0.057131
997.pgm,5000,0.076294,32960,50.293,38.33,0.038025,62.3301,0.999912,0.9999939,0.0,0.321157
998.pgm,5000,0.076294,14640,22.3389,102.922,0.038803,62.2421,0.999897,0.9999916,0.0,0.0
999.pgm,5000,0.076294,41744,63.6963,30.822,0.038284,62.3006,0.999945,0.9999974,0.0,0.0
1000.pgm,5000,0.076294,27120,41.3818,19.223,0.038696,62.2541,0.999936,0.9999973,0.0,0.0
1.pgm,10000,0.152588,23952,36.5479,31.67,0.07605,59.3198,0.999846,0.9999922,0.0,0.0
2.pgm,10000,0.152588,10768,16.4307,274.822,0.076675,59.2842,0.999633,0.9999667,0.0,0.0
3.pgm,10000,0.152588,24720,37.7197,50.848,0.075836,59.332,0.99982,0.9999875,0.0,0.0
4.pgm,10000,0.152588,27968,42.6758,32.779,0.076462,59.2964,0.999867,0.9999902,0.0,0.0
5.pgm,10000,0.152588,22480,34.3018,42.287,0.076248,59.3085,0.999779,0.9999916,0.0,0.0
6.pgm,10000,0.152588,37872,57.7881,162.088,0.0755,59.3513,0.999889,0.9999857,0.0,1.1e-05
7.pgm,10000,0.152588,25072,38.2568,32.452,0.076355,59.3024,0.999874,0.9999942,0.0,0.0
8.pgm,10000,0.152588,38224,58.3252,32.389,0.076126,59.3155,0.999837,0.999982,0.0,0.703479
9.pgm,10000,0.152588,49376,75.3418,137.182,0.076294,59.3059,0.999865,0.9999721,0.0,0.376061
10.pgm,10000,0.152588,35296,53.8574,73.401,0.077332,59.2472,0.999854,0.999991,0.0,0.004503
11.pgm,10000,0.152588,31472,48.0225,28.613,0.076431,59.2981,0.999836,0.9999918,0.0,0.0
12.pgm,10000,0.152588,30368,46.3379,125.008,0.075912,59.3277,0.99979,0.9999711,0.0,0.05466
13.pgm,10000,0.152588,43904,66.9922,96.029,0.077484,59.2387,0.99986,0.999984,0.0,0.0
14.pgm,10000,0.152588,16208,24.7314,28.167,0.075653,59.3425,0.999804,0.9999927,0.0,0.002349
15.pgm,10000,0.152588,32320,49.3164,78.536,0.075775,59.3355,0.999806,0.9999665,0.0,0.000116
16.pgm,10000,0.152588,14640,22.3389,90.291,0.074554,59.4061,0.99972,0.9999638,0.0,0.00298
17.pgm,10000,0.152588,25408,38.7695,35.219,0.074844,59.3892,0.999905,0.9999956,0.0,0.0
18.pgm,10000,0.152588,18144,27.6855,32.889,0.075745,59.3373,0.999833,0.9999912,0.0,0.001109
19.pgm,10000,0.152588,36032,54.9805,265.737,0.077362,59.2455,0.999861,0.9999909,0.0,0.0
20.pgm,10000,0.152588,35344,53.9307,40.705,0.075546,59.3487,0.999738,0.9999592,0.0,0.999637
21.pgm,10000,0.152588,31584,48.1934,29.212,0.076538,59.292,0.999871,0.9999511,0.0,0.146126
22.pgm,10000,0.152588,41888,63.916,224.76,0.076202,59.3111,0.999891,0.9999801,0.0,0.034026
23.pgm,10000,0.152588,24832,37.8906,66.429,0.075302,59.3627,0.999867,0.9999908,0.0,0.0
24.pgm,10000,0.152588,25856,39.4531,36.809,0.076584,59.2894,0.99975,0.9999765,0.0,0.015967
25.pgm,10000,0.152588,25040,38.208,181.56,0.075089,59.3751,0.999874,0.9999936,0.0,0.0
26.pgm,10000,0.152588,60624,92.5049,44.681,0.075912,59.3277,0.999885,0.9999716,0.0,0.583077
27.pgm,10000,0.152588,43392,66.2109,33.199,0.07579,59.3347,0.999804,0.9999779,0.0,0.974898
28.pgm,10000,0.152588,23216,35.4248,148.125,0.077026,59.2644,0.999816,0.9999911,0.0,0.0
29.pgm,10000,0.152588,52400,79.9561,82.367,0.075607,59.3452,0.999865,0.9999729,0.0,0.690476
30.pgm,10000,0.152588,36208,55.249,35.657,0.07663,59.2868,0.999854,0.9999793,0.0,0.000242
31.pgm,10000,0.152588,22368,34.1309,38.617,0.07634,59.3033,0.999813,0.9999928,0.0,0.0
32.pgm,10000,0.152588,17872,27.2705,226.84,0.076111,59.3163,0.999855,0.9999866,0.0,0.0
33.pgm,10000,0.152588,38832,59.2529,55.956,0.076202,59.3111,0.999886,0.9999837,0.0,0.128821
34.pgm,10000,0.152588,33520,51.1475,33.985,0.076218,59.3102,0.999856,0.9999825,0.0,0.0
35.pgm,10000,0.152588,25424,38.7939,119.766,0.077698,59.2267,0.999874,0.9999946,0.0,0.0
36.pgm,10000,0.152588,30320,46.2646,82.435,0.075928,59.3268,0.999894,0.999981,0.0,0.0
37.pgm,10000,0.152588,23792,36.3037,30.448,0.078033,59.208,0.999782,0.9999833,0.0,0.456217
38.pgm,10000,0.152588,39472,60.2295,36.015,0.076904,59.2713,0.999862,0.9999914,0.0,0.0
39.pgm,10000,0.152588,58976,89.9902,275.121,0.077225,59.2532,0.999857,0.9999634,0.0,0.217159
40.pgm,10000,0.152588,27264,41.6016,63.322,0.077499,59.2378,0.99982,0.9999922,0.0,0.0
42.pgm,10000,0.152588,33776,51.5381,107.998,0.076401,59.2998,0.999768,0.9999762,0.0,0.743091
43.pgm,10000,0.152588,28576,43.6035,33.489,0.076279,59.3068,0.999801,0.9999631,0.0,0.0
44.pgm,10000,0.152588,10576,16.1377,24.921,0.076874,59.273,0.999874,0.9999818,0.0,0.0
45.pgm,10000,0.152588,33776,51.5381,32.031,0.075256,59.3654,0.99987,0.999984,0.0,0.0
46.pgm,10000,0.152588,21776,33.2275,266.464,0.077194,59.255,0.999871,0.9999957,0.0,0.0
47.pgm,10000,0.152588,12752,19.458,46.905,0.076294,59.3059,0.999812,0.99999,0.0,0.0
48.pgm,10000,0.152588,40784,62.2314,33.491,0.075928,59.3268,0.999834,0.9999902,0.0,0.0
49.pgm,10000,0.152588,19280,29.4189,45.631,0.075851,59.3312,0.999712,0.9999673,0.0,0.0
50.pgm,10000,0.152588,12176,18.5791,89.145,0.077423,59.2421,0.999565,0.9999622,0.0,0.0
51.pgm,10000,0.152588,20320,31.0059,39.409,0.077103,59.2601,0.999811,0.9999916,0.0,1e-06
52.pgm,10000,0.152588,21984,33.5449,36.47,0.076416,59.299,0.999715,0.9999468,0.0,0.998288
53.pgm,10000,0.152588,10176,15.5273,253.667,0.075684,59.3408,0.999724,0.9999634,0.0,0.010471
54.pgm,10000,0.152588,41328,63.0615,39.298,0.075378,59.3583,0.999836,0.9999891,0.0,0.0
55.pgm,10000,0.152588,27584,42.0898,26.381,0.076233,59.3094,0.999919,0.999991,0.0,0.0
56.pgm,10000,0.152588,10304,15.7227,32.331,0.076431,59.2981,0.999577,0.999955,0.0,0.0
57.pgm,10000,0.152588,50976,77.7832,264.997,0.075806,59.3338,0.999807,0.9999816,0.0,0.999671
58.pgm,10000,0.152588,43312,66.0889,55.261,0.076248,59.3085,0.99987,0.9999855,0.0,0.894232
59.pgm,10000,0.152588,32000,48.8281,32.603,0.077194,59.255,0.999826,0.9999868,0.0,0.001244
60.pgm,10000,0.152588,28560,43.5791,28.822,0.075317,59.3619,0.999806,0.9999897,0.0,0.0
61.pgm,10000,0.152588,39456,60.2051,192.509,0.077972,59.2114,0.999846,0.9999928,0.0,0.0
62.pgm,10000,0.152588,13200,20.1416,59.039,0.076263,59.3076,0.999772,0.9999895,0.0,1e-06
63.pgm,10000,0.152588,16784,25.6104,32.622,0.075562,59.3478,0.999739,0.9999267,0.0,0.0
64.pgm,10000,0.152588,33104,50.5127,46.929,0.075912,59.3277,0.999827,0.9999943,0.0,0.0
65.pgm,10000,0.152588,34560,52.7344,160.092,0.077103,59.2601,0.999809,0.9999831,0.0,0.999577
66.pgm,10000,0.152588,19952,30.4443,34.904,0.074539,59.407,0.999779,0.9999865,0.0,0.009577
67.pgm,10000,0.152588,32000,48.8281,29.537,0.076797,59.2773,0.999816,0.999982,0.0,0.0
68.pgm,10000,0.152588,14336,21.875,68.054,0.075134,59.3724,0.999853,0.9999953,0.0,0.0
69.pgm,10000,0.152588,23344,35.6201,90.876,0.076248,59.3085,0.99985,0.9999901,0.0,0.0
70.pgm,10000,0.152588,34064,51.9775,36.952,0.076508,59.2938,0.999886,0.9999853,0.0,9.2e-05
71.pgm,10000,0.152588,18080,27.5879,33.929,0.075073,59.376,0.99982,0.9999862,0.0,0.029337
72.pgm,10000,0.152588,16448,25.0977,231.266,0.076584,59.2894,0.999753,0.9999743,0.0,0.000995
73.pgm,10000,0.152588,23792,36.3037,41.466,0.076447,59.2972,0.999839,0.9999856,0.0,0.0
74.pgm,10000,0.152588,54864,83.7158,53.828,0.076279,59.3068,0.999791,0.999969,0.0,0.999987
75.pgm,10000,0.152588,30608,46.7041,267.459,0.075073,59.376,0.999816,0.999974,0.0,0.000433
76.pgm,10000,0.152588,55072,84.0332,50.371,0.076431,59.2981,0.999799,0.9999771,0.0,0.984412
77.pgm,10000,0.152588,32608,49.7559,30.96,0.076035,59.3207,0.999925,0.9999935,0.0,0.0
78.pgm,10000,0.152588,47680,72.7539,61.838,0.075897,59.3285,0.999853,0.999981,0.0,0.99928
79.pgm,10000,0.152588,39840,60.791,159.694,0.077438,59.2412,0.999849,0.9999929,0.0,0.0
80.pgm,10000,0.152588,50272,76.709,68.318,0.076523,59.2929,0.999858,0.9999741,0.0,0.999767
81.pgm,10000,0.152588,28640,43.7012,270.77,0.076416,59.299,0.999833,0.9999831,0.0,0.801041
82.pgm,10000,0.152588,29984,45.752,55.153,0.077103,59.2601,0.999861,0.9999913,0.0,0.0
83.pgm,10000,0.152588,40896,62.4023,35.275,0.076752,59.2799,0.999889,0.999991,0.0,0.0
84.pgm,10000,0.152588,30560,46.6309,65.121,0.076019,59.3216,0.999822,0.9999819,0.0,0.0
85.pgm,10000,0.152588,35344,53.9307,84.704,0.075729,59.3382,0.999819,0.9999884,0.0,0.999735
86.pgm,10000,0.152588,15328,23.3887,30.155,0.075729,59.3382,0.999808,0.9999936,0.0,0.0
87.pgm,10000,0.152588,31360,47.8516,34.593,0.076401,59.2998,0.999759,0.9999826,0.0,0.752525
88.pgm,10000,0.152588,37808,57.6904,236.835,0.075851,59.3312,0.999862,0.9999792,0.0,0.860912
89.pgm,10000,0.152588,19056,29.0771,44.996,0.076706,59.2825,0.999836,0.9999903,0.0,0.0
90.pgm,10000,0.152588,33888,51.709,30.702,0.077164,59.2567,0.999765,0.999961,0.0,0.99975
91.pgm,10000,0.152588,45440,69.3359,33.262,0.075577,59.3469,0.999883,0.9999639,0.0,0.0
92.pgm,10000,0.152588,11888,18.1396,240.024,0.07634,59.3033,0.999823,0.9999795,0.0,0.0
93.pgm,10000,0.152588,26592,40.5762,54.352,0.075714,59.339,0.999838,0.9999889,0.0,0.98904
94.pgm,10000,0.152588,30640,46.7529,31.674,0.076889,59.2722,0.999873,0.9999899,0.0,0.00083
95.pgm,10000,0.152588,22112,33.7402,40.118,0.075592,59.346,0.999851,0.9999728,0.0,0.0
96.pgm,10000,0.152588,33040,50.415,154.332,0.076599,59.2886,0.999885,0.9999954,0.0,0.0
97.pgm,10000,0.152588,23792,36.3037,49.005,0.076096,59.3172,0.999853,0.9999914,0.0,0.0
98.pgm,10000,0.152588,20720,31.6162,33.281,0.076813,59.2765,0.999653,0.9999798,0.0,0.621822
99.pgm,10000,0.152588,44480,67.8711,88.849,0.077988,59.2105,0.999815,0.999982,0.0,0.000118
100.pgm,10000,0.152588,31616,48.2422,74.45,0.075958,59.3251,0.999769,0.9999784,0.0,0.0
101.pgm,10000,0.152588,55440,84.5947,35.806,0.074921,59.3848,0.999905,0.9999846,0.0,0.767258
102.pgm,10000,0.152588,63584,97.0215,284.2,0.07663,59.2868,0.999944,0.9999785,0.0,0.999866
103.pgm,10000,0.152588,21648,33.0322,56.725,0.077545,59.2353,0.999831,0.999985,0.0,0.004227
104.pgm,10000,0.152588,24368,37.1826,28.623,0.077698,59.2267,0.999823,0.9999774,0.0,0.0
105.pgm,10000,0.152588,20992,32.0312,34.606,0.076614,59.2877,0.999866,0.9999845,0.0,0.0
106.pgm,10000,0.152588,41040,62.6221,237.054,0.076508,59.2938,0.999874,0.9999889,0.0,0.0
107.pgm,10000,0.152588,55072,84.0332,45.426,0.075012,59.3795,0.999835,0.999982,0.0,0.71585
108.pgm,10000,0.152588,56576,86.3281,36.321,0.076126,59.3155,0.999928,0.9999915,0.0,0.997033
109.pgm,10000,0.152588,27520,41.9922,120.709,0.076614,59.2877,0.999857,0.9999859,0.0,0.0
110.pgm,10000,0.152588,43488,66.3574,78.278,0.077072,59.2618,0.999903,0.9999913,0.0,0.0
111.pgm,10000,0.152588,35888,54.7607,34.237,0.076309,59.305,0.999878,0.9999758,0.0,0.969683
112.pgm,10000,0.152588,29424,44.8975,45.202,0.076263,59.3076,0.999862,0.9999922,0.0,0.002482
113.pgm,10000,0.152588,25424,38.7939,144.129,0.076233,59.3094,0.9998,0.9999882,0.0,0.0
114.pgm,10000,0.152588,29952,45.7031,57.933,0.076828,59.2756,0.999841,0.9999869,0.0,0.999973
115.pgm,10000,0.152588,38176,58.252,38.293,0.077347,59.2464,0.999897,0.999984,0.0,0.971858
117.pgm,10000,0.152588,41168,62.8174,40.165,0.077454,59.2404,0.999851,0.9999855,0.0,0.0
118.pgm,10000,0.152588,27664,42.2119,297.344,0.075928,59.3268,0.999837,0.9999945,0.0,0.0
119.pgm,10000,0.152588,14240,21.7285,38.124,0.075256,59.3654,0.999814,0.999983,0.0,0.0
120.pgm,10000,0.152588,55520,84.7168,33.309,0.077087,59.261,0.9999,0.9999662,0.0,0.955343
121.pgm,10000,0.152588,23856,36.4014,51.653,0.077209,59.2541,0.999867,0.9999936,0.0,0.0
122.pgm,10000,0.152588,23312,35.5713,135.07,0.075394,59.3575,0.999744,0.9999861,0.0,0.0
123.pgm,10000,0.152588,28832,43.9941,32.159,0.077118,59.2593,0.999746,0.9999794,0.0,0.0
124.pgm,10000,0.152588,20960,31.9824,27.339,0.07663,59.2868,0.999896,0.9999918,0.0,0.0
125.pgm,10000,0.152588,31680,48.3398,76.819,0.076431,59.2981,0.999859,0.9999903,0.0,0.000338
126.pgm,10000,0.152588,55328,84.4238,152.073,0.076111,59.3163,0.99988,0.9999681,0.0,0.786016
127.pgm,10000,0.152588,23408,35.7178,31.779,0.076874,59.273,0.99987,0.9999955,0.0,0.0
128.pgm,10000,0.152588,11376,17.3584,210.22,0.076508,59.2938,0.999749,0.999986,0.0,0.234615
129.pgm,10000,0.152588,21664,33.0566,51.64,0.07692,59.2704,0.999825,0.9999943,0.0,0.0
130.pgm,10000,0.152588,18192,27.7588,210.362,0.07666,59.2851,0.999768,0.9999922,0.0,0.480472
131.pgm,10000,0.152588,20752,31.665,55.42,0.075974,59.3242,0.999609,0.9999171,0.0,0.882888
132.pgm,10000,0.152588,28336,43.2373,29.684,0.075027,59.3786,0.999809,0.9999836,0.0,0.022705
133.pgm,10000,0.152588,24288,37.0605,89.201,0.077133,59.2584,0.999701,0.9999728,0.0,0.0
134.pgm,10000,0.152588,11392,17.3828,62.675,0.074753,59.3945,0.999664,0.9999828,0.0,0.0
135.pgm,10000,0.152588,35952,54.8584,29.897,0.07608,59.3181,0.999785,0.9999707,0.0,0.0
136.pgm,10000,0.152588,48752,74.3896,37.063,0.076263,59.3076,0.999854,0.9999925,0.0,0.0
137.pgm,10000,0.152588,34528,52.6855,287.468,0.075668,59.3417,0.99988,0.99999,0.0,4e-06
138.pgm,10000,0.152588,23664,36.1084,51.649,0.076172,59.3129,0.999817,0.9999913,0.0,0.002761
139.pgm,10000,0.152588,27744,42.334,50.595,0.07579,59.3347,0.999849,0.9999941,0.0,0.0
140.pgm,10000,0.152588,14352,21.8994,309.174,0.075439,59.3548,0.999753,0.9999793,0.0,0.0
141.pgm,10000,0.152588,13776,21.0205,66.502,0.075806,59.3338,0.999685,0.9999573,0.0,0.0
142.pgm,10000,0.152588,34784,53.0762,47.578,0.074829,59.3901,0.999855,0.9999873,0.0,0.0
143.pgm,10000,0.152588,53296,81.3232,312.199,0.075409,59.3566,0.999817,0.999954,0.0,0.917769
144.pgm,10000,0.152588,26816,40.918,49.331,0.075775,59.3355,0.999831,0.9999817,0.0,0.915025
145.pgm,10000,0.152588,53600,81.7871,36.081,0.076187,59.312,0.999848,0.9999816,0.0,0.999979
146.pgm,10000,0.152588,16176,24.6826,161.753,0.075714,59.339,0.999759,0.9999745,0.0,0.0
147.pgm,10000,0.152588,26592,40.5762,57.053,0.075073,59.376,0.999693,0.9999367,0.0,0.0
148.pgm,10000,0.152588,16336,24.9268,28.117,0.075378,59.3583,0.99973,0.9999874,0.0,0.386723
149.pgm,10000,0.152588,51600,78.7354,33.973,0.077347,59.2464,0.999895,0.9999828,0.0,0.043051
150.pgm,10000,0.152588,45072,68.7744,59.602,0.076584,59.2894,0.999829,0.9999697,0.0,0.370207
151.pgm,10000,0.152588,29968,45.7275,83.388,0.075653,59.3425,0.999777,0.9999722,0.0,0.978078
152.pgm,10000,0.152588,34880,53.2227,37.294,0.075638,59.3434,0.999888,0.9999664,0.0,0.757116
153.pgm,10000,0.152588,22912,34.9609,34.428,0.075089,59.3751,0.999809,0.9999717,0.0,0.0
154.pgm,10000,0.152588,18496,28.2227,247.057,0.075851,59.3312,0.999704,0.9999698,0.0,0.0
155.pgm,10000,0.152588,26864,40.9912,53.055,0.07695,59.2687,0.999592,0.9999392,0.0,0.109014
156.pgm,10000,0.152588,35984,54.9072,34.041,0.076797,59.2773,0.999862,0.9999899,0.0,0.0
157.pgm,10000,0.152588,23984,36.5967,37.541,0.076645,59.286,0.99973,0.9999845,0.0,0.182873
158.pgm,10000,0.152588,37840,57.7393,251.953,0.076126,59.3155,0.999646,0.9999307,0.0,0.0
159.pgm,10000,0.152588,20320,31.0059,47.473,0.076035,59.3207,0.999804,0.9999941,0.0,0.0
160.pgm,10000,0.152588,11248,17.1631,30.731,0.076187,59.312,0.999837,0.999987,0.0,2.3e-05
161.pgm,10000,0.152588,16704,25.4883,38.608,0.075272,59.3645,0.999817,0.9999945,0.0,0.0
162.pgm,10000,0.152588,24464,37.3291,211.145,0.076401,59.2998,0.999776,0.9999925,0.0,0.0
163.pgm,10000,0.152588,47696,72.7783,40.465,0.075562,59.3478,0.999837,0.9999908,0.0,0.0
164.pgm,10000,0.152588,23504,35.8643,26.972,0.075912,59.3277,0.999761,0.9999891,0.0,0.0
165.pgm,10000,0.152588,44096,67.2852,50.556,0.07579,59.3347,0.999753,0.9999304,0.0,0.000679
167.pgm,10000,0.152588,12512,19.0918,121.855,0.076096,59.3172,0.999776,0.9999865,0.0,0.297236
168.pgm,10000,0.152588,55632,84.8877,78.881,0.075943,59.3259,0.999826,0.9999793,0.0,0.929817
169.pgm,10000,0.152588,48464,73.9502,263.94,0.075302,59.3627,0.999869,0.9999891,0.0,0.0
170.pgm,10000,0.152588,15840,24.1699,56.638,0.076294,59.3059,0.999802,0.9999927,0.0,0.0
171.pgm,10000,0.152588,42240,64.4531,40.845,0.076035,59.3207,0.999877,0.9999804,0.0,0.00323
172.pgm,10000,0.152588,37680,57.4951,36.961,0.076553,59.2912,0.999653,0.9999289,0.0,0.0
173.pgm,10000,0.152588,25008,38.1592,247.974,0.076416,59.299,0.999869,0.9999928,0.0,0.0
174.pgm,10000,0.152588,16928,25.8301,46.534,0.076035,59.3207,0.999584,0.9999489,0.0,0.0
175.pgm,10000,0.152588,22416,34.2041,28.724,0.07637,59.3016,0.999862,0.9999625,0.0,0.910953
176.pgm,10000,0.152588,41248,62.9395,36.124,0.075974,59.3242,0.999774,0.99999,0.0,0.159799
177.pgm,10000,0.152588,43168,65.8691,270.15,0.076172,59.3129,0.99987,0.9999898,0.0,0.110794
179.pgm,10000,0.152588,26000,39.6729,61.686,0.075043,59.3777,0.999774,0.9999675,0.0,0.306825
180.pgm,10000,0.152588,31520,48.0957,32.568,0.076126,59.3155,0.999812,0.9999737,0.0,4e-06
181.pgm,10000,0.152588,35616,54.3457,138.535,0.075821,59.3329,0.999882,0.9999912,0.0,0.03327
182.pgm,10000,0.152588,26176,39.9414,76.1,0.075668,59.3417,0.9998,0.9999781,0.0,6.4e-05
183.pgm,10000,0.152588,36512,55.7129,33.699,0.07724,59.2524,0.999858,0.9999864,0.0,0.040292
184.pgm,10000,0.152588,35200,53.7109,32.783,0.076462,59.2964,0.999874,0.9999948,0.0,0.0
185.pgm,10000,0.152588,54352,82.9346,268.936,0.07695,59.2687,0.999847,0.9999682,0.0,0.440125
186.pgm,10000,0.152588,22672,34.5947,44.743,0.076859,59.2739,0.999878,0.9999949,0.0,0.0
187.pgm,10000,0.152588,19072,29.1016,28.635,0.076309,59.305,0.999865,0.9999884,0.0,6.1e-05
188.pgm,10000,0.152588,35888,54.7607,44.972,0.076431,59.2981,0.999759,0.9999649,0.0,0.0
189.pgm,10000,0.152588,23616,36.0352,175.896,0.076584,59.2894,0.999861,0.999994,0.0,0.0
190.pgm,10000,0.152588,38176,58.252,40.373,0.077744,59.2242,0.999858,0.9999904,0.0,0.935185
191.pgm,10000,0.152588,23376,35.6689,28.701,0.074783,59.3928,0.999846,0.9999865,0.0,0.002238
192.pgm,10000,0.152588,56112,85.6201,54.957,0.076797,59.2773,0.999904,0.999966,0.0,0.999604
193.pgm,10000,0.152588,36576,55.8105,198.228,0.07579,59.3347,0.999888,0.9999907,0.0,0.702061
194.pgm,10000,0.152588,51664,78.833,43.349,0.076599,59.2886,0.999809,0.9999715,0.0,0.139896
195.pgm,10000,0.152588,31920,48.7061,28.895,0.074554,59.4061,0.999876,0.9999905,0.0,1.6e-05
196.pgm,10000,0.152588,11968,18.2617,26.498,0.076874,59.273,0.999819,0.9999689,0.0,0.0
197.pgm,10000,0.152588,14384,21.9482,273.655,0.076218,59.3102,0.999775,0.9999817,0.0,0.0
198.pgm,10000,0.152588,45680,69.7021,60.688,0.076416,59.299,0.999822,0.9999678,0.0,0.801181
199.pgm,10000,0.152588,28032,42.7734,27.742,0.077484,59.2387,0.999832,0.9999851,0.0,0.0
201.pgm,10000,0.152588,12096,18.457,30.631,0.075897,59.3285,0.999785,0.9999867,0.0,0.0
202.pgm,10000,0.152588,29392,44.8486,277.779,0.075546,59.3487,0.999909,0.999995,0.0,0.0
203.pgm,10000,0.152588,23216,35.4248,52.747,0.075699,59.3399,0.999891,0.9999949,0.0,0.0
204.pgm,10000,0.152588,31056,47.3877,32.926,0.075882,59.3294,0.999845,0.9999848,0.0,4.6e-05
205.pgm,10000,0.152588,51216,78.1494,53.231,0.074875,59.3874,0.999862,0.9999838,0.0,0.724047
206.pgm,10000,0.152588,44512,67.9199,165.884,0.076263,59.3076,0.999639,0.9999111,0.0,0.722838
207.pgm,10000,0.152588,15488,23.6328,43.954,0.075974,59.3242,0.999749,0.9999283,0.0,3.9e-05
208.pgm,10000,0.152588,45200,68.9697,34.74,0.076248,59.3085,0.999868,0.9999913,0.0,0.0
209.pgm,10000,0.152588,48336,73.7549,33.084,0.077225,59.2532,0.999889,0.9999806,0.0,0.600509
210.pgm,10000,0.152588,33328,50.8545,320.268,0.076111,59.3163,0.99973,0.9999704,0.0,0.0
211.pgm,10000,0.152588,28160,42.9688,55.422,0.076614,59.2877,0.999699,0.9999436,0.0,0.040462
213.pgm,10000,0.152588,21152,32.2754,49.165,0.076508,59.2938,0.999843,0.9999949,0.0,0.0
214.pgm,10000,0.152588,42656,65.0879,214.569,0.076736,59.2808,0.999908,0.9999794,0.0,0.0
215.pgm,10000,0.152588,18832,28.7354,42.591,0.076584,59.2894,0.999866,0.9999855,0.0,0.234349
216.pgm,10000,0.152588,30704,46.8506,35.617,0.077362,59.2455,0.999823,0.9999943,0.0,0.0
217.pgm,10000,0.152588,27680,42.2363,263.751,0.075317,59.3619,0.999889,0.9999944,0.0,0.0
218.pgm,10000,0.152588,33120,50.5371,61.593,0.076706,59.2825,0.999831,0.9999878,0.0,0.004623
219.pgm,10000,0.152588,28560,43.5791,37.303,0.076187,59.312,0.99986,0.9999842,0.0,0.0
220.pgm,10000,0.152588,19104,29.1504,237.683,0.075485,59.3522,0.999811,0.9999886,0.0,0.0
221.pgm,10000,0.152588,39984,61.0107,71.406,0.077011,59.2653,0.999888,0.9999848,0.0,0.994366
222.pgm,10000,0.152588,39872,60.8398,32.366,0.07666,59.2851,0.999847,0.9999804,0.0,0.545617
223.pgm,10000,0.152588,48640,74.2188,77.859,0.076248,59.3085,0.999822,0.9999751,0.0,0.83996
224.pgm,10000,0.152588,17072,26.0498,138.055,0.077301,59.249,0.999734,0.9999917,0.0,0.0
225.pgm,10000,0.152588,20784,31.7139,51.379,0.076874,59.273,0.999781,0.99999,0.0,0.0
226.pgm,10000,0.152588,28032,42.7734,36.552,0.074173,59.4283,0.999861,0.9999938,0.0,0.0
227.pgm,10000,0.152588,24864,37.9395,260.228,0.076416,59.299,0.999738,0.9999598,0.0,0.950661
230.pgm,10000,0.152588,21984,33.5449,50.297,0.076035,59.3207,0.999862,0.999995,0.0,0.0
231.pgm,10000,0.152588,27184,41.4795,31.429,0.077652,59.2293,0.999827,0.999992,0.0,0.0
232.pgm,10000,0.152588,39184,59.79,268.108,0.076691,59.2834,0.999881,0.9999716,0.0,0.977798
233.pgm,10000,0.152588,15584,23.7793,91.976,0.075027,59.3786,0.99974,0.9999787,0.0,0.0
235.pgm,10000,0.152588,32624,49.7803,49.059,0.07579,59.3347,0.999826,0.9999924,0.0,0.043066
236.pgm,10000,0.152588,14800,22.583,261.895,0.074844,59.3892,0.999615,0.9999754,0.0,0.0
237.pgm,10000,0.152588,44560,67.9932,68.744,0.076187,59.312,0.999883,0.9999902,0.0,0.0
238.pgm,10000,0.152588,26784,40.8691,36.004,0.076614,59.2877,0.999847,0.9999928,0.0,0.0
239.pgm,10000,0.152588,14592,22.2656,37.488,0.076096,59.3172,0.999832,0.999993,0.0,0.472585
240.pgm,10000,0.152588,14272,21.7773,198.299,0.074753,59.3945,0.99975,0.9999856,0.0,7.4e-05
241.pgm,10000,0.152588,26224,40.0146,59.456,0.075607,59.3452,0.999868,0.999985,0.0,0.348408
242.pgm,10000,0.152588,23200,35.4004,29.572,0.077194,59.255,0.999853,0.9999908,0.0,0.0
244.pgm,10000,0.152588,44688,68.1885,212.533,0.075287,59.3636,0.999868,0.9999905,0.0,1e-06
245.pgm,10000,0.152588,24256,37.0117,60.246,0.075943,59.3259,0.999752,0.9999852,0.0,0.0
246.pgm,10000,0.152588,27296,41.6504,31.801,0.077118,59.2593,0.999805,0.999973,0.0,1e-06
247.pgm,10000,0.152588,29088,44.3848,28.281,0.076904,59.2713,0.999805,0.9999716,0.0,0.0
249.pgm,10000,0.152588,40880,62.3779,101.636,0.075699,59.3399,0.999807,0.9999546,0.0,0.230176
250.pgm,10000,0.152588,32368,49.3896,76.74,0.0746,59.4034,0.99987,0.9999894,0.0,0.0
251.pgm,10000,0.152588,45520,69.458,39.559,0.076904,59.2713,0.999835,0.9999766,0.0,5.7e-05
252.pgm,10000,0.152588,55024,83.96,122.132,0.07663,59.2868,0.999843,0.9999665,0.0,0.999993
253.pgm,10000,0.152588,25712,39.2334,74.55,0.075668,59.3417,0.999757,0.9999881,0.0,0.0
254.pgm,10000,0.152588,35392,54.0039,30.752,0.076645,59.286,0.999833,0.999992,0.0,0.0
256.pgm,10000,0.152588,23504,35.8643,43.038,0.075867,59.3303,0.999785,0.9999914,0.0,0.013268
257.pgm,10000,0.152588,12368,18.8721,124.597,0.075638,59.3434,0.99965,0.9999768,0.0,0.001775
258.pgm,10000,0.152588,11280,17.2119,32.662,0.075851,59.3312,0.999702,0.9999422,0.0,0.99663
259.pgm,10000,0.152588,21664,33.0566,25.944,0.075577,59.3469,0.999883,0.9999927,0.0,0.0
260.pgm,10000,0.152588,50528,77.0996,52.727,0.076157,59.3137,0.999901,0.9999869,0.0,0.000292
261.pgm,10000,0.152588,25808,39.3799,99.2,0.075684,59.3408,0.999881,0.9999735,0.0,0.117479
262.pgm,10000,0.152588,24496,37.3779,42.313,0.075806,59.3338,0.999727,0.9999483,0.0,0.0
263.pgm,10000,0.152588,55184,84.2041,30.899,0.076889,59.2722,0.999813,0.9999802,0.0,0.559737
264.pgm,10000,0.152588,60672,92.5781,41.576,0.076309,59.305,0.999887,0.9999717,0.0,0.937822
265.pgm,10000,0.152588,26912,41.0645,272.84,0.076706,59.2825,0.999763,0.9999839,0.0,0.0
268.pgm,10000,0.152588,36464,55.6396,42.686,0.076477,59.2955,0.999827,0.9999678,0.0,0.743549
269.pgm,10000,0.152588,24048,36.6943,27.0,0.075439,59.3548,0.99991,0.9999934,0.0,0.0
270.pgm,10000,0.152588,24448,37.3047,34.75,0.075882,59.3294,0.999834,0.999995,0.0,0.0
271.pgm,10000,0.152588,24112,36.792,198.42,0.075409,59.3566,0.999799,0.9999911,0.0,0.0
272.pgm,10000,0.152588,39136,59.7168,42.5,0.0755,59.3513,0.999831,0.9999747,0.0,0.989462
273.pgm,10000,0.152588,24640,37.5977,27.536,0.076294,59.3059,0.999702,0.9999564,0.0,0.979236
275.pgm,10000,0.152588,20304,30.9814,32.779,0.075653,59.3425,0.999838,0.9999884,0.0,2.3e-05
276.pgm,10000,0.152588,23536,35.9131,203.311,0.075974,59.3242,0.999858,0.9999942,0.0,0.0
278.pgm,10000,0.152588,54448,83.0811,67.027,0.076279,59.3068,0.999916,0.9999692,0.0,0.879328
279.pgm,10000,0.152588,36368,55.4932,34.864,0.075821,59.3329,0.999894,0.9999934,0.0,0.0
280.pgm,10000,0.152588,29072,44.3604,43.293,0.076111,59.3163,0.999811,0.9999895,0.0,0.0
281.pgm,10000,0.152588,12464,19.0186,149.284,0.077225,59.2532,0.99982,0.9999932,0.0,0.0
282.pgm,10000,0.152588,55024,83.96,49.919,0.076553,59.2912,0.99982,0.9999762,0.0,0.99923
283.pgm,10000,0.152588,48752,74.3896,32.101,0.077072,59.2618,0.999832,0.9999735,0.0,0.966988
284.pgm,10000,0.152588,24784,37.8174,33.972,0.075363,59.3592,0.999866,0.999987,0.0,0.0
285.pgm,10000,0.152588,37936,57.8857,306.754,0.077271,59.2507,0.999875,0.9999896,0.0,0.000986
286.pgm,10000,0.152588,38272,58.3984,43.027,0.075546,59.3487,0.999888,0.9999842,0.0,0.951825
287.pgm,10000,0.152588,20336,31.0303,27.005,0.076416,59.299,0.999804,0.9999824,0.0,0.0
288.pgm,10000,0.152588,34656,52.8809,97.195,0.076187,59.312,0.999833,0.9999896,0.0,0.0
289.pgm,10000,0.152588,44576,68.0176,104.585,0.076248,59.3085,0.99986,0.9999817,0.0,0.47911
290.pgm,10000,0.152588,26720,40.7715,76.29,0.077408,59.243,0.99982,0.9999901,0.0,0.346949
291.pgm,10000,0.152588,27744,42.334,210.718,0.077957,59.2122,0.999757,0.9999651,0.0,0.039432
292.pgm,10000,0.152588,16080,24.5361,56.84,0.076202,59.3111,0.999719,0.9999684,0.0,0.000274
293.pgm,10000,0.152588,24608,37.5488,34.632,0.075714,59.339,0.999794,0.99999,0.0,0.127168
294.pgm,10000,0.152588,10096,15.4053,278.78,0.075989,59.3233,0.99966,0.9999744,0.0,0.0
295.pgm,10000,0.152588,42304,64.5508,58.613,0.074982,59.3813,0.999757,0.9999656,0.0,0.773565
296.pgm,10000,0.152588,27280,41.626,37.889,0.076279,59.3068,0.999778,0.9999705,0.0,0.0
297.pgm,10000,0.152588,26960,41.1377,244.15,0.076813,59.2765,0.999709,0.9999442,0.0,0.999121
298.pgm,10000,0.152588,48480,73.9746,61.519,0.075211,59.368,0.999874,0.9999821,0.0,0.851634
299.pgm,10000,0.152588,16704,25.4883,33.616,0.075562,59.3478,0.999444,0.9997331,0.0,0.0
300.pgm,10000,0.152588,14496,22.1191,162.033,0.075958,59.3251,0.999842,0.9999938,0.0,0.0
301.pgm,10000,0.152588,22592,34.4727,76.557,0.076492,59.2946,0.999835,0.9999917,0.0,0.0
302.pgm,10000,0.152588,23552,35.9375,35.036,0.075027,59.3786,0.99981,0.9999916,0.0,0.0
303.pgm,10000,0.152588,15392,23.4863,33.231,0.07692,59.2704,0.999776,0.9999919,0.0,0.742836
304.pgm,10000,0.152588,51984,79.3213,262.097,0.076248,59.3085,0.999856,0.9999687,0.0,0.996204
305.pgm,10000,0.152588,33632,51.3184,50.679,0.077087,59.261,0.999711,0.9999814,0.0,0.002073
306.pgm,10000,0.152588,31840,48.584,31.544,0.074554,59.4061,0.999757,0.9999852,0.0,0.569163
307.pgm,10000,0.152588,11760,17.9443,29.772,0.077118,59.2593,0.999806,0.9999926,0.0,0.0
308.pgm,10000,0.152588,25920,39.5508,272.367,0.07637,59.3016,0.999778,0.9999882,0.0,0.0
309.pgm,10000,0.152588,21776,33.2275,44.351,0.076065,59.319,0.999875,0.9999922,0.0,3e-06
310.pgm,10000,0.152588,47760,72.876,34.315,0.075409,59.3566,0.999864,0.9999869,0.0,0.998649
311.pgm,10000,0.152588,22608,34.4971,47.832,0.077148,59.2575,0.999833,0.9999947,0.0,0.0
312.pgm,10000,0.152588,52944,80.7861,185.418,0.076477,59.2955,0.99983,0.9999824,0.0,0.991546
313.pgm,10000,0.152588,46368,70.752,40.236,0.077103,59.2601,0.999853,0.9999868,0.0,0.0
314.pgm,10000,0.152588,46096,70.3369,31.808,0.075729,59.3382,0.999881,0.9999896,0.0,0.497169
316.pgm,10000,0.152588,19584,29.8828,69.197,0.077087,59.261,0.999701,0.9999702,0.0,0.0
317.pgm,10000,0.152588,30544,46.6064,89.751,0.075241,59.3663,0.999833,0.9999924,0.0,0.0
318.pgm,10000,0.152588,14288,21.8018,29.355,0.07486,59.3883,0.999828,0.99999,0.0,0.0
319.pgm,10000,0.152588,12032,18.3594,30.614,0.075485,59.3522,0.999753,0.9999844,0.0,1e-06
320.pgm,10000,0.152588,27312,41.6748,200.055,0.076553,59.2912,0.999874,0.9999925,0.0,0.0
321.pgm,10000,0.152588,42336,64.5996,65.905,0.077057,59.2627,0.999874,0.9999803,0.0,0.000102
322.pgm,10000,0.152588,22800,34.79,30.505,0.076157,59.3137,0.999844,0.9999815,0.0,0.0
323.pgm,10000,0.152588,27120,41.3818,32.0,0.077377,59.2447,0.999861,0.9999839,0.0,0.277559
324.pgm,10000,0.152588,41888,63.916,293.122,0.075699,59.3399,0.999796,0.9999848,0.0,0.985894
325.pgm,10000,0.152588,18016,27.4902,63.038,0.076401,59.2998,0.999829,0.9999871,0.0,0.034003
326.pgm,10000,0.152588,29088,44.3848,34.034,0.076477,59.2955,0.999767,0.9999678,0.0,0.028082
327.pgm,10000,0.152588,50992,77.8076,41.722,0.07785,59.2182,0.999773,0.9999758,0.0,0.463166
328.pgm,10000,0.152588,28832,43.9941,200.695,0.075775,59.3355,0.999859,0.999993,0.0,0.0
329.pgm,10000,0.152588,31744,48.4375,36.264,0.075943,59.3259,0.999883,0.9999901,0.0,0.134934
330.pgm,10000,0.152588,31104,47.4609,26.398,0.077087,59.261,0.999848,0.9999867,0.0,0.0
331.pgm,10000,0.152588,16896,25.7812,28.863,0.075668,59.3417,0.999659,0.9999367,0.0,0.24432
332.pgm,10000,0.152588,27968,42.6758,253.865,0.076965,59.2679,0.999834,0.9999923,0.0,0.0
333.pgm,10000,0.152588,34848,53.1738,58.178,0.077148,59.2575,0.999849,0.9999847,0.0,0.976617
334.pgm,10000,0.152588,40368,61.5967,34.131,0.075165,59.3707,0.99992,0.9999903,0.0,0.0
335.pgm,10000,0.152588,35712,54.4922,30.273,0.077042,59.2635,0.999848,0.9999903,0.0,0.0
336.pgm,10000,0.152588,13328,20.3369,192.431,0.074844,59.3892,0.99981,0.999994,0.0,0.0
337.pgm,10000,0.152588,22224,33.9111,79.183,0.076538,59.292,0.999787,0.9999933,0.0,0.0
338.pgm,10000,0.152588,23152,35.3271,55.402,0.076111,59.3163,0.999824,0.9999884,0.0,0.0
339.pgm,10000,0.152588,44320,67.627,43.566,0.075302,59.3627,0.999871,0.9999876,0.0,0.204817
340.pgm,10000,0.152588,27328,41.6992,309.258,0.075439,59.3548,0.999712,0.9999284,0.0,0.00215
341.pgm,10000,0.152588,26112,39.8438,56.641,0.075684,59.3408,0.999867,0.9999898,0.0,0.0
342.pgm,10000,0.152588,27344,41.7236,33.495,0.075836,59.332,0.999861,0.9999897,0.0,0.002387
343.pgm,10000,0.152588,11200,17.0898,202.348,0.076431,59.2981,0.999766,0.999988,0.0,0.39595
344.pgm,10000,0.152588,26624,40.625,51.398,0.075867,59.3303,0.999824,0.999991,0.0,0.0
345.pgm,10000,0.152588,43184,65.8936,30.95,0.076813,59.2765,0.999888,0.9999908,0.0,0.042812
346.pgm,10000,0.152588,64800,98.877,39.27,0.076065,59.319,0.999842,0.9999514,0.0,0.996231
347.pgm,10000,0.152588,57792,88.1836,279.984,0.076996,59.2661,0.999792,0.9999744,0.0,0.9895
349.pgm,10000,0.152588,24720,37.7197,45.705,0.074783,59.3928,0.999886,0.9999892,0.0,0.005541
350.pgm,10000,0.152588,50816,77.5391,34.589,0.076355,59.3024,0.999729,0.9999428,0.0,0.146134
351.pgm,10000,0.152588,39920,60.9131,184.927,0.076324,59.3042,0.999776,0.9999881,0.0,0.0
352.pgm,10000,0.152588,21872,33.374,53.243,0.076157,59.3137,0.999759,0.9999887,0.0,0.003934
354.pgm,10000,0.152588,28400,43.335,29.243,0.076019,59.3216,0.999853,0.9999797,0.0,0.941801
355.pgm,10000,0.152588,16064,24.5117,29.463,0.076157,59.3137,0.99984,0.999987,0.0,0.0
356.pgm,10000,0.152588,11952,18.2373,265.02,0.077332,59.2472,0.999826,0.9999949,0.0,0.0
357.pgm,10000,0.152588,22272,33.9844,52.048,0.076004,59.3224,0.999824,0.9999828,0.0,0.025576
358.pgm,10000,0.152588,28672,43.75,29.682,0.074982,59.3813,0.999828,0.9999947,0.0,0.0
359.pgm,10000,0.152588,13552,20.6787,26.669,0.077072,59.2618,0.999881,0.9999898,0.0,0.0
360.pgm,10000,0.152588,35168,53.6621,190.647,0.076416,59.299,0.999735,0.9999648,0.0,0.525017
361.pgm,10000,0.152588,15040,22.9492,49.123,0.076157,59.3137,0.999712,0.9999768,0.0,0.0
363.pgm,10000,0.152588,21280,32.4707,69.638,0.076767,59.2791,0.999836,0.9999951,0.0,0.0
364.pgm,10000,0.152588,29264,44.6533,161.874,0.076889,59.2722,0.999674,0.9999286,0.0,0.446819
365.pgm,10000,0.152588,44528,67.9443,39.473,0.076126,59.3155,0.999861,0.9999761,0.0,0.74622
366.pgm,10000,0.152588,11360,17.334,27.622,0.075195,59.3689,0.99962,0.9999449,0.0,0.0
367.pgm,10000,0.152588,43072,65.7227,207.485,0.075165,59.3707,0.999871,0.9999862,0.0,0.655804
368.pgm,10000,0.152588,42048,64.1602,73.081,0.076614,59.2877,0.999788,0.9999836,0.0,0.291815
369.pgm,10000,0.152588,23456,35.791,31.08,0.076828,59.2756,0.999871,0.9999925,0.0,0.0
370.pgm,10000,0.152588,31088,47.4365,35.771,0.076569,59.2903,0.99959,0.9998231,0.0,0.0
371.pgm,10000,0.152588,10144,15.4785,262.099,0.076843,59.2747,0.999748,0.9999878,0.0,0.0
372.pgm,10000,0.152588,35968,54.8828,38.94,0.075439,59.3548,0.999852,0.9999786,0.0,7.6e-05
373.pgm,10000,0.152588,34320,52.3682,30.938,0.076721,59.2817,0.999891,0.9999889,0.0,0.0
374.pgm,10000,0.152588,13568,20.7031,103.191,0.076019,59.3216,0.999629,0.9998767,0.0,0.056683
375.pgm,10000,0.152588,37168,56.7139,84.664,0.076569,59.2903,0.99983,0.9999901,0.0,0.0
376.pgm,10000,0.152588,12064,18.4082,30.94,0.075363,59.3592,0.99971,0.9999803,0.0,0.0
377.pgm,10000,0.152588,40448,61.7188,36.285,0.075912,59.3277,0.999745,0.9999805,0.0,0.0
378.pgm,10000,0.152588,59680,91.0645,262.091,0.076187,59.312,0.999847,0.9999792,0.0,0.859913
379.pgm,10000,0.152588,25392,38.7451,42.051,0.074982,59.3813,0.999823,0.9999579,0.0,2e-06
380.pgm,10000,0.152588,34144,52.0996,28.78,0.077698,59.2267,0.99988,0.9999869,0.0,0.0
381.pgm,10000,0.152588,55296,84.375,39.859,0.076004,59.3224,0.999888,0.9999839,0.0,0.874494
382.pgm,10000,0.152588,55104,84.082,279.533,0.07637,59.3016,0.999823,0.9999626,0.0,0.984164
383.pgm,10000,0.152588,48400,73.8525,55.672,0.075409,59.3566,0.999899,0.999988,0.0,2e-06
384.pgm,10000,0.152588,30288,46.2158,27.538,0.077286,59.2498,0.999807,0.999972,0.0,6e-06
385.pgm,10000,0.152588,19248,29.3701,31.714,0.077316,59.2481,0.999727,0.9999808,0.0,0.0
386.pgm,10000,0.152588,14640,22.3389,261.081,0.075989,59.3233,0.999814,0.9999947,0.0,0.0
387.pgm,10000,0.152588,24080,36.7432,44.396,0.077377,59.2447,0.999804,0.9999914,0.0,0.0
388.pgm,10000,0.152588,18704,28.54,27.367,0.077118,59.2593,0.999844,0.9999912,0.0,0.0
389.pgm,10000,0.152588,13264,20.2393,31.891,0.075623,59.3443,0.999627,0.9997679,0.0,0.0
390.pgm,10000,0.152588,59392,90.625,211.375,0.076019,59.3216,0.999927,0.9999838,0.0,0.008053
391.pgm,10000,0.152588,33632,51.3184,75.904,0.076981,59.267,0.999806,0.9999753,0.0,0.06734
392.pgm,10000,0.152588,21904,33.4229,38.617,0.076492,59.2946,0.99977,0.9999922,0.0,0.0
393.pgm,10000,0.152588,20096,30.6641,32.976,0.077484,59.2387,0.999859,0.9999929,0.0,0.0
394.pgm,10000,0.152588,25984,39.6484,215.579,0.076523,59.2929,0.999755,0.9999757,0.0,0.0
395.pgm,10000,0.152588,24448,37.3047,57.922,0.076035,59.3207,0.99985,0.9999904,0.0,0.0
396.pgm,10000,0.152588,13040,19.8975,27.237,0.076294,59.3059,0.999761,0.9999675,0.0,0.0
397.pgm,10000,0.152588,15856,24.1943,27.663,0.076004,59.3224,0.999873,0.9999958,0.0,0.0
399.pgm,10000,0.152588,49072,74.8779,281.194,0.07724,59.2524,0.999858,0.9999705,0.0,0.320545
400.pgm,10000,0.152588,38864,59.3018,57.033,0.07634,59.3033,0.999819,0.9999912,0.0,0.0
401.pgm,10000,0.152588,14432,22.0215,28.32,0.07663,59.2868,0.999786,0.9999954,0.0,0.0
402.pgm,10000,0.152588,12032,18.3594,26.486,0.076035,59.3207,0.99978,0.999989,0.0,0.0
403.pgm,10000,0.152588,13584,20.7275,176.373,0.075623,59.3443,0.999844,0.9999835,0.0,0.0
404.pgm,10000,0.152588,39744,60.6445,81.95,0.077576,59.2335,0.999763,0.999951,0.0,0.0
405.pgm,10000,0.152588,29088,44.3848,32.362,0.075592,59.346,0.999867,0.9999941,0.0,0.0
406.pgm,10000,0.152588,29744,45.3857,34.996,0.075745,59.3373,0.999789,0.9999654,0.0,0.0
407.pgm,10000,0.152588,45296,69.1162,276.487,0.076645,59.286,0.999822,0.9999859,0.0,0.941168
408.pgm,10000,0.152588,21392,32.6416,56.948,0.07692,59.2704,0.999795,0.9999924,0.0,0.0
409.pgm,10000,0.152588,28240,43.0908,29.491,0.076126,59.3155,0.999838,0.999982,0.0,0.0
410.pgm,10000,0.152588,29456,44.9463,209.459,0.076263,59.3076,0.999913,0.9999937,0.0,0.0
411.pgm,10000,0.152588,25120,38.3301,50.921,0.077438,59.2412,0.999548,0.99995,0.0,0.0
412.pgm,10000,0.152588,44000,67.1387,31.684,0.07756,59.2344,0.99986,0.9999818,0.0,0.892729
413.pgm,10000,0.152588,33600,51.2695,33.813,0.076935,59.2696,0.999858,0.9999742,0.0,0.70569
414.pgm,10000,0.152588,25344,38.6719,283.046,0.077148,59.2575,0.999776,0.99999,0.0,0.0
415.pgm,10000,0.152588,40432,61.6943,66.441,0.075912,59.3277,0.999686,0.9999646,0.0,0.0
416.pgm,10000,0.152588,35168,53.6621,36.215,0.076187,59.312,0.999869,0.9999859,0.0,0.0
417.pgm,10000,0.152588,52912,80.7373,231.213,0.076675,59.2842,0.999814,0.9999531,0.0,0.443038
418.pgm,10000,0.152588,59072,90.1367,66.169,0.075958,59.3251,0.999763,0.9999632,0.0,0.73372
419.pgm,10000,0.152588,33600,51.2695,32.597,0.076157,59.3137,0.999393,0.9998519,0.0,0.0
420.pgm,10000,0.152588,30224,46.1182,38.902,0.075775,59.3355,0.999803,0.9999718,0.0,0.775832
421.pgm,10000,0.152588,29440,44.9219,245.725,0.076492,59.2946,0.99993,0.9999956,0.0,0.0
422.pgm,10000,0.152588,32800,50.0488,53.457,0.076599,59.2886,0.999832,0.9999914,0.0,0.0
423.pgm,10000,0.152588,44896,68.5059,40.541,0.076828,59.2756,0.999921,0.9999734,0.0,0.0
424.pgm,10000,0.152588,13248,20.2148,41.68,0.07695,59.2687,0.99978,0.9999853,0.0,0.048948
425.pgm,10000,0.152588,10720,16.3574,147.378,0.076065,59.319,0.999822,0.9999843,0.0,0.0
426.pgm,10000,0.152588,13840,21.1182,33.775,0.075241,59.3663,0.999688,0.9999739,0.0,3.3e-05
427.pgm,10000,0.152588,51856,79.126,35.802,0.075958,59.3251,0.999874,0.9999762,0.0,0.819377
428.pgm,10000,0.152588,41792,63.7695,281.036,0.07608,59.3181,0.999893,0.9999888,0.0,0.0
429.pgm,10000,0.152588,21696,33.1055,42.118,0.076401,59.2998,0.999862,0.9999891,0.0,0.001503
430.pgm,10000,0.152588,31808,48.5352,30.529,0.077621,59.231,0.999867,0.9999924,0.0,0.0
431.pgm,10000,0.152588,38992,59.4971,46.097,0.076767,59.2791,0.99986,0.9999883,0.0,0.0
432.pgm,10000,0.152588,20224,30.8594,245.726,0.078613,59.1758,0.999825,0.9999885,0.0,0.001888
433.pgm,10000,0.152588,30144,45.9961,59.661,0.076141,59.3146,0.999867,0.9999916,0.0,0.004209
434.pgm,10000,0.152588,53696,81.9336,35.849,0.076462,59.2964,0.999838,0.9999824,0.0,4e-06
436.pgm,10000,0.152588,48064,73.3398,141.571,0.075928,59.3268,0.999833,0.9999905,0.0,0.0
437.pgm,10000,0.152588,26048,39.7461,92.146,0.075577,59.3469,0.999804,0.999983,0.0,0.0
438.pgm,10000,0.152588,15280,23.3154,36.442,0.076248,59.3085,0.999762,0.999991,0.0,0.969089
439.pgm,10000,0.152588,61840,94.3604,35.765,0.07547,59.3531,0.999871,0.9999778,0.0,0.944876
440.pgm,10000,0.152588,24672,37.6465,66.736,0.076294,59.3059,0.999868,0.9999908,0.0,0.0
441.pgm,10000,0.152588,57600,87.8906,133.37,0.076706,59.2825,0.999934,0.9999893,0.0,0.071624
442.pgm,10000,0.152588,12528,19.1162,29.754,0.076065,59.319,0.99984,0.9999931,0.0,0.0
443.pgm,10000,0.152588,17904,27.3193,25.784,0.077316,59.2481,0.999816,0.9999935,0.0,0.20973
444.pgm,10000,0.152588,36800,56.1523,36.142,0.077515,59.237,0.999875,0.9999911,0.0,0.34076
445.pgm,10000,0.152588,44800,68.3594,273.488,0.07608,59.3181,0.999872,0.9999859,0.0,0.999201
446.pgm,10000,0.152588,26512,40.4541,45.461,0.076721,59.2817,0.999807,0.9999746,0.0,2.1e-05
447.pgm,10000,0.152588,26432,40.332,34.368,0.076294,59.3059,0.999809,0.9999869,0.0,0.0
449.pgm,10000,0.152588,28544,43.5547,64.118,0.076492,59.2946,0.999796,0.9999877,0.0,0.776285
450.pgm,10000,0.152588,58304,88.9648,99.992,0.076202,59.3111,0.999887,0.9999818,0.0,0.999994
451.pgm,10000,0.152588,22288,34.0088,41.984,0.075165,59.3707,0.999838,0.999984,0.0,0.0
452.pgm,10000,0.152588,40384,61.6211,37.653,0.076401,59.2998,0.999898,0.9999622,0.0,0.067282
453.pgm,10000,0.152588,25216,38.4766,178.376,0.076523,59.2929,0.999758,0.9999889,0.0,0.0
454.pgm,10000,0.152588,41408,63.1836,58.043,0.076782,59.2782,0.999839,0.9999811,0.0,0.86561
455.pgm,10000,0.152588,39952,60.9619,35.143,0.076355,59.3024,0.999806,0.9999687,0.0,0.197457
456.pgm,10000,0.152588,32144,49.0479,46.062,0.075943,59.3259,0.99982,0.999993,0.0,9e-06
457.pgm,10000,0.152588,32960,50.293,186.706,0.076721,59.2817,0.999862,0.9999787,0.0,0.0
458.pgm,10000,0.152588,31312,47.7783,37.766,0.077469,59.2395,0.999813,0.9999903,0.0,0.069434
459.pgm,10000,0.152588,39232,59.8633,33.012,0.076263,59.3076,0.999799,0.9999752,0.0,0.0
460.pgm,10000,0.152588,19280,29.4189,39.05,0.07518,59.3698,0.999884,0.9999938,0.0,0.0
461.pgm,10000,0.152588,20112,30.6885,171.069,0.075134,59.3724,0.999838,0.9999951,0.0,0.0
462.pgm,10000,0.152588,35088,53.54,61.555,0.076874,59.273,0.999805,0.9999877,0.0,0.981653
463.pgm,10000,0.152588,38112,58.1543,43.577,0.076218,59.3102,0.999906,0.999989,0.0,0.0
464.pgm,10000,0.152588,29264,44.6533,35.119,0.074738,59.3954,0.999859,0.9999907,0.0,0.0
465.pgm,10000,0.152588,24880,37.9639,281.995,0.076904,59.2713,0.999866,0.9999902,0.0,0.0
466.pgm,10000,0.152588,37872,57.7881,55.361,0.075943,59.3259,0.999863,0.9999798,0.0,0.817903
467.pgm,10000,0.152588,31888,48.6572,33.274,0.078079,59.2054,0.999703,0.9999609,0.0,0.108183
468.pgm,10000,0.152588,55536,84.7412,257.33,0.076599,59.2886,0.999928,0.9999915,0.0,0.56311
469.pgm,10000,0.152588,52576,80.2246,56.62,0.077484,59.2387,0.99988,0.9999865,0.0,0.99975
470.pgm,10000,0.152588,18832,28.7354,25.453,0.07782,59.2199,0.999629,0.9999586,0.0,0.021121
471.pgm,10000,0.152588,35232,53.7598,32.176,0.076996,59.2661,0.999857,0.9999894,0.0,0.0
472.pgm,10000,0.152588,35088,53.54,52.236,0.077377,59.2447,0.999814,0.9999661,0.0,0.000117
473.pgm,10000,0.152588,29744,45.3857,149.564,0.076187,59.312,0.999843,0.9999931,0.0,0.0
474.pgm,10000,0.152588,24624,37.5732,38.735,0.077209,59.2541,0.999753,0.9999587,0.0,0.870313
475.pgm,10000,0.152588,25168,38.4033,28.979,0.076248,59.3085,0.999722,0.9999865,0.0,0.197934
476.pgm,10000,0.152588,15696,23.9502,28.604,0.076324,59.3042,0.999792,0.9999809,0.0,0.001606
477.pgm,10000,0.152588,43472,66.333,228.019,0.075256,59.3654,0.999799,0.9999719,0.0,0.50413
478.pgm,10000,0.152588,22432,34.2285,72.029,0.074829,59.3901,0.999473,0.9998738,0.0,0.005814
479.pgm,10000,0.152588,16640,25.3906,33.33,0.074677,59.399,0.999781,0.9999796,0.0,0.006617
481.pgm,10000,0.152588,44032,67.1875,42.878,0.074432,59.4132,0.999841,0.9999874,0.0,0.035556
482.pgm,10000,0.152588,24016,36.6455,184.139,0.075363,59.3592,0.999809,0.9999954,0.0,0.0
483.pgm,10000,0.152588,20336,31.0303,38.466,0.076004,59.3224,0.99969,0.9998421,0.0,0.0
484.pgm,10000,0.152588,20256,30.9082,29.478,0.074722,59.3963,0.999746,0.9999687,0.0,0.0
486.pgm,10000,0.152588,26768,40.8447,47.338,0.077133,59.2584,0.999687,0.9999428,0.0,0.270724
487.pgm,10000,0.152588,12672,19.3359,157.19,0.075195,59.3689,0.999587,0.9999694,0.0,1e-06
488.pgm,10000,0.152588,24096,36.7676,35.024,0.077621,59.231,0.999784,0.9999917,0.0,0.0
490.pgm,10000,0.152588,25040,38.208,28.058,0.075638,59.3434,0.99985,0.9999917,0.0,0.0
491.pgm,10000,0.152588,22032,33.6182,41.66,0.075592,59.346,0.999781,0.9999729,0.0,2e-06
492.pgm,10000,0.152588,18288,27.9053,193.34,0.074677,59.399,0.999718,0.9999807,0.0,0.643138
493.pgm,10000,0.152588,29248,44.6289,40.336,0.075867,59.3303,0.999842,0.9999805,0.0,0.0
494.pgm,10000,0.152588,20480,31.25,29.433,0.075607,59.3452,0.999765,0.9999867,0.0,0.000304
495.pgm,10000,0.152588,12848,19.6045,267.284,0.07576,59.3364,0.999803,0.9999953,0.0,0.0
497.pgm,10000,0.152588,57024,87.0117,51.508,0.075485,59.3522,0.999902,0.9999784,0.0,0.999992
499.pgm,10000,0.152588,20160,30.7617,27.081,0.075729,59.3382,0.999809,0.9999792,0.0,0.068179
500.pgm,10000,0.152588,50784,77.4902,52.722,0.076309,59.305,0.999788,0.9999845,0.0,3e-06
501.pgm,10000,0.152588,27504,41.9678,96.43,0.07695,59.2687,0.99971,0.9999769,0.0,0.0
502.pgm,10000,0.152588,34512,52.6611,42.783,0.075912,59.3277,0.999768,0.9999704,0.0,0.0
503.pgm,10000,0.152588,53776,82.0557,40.682,0.077484,59.2387,0.99991,0.9999887,0.0,0.999974
504.pgm,10000,0.152588,13968,21.3135,265.856,0.075638,59.3434,0.999772,0.9999913,0.0,4.2e-05
505.pgm,10000,0.152588,31792,48.5107,72.645,0.076157,59.3137,0.999874,0.9999896,0.0,0.047596
506.pgm,10000,0.152588,26864,40.9912,275.268,0.076065,59.319,0.999768,0.9999665,0.0,0.425692
507.pgm,10000,0.152588,39424,60.1562,46.161,0.076096,59.3172,0.999899,0.9999886,0.0,0.269473
508.pgm,10000,0.152588,47248,72.0947,30.323,0.075729,59.3382,0.999889,0.9999575,0.0,0.0
509.pgm,10000,0.152588,29184,44.5312,37.099,0.077393,59.2438,0.999861,0.9999934,0.0,0.0
510.pgm,10000,0.152588,11472,17.5049,184.734,0.076691,59.2834,0.99944,0.999867,0.0,0.0
511.pgm,10000,0.152588,29632,45.2148,47.453,0.075043,59.3777,0.999867,0.9999915,0.0,0.0
512.pgm,10000,0.152588,21760,33.2031,28.571,0.076462,59.2964,0.999826,0.9999928,0.0,0.0
513.pgm,10000,0.152588,14592,22.2656,31.564,0.075836,59.332,0.999779,0.9999904,0.0,0.0
514.pgm,10000,0.152588,43568,66.4795,296.842,0.076523,59.2929,0.999848,0.9999766,0.0,0.998748
515.pgm,10000,0.152588,36512,55.7129,44.119,0.075317,59.3619,0.999873,0.9999858,0.0,0.999185
516.pgm,10000,0.152588,43392,66.2109,29.036,0.075638,59.3434,0.99986,0.9999832,0.0,0.25116
517.pgm,10000,0.152588,37360,57.0068,35.983,0.076447,59.2972,0.999837,0.999987,0.0,0.771897
518.pgm,10000,0.152588,30464,46.4844,289.113,0.077133,59.2584,0.999861,0.9999914,0.0,0.428868
519.pgm,10000,0.152588,48608,74.1699,58.974,0.076309,59.305,0.999868,0.9999769,0.0,0.998862
520.pgm,10000,0.152588,29232,44.6045,30.542,0.076813,59.2765,0.999829,0.9999928,0.0,0.0
521.pgm,10000,0.152588,10448,15.9424,33.941,0.076859,59.2739,0.999684,0.9999888,0.0,4.6e-05
522.pgm,10000,0.152588,26560,40.5273,271.993,0.076019,59.3216,0.999871,0.9999915,0.0,0.0
523.pgm,10000,0.152588,34448,52.5635,42.418,0.076797,59.2773,0.999713,0.9999769,0.0,0.0
524.pgm,10000,0.152588,31616,48.2422,31.052,0.07692,59.2704,0.999878,0.9999887,0.0,0.0
525.pgm,10000,0.152588,18736,28.5889,56.063,0.076416,59.299,0.99976,0.9999915,0.0,0.069805
526.pgm,10000,0.152588,44608,68.0664,137.849,0.075378,59.3583,0.999891,0.9999905,0.0,0.902304
527.pgm,10000,0.152588,43344,66.1377,36.746,0.07608,59.3181,0.999851,0.9999767,0.0,0.977723
528.pgm,10000,0.152588,25968,39.624,29.76,0.076614,59.2877,0.999813,0.9999731,0.0,0.000304
529.pgm,10000,0.152588,23888,36.4502,41.426,0.076187,59.312,0.999802,0.9999908,0.0,0.0
530.pgm,10000,0.152588,39472,60.2295,137.242,0.076813,59.2765,0.999794,0.9999702,0.0,0.000322
531.pgm,10000,0.152588,17936,27.3682,40.776,0.074951,59.383,0.999776,0.9999849,0.0,0.0
532.pgm,10000,0.152588,21872,33.374,26.395,0.07663,59.2868,0.999806,0.9999933,0.0,0.0
533.pgm,10000,0.152588,10208,15.5762,35.83,0.077103,59.2601,0.999819,0.9999663,0.0,0.441998
534.pgm,10000,0.152588,24896,37.9883,234.521,0.077423,59.2421,0.999844,0.9999897,0.0,0.0
535.pgm,10000,0.152588,20400,31.1279,37.284,0.07579,59.3347,0.999829,0.9999898,0.0,0.270277
536.pgm,10000,0.152588,39056,59.5947,31.083,0.07692,59.2704,0.999857,0.9999925,0.0,0.0
537.pgm,10000,0.152588,29968,45.7275,47.218,0.075623,59.3443,0.999849,0.9999824,0.0,0.700229
539.pgm,10000,0.152588,42560,64.9414,140.942,0.076187,59.312,0.999784,0.9999798,0.0,0.289839
540.pgm,10000,0.152588,10800,16.4795,46.827,0.075943,59.3259,0.999776,0.9999892,0.0,0.000119
541.pgm,10000,0.152588,16144,24.6338,28.64,0.076141,59.3146,0.99984,0.9999951,0.0,0.0
542.pgm,10000,0.152588,16400,25.0244,35.136,0.076294,59.3059,0.999632,0.9999739,0.0,0.0
543.pgm,10000,0.152588,17664,26.9531,210.005,0.076385,59.3007,0.999867,0.9999962,0.0,0.0
544.pgm,10000,0.152588,19184,29.2725,48.938,0.076172,59.3129,0.99982,0.9999807,0.0,0.000231
545.pgm,10000,0.152588,14208,21.6797,28.498,0.075348,59.3601,0.999788,0.9999945,0.0,0.0
546.pgm,10000,0.152588,14240,21.7285,26.552,0.075562,59.3478,0.999716,0.9999813,0.0,0.0
547.pgm,10000,0.152588,41024,62.5977,68.82,0.077255,59.2515,0.999828,0.9999609,0.0,0.0
548.pgm,10000,0.152588,20480,31.25,124.022,0.076706,59.2825,0.999781,0.9999856,0.0,0.000316
550.pgm,10000,0.152588,30960,47.2412,41.679,0.075684,59.3408,0.999888,0.9999891,0.0,0.0
551.pgm,10000,0.152588,31952,48.7549,32.749,0.076477,59.2955,0.999865,0.9999906,0.0,0.0
552.pgm,10000,0.152588,25504,38.916,33.618,0.077652,59.2293,0.999831,0.999992,0.0,0.0
553.pgm,10000,0.152588,15168,23.1445,244.422,0.077148,59.2575,0.999831,0.9999938,0.0,0.0
554.pgm,10000,0.152588,17760,27.0996,53.829,0.075653,59.3425,0.999653,0.9999785,0.0,0.0
555.pgm,10000,0.152588,27152,41.4307,31.89,0.076508,59.2938,0.999832,0.9999932,0.0,0.0
556.pgm,10000,0.152588,15904,24.2676,28.574,0.076904,59.2713,0.999791,0.9999756,0.0,0.006914
557.pgm,10000,0.152588,25296,38.5986,271.726,0.075806,59.3338,0.999876,0.9999891,0.0,0.0
558.pgm,10000,0.152588,40544,61.8652,52.726,0.076126,59.3155,0.999902,0.9999771,0.0,0.000498
559.pgm,10000,0.152588,22768,34.7412,27.878,0.076065,59.319,0.99981,0.9999855,0.0,0.871971
560.pgm,10000,0.152588,35168,53.6621,31.402,0.076324,59.3042,0.99976,0.9999793,0.0,0.145129
561.pgm,10000,0.152588,46912,71.582,316.305,0.077744,59.2242,0.999898,0.999993,0.0,0.0
562.pgm,10000,0.152588,51440,78.4912,68.126,0.076691,59.2834,0.999907,0.9999873,0.0,0.030055
563.pgm,10000,0.152588,12000,18.3105,33.474,0.076599,59.2886,0.999725,0.9999857,0.0,0.0
564.pgm,10000,0.152588,38704,59.0576,44.56,0.075027,59.3786,0.999811,0.9999689,0.0,0.111576
565.pgm,10000,0.152588,30080,45.8984,175.111,0.075363,59.3592,0.999716,0.9999777,0.0,0.0
566.pgm,10000,0.152588,24512,37.4023,55.087,0.074844,59.3892,0.999796,0.9999822,0.0,0.0
567.pgm,10000,0.152588,23488,35.8398,35.261,0.07489,59.3866,0.999776,0.9999921,0.0,0.0
568.pgm,10000,0.152588,31456,47.998,40.969,0.07663,59.2868,0.999868,0.9999808,0.0,1.1e-05
569.pgm,10000,0.152588,25728,39.2578,177.649,0.07663,59.2868,0.999874,0.999988,0.0,0.488761
570.pgm,10000,0.152588,53856,82.1777,59.557,0.075943,59.3259,0.999851,0.9999803,0.0,0.997908
571.pgm,10000,0.152588,14048,21.4355,41.894,0.076126,59.3155,0.99972,0.9999557,0.0,0.0
572.pgm,10000,0.152588,29904,45.6299,260.69,0.07579,59.3347,0.999716,0.9999721,0.0,0.215942
573.pgm,10000,0.152588,24720,37.7197,37.896,0.076752,59.2799,0.999902,0.9999897,0.0,0.0
574.pgm,10000,0.152588,50048,76.3672,28.527,0.076019,59.3216,0.999834,0.9999734,0.0,0.536703
575.pgm,10000,0.152588,28672,43.75,33.475,0.077103,59.2601,0.999836,0.9999888,0.0,0.0
576.pgm,10000,0.152588,36272,55.3467,270.225,0.076065,59.319,0.999885,0.9999911,0.0,0.004629
577.pgm,10000,0.152588,18976,28.9551,49.454,0.075119,59.3733,0.999867,0.9999899,0.0,0.0
578.pgm,10000,0.152588,15744,24.0234,25.377,0.076065,59.319,0.999763,0.9999915,0.0,0.0
579.pgm,10000,0.152588,41136,62.7686,31.667,0.076813,59.2765,0.999892,0.9999864,0.0,0.342427
580.pgm,10000,0.152588,18128,27.6611,289.833,0.076828,59.2756,0.999769,0.9999932,0.0,0.000222
581.pgm,10000,0.152588,14272,21.7773,51.889,0.076187,59.312,0.99976,0.9999817,0.0,0.0
582.pgm,10000,0.152588,25248,38.5254,33.731,0.075546,59.3487,0.999755,0.9999697,0.0,2.6e-05
583.pgm,10000,0.152588,27088,41.333,42.561,0.076706,59.2825,0.999829,0.9999853,0.0,0.0
584.pgm,10000,0.152588,13568,20.7031,212.522,0.07753,59.2361,0.999766,0.9999839,0.0,0.008557
585.pgm,10000,0.152588,23248,35.4736,44.453,0.076523,59.2929,0.999836,0.9999947,0.0,0.0
586.pgm,10000,0.152588,29984,45.752,34.688,0.075836,59.332,0.999769,0.9999892,0.0,0.002196
588.pgm,10000,0.152588,31136,47.5098,37.657,0.076416,59.299,0.999691,0.9999641,0.0,0.0
589.pgm,10000,0.152588,18176,27.7344,240.986,0.076157,59.3137,0.999801,0.999994,0.0,0.0
590.pgm,10000,0.152588,56768,86.6211,41.318,0.07608,59.3181,0.999911,0.9999786,0.0,0.923708
591.pgm,10000,0.152588,24352,37.1582,27.183,0.075638,59.3434,0.999836,0.9999871,0.0,0.0
592.pgm,10000,0.152588,50240,76.6602,176.351,0.077835,59.219,0.999848,0.9999876,0.0,0.0
593.pgm,10000,0.152588,20640,31.4941,69.572,0.075302,59.3627,0.999863,0.999995,0.0,0.0
594.pgm,10000,0.152588,18192,27.7588,36.777,0.075409,59.3566,0.99981,0.999995,0.0,0.0
595.pgm,10000,0.152588,55408,84.5459,38.815,0.076569,59.2903,0.999889,0.9999841,0.0,0.987544
596.pgm,10000,0.152588,33328,50.8545,303.913,0.07724,59.2524,0.999811,0.9999691,0.0,0.002054
597.pgm,10000,0.152588,61456,93.7744,65.281,0.075119,59.3733,0.999909,0.9999711,0.0,0.998656
598.pgm,10000,0.152588,20304,30.9814,189.835,0.07724,59.2524,0.999816,0.9999839,0.0,0.25719
599.pgm,10000,0.152588,30992,47.29,57.702,0.077332,59.2472,0.99984,0.9999917,0.0,0.013589
600.pgm,10000,0.152588,18560,28.3203,29.664,0.076599,59.2886,0.999807,0.9999952,0.0,0.0
601.pgm,10000,0.152588,33120,50.5371,213.022,0.076294,59.3059,0.999772,0.9999656,0.0,0.046292
602.pgm,10000,0.152588,22624,34.5215,50.861,0.075562,59.3478,0.999753,0.9999861,0.0,0.0
603.pgm,10000,0.152588,25360,38.6963,31.027,0.075714,59.339,0.999769,0.9999685,0.0,0.0
604.pgm,10000,0.152588,28944,44.165,55.454,0.075745,59.3373,0.999816,0.9999904,0.0,0.0
605.pgm,10000,0.152588,14208,21.6797,164.131,0.076248,59.3085,0.999844,0.999994,0.0,0.0
606.pgm,10000,0.152588,16992,25.9277,38.46,0.075394,59.3575,0.999744,0.9999866,0.0,5.5e-05
607.pgm,10000,0.152588,63936,97.5586,35.41,0.076401,59.2998,0.999906,0.9999592,0.0,0.998532
608.pgm,10000,0.152588,37760,57.6172,52.315,0.074448,59.4123,0.999878,0.9999937,0.0,0.0
609.pgm,10000,0.152588,24864,37.9395,177.158,0.076157,59.3137,0.999818,0.9999857,0.0,0.064923
610.pgm,10000,0.152588,27600,42.1143,44.802,0.076477,59.2955,0.999861,0.9999914,0.0,0.0
612.pgm,10000,0.152588,34400,52.4902,33.445,0.074982,59.3813,0.999836,0.9999921,0.0,0.028386
613.pgm,10000,0.152588,23440,35.7666,237.132,0.076569,59.2903,0.999809,0.9999887,0.0,0.0
614.pgm,10000,0.152588,38736,59.1064,56.009,0.076508,59.2938,0.999807,0.9999676,0.0,0.472504
615.pgm,10000,0.152588,24624,37.5732,27.805,0.076843,59.2747,0.99988,0.9999931,0.0,1.3e-05
616.pgm,10000,0.152588,34048,51.9531,29.961,0.075287,59.3636,0.999858,0.9999857,0.0,0.420804
617.pgm,10000,0.152588,38592,58.8867,285.559,0.076614,59.2877,0.99982,0.9999882,0.0,0.968657
618.pgm,10000,0.152588,43360,66.1621,47.293,0.078247,59.1961,0.999894,0.9999889,0.0,4e-06
619.pgm,10000,0.152588,34512,52.6611,27.65,0.076416,59.299,0.99973,0.9999816,0.0,0.0
620.pgm,10000,0.152588,35264,53.8086,36.285,0.077637,59.2301,0.999882,0.9999643,0.0,0.395582
621.pgm,10000,0.152588,26544,40.5029,297.266,0.076141,59.3146,0.999819,0.9999862,0.0,8.5e-05
622.pgm,10000,0.152588,19456,29.6875,55.152,0.077179,59.2558,0.999782,0.9999839,0.0,0.0
623.pgm,10000,0.152588,26736,40.7959,193.848,0.076416,59.299,0.999798,0.9999835,0.0,2.6e-05
624.pgm,10000,0.152588,53424,81.5186,105.719,0.076767,59.2791,0.999941,0.9999906,0.0,0.0
625.pgm,10000,0.152588,11360,17.334,222.702,0.076218,59.3102,0.999741,0.9999462,0.0,0.0
626.pgm,10000,0.152588,52016,79.3701,60.411,0.076401,59.2998,0.999881,0.9999713,0.0,0.549583
627.pgm,10000,0.152588,14992,22.876,26.267,0.076874,59.273,0.999695,0.9999739,0.0,0.0
628.pgm,10000,0.152588,20176,30.7861,41.87,0.075851,59.3312,0.999468,0.999767,0.0,0.0
629.pgm,10000,0.152588,35456,54.1016,170.25,0.076126,59.3155,0.999845,0.9999928,0.0,0.0
630.pgm,10000,0.152588,23056,35.1807,42.407,0.076279,59.3068,0.999665,0.9999495,0.0,0.916953
631.pgm,10000,0.152588,48832,74.5117,36.891,0.076874,59.273,0.999805,0.9999826,0.0,0.000618
632.pgm,10000,0.152588,39232,59.8633,261.913,0.07608,59.3181,0.999818,0.9999578,0.0,0.0
633.pgm,10000,0.152588,27600,42.1143,53.804,0.076218,59.3102,0.999826,0.9999848,0.0,0.029833
634.pgm,10000,0.152588,26736,40.7959,34.406,0.076889,59.2722,0.999751,0.9999741,0.0,0.0
635.pgm,10000,0.152588,31376,47.876,38.62,0.077103,59.2601,0.999847,0.9999877,0.0,0.463426
636.pgm,10000,0.152588,14288,21.8018,212.939,0.076721,59.2817,0.999776,0.9999792,0.0,0.0
637.pgm,10000,0.152588,22000,33.5693,59.208,0.075943,59.3259,0.999769,0.9999887,0.0,0.591294
639.pgm,10000,0.152588,22128,33.7646,37.822,0.075012,59.3795,0.9998,0.9999873,0.0,0.449284
641.pgm,10000,0.152588,17136,26.1475,250.121,0.075775,59.3355,0.999862,0.9999956,0.0,0.0
642.pgm,10000,0.152588,22592,34.4727,39.437,0.075958,59.3251,0.999827,0.9999936,0.0,1.4e-05
643.pgm,10000,0.152588,23488,35.8398,29.804,0.076324,59.3042,0.999705,0.9999746,0.0,0.050542
644.pgm,10000,0.152588,13008,19.8486,107.078,0.076538,59.292,0.999726,0.9999724,0.0,0.0
645.pgm,10000,0.152588,15712,23.9746,72.608,0.077225,59.2532,0.999861,0.9999793,0.0,0.0
646.pgm,10000,0.152588,26016,39.6973,31.888,0.078094,59.2046,0.999805,0.9999851,0.0,0.117076
647.pgm,10000,0.152588,24816,37.8662,34.131,0.076187,59.312,0.999713,0.9999772,0.0,0.0
648.pgm,10000,0.152588,17664,26.9531,249.002,0.076553,59.2912,0.999783,0.9999924,0.0,0.0
649.pgm,10000,0.152588,40928,62.4512,41.601,0.074982,59.3813,0.999835,0.9999923,0.0,0.0
650.pgm,10000,0.152588,29664,45.2637,30.777,0.076019,59.3216,0.999838,0.9999881,0.0,0.992054
651.pgm,10000,0.152588,18336,27.9785,256.721,0.076279,59.3068,0.999844,0.9999821,0.0,0.0
652.pgm,10000,0.152588,37488,57.2021,46.971,0.075119,59.3733,0.999855,0.9999879,0.0,0.0
654.pgm,10000,0.152588,30992,47.29,28.256,0.075623,59.3443,0.999837,0.9999748,0.0,0.0
655.pgm,10000,0.152588,16672,25.4395,66.339,0.07515,59.3715,0.99982,0.999994,0.0,0.0
656.pgm,10000,0.152588,31488,48.0469,144.186,0.075211,59.368,0.999823,0.9999707,0.0,0.046833
657.pgm,10000,0.152588,57680,88.0127,40.803,0.075027,59.3786,0.99979,0.9999744,0.0,0.999763
658.pgm,10000,0.152588,21536,32.8613,28.021,0.076813,59.2765,0.999796,0.9999844,0.0,0.867838
659.pgm,10000,0.152588,15104,23.0469,61.874,0.077026,59.2644,0.999806,0.9999938,0.0,0.0
660.pgm,10000,0.152588,48160,73.4863,119.595,0.07579,59.3347,0.99984,0.9999867,0.0,0.864549
661.pgm,10000,0.152588,36192,55.2246,36.599,0.076218,59.3102,0.999809,0.9999896,0.0,0.0
662.pgm,10000,0.152588,17216,26.2695,26.169,0.074936,59.3839,0.999867,0.9999871,0.0,0.322468
663.pgm,10000,0.152588,29440,44.9219,50.064,0.076294,59.3059,0.999778,0.9999877,0.0,0.000175
664.pgm,10000,0.152588,24160,36.8652,116.665,0.075363,59.3592,0.999743,0.9999699,0.0,0.0
665.pgm,10000,0.152588,25664,39.1602,66.088,0.075577,59.3469,0.99981,0.9999912,0.0,0.0
666.pgm,10000,0.152588,24128,36.8164,209.033,0.077042,59.2635,0.999689,0.9999537,0.0,0.957771
667.pgm,10000,0.152588,24208,36.9385,65.56,0.075882,59.3294,0.999856,0.9999932,0.0,0.020341
668.pgm,10000,0.152588,16096,24.5605,31.397,0.076538,59.292,0.999837,0.9999949,0.0,0.0
669.pgm,10000,0.152588,23840,36.377,30.09,0.075897,59.3285,0.999844,0.9999951,0.0,0.0
671.pgm,10000,0.152588,39696,60.5713,267.283,0.07576,59.3364,0.99988,0.9999807,0.0,0.0
672.pgm,10000,0.152588,23104,35.2539,51.95,0.075424,59.3557,0.999839,0.999982,0.0,0.999995
673.pgm,10000,0.152588,50080,76.416,33.657,0.075607,59.3452,0.999902,0.9999903,0.0,0.0
674.pgm,10000,0.152588,21472,32.7637,33.867,0.076263,59.3076,0.9998,0.9999947,0.0,0.0
675.pgm,10000,0.152588,29264,44.6533,279.24,0.077011,59.2653,0.999824,0.9999754,0.0,0.0
677.pgm,10000,0.152588,38672,59.0088,42.678,0.076309,59.305,0.999708,0.9999713,0.0,0.0
678.pgm,10000,0.152588,48064,73.3398,32.287,0.076141,59.3146,0.999882,0.9999778,0.0,0.115647
679.pgm,10000,0.152588,16272,24.8291,37.51,0.076172,59.3129,0.999859,0.9999845,0.0,0.000195
680.pgm,10000,0.152588,31904,48.6816,234.386,0.075714,59.339,0.999868,0.999994,0.0,0.0
681.pgm,10000,0.152588,27520,41.9922,43.435,0.077148,59.2575,0.999857,0.99999,0.0,0.0
682.pgm,10000,0.152588,46176,70.459,32.312,0.075836,59.332,0.999869,0.999992,0.0,0.0
683.pgm,10000,0.152588,18768,28.6377,27.642,0.074585,59.4043,0.999875,0.9999908,0.0,0.0
684.pgm,10000,0.152588,16272,24.8291,121.519,0.076706,59.2825,0.999681,0.9999717,0.0,0.0
685.pgm,10000,0.152588,28240,43.0908,83.809,0.077576,59.2335,0.999807,0.9999883,0.0,0.0
686.pgm,10000,0.152588,21168,32.2998,34.978,0.077637,59.2301,0.999799,0.9999922,0.0,0.0
687.pgm,10000,0.152588,38944,59.4238,32.325,0.075195,59.3689,0.999784,0.9999913,0.0,0.0
688.pgm,10000,0.152588,26800,40.8936,151.448,0.076111,59.3163,0.999872,0.9999922,0.0,0.0
689.pgm,10000,0.152588,64000,97.6562,79.46,0.07605,59.3198,0.999915,0.9999725,0.0,0.999212
691.pgm,10000,0.152588,22768,34.7412,29.51,0.075745,59.3373,0.999819,0.9999857,0.0,0.03589
692.pgm,10000,0.152588,32656,49.8291,58.251,0.075882,59.3294,0.999871,0.9999911,0.0,0.0
693.pgm,10000,0.152588,46240,70.5566,155.482,0.077408,59.243,0.99986,0.999983,0.0,0.358842
694.pgm,10000,0.152588,58896,89.8682,37.926,0.077026,59.2644,0.999864,0.9999742,0.0,0.915694
695.pgm,10000,0.152588,38384,58.5693,102.038,0.075607,59.3452,0.999666,0.9999312,0.0,0.0
697.pgm,10000,0.152588,27168,41.4551,58.639,0.075531,59.3496,0.999814,0.9999937,0.0,0.0
698.pgm,10000,0.152588,48656,74.2432,44.189,0.07756,59.2344,0.999898,0.9999821,0.0,0.189506
699.pgm,10000,0.152588,28848,44.0186,228.345,0.076355,59.3024,0.999777,0.9999873,0.0,0.347984
700.pgm,10000,0.152588,26416,40.3076,59.397,0.077881,59.2165,0.999867,0.9999943,0.0,0.0
701.pgm,10000,0.152588,38240,58.3496,36.997,0.075577,59.3469,0.999912,0.9999947,0.0,0.192238
702.pgm,10000,0.152588,18464,28.1738,31.632,0.076263,59.3076,0.999818,0.9999836,0.0,0.0
703.pgm,10000,0.152588,22160,33.8135,258.189,0.077347,59.2464,0.999894,0.9999767,0.0,0.0
704.pgm,10000,0.152588,22896,34.9365,47.733,0.077072,59.2618,0.999762,0.999992,0.0,0.0
705.pgm,10000,0.152588,45520,69.458,33.391,0.077011,59.2653,0.9998,0.9999644,0.0,0.160823
706.pgm,10000,0.152588,41984,64.0625,161.525,0.07547,59.3531,0.999825,0.9999705,0.0,0.041252
707.pgm,10000,0.152588,39120,59.6924,74.429,0.077103,59.2601,0.999878,0.9999855,0.0,0.998944
708.pgm,10000,0.152588,17488,26.6846,28.145,0.075027,59.3786,0.99981,0.999988,0.0,0.020336
709.pgm,10000,0.152588,34832,53.1494,156.746,0.076355,59.3024,0.999659,0.9999715,0.0,0.0
711.pgm,10000,0.152588,11072,16.8945,73.087,0.075867,59.3303,0.999673,0.9999682,0.0,0.0
712.pgm,10000,0.152588,25984,39.6484,38.584,0.076843,59.2747,0.99979,0.9999836,0.0,0.002736
713.pgm,10000,0.152588,50624,77.2461,250.109,0.075607,59.3452,0.999904,0.999987,0.0,0.119787
714.pgm,10000,0.152588,25152,38.3789,50.07,0.07605,59.3198,0.999825,0.9999861,0.0,0.030285
715.pgm,10000,0.152588,24704,37.6953,29.059,0.075729,59.3382,0.999855,0.9999916,0.0,0.000114
716.pgm,10000,0.152588,33744,51.4893,36.345,0.076538,59.292,0.999802,0.9999742,0.0,0.701612
717.pgm,10000,0.152588,36784,56.1279,253.708,0.076477,59.2955,0.99978,0.9999904,0.0,0.0
718.pgm,10000,0.152588,21664,33.0566,50.238,0.076797,59.2773,0.999753,0.9999907,0.0,0.0
720.pgm,10000,0.152588,45616,69.6045,31.336,0.076553,59.2912,0.999863,0.9999902,0.0,0.0
721.pgm,10000,0.152588,16960,25.8789,28.519,0.075897,59.3285,0.999778,0.9999741,0.0,0.0
722.pgm,10000,0.152588,19392,29.5898,230.938,0.076492,59.2946,0.999836,0.999981,0.0,0.0
723.pgm,10000,0.152588,55216,84.2529,48.84,0.076248,59.3085,0.999901,0.9999836,0.0,0.330968
724.pgm,10000,0.152588,14944,22.8027,27.725,0.076859,59.2739,0.999694,0.9999387,0.0,0.100772
725.pgm,10000,0.152588,20560,31.3721,266.013,0.077423,59.2421,0.999784,0.9999945,0.0,0.0
726.pgm,10000,0.152588,23648,36.084,57.816,0.076233,59.3094,0.999841,0.9999867,0.0,0.0
727.pgm,10000,0.152588,21136,32.251,27.991,0.076294,59.3059,0.999855,0.9999713,0.0,0.208815
728.pgm,10000,0.152588,42320,64.5752,45.653,0.076065,59.319,0.999865,0.9999898,0.0,0.0
729.pgm,10000,0.152588,31424,47.9492,201.793,0.075897,59.3285,0.999734,0.9999623,0.0,0.059722
730.pgm,10000,0.152588,30896,47.1436,40.104,0.076599,59.2886,0.999862,0.999993,0.0,0.0
731.pgm,10000,0.152588,26032,39.7217,28.203,0.075714,59.339,0.999692,0.9999421,0.0,0.675467
732.pgm,10000,0.152588,23968,36.5723,32.233,0.075684,59.3408,0.999795,0.999988,0.0,0.012827
733.pgm,10000,0.152588,55728,85.0342,268.415,0.075287,59.3636,0.999858,0.9999791,0.0,0.95388
734.pgm,10000,0.152588,22784,34.7656,35.479,0.076965,59.2679,0.999852,0.9999918,0.0,0.0
735.pgm,10000,0.152588,31776,48.4863,27.321,0.07547,59.3531,0.999866,0.999995,0.0,0.0
736.pgm,10000,0.152588,27552,42.041,51.06,0.07666,59.2851,0.999892,0.9999884,0.0,1e-06
737.pgm,10000,0.152588,31680,48.3398,160.89,0.075165,59.3707,0.999851,0.9999846,0.0,0.992208
738.pgm,10000,0.152588,26272,40.0879,33.975,0.075348,59.3601,0.999816,0.9999832,0.0,0.0
739.pgm,10000,0.152588,31920,48.7061,29.638,0.076721,59.2817,0.999829,0.9999937,0.0,0.0
740.pgm,10000,0.152588,18640,28.4424,40.967,0.075974,59.3242,0.99979,0.9999922,0.0,0.0
741.pgm,10000,0.152588,40496,61.792,193.42,0.075348,59.3601,0.999888,0.9999913,0.0,0.000275
743.pgm,10000,0.152588,57488,87.7197,39.521,0.076477,59.2955,0.999915,0.9999894,0.0,0.018481
744.pgm,10000,0.152588,20704,31.5918,30.934,0.074951,59.383,0.999836,0.9999894,0.0,0.0
745.pgm,10000,0.152588,47104,71.875,74.302,0.076065,59.319,0.999843,0.9999804,0.0,0.013746
746.pgm,10000,0.152588,41376,63.1348,89.713,0.077133,59.2584,0.99981,0.9999889,0.0,0.0
747.pgm,10000,0.152588,23408,35.7178,30.656,0.076569,59.2903,0.999875,0.9999923,0.0,0.0
748.pgm,10000,0.152588,32064,48.9258,35.656,0.07431,59.4203,0.999857,0.999983,0.0,0.002962
749.pgm,10000,0.152588,51136,78.0273,252.459,0.075775,59.3355,0.999851,0.9999601,0.0,0.914061
750.pgm,10000,0.152588,41952,64.0137,44.345,0.077606,59.2318,0.999874,0.999981,0.0,0.0
751.pgm,10000,0.152588,31952,48.7549,34.435,0.077118,59.2593,0.999751,0.9999735,0.0,5e-06
752.pgm,10000,0.152588,23888,36.4502,213.35,0.077179,59.2558,0.999823,0.9999924,0.0,0.0
754.pgm,10000,0.152588,31328,47.8027,50.319,0.076248,59.3085,0.999763,0.9999874,0.0,0.772508
755.pgm,10000,0.152588,18720,28.5645,28.521,0.076721,59.2817,0.999792,0.9999896,0.0,0.010759
756.pgm,10000,0.152588,16736,25.5371,47.066,0.077423,59.2421,0.999729,0.9999863,0.0,0.947909
758.pgm,10000,0.152588,19168,29.248,169.371,0.076981,59.267,0.999746,0.9999874,0.0,0.532183
759.pgm,10000,0.152588,33328,50.8545,38.275,0.075256,59.3654,0.999865,0.9999948,0.0,0.0
760.pgm,10000,0.152588,17312,26.416,27.47,0.076218,59.3102,0.999769,0.9999897,0.0,0.0
761.pgm,10000,0.152588,44848,68.4326,112.503,0.077362,59.2455,0.999898,0.9999874,0.0,0.005859
762.pgm,10000,0.152588,21680,33.0811,94.876,0.075226,59.3671,0.999808,0.9999948,0.0,0.0
763.pgm,10000,0.152588,33936,51.7822,34.899,0.076843,59.2747,0.999832,0.999991,0.0,0.0
764.pgm,10000,0.152588,18496,28.2227,28.423,0.077225,59.2532,0.99973,0.9999587,0.0,0.001192
765.pgm,10000,0.152588,16896,25.7812,98.888,0.07692,59.2704,0.999676,0.9999728,0.0,0.0
766.pgm,10000,0.152588,43760,66.7725,99.709,0.076477,59.2955,0.999855,0.9999826,0.0,0.023856
767.pgm,10000,0.152588,53184,81.1523,38.368,0.076767,59.2791,0.999781,0.9999606,0.0,0.998868
768.pgm,10000,0.152588,54672,83.4229,40.563,0.076736,59.2808,0.999752,0.9999542,0.0,0.960357
769.pgm,10000,0.152588,23776,36.2793,262.817,0.07637,59.3016,0.999815,0.9999877,0.0,0.0
770.pgm,10000,0.152588,22304,34.0332,40.468,0.075562,59.3478,0.999786,0.9999828,0.0,0.049671
771.pgm,10000,0.152588,41408,63.1836,34.433,0.077377,59.2447,0.999872,0.9999919,0.0,0.717212
772.pgm,10000,0.152588,13520,20.6299,37.985,0.075867,59.3303,0.999885,0.999954,0.0,0.0
773.pgm,10000,0.152588,17232,26.2939,197.768,0.076141,59.3146,0.999651,0.9999456,0.0,0.0
774.pgm,10000,0.152588,15408,23.5107,51.983,0.075607,59.3452,0.999807,0.9999948,0.0,0.0
775.pgm,10000,0.152588,40464,61.7432,33.394,0.075897,59.3285,0.999884,0.9999943,0.0,0.0
776.pgm,10000,0.152588,24656,37.6221,32.355,0.075684,59.3408,0.999815,0.9999737,0.0,0.0
777.pgm,10000,0.152588,45360,69.2139,93.141,0.076767,59.2791,0.999818,0.999986,0.0,0.996416
778.pgm,10000,0.152588,20928,31.9336,98.852,0.076584,59.2894,0.999805,0.999983,0.0,0.012705
779.pgm,10000,0.152588,43184,65.8936,43.893,0.076767,59.2791,0.999815,0.9999878,0.0,0.974131
781.pgm,10000,0.152588,26400,40.2832,40.851,0.075409,59.3566,0.99983,0.999972,0.0,0.021951
782.pgm,10000,0.152588,50624,77.2461,251.916,0.077423,59.2421,0.999781,0.9999803,0.0,0.978464
783.pgm,10000,0.152588,20384,31.1035,36.501,0.076752,59.2799,0.999842,0.9999945,0.0,0.0
784.pgm,10000,0.152588,48672,74.2676,34.658,0.07753,59.2361,0.999856,0.9999885,0.0,0.0
785.pgm,10000,0.152588,22464,34.2773,137.521,0.075775,59.3355,0.999769,0.9999903,0.0,0.0
786.pgm,10000,0.152588,19216,29.3213,74.273,0.075287,59.3636,0.999673,0.9999749,0.0,0.000239
787.pgm,10000,0.152588,38416,58.6182,33.672,0.076492,59.2946,0.999872,0.9999917,0.0,0.0
788.pgm,10000,0.152588,35088,53.54,238.037,0.075775,59.3355,0.999851,0.9999928,0.0,0.0
789.pgm,10000,0.152588,11920,18.1885,39.722,0.077118,59.2593,0.999867,0.9999867,0.0,0.0
791.pgm,10000,0.152588,28784,43.9209,26.032,0.076782,59.2782,0.999878,0.9999753,0.0,0.0
792.pgm,10000,0.152588,24320,37.1094,34.596,0.076874,59.273,0.999831,0.999986,0.0,0.0
793.pgm,10000,0.152588,40128,61.2305,296.667,0.076111,59.3163,0.999885,0.9999913,0.0,0.054598
794.pgm,10000,0.152588,27312,41.6748,60.319,0.0755,59.3513,0.999815,0.9999736,0.0,0.000712
795.pgm,10000,0.152588,37488,57.2021,31.769,0.076996,59.2661,0.999846,0.9999834,0.0,0.0
796.pgm,10000,0.152588,28080,42.8467,38.539,0.07547,59.3531,0.999867,0.999992,0.0,0.0
798.pgm,10000,0.152588,35760,54.5654,185.919,0.076965,59.2679,0.999915,0.9999936,0.0,0.000138
799.pgm,10000,0.152588,36880,56.2744,45.276,0.07518,59.3698,0.999873,0.99998,0.0,0.0
800.pgm,10000,0.152588,27664,42.2119,29.243,0.075226,59.3671,0.999865,0.9999873,0.0,0.0
801.pgm,10000,0.152588,56016,85.4736,58.621,0.075928,59.3268,0.999876,0.999982,0.0,0.150139
802.pgm,10000,0.152588,41856,63.8672,182.12,0.076294,59.3059,0.999812,0.9999759,0.0,0.09907
803.pgm,10000,0.152588,35248,53.7842,44.958,0.07576,59.3364,0.999762,0.9999782,0.0,1e-05
804.pgm,10000,0.152588,25568,39.0137,32.019,0.07666,59.2851,0.999809,0.9999731,0.0,0.0
805.pgm,10000,0.152588,23584,35.9863,38.795,0.07637,59.3016,0.99981,0.9999927,0.0,0.0
806.pgm,10000,0.152588,51920,79.2236,242.054,0.075699,59.3399,0.999752,0.9999592,0.0,0.909891
807.pgm,10000,0.152588,24528,37.4268,39.699,0.074738,59.3954,0.999803,0.99999,0.0,0.0
809.pgm,10000,0.152588,34416,52.5146,28.814,0.076111,59.3163,0.999853,0.9999894,0.0,0.0
810.pgm,10000,0.152588,12096,18.457,35.273,0.07634,59.3033,0.999686,0.9999621,0.0,0.0
811.pgm,10000,0.152588,29280,44.6777,273.885,0.077316,59.2481,0.999811,0.9999859,0.0,0.299766
812.pgm,10000,0.152588,27136,41.4062,41.574,0.077621,59.231,0.999864,0.9999929,0.0,0.0
813.pgm,10000,0.152588,22656,34.5703,25.262,0.076294,59.3059,0.999858,0.9999882,0.0,0.403548
814.pgm,10000,0.152588,39728,60.6201,37.444,0.076889,59.2722,0.99984,0.9999929,0.0,0.0
815.pgm,10000,0.152588,36080,55.0537,148.993,0.076416,59.299,0.999859,0.9999867,0.0,0.587621
816.pgm,10000,0.152588,24608,37.5488,95.337,0.076233,59.3094,0.999795,0.9999922,0.0,0.0
817.pgm,10000,0.152588,29248,44.6289,32.127,0.076965,59.2679,0.999802,0.9999803,0.0,0.0
818.pgm,10000,0.152588,42992,65.6006,31.824,0.075974,59.3242,0.999815,0.9999876,0.0,0.600883
819.pgm,10000,0.152588,31952,48.7549,59.038,0.075027,59.3786,0.999804,0.9999867,0.0,0.0
820.pgm,10000,0.152588,64448,98.3398,147.727,0.077271,59.2507,0.999825,0.9999524,0.0,0.986874
821.pgm,10000,0.152588,38112,58.1543,34.692,0.076447,59.2972,0.999837,0.9999874,0.0,0.0
822.pgm,10000,0.152588,47792,72.9248,37.036,0.075958,59.3251,0.999828,0.9999791,0.0,0.0
823.pgm,10000,0.152588,22128,33.7646,233.796,0.076004,59.3224,0.999832,0.9999937,0.0,0.0
824.pgm,10000,0.152588,13808,21.0693,49.403,0.075806,59.3338,0.999827,0.9999934,0.0,0.0001
825.pgm,10000,0.152588,27440,41.8701,29.616,0.07518,59.3698,0.999779,0.9999832,0.0,0.673452
826.pgm,10000,0.152588,39120,59.6924,29.674,0.077087,59.261,0.999824,0.9999618,0.0,0.0
827.pgm,10000,0.152588,17904,27.3193,266.673,0.075928,59.3268,0.999832,0.9999915,0.0,8e-05
828.pgm,10000,0.152588,23008,35.1074,46.109,0.075851,59.3312,0.999814,0.9999729,0.0,0.870362
829.pgm,10000,0.152588,15664,23.9014,27.048,0.075668,59.3417,0.999788,0.9999818,0.0,0.0
830.pgm,10000,0.152588,34320,52.3682,204.476,0.076401,59.2998,0.99987,0.9999937,0.0,0.0
831.pgm,10000,0.152588,54944,83.8379,63.117,0.077377,59.2447,0.999926,0.9999723,0.0,0.951553
832.pgm,10000,0.152588,25584,39.0381,29.308,0.076187,59.312,0.999807,0.9999724,0.0,0.617385
833.pgm,10000,0.152588,27104,41.3574,41.332,0.075226,59.3671,0.999832,0.9999874,0.0,0.002197
834.pgm,10000,0.152588,37008,56.4697,217.755,0.076508,59.2938,0.99987,0.9999825,0.0,0.432438
835.pgm,10000,0.152588,33872,51.6846,40.172,0.076889,59.2722,0.999879,0.9999835,0.0,0.021722
836.pgm,10000,0.152588,48816,74.4873,34.865,0.077347,59.2464,0.999806,0.9999812,0.0,0.815788
837.pgm,10000,0.152588,27152,41.4307,215.779,0.076538,59.292,0.999727,0.9999736,0.0,0.0
838.pgm,10000,0.152588,40480,61.7676,56.312,0.075317,59.3619,0.999879,0.9999824,0.0,0.0
839.pgm,10000,0.152588,28288,43.1641,28.132,0.076202,59.3111,0.999838,0.9999925,0.0,0.261666
840.pgm,10000,0.152588,47600,72.6318,47.401,0.075607,59.3452,0.999811,0.9999864,0.0,0.005425
841.pgm,10000,0.152588,46768,71.3623,231.919,0.075562,59.3478,0.99984,0.9999866,0.0,0.0
842.pgm,10000,0.152588,40880,62.3779,52.982,0.076462,59.2964,0.999856,0.999992,0.0,0.0
843.pgm,10000,0.152588,12960,19.7754,26.419,0.075745,59.3373,0.999854,0.9999941,0.0,0.0
844.pgm,10000,0.152588,14016,21.3867,34.298,0.076736,59.2808,0.999791,0.9999863,0.0,0.0
846.pgm,10000,0.152588,14016,21.3867,245.563,0.076767,59.2791,0.999832,0.9999941,0.0,0.0
847.pgm,10000,0.152588,49616,75.708,43.732,0.076523,59.2929,0.999858,0.9999796,0.0,0.143908
848.pgm,10000,0.152588,51616,78.7598,30.771,0.077377,59.2447,0.999783,0.9999766,0.0,0.917093
849.pgm,10000,0.152588,47552,72.5586,34.365,0.076813,59.2765,0.999842,0.9999712,0.0,0.25049
850.pgm,10000,0.152588,60800,92.7734,282.193,0.075165,59.3707,0.999884,0.9999706,0.0,0.998135
851.pgm,10000,0.152588,22976,35.0586,49.215,0.075562,59.3478,0.999788,0.9999808,0.0,0.0
852.pgm,10000,0.152588,31616,48.2422,29.468,0.076569,59.2903,0.999876,0.9999933,0.0,0.0
853.pgm,10000,0.152588,18208,27.7832,31.221,0.074921,59.3848,0.999844,0.9999878,0.0,0.001196
854.pgm,10000,0.152588,16368,24.9756,288.404,0.075836,59.332,0.999842,0.9999946,0.0,0.0
855.pgm,10000,0.152588,14032,21.4111,61.884,0.076691,59.2834,0.999803,0.9999947,0.0,0.0
856.pgm,10000,0.152588,43248,65.9912,40.31,0.074799,59.3919,0.999919,0.9999932,0.0,0.0
857.pgm,10000,0.152588,20800,31.7383,33.846,0.076385,59.3007,0.999835,0.9999879,0.0,0.856681
858.pgm,10000,0.152588,23360,35.6445,227.739,0.075104,59.3742,0.999675,0.9999646,0.0,0.0
859.pgm,10000,0.152588,41632,63.5254,42.751,0.076569,59.2903,0.999854,0.999993,0.0,0.0
860.pgm,10000,0.152588,24208,36.9385,28.391,0.075989,59.3233,0.999845,0.9999911,0.0,0.0
861.pgm,10000,0.152588,21200,32.3486,153.884,0.077362,59.2455,0.999855,0.9999922,0.0,0.002196
862.pgm,10000,0.152588,60128,91.748,89.843,0.077713,59.2259,0.999848,0.99998,0.0,0.971124
863.pgm,10000,0.152588,31216,47.6318,29.684,0.07666,59.2851,0.999844,0.9999846,0.0,0.998596
864.pgm,10000,0.152588,31504,48.0713,37.258,0.076538,59.292,0.999847,0.9999932,0.0,0.0
865.pgm,10000,0.152588,10736,16.3818,207.702,0.076859,59.2739,0.999773,0.999968,0.0,0.0
866.pgm,10000,0.152588,28752,43.8721,66.051,0.076859,59.2739,0.999865,0.9999936,0.0,6.9e-05
869.pgm,10000,0.152588,29824,45.5078,34.342,0.075897,59.3285,0.999867,0.9999898,0.0,0.88985
870.pgm,10000,0.152588,32864,50.1465,35.661,0.076736,59.2808,0.999867,0.999991,0.0,0.0
871.pgm,10000,0.152588,15728,23.999,179.252,0.074951,59.383,0.999851,0.9999963,0.0,0.0
872.pgm,10000,0.152588,33712,51.4404,45.614,0.07515,59.3715,0.999807,0.9999927,0.0,0.0
873.pgm,10000,0.152588,28992,44.2383,33.652,0.076004,59.3224,0.999844,0.999993,0.0,0.0
875.pgm,10000,0.152588,27024,41.2354,222.564,0.075592,59.346,0.99987,0.9999843,0.0,0.000309
876.pgm,10000,0.152588,51744,78.9551,76.549,0.076004,59.3224,0.999807,0.999982,0.0,0.0
877.pgm,10000,0.152588,34576,52.7588,39.404,0.075241,59.3663,0.999778,0.9999631,0.0,0.992599
878.pgm,10000,0.152588,30272,46.1914,231.927,0.07695,59.2687,0.999839,0.9999904,0.0,0.000681
879.pgm,10000,0.152588,27552,42.041,53.327,0.078384,59.1885,0.999877,0.9999789,0.0,0.0
880.pgm,10000,0.152588,33200,50.6592,27.755,0.076324,59.3042,0.999863,0.9999892,0.0,0.0
881.pgm,10000,0.152588,20496,31.2744,30.731,0.076523,59.2929,0.999899,0.9999924,0.0,0.0
882.pgm,10000,0.152588,20560,31.3721,271.865,0.07605,59.3198,0.99987,0.9999874,0.0,0.0
883.pgm,10000,0.152588,29152,44.4824,53.768,0.077972,59.2114,0.999886,0.9999911,0.0,6.2e-05
884.pgm,10000,0.152588,26176,39.9414,32.49,0.07518,59.3698,0.999746,0.9999806,0.0,0.0
885.pgm,10000,0.152588,15904,24.2676,108.798,0.075607,59.3452,0.999721,0.9999859,0.0,0.0
886.pgm,10000,0.152588,26704,40.7471,96.714,0.076141,59.3146,0.999855,0.9999928,0.0,2.2e-05
887.pgm,10000,0.152588,23072,35.2051,45.667,0.07608,59.3181,0.999849,0.9999918,0.0,0.0
888.pgm,10000,0.152588,37152,56.6895,240.96,0.076263,59.3076,0.999835,0.9999918,0.0,0.0
889.pgm,10000,0.152588,31936,48.7305,45.02,0.075577,59.3469,0.999713,0.9999752,0.0,0.000269
890.pgm,10000,0.152588,49200,75.0732,31.253,0.076523,59.2929,0.999814,0.9999717,0.0,0.480789
891.pgm,10000,0.152588,10528,16.0645,26.958,0.075607,59.3452,0.999819,0.9999911,0.0,0.0
892.pgm,10000,0.152588,48480,73.9746,292.079,0.077332,59.2472,0.999858,0.9999854,0.0,0.0
894.pgm,10000,0.152588,59440,90.6982,50.616,0.076553,59.2912,0.999927,0.9999847,0.0,4.4e-05
895.pgm,10000,0.152588,27520,41.9922,26.487,0.076645,59.286,0.999866,0.999993,0.0,0.0
896.pgm,10000,0.152588,41408,63.1836,37.371,0.075638,59.3434,0.999876,0.9999919,0.0,0.541702
897.pgm,10000,0.152588,26080,39.7949,251.542,0.075821,59.3329,0.999872,0.9999865,0.0,0.0
899.pgm,10000,0.152588,17712,27.0264,43.61,0.075897,59.3285,0.999858,0.9999885,0.0,0.0
900.pgm,10000,0.152588,31104,47.4609,26.953,0.075623,59.3443,0.999766,0.9999771,0.0,0.603915
901.pgm,10000,0.152588,35088,53.54,33.767,0.077103,59.2601,0.999866,0.9999871,0.0,4e-06
902.pgm,10000,0.152588,31600,48.2178,250.305,0.077133,59.2584,0.999864,0.9999916,0.0,0.0
903.pgm,10000,0.152588,21728,33.1543,44.374,0.077148,59.2575,0.999831,0.9999853,0.0,0.0
904.pgm,10000,0.152588,62768,95.7764,33.706,0.076843,59.2747,0.999906,0.9999767,0.0,0.999488
905.pgm,10000,0.152588,34016,51.9043,44.028,0.076111,59.3163,0.99982,0.9999903,0.0,0.001285
906.pgm,10000,0.152588,23856,36.4014,249.085,0.076462,59.2964,0.999807,0.9999856,0.0,0.0
909.pgm,10000,0.152588,32880,50.1709,58.359,0.076614,59.2877,0.999734,0.9999295,0.0,0.0
910.pgm,10000,0.152588,52256,79.7363,41.273,0.076202,59.3111,0.999825,0.9999758,0.0,0.683311
911.pgm,10000,0.152588,14992,22.876,256.241,0.076096,59.3172,0.999719,0.9999557,0.0,0.0
912.pgm,10000,0.152588,32016,48.8525,49.491,0.076035,59.3207,0.999838,0.9999896,0.0,1e-06
913.pgm,10000,0.152588,36448,55.6152,31.914,0.076523,59.2929,0.999841,0.9999923,0.0,0.0
914.pgm,10000,0.152588,15744,24.0234,26.713,0.076767,59.2791,0.999747,0.9999857,0.0,0.0
915.pgm,10000,0.152588,13008,19.8486,109.168,0.07547,59.3531,0.999789,0.9999906,0.0,0.0
916.pgm,10000,0.152588,44352,67.6758,112.113,0.075531,59.3496,0.999836,0.9999841,0.0,1e-06
917.pgm,10000,0.152588,35760,54.5654,39.453,0.076172,59.3129,0.999879,0.9999814,0.0,0.004698
918.pgm,10000,0.152588,36784,56.1279,34.674,0.076599,59.2886,0.999855,0.9999842,0.0,0.000176
919.pgm,10000,0.152588,42288,64.5264,253.372,0.075134,59.3724,0.999852,0.999973,0.0,0.423388
920.pgm,10000,0.152588,25264,38.5498,49.708,0.07692,59.2704,0.999815,0.9999948,0.0,0.0
921.pgm,10000,0.152588,19936,30.4199,28.218,0.075623,59.3443,0.999783,0.999986,0.0,1e-06
922.pgm,10000,0.152588,16464,25.1221,34.775,0.076797,59.2773,0.999835,0.9999655,0.0,0.0
923.pgm,10000,0.152588,43232,65.9668,211.306,0.076828,59.2756,0.999771,0.9999543,0.0,0.000111
925.pgm,10000,0.152588,20272,30.9326,48.608,0.076935,59.2696,0.999724,0.9999721,0.0,0.0
926.pgm,10000,0.152588,24240,36.9873,49.151,0.075684,59.3408,0.999868,0.9999872,0.0,0.0
928.pgm,10000,0.152588,51536,78.6377,227.158,0.077545,59.2353,0.999902,0.999987,0.0,0.0
929.pgm,10000,0.152588,25520,38.9404,40.699,0.076477,59.2955,0.999814,0.9999823,0.0,0.0
930.pgm,10000,0.152588,31536,48.1201,35.388,0.075989,59.3233,0.999848,0.9999891,0.0,0.0
932.pgm,10000,0.152588,44720,68.2373,275.696,0.074738,59.3954,0.999842,0.9999858,0.0,0.0
933.pgm,10000,0.152588,36032,54.9805,39.965,0.07518,59.3698,0.999909,0.9999952,0.0,0.000318
934.pgm,10000,0.152588,41120,62.7441,31.638,0.078018,59.2088,0.999762,0.9999698,0.0,0.050786
935.pgm,10000,0.152588,48576,74.1211,208.996,0.076248,59.3085,0.999869,0.9999802,0.0,0.442678
936.pgm,10000,0.152588,30752,46.9238,55.639,0.074951,59.383,0.99986,0.9999879,0.0,1e-06
937.pgm,10000,0.152588,44736,68.2617,29.635,0.075882,59.3294,0.999893,0.9999887,0.0,0.829945
938.pgm,10000,0.152588,13968,21.3135,31.874,0.075211,59.368,0.999889,0.9999829,0.0,0.0
939.pgm,10000,0.152588,29024,44.2871,238.597,0.076645,59.286,0.999766,0.9999779,0.0,3e-06
940.pgm,10000,0.152588,30144,45.9961,51.461,0.076202,59.3111,0.999828,0.9999764,0.0,0.164843
941.pgm,10000,0.152588,61280,93.5059,35.481,0.077148,59.2575,0.999888,0.9999727,0.0,0.814455
942.pgm,10000,0.152588,17264,26.3428,87.532,0.075333,59.361,0.999698,0.9999807,0.0,0.624209
943.pgm,10000,0.152588,12768,19.4824,114.726,0.076553,59.2912,0.99974,0.9999712,0.0,0.0
944.pgm,10000,0.152588,57536,87.793,41.304,0.07756,59.2344,0.999933,0.9999865,0.0,0.723844
945.pgm,10000,0.152588,42768,65.2588,35.573,0.077576,59.2335,0.99978,0.9999701,0.0,0.000988
946.pgm,10000,0.152588,46544,71.0205,270.39,0.077057,59.2627,0.999884,0.9999572,0.0,0.0
947.pgm,10000,0.152588,21360,32.5928,44.079,0.075974,59.3242,0.999849,0.9999918,0.0,0.0
948.pgm,10000,0.152588,41760,63.7207,32.605,0.075439,59.3548,0.99982,0.9999918,0.0,0.014574
949.pgm,10000,0.152588,37152,56.6895,41.461,0.077271,59.2507,0.999783,0.9999783,0.0,0.957626
950.pgm,10000,0.152588,10496,16.0156,88.589,0.07576,59.3364,0.999711,0.9999874,0.0,0.0
951.pgm,10000,0.152588,40192,61.3281,44.184,0.078354,59.1902,0.999828,0.9999777,0.0,1e-06
953.pgm,10000,0.152588,17520,26.7334,27.877,0.075729,59.3382,0.999742,0.9999836,0.0,0.032647
954.pgm,10000,0.152588,13392,20.4346,30.692,0.077087,59.261,0.999744,0.999987,0.0,0.0
955.pgm,10000,0.152588,14000,21.3623,130.345,0.076569,59.2903,0.999641,0.9999656,0.0,0.0
956.pgm,10000,0.152588,51184,78.1006,53.54,0.076599,59.2886,0.999875,0.9999717,0.0,0.0
957.pgm,10000,0.152588,32192,49.1211,34.979,0.076035,59.3207,0.99987,0.9999893,0.0,0.340587
958.pgm,10000,0.152588,29776,45.4346,50.773,0.076843,59.2747,0.999881,0.9999854,0.0,0.999601
959.pgm,10000,0.152588,27760,42.3584,154.64,0.075775,59.3355,0.999652,0.999941,0.0,0.0
960.pgm,10000,0.152588,45216,68.9941,52.997,0.076843,59.2747,0.999823,0.9999853,0.0,0.99952
961.pgm,10000,0.152588,60704,92.627,106.181,0.076813,59.2765,0.999879,0.9999863,0.0,0.999986
962.pgm,10000,0.152588,34160,52.124,83.917,0.076859,59.2739,0.999871,0.9999907,0.0,0.001508
963.pgm,10000,0.152588,58016,88.5254,35.793,0.076523,59.2929,0.999949,0.9999882,0.0,0.049905
964.pgm,10000,0.152588,36672,55.957,36.862,0.076691,59.2834,0.999745,0.9999591,0.0,0.0
965.pgm,10000,0.152588,20816,31.7627,252.236,0.076797,59.2773,0.999875,0.9999904,0.0,0.0
966.pgm,10000,0.152588,21328,32.5439,44.201,0.075867,59.3303,0.99982,0.9999936,0.0,0.0
967.pgm,10000,0.152588,43616,66.5527,31.004,0.075928,59.3268,0.99986,0.9999803,0.0,0.625811
968.pgm,10000,0.152588,27360,41.748,36.409,0.076767,59.2791,0.999812,0.9999807,0.0,0.007507
969.pgm,10000,0.152588,21760,33.2031,214.507,0.076508,59.2938,0.999756,0.9999527,0.0,0.0
970.pgm,10000,0.152588,23872,36.4258,38.14,0.076553,59.2912,0.999747,0.9999878,0.0,0.0
971.pgm,10000,0.152588,29088,44.3848,28.489,0.076416,59.299,0.999799,0.9999776,0.0,0.658123
972.pgm,10000,0.152588,21904,33.4229,34.882,0.076019,59.3216,0.99987,0.9999928,0.0,0.0
973.pgm,10000,0.152588,35504,54.1748,267.663,0.075928,59.3268,0.999881,0.9999911,0.0,0.016704
974.pgm,10000,0.152588,26144,39.8926,52.183,0.076202,59.3111,0.999813,0.9999803,0.0,0.72297
975.pgm,10000,0.152588,23776,36.2793,31.77,0.075882,59.3294,0.999871,0.9999912,0.0,0.0
976.pgm,10000,0.152588,12352,18.8477,28.147,0.077332,59.2472,0.999842,0.9999952,0.0,0.0
977.pgm,10000,0.152588,64896,99.0234,301.276,0.076172,59.3129,0.999925,0.9999694,0.0,0.99978
978.pgm,10000,0.152588,21456,32.7393,84.114,0.078064,59.2063,0.999778,0.9999854,0.0,0.0
979.pgm,10000,0.152588,26544,40.5029,33.503,0.077515,59.237,0.999734,0.9999605,0.0,0.755115
980.pgm,10000,0.152588,27152,41.4307,33.638,0.075806,59.3338,0.99988,0.9999906,0.0,0.0
981.pgm,10000,0.152588,38144,58.2031,298.879,0.075638,59.3434,0.999846,0.9999834,0.0,0.0
983.pgm,10000,0.152588,22544,34.3994,48.928,0.076874,59.273,0.999805,0.9999839,0.0,0.0
984.pgm,10000,0.152588,37392,57.0557,29.274,0.075684,59.3408,0.999835,0.9999912,0.0,0.573512
985.pgm,10000,0.152588,58320,88.9893,51.406,0.075531,59.3496,0.999875,0.9999767,0.0,0.50192
986.pgm,10000,0.152588,37664,57.4707,251.406,0.075592,59.346,0.999715,0.999966,0.0,1e-06
987.pgm,10000,0.152588,30160,46.0205,40.957,0.077194,59.255,0.999821,0.9999725,0.0,0.0
988.pgm,10000,0.152588,17536,26.7578,28.033,0.075363,59.3592,0.999836,0.9999925,0.0,0.0
989.pgm,10000,0.152588,35392,54.0039,39.557,0.076385,59.3007,0.999845,0.9999789,0.0,1.8e-05
990.pgm,10000,0.152588,40352,61.5723,269.619,0.076782,59.2782,0.9999,0.9999881,0.0,0.009521
991.pgm,10000,0.152588,22320,34.0576,47.959,0.076462,59.2964,0.999798,0.9999816,0.0,0.0
992.pgm,10000,0.152588,57568,87.8418,38.836,0.076797,59.2773,0.999928,0.9999854,0.0,0.962336
993.pgm,10000,0.152588,39680,60.5469,44.496,0.075211,59.368,0.999878,0.9999869,0.0,0.511694
994.pgm,10000,0.152588,27552,42.041,207.02,0.075714,59.339,0.999853,0.9999854,0.0,0.05648
995.pgm,10000,0.152588,49632,75.7324,64.575,0.07608,59.3181,0.999852,0.9999714,0.0,0.446377
996.pgm,10000,0.152588,20080,30.6396,29.125,0.075439,59.3548,0.999844,0.999975,0.0,0.160357
997.pgm,10000,0.152588,32960,50.293,37.752,0.075851,59.3312,0.999817,0.9999878,0.0,0.431006
998.pgm,10000,0.152588,14640,22.3389,121.516,0.076523,59.2929,0.999792,0.9999833,0.0,0.0
999.pgm,10000,0.152588,41744,63.6963,80.88,0.077423,59.2421,0.999889,0.9999948,0.0,0.0
1000.pgm,10000,0.152588,27120,41.3818,31.293,0.077393,59.2438,0.999877,0.9999946,0.0,0.0
1.pgm,20000,0.305176,23952,36.5479,66.822,0.153519,56.2692,0.999689,0.9999842,0.0,0.0
3.pgm,20000,0.305176,24720,37.7197,331.224,0.151962,56.3134,0.999636,0.9999749,0.0,0.0
4.pgm,20000,0.305176,27968,42.6758,95.564,0.151215,56.3349,0.999732,0.9999807,0.0,0.0
5.pgm,20000,0.305176,22480,34.3018,51.34,0.152023,56.3117,0.999552,0.9999833,0.0,0.0
6.pgm,20000,0.305176,37872,57.7881,101.209,0.153137,56.28,0.999771,0.9999709,0.0,3e-06
7.pgm,20000,0.305176,25072,38.2568,186.876,0.152786,56.29,0.999751,0.9999883,0.0,0.0
8.pgm,20000,0.305176,38224,58.3252,59.707,0.155487,56.2139,0.999668,0.9999633,0.0,0.924442
9.pgm,20000,0.305176,49376,75.3418,137.255,0.151886,56.3156,0.999724,0.9999444,0.0,0.082068
10.pgm,20000,0.305176,35296,53.8574,143.471,0.151932,56.3143,0.999717,0.9999823,0.0,0.009474
11.pgm,20000,0.305176,31472,48.0225,65.136,0.152618,56.2947,0.999677,0.9999836,0.0,1.7e-05
12.pgm,20000,0.305176,30368,46.3379,294.955,0.151505,56.3265,0.999582,0.9999423,0.0,0.08434
13.pgm,20000,0.305176,43904,66.9922,68.019,0.153503,56.2696,0.999724,0.9999682,0.0,0.0
15.pgm,20000,0.305176,32320,49.3164,64.985,0.1548,56.2331,0.999602,0.9999315,0.0,1.2e-05
17.pgm,20000,0.305176,25408,38.7695,175.999,0.15213,56.3087,0.999808,0.999991,0.0,0.0
19.pgm,20000,0.305176,36032,54.9805,61.343,0.153366,56.2735,0.999724,0.9999819,0.0,0.0
20.pgm,20000,0.305176,35344,53.9307,57.059,0.152451,56.2995,0.999477,0.9999176,0.0,0.999534
21.pgm,20000,0.305176,31584,48.1934,375.625,0.152542,56.2969,0.99974,0.9999026,0.0,0.633226
22.pgm,20000,0.305176,41888,63.916,104.943,0.153259,56.2765,0.99978,0.9999599,0.0,0.061355
23.pgm,20000,0.305176,24832,37.8906,110.29,0.1521,56.3095,0.999736,0.9999814,0.0,0.0
24.pgm,20000,0.305176,25856,39.4531,251.234,0.153168,56.2791,0.999499,0.9999531,0.0,0.097049
25.pgm,20000,0.305176,25040,38.208,68.727,0.152237,56.3056,0.99974,0.9999871,0.0,0.0
26.pgm,20000,0.305176,60624,92.5049,65.689,0.153534,56.2688,0.999768,0.9999426,0.0,0.968798
27.pgm,20000,0.305176,43392,66.2109,331.945,0.153122,56.2804,0.999605,0.9999555,0.0,0.988757
28.pgm,20000,0.305176,23216,35.4248,57.121,0.154144,56.2515,0.999632,0.9999821,0.0,0.0
29.pgm,20000,0.305176,52400,79.9561,356.639,0.15274,56.2913,0.999725,0.9999453,0.0,0.818813
30.pgm,20000,0.305176,36208,55.249,68.599,0.153473,56.2705,0.999708,0.9999586,0.0,4e-06
31.pgm,20000,0.305176,22368,34.1309,51.456,0.15361,56.2666,0.999622,0.9999854,0.0,0.0
33.pgm,20000,0.305176,38832,59.2529,386.025,0.154358,56.2455,0.999768,0.999967,0.0,0.156679
34.pgm,20000,0.305176,33520,51.1475,56.615,0.152451,56.2995,0.99971,0.999965,0.0,0.0
35.pgm,20000,0.305176,25424,38.7939,56.722,0.152725,56.2917,0.999752,0.9999895,0.0,0.0
36.pgm,20000,0.305176,30320,46.2646,348.105,0.153214,56.2778,0.999779,0.9999616,0.0,0.0
37.pgm,20000,0.305176,23792,36.3037,53.492,0.153397,56.2726,0.999566,0.9999671,0.0,0.271748
38.pgm,20000,0.305176,39472,60.2295,70.012,0.152603,56.2952,0.999727,0.999983,0.0,0.0
39.pgm,20000,0.305176,58976,89.9902,283.65,0.151764,56.3191,0.999714,0.999928,0.0,0.035905
40.pgm,20000,0.305176,27264,41.6016,57.381,0.152039,56.3113,0.999649,0.9999847,0.0,0.0
42.pgm,20000,0.305176,33776,51.5381,325.594,0.153854,56.2597,0.99953,0.9999521,0.0,0.96373
43.pgm,20000,0.305176,28576,43.6035,59.242,0.153168,56.2791,0.999598,0.999926,0.0,1e-06
45.pgm,20000,0.305176,33776,51.5381,76.584,0.153046,56.2826,0.999731,0.9999674,0.0,0.0
46.pgm,20000,0.305176,21776,33.2275,203.702,0.152649,56.2939,0.999745,0.9999915,0.0,0.0
48.pgm,20000,0.305176,40784,62.2314,54.5,0.152359,56.3021,0.999664,0.9999803,0.0,0.0
51.pgm,20000,0.305176,20320,31.0059,77.567,0.152191,56.3069,0.999628,0.9999833,0.0,2.5e-05
52.pgm,20000,0.305176,21984,33.5449,225.929,0.152634,56.2943,0.999426,0.9998937,0.0,0.915854
54.pgm,20000,0.305176,41328,63.0615,56.076,0.15329,56.2757,0.999666,0.9999778,0.0,0.0
55.pgm,20000,0.305176,27584,42.0898,128.867,0.153061,56.2822,0.999837,0.999982,0.0,0.0
57.pgm,20000,0.305176,50976,77.7832,143.757,0.152817,56.2891,0.999607,0.9999628,0.0,0.997084
58.pgm,20000,0.305176,43312,66.0889,61.828,0.150848,56.3454,0.999742,0.9999714,0.0,0.740099
59.pgm,20000,0.305176,32000,48.8281,329.236,0.152451,56.2995,0.999655,0.9999739,0.0,0.000138
60.pgm,20000,0.305176,28560,43.5791,66.055,0.150665,56.3507,0.999619,0.9999795,0.0,0.0
61.pgm,20000,0.305176,39456,60.2051,55.913,0.153549,56.2683,0.999695,0.9999858,0.0,0.0
64.pgm,20000,0.305176,33104,50.5127,355.202,0.152328,56.303,0.999658,0.9999886,0.0,0.0
65.pgm,20000,0.305176,34560,52.7344,61.698,0.153305,56.2752,0.999622,0.9999664,0.0,0.996343
67.pgm,20000,0.305176,32000,48.8281,65.894,0.153961,56.2567,0.99962,0.999964,0.0,0.0
69.pgm,20000,0.305176,23344,35.6201,213.672,0.151718,56.3204,0.999705,0.9999804,0.0,0.0
70.pgm,20000,0.305176,34064,51.9775,56.979,0.151428,56.3287,0.999772,0.9999708,0.0,3e-06
73.pgm,20000,0.305176,23792,36.3037,64.251,0.153702,56.264,0.999675,0.9999711,0.0,0.0
74.pgm,20000,0.305176,54864,83.7158,279.322,0.153564,56.2679,0.99958,0.9999375,0.0,0.999984
75.pgm,20000,0.305176,30608,46.7041,63.042,0.151093,56.3384,0.999624,0.9999477,0.0,0.000886
76.pgm,20000,0.305176,55072,84.0332,349.31,0.152542,56.2969,0.999608,0.9999542,0.0,0.999778
77.pgm,20000,0.305176,32608,49.7559,79.175,0.151917,56.3148,0.999856,0.9999869,0.0,0.0
78.pgm,20000,0.305176,47680,72.7539,66.896,0.153229,56.2774,0.999701,0.9999616,0.0,0.998901
79.pgm,20000,0.305176,39840,60.791,313.172,0.150925,56.3432,0.999705,0.9999862,0.0,0.0
80.pgm,20000,0.305176,50272,76.709,64.909,0.152756,56.2908,0.999714,0.9999483,0.0,0.964285
81.pgm,20000,0.305176,28640,43.7012,392.85,0.154205,56.2498,0.999666,0.9999658,0.0,0.823199
82.pgm,20000,0.305176,29984,45.752,85.126,0.153183,56.2787,0.999722,0.9999828,0.0,0.0
83.pgm,20000,0.305176,40896,62.4023,292.866,0.15242,56.3004,0.999775,0.9999822,0.0,0.0
84.pgm,20000,0.305176,30560,46.6309,88.304,0.151886,56.3156,0.999643,0.9999638,0.0,0.000175
85.pgm,20000,0.305176,35344,53.9307,60.727,0.152344,56.3026,0.999635,0.9999766,0.0,0.99994
87.pgm,20000,0.305176,31360,47.8516,261.634,0.1521,56.3095,0.999515,0.9999654,0.0,0.951345
88.pgm,20000,0.305176,37808,57.6904,318.288,0.153503,56.2696,0.999719,0.999958,0.0,0.998495
90.pgm,20000,0.305176,33888,51.709,61.739,0.153183,56.2787,0.999538,0.9999227,0.0,0.99336
91.pgm,20000,0.305176,45440,69.3359,68.838,0.152985,56.2843,0.99976,0.9999269,0.0,0.0
93.pgm,20000,0.305176,26592,40.5762,196.843,0.152298,56.3039,0.999673,0.9999777,0.0,0.97695
94.pgm,20000,0.305176,30640,46.7529,125.665,0.152344,56.3026,0.999743,0.9999799,0.0,0.006295
95.pgm,20000,0.305176,22112,33.7402,410.219,0.152344,56.3026,0.999692,0.9999452,0.0,0.0
96.pgm,20000,0.305176,33040,50.415,69.352,0.152756,56.2908,0.999765,0.9999909,0.0,0.0
97.pgm,20000,0.305176,23792,36.3037,109.615,0.151779,56.3187,0.999708,0.9999829,0.0,0.0
98.pgm,20000,0.305176,20720,31.6162,158.757,0.153839,56.2601,0.9993,0.9999595,0.0,0.673975
99.pgm,20000,0.305176,44480,67.8711,282.831,0.152206,56.3065,0.999639,0.999965,0.0,0.000434
100.pgm,20000,0.305176,31616,48.2422,87.416,0.153687,56.2644,0.999537,0.9999563,0.0,0.0
101.pgm,20000,0.305176,55440,84.5947,57.522,0.149353,56.3887,0.999812,0.9999694,0.0,0.488532
102.pgm,20000,0.305176,63584,97.0215,355.881,0.152817,56.2891,0.999887,0.9999571,0.0,0.99999
103.pgm,20000,0.305176,21648,33.0322,82.574,0.150803,56.3467,0.999672,0.9999708,0.0,0.003984
104.pgm,20000,0.305176,24368,37.1826,72.822,0.152573,56.296,0.99965,0.9999555,0.0,0.0
105.pgm,20000,0.305176,20992,32.0312,278.411,0.153183,56.2787,0.99973,0.999969,0.0,0.0
106.pgm,20000,0.305176,41040,62.6221,109.891,0.151596,56.3239,0.999746,0.9999779,0.0,0.0
107.pgm,20000,0.305176,55072,84.0332,416.816,0.153763,56.2623,0.999664,0.9999631,0.0,0.674423
108.pgm,20000,0.305176,56576,86.3281,197.991,0.150528,56.3546,0.999859,0.9999832,0.0,0.997064
109.pgm,20000,0.305176,27520,41.9922,99.431,0.151932,56.3143,0.999712,0.999972,0.0,0.0
110.pgm,20000,0.305176,43488,66.3574,350.251,0.153351,56.2739,0.999807,0.9999826,0.0,0.0
111.pgm,20000,0.305176,35888,54.7607,68.701,0.152359,56.3021,0.99976,0.9999516,0.0,0.947487
112.pgm,20000,0.305176,29424,44.8975,52.151,0.152527,56.2973,0.999725,0.9999844,0.0,0.000366
113.pgm,20000,0.305176,25424,38.7939,394.123,0.153168,56.2791,0.999592,0.9999763,0.0,0.0
114.pgm,20000,0.305176,29952,45.7031,57.344,0.154465,56.2425,0.99968,0.9999737,0.0,0.999744
115.pgm,20000,0.305176,38176,58.252,62.018,0.154877,56.2309,0.999787,0.9999679,0.0,0.991527
117.pgm,20000,0.305176,41168,62.8174,333.126,0.150208,56.3639,0.999708,0.9999718,0.0,0.0
118.pgm,20000,0.305176,27664,42.2119,53.614,0.153061,56.2822,0.99967,0.999989,0.0,0.0
120.pgm,20000,0.305176,55520,84.7168,255.784,0.154175,56.2507,0.999797,0.9999325,0.0,0.976785
121.pgm,20000,0.305176,23856,36.4014,102.939,0.151031,56.3401,0.999734,0.9999875,0.0,0.0
122.pgm,20000,0.305176,23312,35.5713,54.634,0.154312,56.2468,0.999483,0.9999715,0.0,0.0
123.pgm,20000,0.305176,28832,43.9941,214.142,0.154877,56.2309,0.999483,0.9999586,0.0,0.0
124.pgm,20000,0.305176,20960,31.9824,89.612,0.152954,56.2852,0.999787,0.9999836,0.0,0.0
125.pgm,20000,0.305176,31680,48.3398,71.831,0.152176,56.3073,0.999716,0.9999806,0.0,0.000322
126.pgm,20000,0.305176,55328,84.4238,356.461,0.153549,56.2683,0.999756,0.9999356,0.0,0.737619
127.pgm,20000,0.305176,23408,35.7178,93.85,0.152084,56.31,0.999746,0.9999911,0.0,0.0
129.pgm,20000,0.305176,21664,33.0566,125.729,0.152847,56.2882,0.999653,0.9999886,0.0,0.0
131.pgm,20000,0.305176,20752,31.665,106.637,0.153015,56.2835,0.999212,0.9998331,0.0,0.761876
132.pgm,20000,0.305176,28336,43.2373,55.026,0.152405,56.3008,0.999613,0.9999667,0.0,0.004855
133.pgm,20000,0.305176,24288,37.0605,169.948,0.152252,56.3052,0.999393,0.9999463,0.0,0.0
135.pgm,20000,0.305176,35952,54.8584,93.106,0.151688,56.3213,0.999571,0.9999416,0.0,1e-06
136.pgm,20000,0.305176,48752,74.3896,230.105,0.154938,56.2292,0.999708,0.9999848,0.0,0.0
137.pgm,20000,0.305176,34528,52.6855,102.684,0.152313,56.3034,0.99975,0.99998,0.0,0.000242
138.pgm,20000,0.305176,23664,36.1084,357.893,0.151443,56.3283,0.999632,0.9999826,0.0,0.001234
139.pgm,20000,0.305176,27744,42.334,61.815,0.153061,56.2822,0.999694,0.999988,0.0,0.0
142.pgm,20000,0.305176,34784,53.0762,59.415,0.149597,56.3816,0.99971,0.9999747,0.0,0.0
143.pgm,20000,0.305176,53296,81.3232,275.367,0.15303,56.283,0.999633,0.9999067,0.0,0.826441
144.pgm,20000,0.305176,26816,40.918,99.589,0.153351,56.2739,0.99966,0.999963,0.0,0.896074
145.pgm,20000,0.305176,53600,81.7871,373.566,0.151886,56.3156,0.999698,0.9999633,0.0,0.991371
147.pgm,20000,0.305176,26592,40.5762,62.708,0.151917,56.3148,0.999389,0.9998718,0.0,0.0
149.pgm,20000,0.305176,51600,78.7354,87.663,0.15332,56.2748,0.999789,0.9999658,0.0,0.257049
150.pgm,20000,0.305176,45072,68.7744,181.327,0.152817,56.2891,0.99965,0.9999395,0.0,0.242252
151.pgm,20000,0.305176,29968,45.7275,70.506,0.152756,56.2908,0.999557,0.9999439,0.0,0.997761
152.pgm,20000,0.305176,34880,53.2227,339.365,0.152023,56.3117,0.99977,0.9999324,0.0,0.466792
153.pgm,20000,0.305176,22912,34.9609,66.495,0.152069,56.3104,0.999615,0.9999426,0.0,0.0
155.pgm,20000,0.305176,26864,40.9912,59.673,0.154037,56.2545,0.999172,0.9998782,0.0,0.01614
156.pgm,20000,0.305176,35984,54.9072,356.187,0.151779,56.3187,0.999728,0.99998,0.0,2.5e-05
157.pgm,20000,0.305176,23984,36.5967,103.97,0.153473,56.2705,0.999459,0.9999689,0.0,0.222524
158.pgm,20000,0.305176,37840,57.7393,312.568,0.150665,56.3507,0.999297,0.9998628,0.0,0.0
159.pgm,20000,0.305176,20320,31.0059,58.027,0.153839,56.2601,0.999601,0.999988,0.0,0.0
162.pgm,20000,0.305176,24464,37.3291,218.331,0.153183,56.2787,0.999554,0.999985,0.0,0.0
163.pgm,20000,0.305176,47696,72.7783,128.805,0.152222,56.306,0.999671,0.9999814,0.0,0.0
164.pgm,20000,0.305176,23504,35.8643,315.315,0.151657,56.3222,0.999523,0.9999782,0.0,0.0
165.pgm,20000,0.305176,44096,67.2852,66.464,0.153046,56.2826,0.9995,0.9998594,0.0,0.00615
168.pgm,20000,0.305176,55632,84.8877,316.999,0.153336,56.2744,0.999646,0.9999583,0.0,0.987132
169.pgm,20000,0.305176,48464,73.9502,77.007,0.153824,56.2606,0.999732,0.9999778,0.0,0.0
171.pgm,20000,0.305176,42240,64.4531,61.418,0.153366,56.2735,0.999753,0.9999606,0.0,0.006574
172.pgm,20000,0.305176,37680,57.4951,313.122,0.153748,56.2627,0.999307,0.9998573,0.0,0.0
173.pgm,20000,0.305176,25008,38.1592,81.984,0.152374,56.3017,0.999736,0.9999857,0.0,0.0
175.pgm,20000,0.305176,22416,34.2041,69.065,0.150879,56.3445,0.99973,0.999926,0.0,0.594142
176.pgm,20000,0.305176,41248,62.9395,371.825,0.15152,56.3261,0.999546,0.9999801,0.0,0.34119
177.pgm,20000,0.305176,43168,65.8691,91.345,0.151733,56.32,0.999744,0.9999797,0.0,0.040577
179.pgm,20000,0.305176,26000,39.6729,136.343,0.154312,56.2468,0.999533,0.9999332,0.0,0.944951
180.pgm,20000,0.305176,31520,48.0957,105.718,0.153275,56.2761,0.999626,0.9999471,0.0,2e-06
181.pgm,20000,0.305176,35616,54.3457,62.514,0.152084,56.31,0.999763,0.9999824,0.0,0.163372
182.pgm,20000,0.305176,26176,39.9414,321.917,0.153397,56.2726,0.999596,0.9999556,0.0,2e-06
183.pgm,20000,0.305176,36512,55.7129,60.835,0.151352,56.3309,0.999718,0.9999734,0.0,0.017359
184.pgm,20000,0.305176,35200,53.7109,63.001,0.152206,56.3065,0.999749,0.9999896,0.0,0.0
185.pgm,20000,0.305176,54352,82.9346,329.534,0.152557,56.2965,0.999693,0.999937,0.0,0.139216
186.pgm,20000,0.305176,22672,34.5947,55.8,0.153458,56.2709,0.999757,0.9999898,0.0,0.0
188.pgm,20000,0.305176,35888,54.7607,66.04,0.153244,56.277,0.99952,0.9999297,0.0,0.0
189.pgm,20000,0.305176,23616,36.0352,309.348,0.15361,56.2666,0.999717,0.999988,0.0,0.0
190.pgm,20000,0.305176,38176,58.252,68.691,0.15361,56.2666,0.99972,0.999981,0.0,0.919734
191.pgm,20000,0.305176,23376,35.6689,330.756,0.153778,56.2619,0.999684,0.9999723,0.0,0.010098
192.pgm,20000,0.305176,56112,85.6201,70.885,0.154297,56.2472,0.999809,0.9999317,0.0,0.999715
193.pgm,20000,0.305176,36576,55.8105,65.417,0.15213,56.3087,0.999774,0.9999814,0.0,0.654147
194.pgm,20000,0.305176,51664,78.833,434.666,0.154343,56.2459,0.999609,0.9999427,0.0,0.097525
195.pgm,20000,0.305176,31920,48.7061,61.417,0.153534,56.2688,0.999745,0.9999804,0.0,1e-06
198.pgm,20000,0.305176,45680,69.7021,312.237,0.152679,56.293,0.999645,0.9999357,0.0,0.92028
199.pgm,20000,0.305176,28032,42.7734,76.152,0.153046,56.2826,0.999667,0.9999705,0.0,0.0
202.pgm,20000,0.305176,29392,44.8486,62.81,0.152084,56.31,0.999815,0.99999,0.0,0.0
203.pgm,20000,0.305176,23216,35.4248,313.582,0.153458,56.2709,0.999776,0.9999897,0.0,0.0
204.pgm,20000,0.305176,31056,47.3877,65.697,0.15007,56.3679,0.999688,0.9999699,0.0,5.1e-05
205.pgm,20000,0.305176,51216,78.1494,68.459,0.151245,56.334,0.999722,0.9999672,0.0,0.883079
206.pgm,20000,0.305176,44512,67.9199,345.209,0.150787,56.3472,0.99929,0.9998244,0.0,0.963028
208.pgm,20000,0.305176,45200,68.9697,70.802,0.150436,56.3573,0.999736,0.9999828,0.0,0.0
209.pgm,20000,0.305176,48336,73.7549,315.981,0.151825,56.3174,0.999789,0.9999619,0.0,0.744894
210.pgm,20000,0.305176,33328,50.8545,66.984,0.150543,56.3542,0.999466,0.9999416,0.0,0.0
211.pgm,20000,0.305176,28160,42.9688,59.63,0.153244,56.277,0.999396,0.9998871,0.0,0.039878
213.pgm,20000,0.305176,21152,32.2754,350.99,0.153305,56.2752,0.999685,0.9999898,0.0,0.0
214.pgm,20000,0.305176,42656,65.0879,76.592,0.153351,56.2739,0.999811,0.9999588,0.0,1.6e-05
216.pgm,20000,0.305176,30704,46.8506,59.918,0.152893,56.2869,0.999655,0.9999887,0.0,0.0
217.pgm,20000,0.305176,27680,42.2363,345.599,0.152679,56.293,0.999776,0.9999887,0.0,0.0
218.pgm,20000,0.305176,33120,50.5371,105.125,0.152145,56.3082,0.99966,0.9999758,0.0,0.01623
219.pgm,20000,0.305176,28560,43.5791,339.005,0.153107,56.2809,0.999713,0.9999683,0.0,0.0
221.pgm,20000,0.305176,39984,61.0107,67.435,0.154037,56.2545,0.999775,0.9999696,0.0,0.99947
222.pgm,20000,0.305176,39872,60.8398,71.704,0.151764,56.3191,0.999689,0.9999612,0.0,0.383584
223.pgm,20000,0.305176,48640,74.2188,239.143,0.152283,56.3043,0.999634,0.9999502,0.0,0.968992
225.pgm,20000,0.305176,20784,31.7139,99.283,0.15155,56.3252,0.999565,0.9999802,0.0,0.0
226.pgm,20000,0.305176,28032,42.7734,295.821,0.152176,56.3073,0.999704,0.9999873,0.0,0.0
227.pgm,20000,0.305176,24864,37.9395,50.426,0.152252,56.3052,0.999473,0.9999198,0.0,0.996807
230.pgm,20000,0.305176,21984,33.5449,161.949,0.152405,56.3008,0.999716,0.9999899,0.0,0.0
231.pgm,20000,0.305176,27184,41.4795,107.662,0.154373,56.2451,0.999656,0.999984,0.0,0.0
232.pgm,20000,0.305176,39184,59.79,55.967,0.152435,56.2999,0.999762,0.9999436,0.0,0.99959
235.pgm,20000,0.305176,32624,49.7803,343.72,0.152954,56.2852,0.999655,0.9999847,0.0,0.022366
237.pgm,20000,0.305176,44560,67.9932,63.001,0.152039,56.3113,0.999766,0.9999805,0.0,0.0
238.pgm,20000,0.305176,26784,40.8691,59.587,0.150177,56.3648,0.999699,0.9999859,0.0,0.0
241.pgm,20000,0.305176,26224,40.0146,210.678,0.152649,56.2939,0.999733,0.9999696,0.0,0.824207
242.pgm,20000,0.305176,23200,35.4004,72.899,0.154556,56.2399,0.999702,0.9999815,0.0,0.0
244.pgm,20000,0.305176,44688,68.1885,322.654,0.151917,56.3148,0.999731,0.9999809,0.0,0.0
245.pgm,20000,0.305176,24256,37.0117,62.238,0.152985,56.2843,0.99949,0.9999701,0.0,0.0
246.pgm,20000,0.305176,27296,41.6504,63.506,0.151184,56.3357,0.999619,0.9999471,0.0,1.2e-05
247.pgm,20000,0.305176,29088,44.3848,363.082,0.15477,56.2339,0.99961,0.9999429,0.0,0.0
249.pgm,20000,0.305176,40880,62.3779,63.927,0.153793,56.2614,0.99961,0.9999077,0.0,0.25356
250.pgm,20000,0.305176,32368,49.3896,82.112,0.152496,56.2982,0.999732,0.9999784,0.0,0.0
251.pgm,20000,0.305176,45520,69.458,253.983,0.15303,56.283,0.999673,0.9999534,0.0,0.001925
252.pgm,20000,0.305176,55024,83.96,60.213,0.153275,56.2761,0.999677,0.999933,0.0,0.999982
253.pgm,20000,0.305176,25712,39.2334,54.4,0.153839,56.2601,0.999511,0.9999758,0.0,0.0
254.pgm,20000,0.305176,35392,54.0039,373.587,0.152344,56.3026,0.999665,0.9999841,0.0,0.0
256.pgm,20000,0.305176,23504,35.8643,93.616,0.1521,56.3095,0.999573,0.9999827,0.0,0.008296
259.pgm,20000,0.305176,21664,33.0566,183.8,0.152359,56.3021,0.999764,0.9999854,0.0,0.0
260.pgm,20000,0.305176,50528,77.0996,111.672,0.151581,56.3244,0.999801,0.999974,0.0,0.000415
261.pgm,20000,0.305176,25808,39.3799,55.999,0.151794,56.3182,0.999758,0.9999469,0.0,0.046129
262.pgm,20000,0.305176,24496,37.3779,332.307,0.154236,56.249,0.999434,0.9998948,0.0,0.0
263.pgm,20000,0.305176,55184,84.2041,67.048,0.150574,56.3533,0.999634,0.9999613,0.0,0.658349
264.pgm,20000,0.305176,60672,92.5781,67.395,0.153122,56.2804,0.99977,0.9999433,0.0,0.996825
265.pgm,20000,0.305176,26912,41.0645,365.669,0.151962,56.3134,0.999526,0.999968,0.0,0.0
268.pgm,20000,0.305176,36464,55.6396,78.534,0.15184,56.3169,0.999657,0.9999361,0.0,0.855216
269.pgm,20000,0.305176,24048,36.6943,68.158,0.153732,56.2632,0.999818,0.9999865,0.0,0.0
270.pgm,20000,0.305176,24448,37.3047,363.351,0.152466,56.2991,0.999665,0.9999901,0.0,0.0
271.pgm,20000,0.305176,24112,36.792,76.52,0.151932,56.3143,0.999599,0.999982,0.0,0.0
272.pgm,20000,0.305176,39136,59.7168,61.5,0.152542,56.2969,0.999659,0.9999488,0.0,0.98114
273.pgm,20000,0.305176,24640,37.5977,352.554,0.153305,56.2752,0.9994,0.9999124,0.0,0.999408
275.pgm,20000,0.305176,20304,30.9814,62.832,0.152252,56.3052,0.999672,0.9999767,0.0,3e-06
276.pgm,20000,0.305176,23536,35.9131,77.816,0.152908,56.2865,0.999708,0.9999884,0.0,0.0
278.pgm,20000,0.305176,54448,83.0811,201.547,0.151154,56.3366,0.999833,0.9999389,0.0,0.889435
279.pgm,20000,0.305176,36368,55.4932,336.478,0.152161,56.3078,0.999791,0.9999868,0.0,0.0
280.pgm,20000,0.305176,29072,44.3604,106.294,0.153107,56.2809,0.999618,0.9999788,0.0,0.0
282.pgm,20000,0.305176,55024,83.96,368.76,0.153091,56.2813,0.999638,0.9999524,0.0,0.984031
283.pgm,20000,0.305176,48752,74.3896,55.037,0.152557,56.2965,0.999667,0.9999476,0.0,0.986724
284.pgm,20000,0.305176,24784,37.8174,69.183,0.152405,56.3008,0.999731,0.9999737,0.0,0.0
285.pgm,20000,0.305176,37936,57.8857,354.895,0.152359,56.3021,0.99975,0.9999794,0.0,0.001575
286.pgm,20000,0.305176,38272,58.3984,56.586,0.150757,56.348,0.999773,0.9999684,0.0,0.919404
287.pgm,20000,0.305176,20336,31.0303,87.616,0.154205,56.2498,0.999601,0.9999645,0.0,0.0
288.pgm,20000,0.305176,34656,52.8809,202.782,0.154388,56.2447,0.999654,0.9999789,0.0,0.0
289.pgm,20000,0.305176,44576,68.0176,51.84,0.152695,56.2926,0.999722,0.9999633,0.0,0.804107
290.pgm,20000,0.305176,26720,40.7715,62.489,0.152069,56.3104,0.99965,0.9999805,0.0,0.812056
291.pgm,20000,0.305176,27744,42.334,269.171,0.155258,56.2203,0.999517,0.9999305,0.0,0.983266
293.pgm,20000,0.305176,24608,37.5488,53.781,0.152817,56.2891,0.999591,0.9999798,0.0,0.2389
295.pgm,20000,0.305176,42304,64.5508,242.669,0.155075,56.2254,0.999497,0.9999289,0.0,0.872046
296.pgm,20000,0.305176,27280,41.626,91.62,0.154419,56.2438,0.999551,0.9999402,0.0,0.0
297.pgm,20000,0.305176,26960,41.1377,403.885,0.150726,56.3489,0.999435,0.9998906,0.0,0.99326
298.pgm,20000,0.305176,48480,73.9746,69.043,0.15332,56.2748,0.999745,0.9999634,0.0,0.682856
301.pgm,20000,0.305176,22592,34.4727,65.48,0.151505,56.3265,0.999672,0.9999836,0.0,0.0
302.pgm,20000,0.305176,23552,35.9375,279.806,0.152725,56.2917,0.999606,0.9999828,0.0,0.0
304.pgm,20000,0.305176,51984,79.3213,64.382,0.152527,56.2973,0.999709,0.9999374,0.0,0.999278
305.pgm,20000,0.305176,33632,51.3184,73.796,0.152786,56.29,0.999428,0.9999631,0.0,0.002686
306.pgm,20000,0.305176,31840,48.584,233.71,0.154358,56.2455,0.999496,0.9999693,0.0,0.834291
308.pgm,20000,0.305176,25920,39.5508,57.932,0.149826,56.3749,0.999567,0.9999768,0.0,0.0
309.pgm,20000,0.305176,21776,33.2275,355.375,0.151001,56.341,0.999751,0.9999846,0.0,5e-06
310.pgm,20000,0.305176,47760,72.876,61.854,0.151794,56.3182,0.999729,0.9999736,0.0,0.999663
311.pgm,20000,0.305176,22608,34.4971,54.545,0.152252,56.3052,0.999672,0.9999895,0.0,0.0
312.pgm,20000,0.305176,52944,80.7861,348.321,0.152679,56.293,0.999659,0.9999649,0.0,0.985551
313.pgm,20000,0.305176,46368,70.752,65.026,0.150269,56.3621,0.999708,0.9999742,0.0,3e-06
314.pgm,20000,0.305176,46096,70.3369,58.328,0.152237,56.3056,0.999761,0.999979,0.0,0.305913
317.pgm,20000,0.305176,30544,46.6064,276.814,0.150742,56.3485,0.999671,0.9999848,0.0,0.0
320.pgm,20000,0.305176,27312,41.6748,64.921,0.152985,56.2843,0.999745,0.999985,0.0,0.0
321.pgm,20000,0.305176,42336,64.5996,68.499,0.151413,56.3292,0.999752,0.9999614,0.0,0.001003
322.pgm,20000,0.305176,22800,34.79,358.473,0.154739,56.2348,0.99968,0.9999623,0.0,0.0
323.pgm,20000,0.305176,27120,41.3818,55.745,0.152954,56.2852,0.999719,0.9999682,0.0,0.856219
324.pgm,20000,0.305176,41888,63.916,70.935,0.150452,56.3568,0.999591,0.9999699,0.0,0.997214
326.pgm,20000,0.305176,29088,44.3848,259.08,0.1539,56.2584,0.999526,0.9999351,0.0,0.546798
327.pgm,20000,0.305176,50992,77.8076,66.334,0.153748,56.2627,0.999548,0.9999522,0.0,0.948192
328.pgm,20000,0.305176,28832,43.9941,66.079,0.152466,56.2991,0.999711,0.9999859,0.0,0.0
329.pgm,20000,0.305176,31744,48.4375,256.128,0.15123,56.3344,0.999769,0.9999802,0.0,0.217439
330.pgm,20000,0.305176,31104,47.4609,69.86,0.151627,56.3231,0.999699,0.9999739,0.0,0.0
332.pgm,20000,0.305176,27968,42.6758,66.696,0.15184,56.3169,0.999673,0.9999849,0.0,0.0
333.pgm,20000,0.305176,34848,53.1738,180.043,0.151749,56.3196,0.999694,0.9999699,0.0,0.978361
334.pgm,20000,0.305176,40368,61.5967,52.393,0.152954,56.2852,0.999835,0.9999803,0.0,0.0
335.pgm,20000,0.305176,35712,54.4922,66.265,0.15271,56.2921,0.999699,0.9999807,0.0,0.0
337.pgm,20000,0.305176,22224,33.9111,211.37,0.151138,56.3371,0.999576,0.9999867,0.0,0.0
338.pgm,20000,0.305176,23152,35.3271,50.802,0.151581,56.3244,0.999645,0.999977,0.0,4e-06
339.pgm,20000,0.305176,44320,67.627,59.846,0.150909,56.3436,0.999739,0.9999752,0.0,0.167609
340.pgm,20000,0.305176,27328,41.6992,337.734,0.153214,56.2778,0.999421,0.9998545,0.0,0.002786
341.pgm,20000,0.305176,26112,39.8438,77.06,0.152374,56.3017,0.999735,0.9999794,0.0,0.0
342.pgm,20000,0.305176,27344,41.7236,68.198,0.153351,56.2739,0.999718,0.9999791,0.0,9.6e-05
344.pgm,20000,0.305176,26624,40.625,260.782,0.150238,56.363,0.999647,0.9999822,0.0,0.0
345.pgm,20000,0.305176,43184,65.8936,55.179,0.153275,56.2761,0.999779,0.9999817,0.0,0.124369
346.pgm,20000,0.305176,64800,98.877,298.087,0.152405,56.3008,0.999682,0.9999027,0.0,0.973385
347.pgm,20000,0.305176,57792,88.1836,77.449,0.150879,56.3445,0.999591,0.9999499,0.0,0.994459
349.pgm,20000,0.305176,24720,37.7197,60.953,0.154266,56.2481,0.99977,0.9999777,0.0,0.012086
350.pgm,20000,0.305176,50816,77.5391,362.743,0.152039,56.3113,0.999463,0.9998862,0.0,0.093612
351.pgm,20000,0.305176,39920,60.9131,60.771,0.152267,56.3047,0.999551,0.9999762,0.0,0.000418
352.pgm,20000,0.305176,21872,33.374,58.462,0.150925,56.3432,0.999514,0.9999777,0.0,0.002381
354.pgm,20000,0.305176,28400,43.335,306.761,0.152084,56.31,0.999709,0.9999595,0.0,0.602581
357.pgm,20000,0.305176,22272,33.9844,54.053,0.153397,56.2726,0.999642,0.9999652,0.0,0.018132
358.pgm,20000,0.305176,28672,43.75,65.945,0.152756,56.2908,0.999652,0.9999892,0.0,0.0
360.pgm,20000,0.305176,35168,53.6621,324.288,0.152145,56.3082,0.999476,0.9999298,0.0,0.723753
363.pgm,20000,0.305176,21280,32.4707,66.948,0.152618,56.2947,0.999671,0.9999902,0.0,0.0
364.pgm,20000,0.305176,29264,44.6533,60.52,0.152527,56.2973,0.999348,0.9998584,0.0,0.114769
365.pgm,20000,0.305176,44528,67.9443,298.875,0.152786,56.29,0.99972,0.9999521,0.0,0.562487
367.pgm,20000,0.305176,43072,65.7227,59.86,0.152527,56.2973,0.999731,0.9999721,0.0,0.926699
368.pgm,20000,0.305176,42048,64.1602,119.875,0.152969,56.2848,0.999577,0.9999673,0.0,0.562181
369.pgm,20000,0.305176,23456,35.791,135.864,0.152115,56.3091,0.99974,0.9999851,0.0,3e-06
370.pgm,20000,0.305176,31088,47.4365,67.654,0.152771,56.2904,0.99918,0.9996471,0.0,0.0
372.pgm,20000,0.305176,35968,54.8828,358.863,0.150726,56.3489,0.999703,0.9999573,0.0,0.003768
373.pgm,20000,0.305176,34320,52.3682,67.516,0.151062,56.3393,0.99978,0.9999782,0.0,0.0
375.pgm,20000,0.305176,37168,56.7139,58.079,0.152908,56.2865,0.999664,0.9999803,0.0,0.0
377.pgm,20000,0.305176,40448,61.7188,358.777,0.151428,56.3287,0.999492,0.9999612,0.0,0.0
378.pgm,20000,0.305176,59680,91.0645,72.087,0.150726,56.3489,0.999697,0.9999589,0.0,0.988144
379.pgm,20000,0.305176,25392,38.7451,56.862,0.151855,56.3165,0.999639,0.9999149,0.0,0.0
380.pgm,20000,0.305176,34144,52.0996,358.461,0.152451,56.2995,0.999765,0.9999743,0.0,0.0
381.pgm,20000,0.305176,55296,84.375,72.716,0.152771,56.2904,0.999769,0.9999677,0.0,0.700648
382.pgm,20000,0.305176,55104,84.082,58.973,0.152374,56.3017,0.999648,0.9999253,0.0,0.961035
383.pgm,20000,0.305176,48400,73.8525,358.214,0.152573,56.296,0.999795,0.9999757,0.0,1.1e-05
384.pgm,20000,0.305176,30288,46.2158,59.817,0.154663,56.2369,0.999604,0.999944,0.0,9e-06
387.pgm,20000,0.305176,24080,36.7432,68.757,0.153641,56.2657,0.999616,0.999983,0.0,3e-06
390.pgm,20000,0.305176,59392,90.625,330.198,0.15274,56.2913,0.999852,0.9999675,0.0,0.013706
391.pgm,20000,0.305176,33632,51.3184,63.524,0.151138,56.3371,0.999617,0.9999515,0.0,0.107916
392.pgm,20000,0.305176,21904,33.4229,57.166,0.152771,56.2904,0.999537,0.9999845,0.0,0.0
393.pgm,20000,0.305176,20096,30.6641,368.811,0.154297,56.2472,0.999719,0.9999859,0.0,0.0
394.pgm,20000,0.305176,25984,39.6484,76.235,0.152664,56.2934,0.99951,0.9999516,0.0,4e-06
395.pgm,20000,0.305176,24448,37.3047,55.673,0.152618,56.2947,0.9997,0.9999808,0.0,0.0
399.pgm,20000,0.305176,49072,74.8779,335.446,0.153198,56.2783,0.999718,0.9999416,0.0,0.43056
400.pgm,20000,0.305176,38864,59.3018,71.621,0.153061,56.2822,0.999636,0.9999824,0.0,0.0
404.pgm,20000,0.305176,39744,60.6445,82.258,0.152618,56.2947,0.999527,0.9999037,0.0,0.0
405.pgm,20000,0.305176,29088,44.3848,272.172,0.153748,56.2627,0.999728,0.9999881,0.0,0.0
406.pgm,20000,0.305176,29744,45.3857,61.051,0.151337,56.3314,0.999572,0.9999308,0.0,3e-06
407.pgm,20000,0.305176,45296,69.1162,346.841,0.153137,56.28,0.999636,0.9999719,0.0,0.992335
408.pgm,20000,0.305176,21392,32.6416,85.055,0.15239,56.3013,0.999593,0.9999849,0.0,0.0
409.pgm,20000,0.305176,28240,43.0908,63.553,0.15419,56.2502,0.999674,0.9999636,0.0,0.0
410.pgm,20000,0.305176,29456,44.9463,290.873,0.153046,56.2826,0.999821,0.9999874,0.0,0.0
411.pgm,20000,0.305176,25120,38.3301,111.461,0.152695,56.2926,0.999122,0.9999015,0.0,0.0
412.pgm,20000,0.305176,44000,67.1387,173.032,0.155121,56.2241,0.999718,0.9999635,0.0,0.955301
413.pgm,20000,0.305176,33600,51.2695,109.562,0.155334,56.2181,0.999708,0.9999478,0.0,0.85199
414.pgm,20000,0.305176,25344,38.6719,50.459,0.152359,56.3021,0.999558,0.9999803,0.0,0.0
415.pgm,20000,0.305176,40432,61.6943,391.224,0.152084,56.31,0.999367,0.9999291,0.0,0.0
416.pgm,20000,0.305176,35168,53.6621,78.571,0.154617,56.2382,0.999729,0.9999713,0.0,0.0
417.pgm,20000,0.305176,52912,80.7373,58.726,0.152878,56.2874,0.999624,0.9999065,0.0,0.451864
418.pgm,20000,0.305176,59072,90.1367,448.766,0.153,56.2839,0.999525,0.999926,0.0,0.60642
419.pgm,20000,0.305176,33600,51.2695,81.403,0.15303,56.283,0.998778,0.9997026,0.0,0.0
420.pgm,20000,0.305176,30224,46.1182,56.779,0.152069,56.3104,0.999605,0.9999434,0.0,0.751151
421.pgm,20000,0.305176,29440,44.9219,351.244,0.152344,56.3026,0.999859,0.9999912,0.0,0.0
422.pgm,20000,0.305176,32800,50.0488,67.066,0.152145,56.3082,0.999666,0.9999829,0.0,0.0
423.pgm,20000,0.305176,44896,68.5059,55.825,0.151123,56.3375,0.999844,0.9999478,0.0,0.0
427.pgm,20000,0.305176,51856,79.126,398.325,0.153534,56.2688,0.999742,0.9999519,0.0,0.967722
428.pgm,20000,0.305176,41792,63.7695,66.296,0.152924,56.2861,0.999781,0.9999774,0.0,0.0
429.pgm,20000,0.305176,21696,33.1055,58.093,0.152176,56.3073,0.999724,0.9999784,0.0,0.000343
430.pgm,20000,0.305176,31808,48.5352,267.129,0.152344,56.3026,0.99974,0.9999852,0.0,0.0
431.pgm,20000,0.305176,38992,59.4971,117.06,0.150604,56.3524,0.999724,0.9999771,0.0,0.0
432.pgm,20000,0.305176,20224,30.8594,321.723,0.152908,56.2865,0.999653,0.9999777,0.0,0.002341
433.pgm,20000,0.305176,30144,45.9961,58.414,0.15123,56.3344,0.999732,0.9999834,0.0,0.002712
434.pgm,20000,0.305176,53696,81.9336,287.178,0.152405,56.3008,0.999679,0.9999649,0.0,4.2e-05
436.pgm,20000,0.305176,48064,73.3398,64.743,0.153229,56.2774,0.999659,0.9999808,0.0,0.0
437.pgm,20000,0.305176,26048,39.7461,259.51,0.152557,56.2965,0.999604,0.9999656,0.0,0.0
439.pgm,20000,0.305176,61840,94.3604,81.194,0.154358,56.2455,0.999738,0.9999546,0.0,0.839099
440.pgm,20000,0.305176,24672,37.6465,276.906,0.152283,56.3043,0.999737,0.9999817,0.0,0.0
441.pgm,20000,0.305176,57600,87.8906,96.512,0.154327,56.2464,0.999865,0.9999785,0.0,0.25817
444.pgm,20000,0.305176,36800,56.1523,58.089,0.150421,56.3577,0.999758,0.9999827,0.0,0.073037
445.pgm,20000,0.305176,44800,68.3594,374.215,0.153107,56.2809,0.999743,0.9999716,0.0,0.985348
446.pgm,20000,0.305176,26512,40.4541,61.724,0.153946,56.2571,0.999613,0.999949,0.0,0.000112
447.pgm,20000,0.305176,26432,40.332,61.276,0.152527,56.2973,0.99962,0.9999739,0.0,0.0
449.pgm,20000,0.305176,28544,43.5547,362.885,0.151337,56.3314,0.999595,0.9999757,0.0,0.890276
450.pgm,20000,0.305176,58304,88.9648,59.439,0.152283,56.3043,0.999773,0.9999635,0.0,0.999929
451.pgm,20000,0.305176,22288,34.0088,82.062,0.151825,56.3174,0.999672,0.9999677,0.0,0.0
452.pgm,20000,0.305176,40384,61.6211,209.86,0.152863,56.2878,0.9998,0.9999244,0.0,0.280117
453.pgm,20000,0.305176,25216,38.4766,62.526,0.152954,56.2852,0.999517,0.9999779,0.0,0.0
454.pgm,20000,0.305176,41408,63.1836,295.419,0.152466,56.2991,0.999685,0.9999624,0.0,0.642396
455.pgm,20000,0.305176,39952,60.9619,74.485,0.153839,56.2601,0.999601,0.9999369,0.0,0.079862
456.pgm,20000,0.305176,32144,49.0479,53.44,0.153046,56.2826,0.999637,0.9999859,0.0,0.0
457.pgm,20000,0.305176,32960,50.293,372.965,0.152588,56.2956,0.999725,0.9999577,0.0,0.0
458.pgm,20000,0.305176,31312,47.7783,60.72,0.152527,56.2973,0.999629,0.9999808,0.0,0.107005
459.pgm,20000,0.305176,39232,59.8633,89.573,0.153931,56.2576,0.999588,0.99995,0.0,0.0
461.pgm,20000,0.305176,20112,30.6885,121.995,0.153061,56.2822,0.999666,0.9999901,0.0,0.0
462.pgm,20000,0.305176,35088,53.54,58.61,0.150452,56.3568,0.999616,0.9999759,0.0,0.99027
463.pgm,20000,0.305176,38112,58.1543,370.627,0.152161,56.3078,0.999815,0.9999779,0.0,0.0
464.pgm,20000,0.305176,29264,44.6533,90.739,0.154572,56.2395,0.99971,0.9999808,0.0,2e-06
465.pgm,20000,0.305176,24880,37.9639,383.176,0.152466,56.2991,0.999734,0.9999806,0.0,0.0
466.pgm,20000,0.305176,37872,57.7881,64.38,0.152252,56.3052,0.999729,0.9999596,0.0,0.810863
467.pgm,20000,0.305176,31888,48.6572,155.412,0.152573,56.296,0.999422,0.9999236,0.0,0.096822
468.pgm,20000,0.305176,55536,84.7412,121.743,0.15213,56.3087,0.99986,0.9999831,0.0,0.633986
469.pgm,20000,0.305176,52576,80.2246,88.774,0.152466,56.2991,0.999767,0.9999734,0.0,0.999873
471.pgm,20000,0.305176,35232,53.7598,167.831,0.153793,56.2614,0.999714,0.9999788,0.0,0.0
472.pgm,20000,0.305176,35088,53.54,62.622,0.150681,56.3502,0.999637,0.999934,0.0,0.000357
473.pgm,20000,0.305176,29744,45.3857,329.75,0.154053,56.2541,0.999678,0.999986,0.0,0.0
474.pgm,20000,0.305176,24624,37.5732,86.771,0.150742,56.3485,0.999512,0.9999193,0.0,0.985764
475.pgm,20000,0.305176,25168,38.4033,58.594,0.15387,56.2593,0.999441,0.9999727,0.0,0.090189
477.pgm,20000,0.305176,43472,66.333,365.856,0.153336,56.2744,0.999588,0.9999428,0.0,0.742123
478.pgm,20000,0.305176,22432,34.2285,99.586,0.151581,56.3244,0.998946,0.9997446,0.0,0.074275
481.pgm,20000,0.305176,44032,67.1875,367.412,0.15332,56.2748,0.999671,0.9999741,0.0,0.000602
482.pgm,20000,0.305176,24016,36.6455,61.262,0.152939,56.2856,0.999613,0.9999906,0.0,0.0
483.pgm,20000,0.305176,20336,31.0303,211.394,0.153412,56.2722,0.999378,0.9996816,0.0,0.0
484.pgm,20000,0.305176,20256,30.9082,102.321,0.152756,56.2908,0.999478,0.999936,0.0,0.0
486.pgm,20000,0.305176,26768,40.8447,379.676,0.153931,56.2576,0.999376,0.9998858,0.0,0.454347
488.pgm,20000,0.305176,24096,36.7676,120.494,0.15184,56.3169,0.999582,0.9999838,0.0,0.0
490.pgm,20000,0.305176,25040,38.208,243.232,0.15416,56.2511,0.999691,0.9999831,0.0,0.0
491.pgm,20000,0.305176,22032,33.6182,66.319,0.152634,56.2943,0.999553,0.9999453,0.0,0.000752
493.pgm,20000,0.305176,29248,44.6289,284.561,0.152267,56.3047,0.999677,0.9999609,0.0,0.0
494.pgm,20000,0.305176,20480,31.25,85.649,0.151825,56.3174,0.999531,0.9999733,0.0,4e-06
497.pgm,20000,0.305176,57024,87.0117,446.872,0.153473,56.2705,0.999797,0.9999562,0.0,0.999983
499.pgm,20000,0.305176,20160,30.7617,80.165,0.150574,56.3533,0.999618,0.9999586,0.0,0.253059
500.pgm,20000,0.305176,50784,77.4902,64.359,0.153442,56.2714,0.999577,0.9999689,0.0,2.1e-05
501.pgm,20000,0.305176,27504,41.9678,258.894,0.152435,56.2999,0.999428,0.9999543,0.0,0.0
502.pgm,20000,0.305176,34512,52.6611,54.074,0.153397,56.2726,0.999524,0.9999402,0.0,0.0
503.pgm,20000,0.305176,53776,82.0557,356.495,0.151489,56.327,0.999824,0.999978,0.0,0.999973
505.pgm,20000,0.305176,31792,48.5107,94.887,0.151627,56.3231,0.999747,0.9999792,0.0,0.273196
506.pgm,20000,0.305176,26864,40.9912,339.603,0.152817,56.2891,0.999536,0.9999328,0.0,0.864334
507.pgm,20000,0.305176,39424,60.1562,64.672,0.155319,56.2186,0.99979,0.9999768,0.0,0.564401
508.pgm,20000,0.305176,47248,72.0947,139.975,0.152039,56.3113,0.999778,0.9999146,0.0,0.0
509.pgm,20000,0.305176,29184,44.5312,274.341,0.152405,56.3008,0.999727,0.9999869,0.0,0.0
511.pgm,20000,0.305176,29632,45.2148,349.91,0.152252,56.3052,0.99973,0.9999827,0.0,0.0
512.pgm,20000,0.305176,21760,33.2031,354.318,0.152435,56.2999,0.999653,0.9999857,0.0,0.0
514.pgm,20000,0.305176,43568,66.4795,70.519,0.154144,56.2515,0.999691,0.9999528,0.0,0.999851
515.pgm,20000,0.305176,36512,55.7129,58.901,0.15358,56.2675,0.999732,0.9999711,0.0,0.998143
516.pgm,20000,0.305176,43392,66.2109,275.79,0.151657,56.3222,0.999719,0.9999663,0.0,0.222636
517.pgm,20000,0.305176,37360,57.0068,60.712,0.151505,56.3265,0.999678,0.9999742,0.0,0.733005
518.pgm,20000,0.305176,30464,46.4844,132.484,0.14978,56.3763,0.999728,0.9999832,0.0,0.731958
519.pgm,20000,0.305176,48608,74.1699,116.887,0.152924,56.2861,0.999736,0.9999537,0.0,0.950226
520.pgm,20000,0.305176,29232,44.6045,55.991,0.15181,56.3178,0.999663,0.9999857,0.0,0.0
522.pgm,20000,0.305176,26560,40.5273,373.205,0.155045,56.2262,0.99974,0.9999827,0.0,0.0
523.pgm,20000,0.305176,34448,52.5635,61.931,0.149567,56.3825,0.999439,0.999955,0.0,0.0
524.pgm,20000,0.305176,31616,48.2422,67.526,0.150391,56.3586,0.999754,0.999978,0.0,6e-06
526.pgm,20000,0.305176,44608,68.0664,162.278,0.15242,56.3004,0.999781,0.9999808,0.0,0.88101
527.pgm,20000,0.305176,43344,66.1377,53.966,0.151581,56.3244,0.999702,0.9999535,0.0,0.984135
528.pgm,20000,0.305176,25968,39.624,249.194,0.15126,56.3336,0.999625,0.999947,0.0,0.000167
529.pgm,20000,0.305176,23888,36.4502,104.749,0.153259,56.2765,0.999601,0.9999815,0.0,0.0
530.pgm,20000,0.305176,39472,60.2295,63.795,0.152481,56.2986,0.999588,0.9999407,0.0,0.000152
532.pgm,20000,0.305176,21872,33.374,338.351,0.153397,56.2726,0.99961,0.9999865,0.0,0.0
534.pgm,20000,0.305176,24896,37.9883,56.936,0.152817,56.2891,0.999691,0.9999796,0.0,0.00034
535.pgm,20000,0.305176,20400,31.1279,73.596,0.152527,56.2973,0.999653,0.9999795,0.0,0.218912
536.pgm,20000,0.305176,39056,59.5947,341.491,0.153458,56.2709,0.99971,0.999985,0.0,0.0
537.pgm,20000,0.305176,29968,45.7275,46.624,0.152863,56.2878,0.99969,0.9999645,0.0,0.588191
539.pgm,20000,0.305176,42560,64.9414,77.925,0.150909,56.3436,0.999581,0.9999601,0.0,0.348706
547.pgm,20000,0.305176,41024,62.5977,95.806,0.150604,56.3524,0.999667,0.9999238,0.0,0.0
548.pgm,20000,0.305176,20480,31.25,49.841,0.152191,56.3069,0.999566,0.9999715,0.0,1e-06
550.pgm,20000,0.305176,30960,47.2412,318.491,0.152756,56.2908,0.999771,0.999978,0.0,0.0
551.pgm,20000,0.305176,31952,48.7549,61.552,0.15329,56.2757,0.99973,0.9999812,0.0,0.0
552.pgm,20000,0.305176,25504,38.916,67.554,0.153442,56.2714,0.999668,0.9999842,0.0,0.0
555.pgm,20000,0.305176,27152,41.4307,145.859,0.151672,56.3217,0.999661,0.9999866,0.0,0.0
557.pgm,20000,0.305176,25296,38.5986,54.277,0.152786,56.29,0.999749,0.999978,0.0,0.0
558.pgm,20000,0.305176,40544,61.8652,57.439,0.152328,56.303,0.999803,0.9999542,0.0,0.027567
559.pgm,20000,0.305176,22768,34.7412,321.362,0.152466,56.2991,0.999616,0.999971,0.0,0.443972
560.pgm,20000,0.305176,35168,53.6621,66.59,0.155426,56.2156,0.999512,0.9999579,0.0,0.553414
561.pgm,20000,0.305176,46912,71.582,74.639,0.149429,56.3864,0.9998,0.9999866,0.0,0.0
562.pgm,20000,0.305176,51440,78.4912,260.092,0.153671,56.2649,0.999813,0.9999746,0.0,0.49906
564.pgm,20000,0.305176,38704,59.0576,56.7,0.151627,56.3231,0.999616,0.9999371,0.0,0.288213
565.pgm,20000,0.305176,30080,45.8984,64.193,0.151978,56.313,0.99943,0.999955,0.0,0.0
566.pgm,20000,0.305176,24512,37.4023,324.778,0.151932,56.3143,0.999576,0.9999639,0.0,0.0
567.pgm,20000,0.305176,23488,35.8398,64.559,0.15239,56.3013,0.999547,0.9999839,0.0,0.0
568.pgm,20000,0.305176,31456,47.998,271.324,0.151138,56.3371,0.999746,0.9999621,0.0,3.1e-05
569.pgm,20000,0.305176,25728,39.2578,83.194,0.152603,56.2952,0.999749,0.9999761,0.0,0.641495
570.pgm,20000,0.305176,53856,82.1777,63.015,0.150803,56.3467,0.9997,0.9999608,0.0,0.998928
572.pgm,20000,0.305176,29904,45.6299,284.075,0.149384,56.3878,0.999437,0.999945,0.0,0.072099
573.pgm,20000,0.305176,24720,37.7197,66.361,0.153168,56.2791,0.999807,0.9999794,0.0,0.0
574.pgm,20000,0.305176,50048,76.3672,309.856,0.151245,56.334,0.999665,0.999947,0.0,0.828876
575.pgm,20000,0.305176,28672,43.75,59.744,0.152481,56.2986,0.999673,0.9999779,0.0,0.0
576.pgm,20000,0.305176,36272,55.3467,107.653,0.151566,56.3248,0.999769,0.9999823,0.0,0.104465
579.pgm,20000,0.305176,41136,62.7686,86.334,0.153641,56.2657,0.999786,0.9999727,0.0,0.151683
582.pgm,20000,0.305176,25248,38.5254,64.11,0.150055,56.3683,0.999508,0.9999398,0.0,1.4e-05
583.pgm,20000,0.305176,27088,41.333,305.912,0.152557,56.2965,0.999654,0.9999708,0.0,0.0
585.pgm,20000,0.305176,23248,35.4736,81.248,0.153091,56.2813,0.999677,0.9999893,0.0,0.0
586.pgm,20000,0.305176,29984,45.752,337.427,0.152344,56.3026,0.999532,0.9999782,0.0,0.03944
588.pgm,20000,0.305176,31136,47.5098,58.052,0.151749,56.3196,0.999382,0.9999286,0.0,0.0
590.pgm,20000,0.305176,56768,86.6211,392.86,0.153702,56.264,0.999819,0.9999567,0.0,0.951013
591.pgm,20000,0.305176,24352,37.1582,60.785,0.151337,56.3314,0.999664,0.9999742,0.0,0.0
592.pgm,20000,0.305176,50240,76.6602,75.036,0.153992,56.2558,0.999697,0.9999754,0.0,0.0
593.pgm,20000,0.305176,20640,31.4941,338.249,0.15477,56.2339,0.999715,0.9999897,0.0,0.0
595.pgm,20000,0.305176,55408,84.5459,66.175,0.153091,56.2813,0.999778,0.9999681,0.0,0.942347
596.pgm,20000,0.305176,33328,50.8545,254.963,0.151749,56.3196,0.999629,0.9999393,0.0,0.005288
597.pgm,20000,0.305176,61456,93.7744,87.944,0.15451,56.2412,0.999813,0.9999406,0.0,0.999486
598.pgm,20000,0.305176,20304,30.9814,56.43,0.153122,56.2804,0.999639,0.9999682,0.0,0.073002
599.pgm,20000,0.305176,30992,47.29,377.17,0.151047,56.3397,0.999683,0.9999838,0.0,0.000502
601.pgm,20000,0.305176,33120,50.5371,59.339,0.154678,56.2365,0.999532,0.9999302,0.0,0.156453
602.pgm,20000,0.305176,22624,34.5215,227.789,0.15448,56.2421,0.999492,0.9999715,0.0,0.0
603.pgm,20000,0.305176,25360,38.6963,108.63,0.152145,56.3082,0.999536,0.9999367,0.0,0.0
604.pgm,20000,0.305176,28944,44.165,53.05,0.15097,56.3419,0.999634,0.9999809,0.0,0.0
607.pgm,20000,0.305176,63936,97.5586,314.532,0.151215,56.3349,0.999814,0.9999192,0.0,0.996325
608.pgm,20000,0.305176,37760,57.6172,141.041,0.1521,56.3095,0.999755,0.9999872,0.0,0.0
609.pgm,20000,0.305176,24864,37.9395,75.891,0.154205,56.2498,0.999626,0.999971,0.0,0.113798
610.pgm,20000,0.305176,27600,42.1143,311.413,0.152573,56.296,0.999723,0.9999828,0.0,0.0
612.pgm,20000,0.305176,34400,52.4902,55.966,0.153763,56.2623,0.999666,0.9999837,0.0,0.009833
613.pgm,20000,0.305176,23440,35.7666,54.899,0.15126,56.3336,0.999622,0.9999777,0.0,0.0
614.pgm,20000,0.305176,38736,59.1064,352.757,0.151459,56.3279,0.999618,0.9999359,0.0,0.664115
615.pgm,20000,0.305176,24624,37.5732,64.672,0.153534,56.2688,0.999753,0.9999861,0.0,0.0
616.pgm,20000,0.305176,34048,51.9531,73.255,0.156479,56.1862,0.999702,0.9999703,0.0,0.610446
617.pgm,20000,0.305176,38592,58.8867,228.638,0.153091,56.2813,0.999641,0.9999764,0.0,0.962358
618.pgm,20000,0.305176,43360,66.1621,73.343,0.154938,56.2292,0.999788,0.9999781,0.0,3e-06
619.pgm,20000,0.305176,34512,52.6611,64.975,0.152603,56.2952,0.99946,0.9999632,0.0,0.0
620.pgm,20000,0.305176,35264,53.8086,341.53,0.152298,56.3039,0.999765,0.9999299,0.0,0.455585
621.pgm,20000,0.305176,26544,40.5029,72.046,0.151443,56.3283,0.999637,0.9999726,0.0,3e-06
623.pgm,20000,0.305176,26736,40.7959,296.868,0.152634,56.2943,0.999596,0.9999671,0.0,6.3e-05
624.pgm,20000,0.305176,53424,81.5186,96.243,0.151489,56.327,0.999885,0.9999814,0.0,0.0
626.pgm,20000,0.305176,52016,79.3701,56.625,0.151825,56.3174,0.999763,0.9999431,0.0,0.466098
628.pgm,20000,0.305176,20176,30.7861,359.744,0.154083,56.2532,0.998924,0.9995266,0.0,0.0
629.pgm,20000,0.305176,35456,54.1016,78.956,0.15361,56.2666,0.999683,0.9999854,0.0,0.0
630.pgm,20000,0.305176,23056,35.1807,287.444,0.154678,56.2365,0.999324,0.9998977,0.0,0.987947
631.pgm,20000,0.305176,48832,74.5117,61.996,0.152618,56.2947,0.999614,0.9999655,0.0,0.015093
632.pgm,20000,0.305176,39232,59.8633,348.022,0.154114,56.2524,0.999623,0.9999144,0.0,0.0
633.pgm,20000,0.305176,27600,42.1143,62.612,0.151276,56.3331,0.999656,0.9999699,0.0,0.066627
634.pgm,20000,0.305176,26736,40.7959,52.682,0.151489,56.327,0.999502,0.999949,0.0,0.0
635.pgm,20000,0.305176,31376,47.876,346.503,0.151825,56.3174,0.999697,0.9999759,0.0,0.741966
637.pgm,20000,0.305176,22000,33.5693,55.515,0.151871,56.3161,0.99954,0.9999774,0.0,0.905903
639.pgm,20000,0.305176,22128,33.7646,62.595,0.152298,56.3039,0.999593,0.9999741,0.0,0.803585
642.pgm,20000,0.305176,22592,34.4727,309.096,0.151688,56.3213,0.999652,0.9999873,0.0,0.000104
643.pgm,20000,0.305176,23488,35.8398,65.661,0.152161,56.3078,0.999413,0.9999494,0.0,0.044186
646.pgm,20000,0.305176,26016,39.6973,377.44,0.150314,56.3608,0.999628,0.9999713,0.0,0.399616
647.pgm,20000,0.305176,24816,37.8662,58.362,0.149994,56.3701,0.999438,0.9999551,0.0,0.0
649.pgm,20000,0.305176,40928,62.4512,156.23,0.153076,56.2817,0.999666,0.9999844,0.0,0.0
650.pgm,20000,0.305176,29664,45.2637,114.736,0.15242,56.3004,0.99968,0.9999761,0.0,0.997647
652.pgm,20000,0.305176,37488,57.2021,53.335,0.150848,56.3454,0.999714,0.9999757,0.0,0.0
654.pgm,20000,0.305176,30992,47.29,320.636,0.151825,56.3174,0.999664,0.9999495,0.0,0.0
656.pgm,20000,0.305176,31488,48.0469,69.472,0.152679,56.293,0.999639,0.9999406,0.0,0.055061
657.pgm,20000,0.305176,57680,88.0127,60.536,0.151352,56.3309,0.999575,0.9999484,0.0,0.987159
658.pgm,20000,0.305176,21536,32.8613,394.796,0.152588,56.2956,0.999584,0.9999691,0.0,0.5666
660.pgm,20000,0.305176,48160,73.4863,56.748,0.152542,56.2969,0.999679,0.9999732,0.0,0.765923
661.pgm,20000,0.305176,36192,55.2246,70.159,0.152496,56.2982,0.999608,0.9999793,0.0,0.0
663.pgm,20000,0.305176,29440,44.9219,260.555,0.152039,56.3113,0.999557,0.9999755,0.0,0.000816
664.pgm,20000,0.305176,24160,36.8652,58.516,0.151672,56.3217,0.99948,0.9999395,0.0,0.0
665.pgm,20000,0.305176,25664,39.1602,56.25,0.153458,56.2709,0.999606,0.999982,0.0,0.0
666.pgm,20000,0.305176,24128,36.8164,332.236,0.15097,56.3419,0.99939,0.9999092,0.0,0.997377
667.pgm,20000,0.305176,24208,36.9385,57.126,0.152252,56.3052,0.999706,0.9999864,0.0,0.113886
669.pgm,20000,0.305176,23840,36.377,50.251,0.152283,56.3043,0.999681,0.9999901,0.0,0.0
671.pgm,20000,0.305176,39696,60.5713,341.675,0.153442,56.2714,0.999754,0.9999608,0.0,0.0
672.pgm,20000,0.305176,23104,35.2539,57.963,0.153137,56.28,0.999676,0.9999635,0.0,0.999137
673.pgm,20000,0.305176,50080,76.416,77.577,0.152679,56.293,0.999804,0.9999805,0.0,0.0
674.pgm,20000,0.305176,21472,32.7637,254.02,0.153366,56.2735,0.999595,0.9999894,0.0,0.0
675.pgm,20000,0.305176,29264,44.6533,61.531,0.152466,56.2991,0.999655,0.9999512,0.0,0.0
677.pgm,20000,0.305176,38672,59.0088,353.9,0.154449,56.2429,0.999399,0.999942,0.0,0.0
678.pgm,20000,0.305176,48064,73.3398,66.75,0.153732,56.2632,0.999763,0.9999552,0.0,0.002062
680.pgm,20000,0.305176,31904,48.6816,54.825,0.15271,56.2921,0.99973,0.9999878,0.0,0.0
681.pgm,20000,0.305176,27520,41.9922,288.017,0.152191,56.3069,0.999719,0.9999804,0.0,0.0
682.pgm,20000,0.305176,46176,70.459,74.156,0.153168,56.2791,0.999736,0.9999839,0.0,0.0
685.pgm,20000,0.305176,28240,43.0908,68.407,0.149338,56.3891,0.999625,0.9999774,0.0,0.0
686.pgm,20000,0.305176,21168,32.2998,188.235,0.15242,56.3004,0.9996,0.9999847,0.0,0.0
687.pgm,20000,0.305176,38944,59.4238,62.97,0.153046,56.2826,0.99956,0.9999822,0.0,0.0
688.pgm,20000,0.305176,26800,40.8936,291.723,0.153915,56.258,0.999735,0.9999842,0.0,0.0
689.pgm,20000,0.305176,64000,97.6562,92.712,0.154083,56.2532,0.99983,0.9999444,0.0,0.997764
691.pgm,20000,0.305176,22768,34.7412,275.839,0.150848,56.3454,0.999633,0.9999715,0.0,0.502438
692.pgm,20000,0.305176,32656,49.8291,80.872,0.151733,56.32,0.999738,0.9999822,0.0,0.0
693.pgm,20000,0.305176,46240,70.5566,62.316,0.15062,56.352,0.999721,0.999967,0.0,0.244013
694.pgm,20000,0.305176,58896,89.8682,339.073,0.153259,56.2765,0.99973,0.9999486,0.0,0.822057
695.pgm,20000,0.305176,38384,58.5693,60.66,0.153503,56.2696,0.999325,0.9998604,0.0,0.0
697.pgm,20000,0.305176,27168,41.4551,62.063,0.150818,56.3463,0.999628,0.9999874,0.0,0.0
698.pgm,20000,0.305176,48656,74.2432,305.693,0.151382,56.33,0.999796,0.9999651,0.0,0.244425
699.pgm,20000,0.305176,28848,44.0186,62.707,0.152863,56.2878,0.999553,0.9999747,0.0,0.420699
700.pgm,20000,0.305176,26416,40.3076,65.206,0.153061,56.2822,0.999738,0.9999888,0.0,0.0
701.pgm,20000,0.305176,38240,58.3496,239.469,0.152084,56.31,0.999821,0.9999893,0.0,0.386331
703.pgm,20000,0.305176,22160,33.8135,51.74,0.151581,56.3244,0.999787,0.9999543,0.0,0.0
704.pgm,20000,0.305176,22896,34.9365,64.432,0.153885,56.2588,0.999524,0.999984,0.0,0.0
705.pgm,20000,0.305176,45520,69.458,322.397,0.1521,56.3095,0.999603,0.9999296,0.0,0.003181
706.pgm,20000,0.305176,41984,64.0625,63.485,0.155151,56.2232,0.99964,0.9999393,0.0,0.166942
707.pgm,20000,0.305176,39120,59.6924,338.876,0.152374,56.3017,0.999757,0.9999713,0.0,0.999675
709.pgm,20000,0.305176,34832,53.1494,56.96,0.151794,56.3182,0.999324,0.9999433,0.0,0.0
712.pgm,20000,0.305176,25984,39.6484,63.499,0.152603,56.2952,0.999588,0.9999674,0.0,0.000407
713.pgm,20000,0.305176,50624,77.2461,326.538,0.151474,56.3274,0.999814,0.9999739,0.0,0.416646
714.pgm,20000,0.305176,25152,38.3789,55.494,0.152527,56.2973,0.999645,0.9999722,0.0,0.369717
715.pgm,20000,0.305176,24704,37.6953,51.914,0.152344,56.3026,0.999709,0.9999831,0.0,3.1e-05
716.pgm,20000,0.305176,33744,51.4893,343.232,0.152802,56.2895,0.999608,0.9999486,0.0,0.77576
717.pgm,20000,0.305176,36784,56.1279,65.273,0.151535,56.3257,0.999566,0.9999809,0.0,0.0
718.pgm,20000,0.305176,21664,33.0566,57.754,0.153259,56.2765,0.999507,0.9999815,0.0,0.0
720.pgm,20000,0.305176,45616,69.6045,355.74,0.153366,56.2735,0.999721,0.9999804,0.0,0.0
723.pgm,20000,0.305176,55216,84.2529,62.867,0.152802,56.2895,0.999802,0.9999671,0.0,0.15216
725.pgm,20000,0.305176,20560,31.3721,53.811,0.152573,56.296,0.999572,0.9999891,0.0,0.0
726.pgm,20000,0.305176,23648,36.084,377.383,0.152237,56.3056,0.999688,0.9999735,0.0,0.0
727.pgm,20000,0.305176,21136,32.251,76.684,0.152267,56.3047,0.99971,0.9999427,0.0,0.274576
728.pgm,20000,0.305176,42320,64.5752,62.552,0.151871,56.3161,0.999734,0.9999795,0.0,0.0
729.pgm,20000,0.305176,31424,47.9492,324.778,0.151596,56.3239,0.999466,0.9999247,0.0,0.237462
730.pgm,20000,0.305176,30896,47.1436,58.912,0.152039,56.3113,0.999721,0.9999862,0.0,0.0
731.pgm,20000,0.305176,26032,39.7217,69.444,0.152817,56.2891,0.999383,0.9998831,0.0,0.36816
732.pgm,20000,0.305176,23968,36.5723,312.1,0.151688,56.3213,0.999587,0.9999759,0.0,0.011158
733.pgm,20000,0.305176,55728,85.0342,57.22,0.153656,56.2653,0.99971,0.9999574,0.0,0.976498
734.pgm,20000,0.305176,22784,34.7656,62.173,0.152756,56.2908,0.999707,0.9999838,0.0,0.0
735.pgm,20000,0.305176,31776,48.4863,340.399,0.1548,56.2331,0.999721,0.9999898,0.0,0.0
736.pgm,20000,0.305176,27552,42.041,64.646,0.153961,56.2567,0.999786,0.9999767,0.0,2e-06
737.pgm,20000,0.305176,31680,48.3398,109.392,0.152695,56.2926,0.999695,0.9999687,0.0,0.88097
738.pgm,20000,0.305176,26272,40.0879,89.992,0.152664,56.2934,0.999623,0.999966,0.0,0.0
739.pgm,20000,0.305176,31920,48.7061,53.667,0.152649,56.2939,0.999666,0.9999874,0.0,0.0
741.pgm,20000,0.305176,40496,61.792,345.929,0.153214,56.2778,0.999769,0.9999824,0.0,9.5e-05
743.pgm,20000,0.305176,57488,87.7197,63.036,0.15271,56.2921,0.999829,0.9999789,0.0,0.038205
744.pgm,20000,0.305176,20704,31.5918,67.408,0.153305,56.2752,0.999659,0.9999783,0.0,0.0
745.pgm,20000,0.305176,47104,71.875,323.73,0.153336,56.2744,0.999681,0.9999606,0.0,0.046897
746.pgm,20000,0.305176,41376,63.1348,63.073,0.154449,56.2429,0.999617,0.9999779,0.0,0.0
747.pgm,20000,0.305176,23408,35.7178,277.795,0.152817,56.2891,0.999757,0.9999846,0.0,0.0
748.pgm,20000,0.305176,32064,48.9258,77.042,0.151596,56.3239,0.999707,0.9999652,0.0,0.015541
749.pgm,20000,0.305176,51136,78.0273,65.065,0.151718,56.3204,0.999705,0.9999202,0.0,0.805603
750.pgm,20000,0.305176,41952,64.0137,351.901,0.152618,56.2947,0.999752,0.9999627,0.0,0.0
751.pgm,20000,0.305176,31952,48.7549,62.869,0.15358,56.2675,0.999496,0.9999472,0.0,2.2e-05
752.pgm,20000,0.305176,23888,36.4502,66.993,0.152298,56.3039,0.999656,0.9999849,0.0,0.0
754.pgm,20000,0.305176,31328,47.8027,199.642,0.1539,56.2584,0.999521,0.9999745,0.0,0.920445
759.pgm,20000,0.305176,33328,50.8545,65.222,0.152557,56.2965,0.999729,0.9999895,0.0,0.0
761.pgm,20000,0.305176,44848,68.4326,241.688,0.154129,56.252,0.999799,0.9999748,0.0,0.0067
762.pgm,20000,0.305176,21680,33.0811,53.479,0.15361,56.2666,0.999605,0.9999895,0.0,1e-06
763.pgm,20000,0.305176,33936,51.7822,88.938,0.152328,56.303,0.999669,0.9999821,0.0,0.0
766.pgm,20000,0.305176,43760,66.7725,110.355,0.153427,56.2718,0.999717,0.9999651,0.0,0.135635
767.pgm,20000,0.305176,53184,81.1523,57.998,0.152573,56.296,0.999563,0.9999218,0.0,0.997793
768.pgm,20000,0.305176,54672,83.4229,324.802,0.152802,56.2895,0.999505,0.9999089,0.0,0.971039
769.pgm,20000,0.305176,23776,36.2793,61.039,0.151749,56.3196,0.999633,0.9999756,0.0,0.0
770.pgm,20000,0.305176,22304,34.0332,64.119,0.151474,56.3274,0.999568,0.9999654,0.0,0.003424
771.pgm,20000,0.305176,41408,63.1836,342.514,0.152481,56.2986,0.999751,0.9999841,0.0,0.33804
775.pgm,20000,0.305176,40464,61.7432,57.066,0.15274,56.2913,0.999763,0.9999886,0.0,0.0
776.pgm,20000,0.305176,24656,37.6221,66.621,0.152634,56.2943,0.999628,0.999947,0.0,0.0
777.pgm,20000,0.305176,45360,69.2139,323.761,0.155426,56.2156,0.999635,0.9999717,0.0,0.99977
778.pgm,20000,0.305176,20928,31.9336,62.334,0.151718,56.3204,0.999606,0.9999663,0.0,0.829017
779.pgm,20000,0.305176,43184,65.8936,285.25,0.154373,56.2451,0.99963,0.9999755,0.0,0.983987
781.pgm,20000,0.305176,26400,40.2832,71.611,0.153473,56.2705,0.99965,0.999943,0.0,0.180276
782.pgm,20000,0.305176,50624,77.2461,56.761,0.155228,56.2211,0.999558,0.9999604,0.0,0.905463
783.pgm,20000,0.305176,20384,31.1035,357.881,0.151642,56.3226,0.999682,0.9999891,0.0,0.0
784.pgm,20000,0.305176,48672,74.2676,67.079,0.151627,56.3231,0.999718,0.9999774,0.0,0.0
785.pgm,20000,0.305176,22464,34.2773,64.466,0.151657,56.3222,0.99953,0.9999806,0.0,0.0
787.pgm,20000,0.305176,38416,58.6182,331.519,0.154266,56.2481,0.999741,0.9999833,0.0,0.0
788.pgm,20000,0.305176,35088,53.54,122.558,0.153458,56.2709,0.999697,0.9999854,0.0,0.0
791.pgm,20000,0.305176,28784,43.9209,137.789,0.153473,56.2705,0.999758,0.9999507,0.0,0.0
792.pgm,20000,0.305176,24320,37.1094,51.098,0.151016,56.3406,0.999663,0.9999725,0.0,0.0
793.pgm,20000,0.305176,40128,61.2305,110.081,0.151764,56.3191,0.999769,0.9999826,0.0,0.006871
794.pgm,20000,0.305176,27312,41.6748,131.784,0.153,56.2839,0.999627,0.9999466,0.0,0.011517
795.pgm,20000,0.305176,37488,57.2021,58.101,0.153259,56.2765,0.999688,0.9999669,0.0,0.0
796.pgm,20000,0.305176,28080,42.8467,345.749,0.154007,56.2554,0.999726,0.9999836,0.0,0.0
798.pgm,20000,0.305176,35760,54.5654,49.565,0.151917,56.3148,0.999834,0.9999873,0.0,1.8e-05
799.pgm,20000,0.305176,36880,56.2744,101.811,0.15303,56.283,0.999747,0.9999592,0.0,0.0
800.pgm,20000,0.305176,27664,42.2119,265.844,0.152313,56.3034,0.999726,0.9999742,0.0,0.0
801.pgm,20000,0.305176,56016,85.4736,62.472,0.153763,56.2623,0.999747,0.9999637,0.0,0.306011
802.pgm,20000,0.305176,41856,63.8672,368.851,0.153519,56.2692,0.999612,0.9999515,0.0,0.238107
803.pgm,20000,0.305176,35248,53.7842,53.675,0.151825,56.3174,0.999526,0.9999563,0.0,0.000316
804.pgm,20000,0.305176,25568,39.0137,88.228,0.15274,56.2913,0.999617,0.9999463,0.0,0.0
805.pgm,20000,0.305176,23584,35.9863,203.696,0.152405,56.3008,0.999622,0.9999854,0.0,0.0
806.pgm,20000,0.305176,51920,79.2236,55.001,0.152008,56.3121,0.999505,0.9999182,0.0,0.920224
807.pgm,20000,0.305176,24528,37.4268,149.309,0.152328,56.303,0.999597,0.9999796,0.0,0.0
809.pgm,20000,0.305176,34416,52.5146,106.493,0.151825,56.3174,0.999714,0.9999788,0.0,0.0
811.pgm,20000,0.305176,29280,44.6777,56.023,0.152863,56.2878,0.99963,0.9999722,0.0,0.100763
812.pgm,20000,0.305176,27136,41.4062,377.044,0.151062,56.3393,0.999725,0.9999863,0.0,0.0
813.pgm,20000,0.305176,22656,34.5703,52.816,0.15242,56.3004,0.999709,0.9999765,0.0,0.865723
814.pgm,20000,0.305176,39728,60.6201,61.267,0.152679,56.293,0.99968,0.9999859,0.0,0.0
815.pgm,20000,0.305176,36080,55.0537,342.057,0.15239,56.3013,0.999718,0.9999734,0.0,0.884014
816.pgm,20000,0.305176,24608,37.5488,66.937,0.152832,56.2887,0.999591,0.9999844,0.0,0.0
817.pgm,20000,0.305176,29248,44.6289,63.213,0.15303,56.283,0.999612,0.9999608,0.0,0.0
818.pgm,20000,0.305176,42992,65.6006,382.501,0.152328,56.303,0.999626,0.9999751,0.0,0.756145
819.pgm,20000,0.305176,31952,48.7549,97.283,0.150406,56.3582,0.999611,0.9999733,0.0,1e-06
820.pgm,20000,0.305176,64448,98.3398,204.35,0.151871,56.3161,0.999653,0.9999065,0.0,0.995831
821.pgm,20000,0.305176,38112,58.1543,77.618,0.154938,56.2292,0.999672,0.9999744,0.0,0.0
822.pgm,20000,0.305176,47792,72.9248,54.535,0.152756,56.2908,0.99965,0.999958,0.0,0.0
823.pgm,20000,0.305176,22128,33.7646,381.932,0.151672,56.3217,0.999664,0.9999875,0.0,0.0
825.pgm,20000,0.305176,27440,41.8701,89.381,0.153702,56.264,0.999541,0.9999657,0.0,0.632438
826.pgm,20000,0.305176,39120,59.6924,307.952,0.153305,56.2752,0.999646,0.999924,0.0,0.0
828.pgm,20000,0.305176,23008,35.1074,71.569,0.152649,56.2939,0.999619,0.9999455,0.0,0.979524
830.pgm,20000,0.305176,34320,52.3682,57.816,0.153442,56.2714,0.999742,0.9999874,0.0,0.0
831.pgm,20000,0.305176,54944,83.8379,370.608,0.153992,56.2558,0.999851,0.9999449,0.0,0.954294
832.pgm,20000,0.305176,25584,39.0381,99.258,0.152191,56.3069,0.999614,0.9999449,0.0,0.46565
833.pgm,20000,0.305176,27104,41.3574,300.162,0.153076,56.2817,0.999662,0.9999743,0.0,0.004745
834.pgm,20000,0.305176,37008,56.4697,79.405,0.151825,56.3174,0.999742,0.9999653,0.0,0.728308
835.pgm,20000,0.305176,33872,51.6846,66.483,0.155014,56.2271,0.999757,0.9999666,0.0,0.0217
836.pgm,20000,0.305176,48816,74.4873,376.503,0.152161,56.3078,0.999624,0.9999629,0.0,0.859581
837.pgm,20000,0.305176,27152,41.4307,62.097,0.152908,56.2865,0.999454,0.9999473,0.0,0.0
838.pgm,20000,0.305176,40480,61.7676,315.643,0.152695,56.2926,0.999753,0.9999642,0.0,0.0
839.pgm,20000,0.305176,28288,43.1641,104.573,0.154678,56.2365,0.999675,0.9999848,0.0,0.494592
840.pgm,20000,0.305176,47600,72.6318,74.464,0.15184,56.3169,0.999619,0.9999727,0.0,0.083035
841.pgm,20000,0.305176,46768,71.3623,247.44,0.153198,56.2783,0.999674,0.9999727,0.0,0.0
842.pgm,20000,0.305176,40880,62.3779,94.203,0.151489,56.327,0.999718,0.9999842,0.0,0.0
847.pgm,20000,0.305176,49616,75.708,355.11,0.154053,56.2541,0.999718,0.9999588,0.0,0.161064
848.pgm,20000,0.305176,51616,78.7598,72.597,0.151337,56.3314,0.999568,0.9999542,0.0,0.995668
849.pgm,20000,0.305176,47552,72.5586,338.277,0.151138,56.3371,0.999688,0.9999433,0.0,0.73427
850.pgm,20000,0.305176,60800,92.7734,85.504,0.152267,56.3047,0.999764,0.9999405,0.0,0.982596
851.pgm,20000,0.305176,22976,35.0586,69.919,0.153427,56.2718,0.999568,0.999961,0.0,0.0
852.pgm,20000,0.305176,31616,48.2422,332.307,0.152786,56.29,0.999755,0.9999867,0.0,0.0
856.pgm,20000,0.305176,43248,65.9912,90.971,0.151352,56.3309,0.999834,0.9999862,0.0,0.0
857.pgm,20000,0.305176,20800,31.7383,366.223,0.152588,56.2956,0.999674,0.9999758,0.0,0.443545
858.pgm,20000,0.305176,23360,35.6445,93.271,0.151291,56.3327,0.999345,0.9999286,0.0,0.0
859.pgm,20000,0.305176,41632,63.5254,69.86,0.15387,56.2593,0.999709,0.9999859,0.0,0.0
860.pgm,20000,0.305176,24208,36.9385,270.086,0.152359,56.3021,0.999689,0.9999822,0.0,0.0
861.pgm,20000,0.305176,21200,32.3486,63.973,0.153564,56.2679,0.999712,0.9999845,0.0,0.453399
862.pgm,20000,0.305176,60128,91.748,276.216,0.153671,56.2649,0.999699,0.9999604,0.0,0.980234
863.pgm,20000,0.305176,31216,47.6318,84.555,0.153519,56.2692,0.999679,0.9999691,0.0,0.991762
864.pgm,20000,0.305176,31504,48.0713,54.635,0.15181,56.3178,0.999692,0.9999865,0.0,0.0
866.pgm,20000,0.305176,28752,43.8721,367.269,0.15387,56.2593,0.999726,0.9999872,0.0,0.000191
869.pgm,20000,0.305176,29824,45.5078,62.378,0.151489,56.327,0.999731,0.9999797,0.0,0.943226
870.pgm,20000,0.305176,32864,50.1465,57.877,0.151932,56.3143,0.999734,0.9999822,0.0,0.0
872.pgm,20000,0.305176,33712,51.4404,382.044,0.152161,56.3078,0.999607,0.9999852,0.0,0.0
873.pgm,20000,0.305176,28992,44.2383,60.458,0.152237,56.3056,0.999688,0.999986,0.0,0.0
875.pgm,20000,0.305176,27024,41.2354,56.656,0.152786,56.29,0.999738,0.9999683,0.0,0.001505
876.pgm,20000,0.305176,51744,78.9551,374.768,0.151413,56.3292,0.999615,0.9999642,0.0,0.0
877.pgm,20000,0.305176,34576,52.7588,60.52,0.150589,56.3529,0.999563,0.9999262,0.0,0.974867
878.pgm,20000,0.305176,30272,46.1914,66.772,0.152344,56.3026,0.999681,0.999981,0.0,0.000233
879.pgm,20000,0.305176,27552,42.041,230.838,0.151825,56.3174,0.999765,0.999959,0.0,0.0
880.pgm,20000,0.305176,33200,50.6592,54.021,0.152222,56.306,0.999725,0.9999784,0.0,0.0
881.pgm,20000,0.305176,20496,31.2744,90.905,0.152588,56.2956,0.999797,0.9999849,0.0,0.0
882.pgm,20000,0.305176,20560,31.3721,152.416,0.151886,56.3156,0.999741,0.9999748,0.0,0.0
883.pgm,20000,0.305176,29152,44.4824,60.951,0.15448,56.2421,0.99977,0.9999823,0.0,1e-06
884.pgm,20000,0.305176,26176,39.9414,199.81,0.15477,56.2339,0.999475,0.99996,0.0,0.0
886.pgm,20000,0.305176,26704,40.7471,72.693,0.152222,56.306,0.999713,0.9999856,0.0,0.001327
887.pgm,20000,0.305176,23072,35.2051,63.087,0.151825,56.3174,0.999696,0.9999836,0.0,0.0
888.pgm,20000,0.305176,37152,56.6895,395.236,0.151184,56.3357,0.99967,0.9999838,0.0,0.0
889.pgm,20000,0.305176,31936,48.7305,69.319,0.15242,56.3004,0.999424,0.9999499,0.0,3e-05
890.pgm,20000,0.305176,49200,75.0732,76.799,0.153564,56.2679,0.999632,0.9999432,0.0,0.511248
892.pgm,20000,0.305176,48480,73.9746,227.107,0.153183,56.2787,0.999718,0.9999711,0.0,0.0
894.pgm,20000,0.305176,59440,90.6982,105.032,0.153137,56.28,0.999856,0.9999695,0.0,0.008573
895.pgm,20000,0.305176,27520,41.9922,308.285,0.152832,56.2887,0.999726,0.999986,0.0,0.0
896.pgm,20000,0.305176,41408,63.1836,62.662,0.153137,56.28,0.999743,0.9999835,0.0,0.227755
897.pgm,20000,0.305176,26080,39.7949,203.962,0.152176,56.3073,0.999743,0.999973,0.0,0.0
900.pgm,20000,0.305176,31104,47.4609,86.736,0.150589,56.3529,0.999538,0.9999543,0.0,0.924885
901.pgm,20000,0.305176,35088,53.54,64.153,0.154175,56.2507,0.999731,0.9999742,0.0,9e-06
902.pgm,20000,0.305176,31600,48.2178,256.601,0.152588,56.2956,0.999736,0.9999835,0.0,0.0
903.pgm,20000,0.305176,21728,33.1543,70.056,0.152115,56.3091,0.999662,0.9999711,0.0,0.0
904.pgm,20000,0.305176,62768,95.7764,297.947,0.152634,56.2943,0.999813,0.9999536,0.0,0.999914
905.pgm,20000,0.305176,34016,51.9043,96.835,0.152603,56.2952,0.999634,0.9999806,0.0,0.001036
906.pgm,20000,0.305176,23856,36.4014,242.886,0.153625,56.2662,0.999618,0.9999711,0.0,2e-06
909.pgm,20000,0.305176,32880,50.1709,80.797,0.152664,56.2934,0.99946,0.9998595,0.0,0.0
910.pgm,20000,0.305176,52256,79.7363,67.107,0.154129,56.252,0.999641,0.999951,0.0,0.992188
912.pgm,20000,0.305176,32016,48.8525,236.475,0.152161,56.3078,0.99967,0.9999792,0.0,3e-06
913.pgm,20000,0.305176,36448,55.6152,56.83,0.153122,56.2804,0.999685,0.9999845,0.0,0.0
916.pgm,20000,0.305176,44352,67.6758,404.618,0.153214,56.2778,0.999666,0.9999677,0.0,0.00011
917.pgm,20000,0.305176,35760,54.5654,79.069,0.153458,56.2709,0.999753,0.9999624,0.0,0.094665
918.pgm,20000,0.305176,36784,56.1279,366.84,0.152878,56.2874,0.999718,0.9999684,0.0,3.7e-05
919.pgm,20000,0.305176,42288,64.5264,119.452,0.153046,56.2826,0.999697,0.999945,0.0,0.63143
920.pgm,20000,0.305176,25264,38.5498,262.036,0.151443,56.3283,0.999639,0.9999898,0.0,0.0
923.pgm,20000,0.305176,43232,65.9668,58.124,0.153976,56.2563,0.999544,0.9999085,0.0,0.000233
925.pgm,20000,0.305176,20272,30.9326,314.701,0.150513,56.3551,0.999452,0.9999455,0.0,0.0
926.pgm,20000,0.305176,24240,36.9873,76.015,0.151871,56.3161,0.999738,0.9999743,0.0,0.0
928.pgm,20000,0.305176,51536,78.6377,89.18,0.152695,56.2926,0.999806,0.9999744,0.0,0.0
929.pgm,20000,0.305176,25520,38.9404,235.256,0.152969,56.2848,0.999626,0.9999646,0.0,0.0
930.pgm,20000,0.305176,31536,48.1201,70.606,0.151245,56.334,0.999696,0.9999783,0.0,0.0
932.pgm,20000,0.305176,44720,68.2373,277.724,0.152298,56.3039,0.999676,0.9999711,0.0,0.0
933.pgm,20000,0.305176,36032,54.9805,201.003,0.151443,56.3283,0.999813,0.9999902,0.0,0.000107
934.pgm,20000,0.305176,41120,62.7441,83.63,0.153717,56.2636,0.999528,0.9999404,0.0,0.401757
935.pgm,20000,0.305176,48576,74.1211,67.189,0.151276,56.3331,0.999738,0.9999607,0.0,0.505455
936.pgm,20000,0.305176,30752,46.9238,248.775,0.152206,56.3065,0.999709,0.9999755,0.0,1e-06
937.pgm,20000,0.305176,44736,68.2617,58.553,0.152863,56.2878,0.999778,0.9999772,0.0,0.984873
939.pgm,20000,0.305176,29024,44.2871,64.677,0.153275,56.2761,0.999523,0.9999558,0.0,0.000346
940.pgm,20000,0.305176,30144,45.9961,280.546,0.152359,56.3021,0.999654,0.9999528,0.0,0.256366
941.pgm,20000,0.305176,61280,93.5059,66.681,0.15033,56.3604,0.999783,0.9999467,0.0,0.968431
944.pgm,20000,0.305176,57536,87.793,64.373,0.15094,56.3428,0.999869,0.9999738,0.0,0.954631
945.pgm,20000,0.305176,42768,65.2588,298.353,0.153122,56.2804,0.999562,0.9999411,0.0,0.001143
946.pgm,20000,0.305176,46544,71.0205,69.033,0.152969,56.2848,0.999764,0.9999151,0.0,0.0
947.pgm,20000,0.305176,21360,32.5928,290.937,0.153259,56.2765,0.999687,0.9999835,0.0,0.0
948.pgm,20000,0.305176,41760,63.7207,77.673,0.150192,56.3643,0.999645,0.9999836,0.0,0.003226
949.pgm,20000,0.305176,37152,56.6895,59.41,0.151917,56.3148,0.999574,0.9999573,0.0,0.980699
951.pgm,20000,0.305176,40192,61.3281,340.274,0.150467,56.3564,0.999669,0.9999572,0.0,1.2e-05
956.pgm,20000,0.305176,51184,78.1006,57.956,0.151642,56.3226,0.999752,0.999944,0.0,0.0
957.pgm,20000,0.305176,32192,49.1211,260.102,0.152985,56.2843,0.999734,0.9999784,0.0,0.242674
958.pgm,20000,0.305176,29776,45.4346,77.113,0.153976,56.2563,0.999758,0.9999707,0.0,0.999998
959.pgm,20000,0.305176,27760,42.3584,61.259,0.152786,56.29,0.999291,0.999881,0.0,0.0
960.pgm,20000,0.305176,45216,68.9941,404.317,0.152527,56.2973,0.999642,0.9999709,0.0,0.999865
961.pgm,20000,0.305176,60704,92.627,85.611,0.151001,56.341,0.999759,0.9999732,0.0,0.999904
962.pgm,20000,0.305176,34160,52.124,56.314,0.153595,56.267,0.999744,0.9999815,0.0,0.005324
963.pgm,20000,0.305176,58016,88.5254,377.66,0.15097,56.3419,0.999901,0.9999767,0.0,0.242408
964.pgm,20000,0.305176,36672,55.957,53.26,0.153351,56.2739,0.99949,0.9999182,0.0,0.0
965.pgm,20000,0.305176,20816,31.7627,332.163,0.15329,56.2757,0.999752,0.9999808,0.0,0.0
966.pgm,20000,0.305176,21328,32.5439,73.288,0.153122,56.2804,0.999633,0.999987,0.0,0.0
967.pgm,20000,0.305176,43616,66.5527,60.806,0.151443,56.3283,0.99972,0.9999608,0.0,0.951375
968.pgm,20000,0.305176,27360,41.748,343.138,0.154556,56.2399,0.999614,0.9999612,0.0,0.020623
969.pgm,20000,0.305176,21760,33.2031,62.259,0.155151,56.2232,0.999507,0.999904,0.0,0.0
970.pgm,20000,0.305176,23872,36.4258,343.593,0.153076,56.2817,0.999489,0.9999757,0.0,0.0
971.pgm,20000,0.305176,29088,44.3848,58.273,0.154999,56.2275,0.999593,0.9999546,0.0,0.896979
972.pgm,20000,0.305176,21904,33.4229,68.713,0.150421,56.3577,0.999739,0.9999858,0.0,0.0
973.pgm,20000,0.305176,35504,54.1748,279.86,0.152084,56.31,0.999759,0.9999821,0.0,0.052961
974.pgm,20000,0.305176,26144,39.8926,70.506,0.152313,56.3034,0.999628,0.9999606,0.0,0.925507
975.pgm,20000,0.305176,23776,36.2793,354.241,0.152939,56.2856,0.99974,0.9999823,0.0,0.0
977.pgm,20000,0.305176,64896,99.0234,63.564,0.153839,56.2601,0.999848,0.9999381,0.0,0.999993
978.pgm,20000,0.305176,21456,32.7393,269.343,0.151489,56.327,0.999564,0.9999717,0.0,0.0
979.pgm,20000,0.305176,26544,40.5029,72.387,0.15419,56.2502,0.999471,0.9999213,0.0,0.768854
980.pgm,20000,0.305176,27152,41.4307,67.39,0.154999,56.2275,0.99975,0.9999807,0.0,0.0
981.pgm,20000,0.305176,38144,58.2031,366.852,0.151093,56.3384,0.999684,0.9999667,0.0,0.0
983.pgm,20000,0.305176,22544,34.3994,71.212,0.154099,56.2528,0.999611,0.9999677,0.0,0.0
984.pgm,20000,0.305176,37392,57.0557,263.445,0.152664,56.2934,0.999664,0.9999823,0.0,0.696931
985.pgm,20000,0.305176,58320,88.9893,87.218,0.153259,56.2765,0.999742,0.9999527,0.0,0.555671
986.pgm,20000,0.305176,37664,57.4707,340.704,0.153183,56.2787,0.999427,0.9999311,0.0,1.9e-05
987.pgm,20000,0.305176,30160,46.0205,60.261,0.152908,56.2865,0.999638,0.9999455,0.0,0.0
989.pgm,20000,0.305176,35392,54.0039,65.392,0.152802,56.2895,0.999687,0.9999579,0.0,6.3e-05
990.pgm,20000,0.305176,40352,61.5723,250.068,0.152039,56.3113,0.999802,0.9999764,0.0,0.08871
991.pgm,20000,0.305176,22320,34.0576,65.211,0.153732,56.2632,0.999595,0.999963,0.0,0.0
992.pgm,20000,0.305176,57568,87.8418,315.672,0.151947,56.3139,0.999857,0.9999712,0.0,0.97783
993.pgm,20000,0.305176,39680,60.5469,79.508,0.15387,56.2593,0.999754,0.9999733,0.0,0.506346
994.pgm,20000,0.305176,27552,42.041,51.211,0.153091,56.2813,0.999705,0.9999705,0.0,0.089387
995.pgm,20000,0.305176,49632,75.7324,346.769,0.152725,56.2917,0.999709,0.9999427,0.0,0.890088
996.pgm,20000,0.305176,20080,30.6396,82.54,0.153397,56.2726,0.999679,0.9999491,0.0,0.183026
997.pgm,20000,0.305176,32960,50.293,67.694,0.152786,56.29,0.999632,0.9999754,0.0,0.63392
999.pgm,20000,0.305176,41744,63.6963,344.667,0.151886,56.3156,0.99978,0.9999898,0.0,0.0
1000.pgm,20000,0.305176,27120,41.3818,59.6,0.15329,56.2757,0.99975,0.9999893,0.0,0.0
9.pgm,40000,0.610352,49376,75.3418,424.381,0.303101,53.3149,0.999446,0.9998891,0.0,0.6871
13.pgm,40000,0.610352,43904,66.9922,421.277,0.302567,53.3226,0.999452,0.9999374,0.0,0.0
22.pgm,40000,0.610352,41888,63.916,119.957,0.305496,53.2807,0.999566,0.99992,0.0,0.045444
26.pgm,40000,0.610352,60624,92.5049,240.216,0.306717,53.2634,0.999537,0.9998853,0.0,0.999698
27.pgm,40000,0.610352,43392,66.2109,368.38,0.304276,53.2981,0.999218,0.9999115,0.0,0.996256
29.pgm,40000,0.610352,52400,79.9561,133.944,0.306549,53.2658,0.999448,0.9998903,0.0,0.984862
39.pgm,40000,0.610352,58976,89.9902,143.46,0.302841,53.3187,0.99943,0.9998564,0.0,0.145039
48.pgm,40000,0.610352,40784,62.2314,133.42,0.304993,53.2879,0.999328,0.9999605,0.0,0.0
54.pgm,40000,0.610352,41328,63.0615,228.471,0.303696,53.3064,0.99933,0.9999559,0.0,0.0
57.pgm,40000,0.610352,50976,77.7832,401.278,0.307877,53.247,0.99921,0.9999251,0.0,0.999387
58.pgm,40000,0.610352,43312,66.0889,144.688,0.305115,53.2862,0.999474,0.9999421,0.0,0.887954
74.pgm,40000,0.610352,54864,83.7158,104.961,0.30481,53.2905,0.999168,0.999876,0.0,0.999981
76.pgm,40000,0.610352,55072,84.0332,405.918,0.305084,53.2866,0.999204,0.9999084,0.0,0.99996
78.pgm,40000,0.610352,47680,72.7539,116.798,0.304596,53.2936,0.999405,0.9999237,0.0,0.983299
80.pgm,40000,0.610352,50272,76.709,428.299,0.305725,53.2775,0.999429,0.9998965,0.0,0.998866
83.pgm,40000,0.610352,40896,62.4023,427.581,0.306244,53.2701,0.999547,0.9999642,0.0,0.0
91.pgm,40000,0.610352,45440,69.3359,479.891,0.305389,53.2823,0.999523,0.999854,0.0,0.0
99.pgm,40000,0.610352,44480,67.8711,378.953,0.30159,53.3366,0.999284,0.9999306,0.0,0.000267
101.pgm,40000,0.610352,55440,84.5947,123.736,0.302139,53.3287,0.999614,0.999938,0.0,0.993721
102.pgm,40000,0.610352,63584,97.0215,318.492,0.30658,53.2654,0.999774,0.9999139,0.0,0.999634
106.pgm,40000,0.610352,41040,62.6221,405.845,0.304794,53.2907,0.999487,0.9999556,0.0,0.0
107.pgm,40000,0.610352,55072,84.0332,117.924,0.30571,53.2777,0.999334,0.9999267,0.0,0.972459
108.pgm,40000,0.610352,56576,86.3281,395.343,0.303131,53.3145,0.999719,0.9999662,0.0,0.99084
110.pgm,40000,0.610352,43488,66.3574,389.967,0.305191,53.2851,0.999616,0.9999654,0.0,0.0
117.pgm,40000,0.610352,41168,62.8174,106.411,0.304825,53.2903,0.999404,0.9999428,0.0,0.003967
120.pgm,40000,0.610352,55520,84.7168,397.118,0.307617,53.2507,0.999602,0.9998653,0.0,0.992775
126.pgm,40000,0.610352,55328,84.4238,354.625,0.306015,53.2734,0.999519,0.9998717,0.0,0.865236
136.pgm,40000,0.610352,48752,74.3896,107.412,0.30452,53.2947,0.999427,0.9999701,0.0,0.0
143.pgm,40000,0.610352,53296,81.3232,171.203,0.305756,53.2771,0.999266,0.9998136,0.0,0.272649
145.pgm,40000,0.610352,53600,81.7871,490.9,0.301697,53.3351,0.999385,0.9999272,0.0,0.999986
149.pgm,40000,0.610352,51600,78.7354,443.121,0.305634,53.2788,0.999581,0.9999319,0.0,0.085068
150.pgm,40000,0.610352,45072,68.7744,391.191,0.304825,53.2903,0.999306,0.9998794,0.0,0.171653
163.pgm,40000,0.610352,47696,72.7783,297.506,0.307083,53.2582,0.999333,0.9999625,0.0,0.0
165.pgm,40000,0.610352,44096,67.2852,132.951,0.305115,53.2862,0.999016,0.9997198,0.0,0.002848
168.pgm,40000,0.610352,55632,84.8877,420.259,0.307343,53.2546,0.999286,0.9999164,0.0,0.74309
169.pgm,40000,0.610352,48464,73.9502,137.615,0.304428,53.296,0.999467,0.9999561,0.0,0.0
171.pgm,40000,0.610352,42240,64.4531,227.137,0.306686,53.2639,0.999497,0.9999211,0.0,0.013884
176.pgm,40000,0.610352,41248,62.9395,391.746,0.303299,53.3121,0.99909,0.9999601,0.0,0.447953
177.pgm,40000,0.610352,43168,65.8691,115.573,0.304016,53.3018,0.99949,0.9999593,0.0,0.037145
185.pgm,40000,0.610352,54352,82.9346,180.407,0.303604,53.3077,0.999394,0.9998746,0.0,0.926239
192.pgm,40000,0.610352,56112,85.6201,332.984,0.305008,53.2877,0.999621,0.9998649,0.0,0.999333
194.pgm,40000,0.610352,51664,78.833,413.242,0.30574,53.2773,0.999222,0.9998865,0.0,0.320275
198.pgm,40000,0.610352,45680,69.7021,364.641,0.306473,53.2669,0.999285,0.999871,0.0,0.459957
205.pgm,40000,0.610352,51216,78.1494,126.787,0.307312,53.255,0.999425,0.9999334,0.0,0.992067
206.pgm,40000,0.610352,44512,67.9199,313.845,0.306442,53.2673,0.998551,0.9996429,0.0,0.94459
208.pgm,40000,0.610352,45200,68.9697,403.768,0.304764,53.2912,0.999464,0.9999652,0.0,0.0
209.pgm,40000,0.610352,48336,73.7549,327.104,0.302063,53.3298,0.999575,0.9999243,0.0,0.329473
214.pgm,40000,0.610352,42656,65.0879,127.985,0.307205,53.2565,0.999627,0.9999175,0.0,0.0
223.pgm,40000,0.610352,48640,74.2188,150.465,0.307785,53.2483,0.999266,0.9998994,0.0,0.975811
237.pgm,40000,0.610352,44560,67.9932,130.058,0.303391,53.3108,0.999531,0.999961,0.0,3e-06
244.pgm,40000,0.610352,44688,68.1885,402.536,0.304688,53.2923,0.999459,0.9999616,0.0,5.4e-05
249.pgm,40000,0.610352,40880,62.3779,122.04,0.305099,53.2864,0.999213,0.999817,0.0,0.114356
251.pgm,40000,0.610352,45520,69.458,360.949,0.307159,53.2572,0.999342,0.9999065,0.0,0.001148
252.pgm,40000,0.610352,55024,83.96,346.4,0.304993,53.2879,0.999359,0.9998667,0.0,0.99998
260.pgm,40000,0.610352,50528,77.0996,128.319,0.303696,53.3064,0.999595,0.9999479,0.0,0.000114
263.pgm,40000,0.610352,55184,84.2041,208.313,0.305267,53.284,0.999261,0.9999215,0.0,0.486167
264.pgm,40000,0.610352,60672,92.5781,407.602,0.304459,53.2955,0.999545,0.9998872,0.0,0.998692
278.pgm,40000,0.610352,54448,83.0811,343.703,0.303253,53.3128,0.999661,0.9998774,0.0,0.441802
282.pgm,40000,0.610352,55024,83.96,118.006,0.306168,53.2712,0.999274,0.9999049,0.0,0.988272
283.pgm,40000,0.610352,48752,74.3896,448.291,0.305801,53.2764,0.999328,0.9998949,0.0,0.98105
289.pgm,40000,0.610352,44576,68.0176,372.429,0.303894,53.3036,0.999448,0.999927,0.0,0.941608
295.pgm,40000,0.610352,42304,64.5508,425.164,0.302795,53.3193,0.999022,0.9998612,0.0,0.858225
298.pgm,40000,0.610352,48480,73.9746,140.096,0.304535,53.2944,0.99949,0.9999274,0.0,0.955449
304.pgm,40000,0.610352,51984,79.3213,154.131,0.303101,53.3149,0.999422,0.9998756,0.0,0.99929
310.pgm,40000,0.610352,47760,72.876,407.889,0.305511,53.2805,0.999446,0.9999469,0.0,0.999093
312.pgm,40000,0.610352,52944,80.7861,139.254,0.304718,53.2918,0.999319,0.99993,0.0,0.981715
313.pgm,40000,0.610352,46368,70.752,226.662,0.302872,53.3182,0.999412,0.999948,0.0,0.329472
314.pgm,40000,0.610352,46096,70.3369,398.885,0.304062,53.3012,0.999529,0.9999581,0.0,0.94903
321.pgm,40000,0.610352,42336,64.5996,110.241,0.307114,53.2578,0.999498,0.9999217,0.0,0.001077
324.pgm,40000,0.610352,41888,63.916,240.528,0.306519,53.2662,0.999166,0.9999386,0.0,0.998312
327.pgm,40000,0.610352,50992,77.8076,273.187,0.302673,53.3211,0.999111,0.9999058,0.0,0.832113
334.pgm,40000,0.610352,40368,61.5967,445.362,0.302231,53.3274,0.999678,0.9999611,0.0,0.0
339.pgm,40000,0.610352,44320,67.627,162.698,0.304855,53.2899,0.999472,0.9999499,0.0,0.166689
345.pgm,40000,0.610352,43184,65.8936,112.377,0.305054,53.287,0.999556,0.9999635,0.0,0.00504
346.pgm,40000,0.610352,64800,98.877,468.884,0.302536,53.323,0.999369,0.9998068,0.0,0.96439
347.pgm,40000,0.610352,57792,88.1836,119.564,0.306183,53.271,0.999172,0.9998983,0.0,0.999593
350.pgm,40000,0.610352,50816,77.5391,324.484,0.305923,53.2747,0.998917,0.9997709,0.0,0.030417
365.pgm,40000,0.610352,44528,67.9443,400.256,0.305084,53.2866,0.999439,0.9999043,0.0,0.454031
367.pgm,40000,0.610352,43072,65.7227,115.484,0.303223,53.3132,0.999469,0.9999445,0.0,0.720883
368.pgm,40000,0.610352,42048,64.1602,385.304,0.304962,53.2883,0.99916,0.9999348,0.0,0.817496
377.pgm,40000,0.610352,40448,61.7188,367.967,0.306717,53.2634,0.998972,0.9999214,0.0,0.0
378.pgm,40000,0.610352,59680,91.0645,145.352,0.307312,53.255,0.99938,0.9999161,0.0,0.966213
381.pgm,40000,0.610352,55296,84.375,366.375,0.306442,53.2673,0.999536,0.9999352,0.0,0.911908
382.pgm,40000,0.610352,55104,84.082,372.362,0.305237,53.2844,0.999294,0.9998504,0.0,0.984087
383.pgm,40000,0.610352,48400,73.8525,127.917,0.30455,53.2942,0.999596,0.9999514,0.0,0.001588
390.pgm,40000,0.610352,59392,90.625,183.743,0.302826,53.3189,0.999709,0.9999356,0.0,0.705692
399.pgm,40000,0.610352,49072,74.8779,438.567,0.30629,53.2695,0.999433,0.9998831,0.0,0.458777
407.pgm,40000,0.610352,45296,69.1162,289.171,0.306,53.2736,0.99927,0.9999438,0.0,0.998331
412.pgm,40000,0.610352,44000,67.1387,136.558,0.305984,53.2738,0.999445,0.9999281,0.0,0.886382
415.pgm,40000,0.610352,40432,61.6943,313.428,0.305496,53.2807,0.998727,0.9998576,0.0,0.0
417.pgm,40000,0.610352,52912,80.7373,414.866,0.305283,53.2838,0.999254,0.9998133,0.0,0.259728
418.pgm,40000,0.610352,59072,90.1367,418.259,0.303268,53.3125,0.999054,0.9998533,0.0,0.866254
423.pgm,40000,0.610352,44896,68.5059,327.037,0.305038,53.2873,0.999684,0.9998946,0.0,0.0
427.pgm,40000,0.610352,51856,79.126,129.537,0.307816,53.2479,0.99948,0.9999035,0.0,0.871565
428.pgm,40000,0.610352,41792,63.7695,414.727,0.304108,53.3005,0.999563,0.9999551,0.0,0.0
434.pgm,40000,0.610352,53696,81.9336,445.182,0.305481,53.281,0.999358,0.9999297,0.0,0.000237
436.pgm,40000,0.610352,48064,73.3398,142.834,0.304108,53.3005,0.999321,0.9999618,0.0,0.0
439.pgm,40000,0.610352,61840,94.3604,176.025,0.305573,53.2797,0.999482,0.9999102,0.0,0.992545
441.pgm,40000,0.610352,57600,87.8906,383.828,0.306061,53.2727,0.999732,0.9999574,0.0,0.129981
445.pgm,40000,0.610352,44800,68.3594,311.724,0.304886,53.2894,0.999491,0.9999434,0.0,0.914457
450.pgm,40000,0.610352,58304,88.9648,120.101,0.305237,53.2844,0.999548,0.9999269,0.0,0.999924
452.pgm,40000,0.610352,40384,61.6211,400.388,0.305817,53.2762,0.999593,0.9998488,0.0,0.254549
454.pgm,40000,0.610352,41408,63.1836,431.594,0.30452,53.2947,0.999361,0.9999249,0.0,0.793306
468.pgm,40000,0.610352,55536,84.7412,207.613,0.306107,53.2721,0.999711,0.9999661,0.0,0.928718
469.pgm,40000,0.610352,52576,80.2246,145.822,0.30629,53.2695,0.999519,0.9999466,0.0,0.999979
477.pgm,40000,0.610352,43472,66.333,414.238,0.303055,53.3156,0.999192,0.999887,0.0,0.626117
481.pgm,40000,0.610352,44032,67.1875,384.769,0.304398,53.2964,0.999342,0.9999487,0.0,0.097462
497.pgm,40000,0.610352,57024,87.0117,459.044,0.303391,53.3108,0.9996,0.9999134,0.0,0.99839
500.pgm,40000,0.610352,50784,77.4902,375.302,0.304062,53.3012,0.999163,0.9999384,0.0,0.007232
503.pgm,40000,0.610352,53776,82.0557,127.896,0.305573,53.2797,0.999644,0.9999555,0.0,0.998302
508.pgm,40000,0.610352,47248,72.0947,213.671,0.305099,53.2864,0.999558,0.9998286,0.0,0.0
514.pgm,40000,0.610352,43568,66.4795,422.317,0.305344,53.2829,0.999388,0.9999066,0.0,0.999183
516.pgm,40000,0.610352,43392,66.2109,122.539,0.303635,53.3073,0.999441,0.9999326,0.0,0.236898
519.pgm,40000,0.610352,48608,74.1699,190.181,0.306,53.2736,0.999473,0.9999073,0.0,0.986106
526.pgm,40000,0.610352,44608,68.0664,434.674,0.302109,53.3292,0.999561,0.999962,0.0,0.981426
527.pgm,40000,0.610352,43344,66.1377,152.309,0.304153,53.2999,0.9994,0.9999068,0.0,0.959546
539.pgm,40000,0.610352,42560,64.9414,121.885,0.30835,53.2404,0.999144,0.9999184,0.0,0.193726
547.pgm,40000,0.610352,41024,62.5977,160.095,0.30426,53.2984,0.999325,0.999846,0.0,0.0
558.pgm,40000,0.610352,40544,61.8652,336.666,0.304962,53.2883,0.999597,0.9999084,0.0,0.002051
561.pgm,40000,0.610352,46912,71.582,123.368,0.304565,53.294,0.999593,0.9999727,0.0,0.0
562.pgm,40000,0.610352,51440,78.4912,386.617,0.305817,53.2762,0.999627,0.9999494,0.0,0.366813
570.pgm,40000,0.610352,53856,82.1777,386.639,0.303329,53.3117,0.999394,0.9999211,0.0,0.999011
574.pgm,40000,0.610352,50048,76.3672,394.863,0.306824,53.2619,0.999315,0.9998925,0.0,0.822558
579.pgm,40000,0.610352,41136,62.7686,399.802,0.308212,53.2423,0.999568,0.9999453,0.0,0.471932
590.pgm,40000,0.610352,56768,86.6211,445.335,0.306046,53.2729,0.999635,0.9999139,0.0,0.992841
592.pgm,40000,0.610352,50240,76.6602,406.929,0.305893,53.2751,0.999396,0.9999512,0.0,0.0
595.pgm,40000,0.610352,55408,84.5459,353.944,0.304337,53.2973,0.999562,0.9999367,0.0,0.999259
597.pgm,40000,0.610352,61456,93.7744,352.143,0.306519,53.2662,0.999627,0.9998822,0.0,0.999609
607.pgm,40000,0.610352,63936,97.5586,321.89,0.303757,53.3055,0.999627,0.9998378,0.0,0.998567
618.pgm,40000,0.610352,43360,66.1621,485.24,0.303925,53.3031,0.999587,0.999957,0.0,0.008468
624.pgm,40000,0.610352,53424,81.5186,336.723,0.305695,53.2779,0.999764,0.9999624,0.0,0.0
626.pgm,40000,0.610352,52016,79.3701,431.57,0.305008,53.2877,0.999525,0.9998856,0.0,0.250064
631.pgm,40000,0.610352,48832,74.5117,427.39,0.302704,53.3206,0.999235,0.9999316,0.0,0.045906
649.pgm,40000,0.610352,40928,62.4512,376.258,0.30455,53.2942,0.999334,0.9999689,0.0,0.0
657.pgm,40000,0.610352,57680,88.0127,465.008,0.303589,53.3079,0.999142,0.9998965,0.0,0.912401
660.pgm,40000,0.610352,48160,73.4863,442.783,0.304565,53.294,0.999357,0.9999466,0.0,0.717936
673.pgm,40000,0.610352,50080,76.416,341.338,0.304413,53.2962,0.999602,0.9999611,0.0,0.0
678.pgm,40000,0.610352,48064,73.3398,117.88,0.305527,53.2803,0.999524,0.999911,0.0,0.051152
682.pgm,40000,0.610352,46176,70.459,435.795,0.305084,53.2866,0.999474,0.9999679,0.0,0.0
689.pgm,40000,0.610352,64000,97.6562,416.092,0.308334,53.2406,0.99966,0.9998887,0.0,0.999766
693.pgm,40000,0.610352,46240,70.5566,200.15,0.30484,53.2901,0.999435,0.9999332,0.0,0.358829
694.pgm,40000,0.610352,58896,89.8682,158.097,0.304413,53.2962,0.999462,0.9998979,0.0,0.999366
698.pgm,40000,0.610352,48656,74.2432,342.974,0.306747,53.263,0.999582,0.9999293,0.0,0.718877
705.pgm,40000,0.610352,45520,69.458,117.359,0.303421,53.3103,0.999211,0.9998596,0.0,0.065236
706.pgm,40000,0.610352,41984,64.0625,393.038,0.305649,53.2786,0.99929,0.9998804,0.0,0.088083
713.pgm,40000,0.610352,50624,77.2461,356.454,0.305923,53.2747,0.999622,0.9999473,0.0,0.410481
720.pgm,40000,0.610352,45616,69.6045,354.574,0.306229,53.2703,0.999448,0.9999609,0.0,1e-05
723.pgm,40000,0.610352,55216,84.2529,115.619,0.304062,53.3012,0.999604,0.9999346,0.0,0.593277
728.pgm,40000,0.610352,42320,64.5752,439.775,0.304535,53.2944,0.999459,0.999959,0.0,0.0
733.pgm,40000,0.610352,55728,85.0342,374.951,0.307755,53.2488,0.99942,0.9999146,0.0,0.999748
741.pgm,40000,0.610352,40496,61.792,149.116,0.303101,53.3149,0.999542,0.9999651,0.0,0.00026
743.pgm,40000,0.610352,57488,87.7197,217.097,0.305649,53.2786,0.999655,0.9999577,0.0,0.08524
745.pgm,40000,0.610352,47104,71.875,242.149,0.30304,53.3158,0.999369,0.9999221,0.0,0.051855
746.pgm,40000,0.610352,41376,63.1348,144.671,0.304352,53.297,0.999248,0.9999564,0.0,0.0
749.pgm,40000,0.610352,51136,78.0273,458.864,0.304169,53.2997,0.999403,0.9998399,0.0,0.971626
750.pgm,40000,0.610352,41952,64.0137,392.375,0.304489,53.2951,0.9995,0.9999255,0.0,0.0
761.pgm,40000,0.610352,44848,68.4326,229.362,0.307083,53.2582,0.999597,0.9999499,0.0,0.112113
766.pgm,40000,0.610352,43760,66.7725,137.984,0.303955,53.3027,0.999438,0.9999308,0.0,0.017439
767.pgm,40000,0.610352,53184,81.1523,316.758,0.302582,53.3224,0.99913,0.9998449,0.0,0.999968
768.pgm,40000,0.610352,54672,83.4229,415.818,0.30542,53.2818,0.99901,0.9998179,0.0,0.976159
771.pgm,40000,0.610352,41408,63.1836,390.227,0.305313,53.2833,0.999497,0.9999682,0.0,0.904957
775.pgm,40000,0.610352,40464,61.7432,138.633,0.303482,53.3095,0.999529,0.9999773,0.0,0.0
777.pgm,40000,0.610352,45360,69.2139,341.559,0.303802,53.3049,0.999287,0.9999447,0.0,0.957566
779.pgm,40000,0.610352,43184,65.8936,330.41,0.30629,53.2695,0.999261,0.9999514,0.0,0.998405
782.pgm,40000,0.610352,50624,77.2461,396.295,0.307144,53.2574,0.999122,0.9999217,0.0,0.977197
784.pgm,40000,0.610352,48672,74.2676,428.994,0.304337,53.2973,0.999435,0.9999547,0.0,0.0
793.pgm,40000,0.610352,40128,61.2305,343.922,0.306458,53.2671,0.999532,0.9999648,0.0,0.027215
801.pgm,40000,0.610352,56016,85.4736,181.515,0.305893,53.2751,0.999494,0.9999277,0.0,0.238971
802.pgm,40000,0.610352,41856,63.8672,275.271,0.303757,53.3055,0.999231,0.999904,0.0,0.025592
806.pgm,40000,0.610352,51920,79.2236,132.255,0.302826,53.3189,0.999014,0.999837,0.0,0.634455
818.pgm,40000,0.610352,42992,65.6006,300.186,0.303757,53.3055,0.999255,0.9999503,0.0,0.854868
820.pgm,40000,0.610352,64448,98.3398,427.562,0.307281,53.2554,0.9993,0.9998109,0.0,0.99901
822.pgm,40000,0.610352,47792,72.9248,118.176,0.307419,53.2535,0.999296,0.9999155,0.0,0.0
831.pgm,40000,0.610352,54944,83.8379,161.224,0.30455,53.2942,0.999707,0.999891,0.0,0.998576
836.pgm,40000,0.610352,48816,74.4873,351.641,0.30365,53.3071,0.99924,0.999926,0.0,0.942585
838.pgm,40000,0.610352,40480,61.7676,131.746,0.305206,53.2849,0.999504,0.9999285,0.0,0.0
840.pgm,40000,0.610352,47600,72.6318,358.312,0.307434,53.2533,0.999233,0.9999448,0.0,0.000428
841.pgm,40000,0.610352,46768,71.3623,376.48,0.304504,53.2949,0.99935,0.9999458,0.0,0.0
842.pgm,40000,0.610352,40880,62.3779,131.705,0.306351,53.2686,0.999429,0.999968,0.0,0.0
847.pgm,40000,0.610352,49616,75.708,382.03,0.303665,53.3069,0.999449,0.9999189,0.0,0.080282
848.pgm,40000,0.610352,51616,78.7598,424.617,0.300903,53.3465,0.999142,0.9999089,0.0,0.920271
849.pgm,40000,0.610352,47552,72.5586,119.119,0.305069,53.2868,0.999374,0.9998855,0.0,0.392209
850.pgm,40000,0.610352,60800,92.7734,382.325,0.305649,53.2786,0.999528,0.9998806,0.0,0.999288
856.pgm,40000,0.610352,43248,65.9912,368.723,0.306122,53.2719,0.999662,0.9999722,0.0,0.0
859.pgm,40000,0.610352,41632,63.5254,127.985,0.304504,53.2949,0.999426,0.9999721,0.0,0.0
862.pgm,40000,0.610352,60128,91.748,215.059,0.303696,53.3064,0.999403,0.9999218,0.0,0.99886
876.pgm,40000,0.610352,51744,78.9551,475.368,0.303375,53.311,0.999222,0.9999283,0.0,0.0
890.pgm,40000,0.610352,49200,75.0732,228.886,0.303635,53.3073,0.999267,0.9998878,0.0,0.898784
892.pgm,40000,0.610352,48480,73.9746,139.44,0.308075,53.2442,0.99943,0.9999419,0.0,0.0
894.pgm,40000,0.610352,59440,90.6982,350.934,0.306702,53.2636,0.99971,0.9999389,0.0,0.213699
896.pgm,40000,0.610352,41408,63.1836,443.953,0.305649,53.2786,0.999488,0.9999671,0.0,0.440763
904.pgm,40000,0.610352,62768,95.7764,417.297,0.30632,53.269,0.999624,0.999907,0.0,0.994652
910.pgm,40000,0.610352,52256,79.7363,125.378,0.304092,53.3007,0.999295,0.9999034,0.0,0.681921
916.pgm,40000,0.610352,44352,67.6758,195.516,0.303787,53.3051,0.999333,0.999936,0.0,4.8e-05
919.pgm,40000,0.610352,42288,64.5264,398.107,0.306625,53.2647,0.999391,0.9998898,0.0,0.314215
923.pgm,40000,0.610352,43232,65.9668,118.607,0.303574,53.3082,0.999097,0.9998195,0.0,0.000329
928.pgm,40000,0.610352,51536,78.6377,173.647,0.303299,53.3121,0.99961,0.9999491,0.0,0.001211
932.pgm,40000,0.610352,44720,68.2373,443.42,0.304855,53.2899,0.999353,0.9999421,0.0,0.0
934.pgm,40000,0.610352,41120,62.7441,355.603,0.303543,53.3086,0.999075,0.9998824,0.0,0.27325
935.pgm,40000,0.610352,48576,74.1211,121.08,0.305679,53.2781,0.999471,0.9999206,0.0,0.76128
937.pgm,40000,0.610352,44736,68.2617,465.436,0.308365,53.2402,0.999555,0.999954,0.0,0.966431
941.pgm,40000,0.610352,61280,93.5059,148.367,0.305084,53.2866,0.999557,0.9998919,0.0,0.997183
944.pgm,40000,0.610352,57536,87.793,168.705,0.303833,53.3045,0.999734,0.9999472,0.0,0.975769
945.pgm,40000,0.610352,42768,65.2588,223.376,0.304733,53.2916,0.999129,0.9998827,0.0,0.003708
946.pgm,40000,0.610352,46544,71.0205,150.647,0.306946,53.2602,0.999527,0.9998296,0.0,0.0
948.pgm,40000,0.610352,41760,63.7207,456.04,0.303696,53.3064,0.999276,0.9999668,0.0,0.002586
951.pgm,40000,0.610352,40192,61.3281,387.442,0.305573,53.2797,0.999325,0.999913,0.0,4e-06
956.pgm,40000,0.610352,51184,78.1006,309.157,0.305176,53.2853,0.999501,0.9998874,0.0,0.0
960.pgm,40000,0.610352,45216,68.9941,117.59,0.303879,53.3038,0.999282,0.999942,0.0,0.999989
961.pgm,40000,0.610352,60704,92.627,418.001,0.305176,53.2853,0.999514,0.9999457,0.0,0.997977
963.pgm,40000,0.610352,58016,88.5254,450.935,0.305603,53.2792,0.999795,0.9999529,0.0,0.345955
967.pgm,40000,0.610352,43616,66.5527,149.461,0.304871,53.2896,0.999434,0.9999211,0.0,0.959887
977.pgm,40000,0.610352,64896,99.0234,120.236,0.306274,53.2697,0.999698,0.9998768,0.0,0.997874
985.pgm,40000,0.610352,58320,88.9893,142.25,0.301895,53.3322,0.999493,0.9999068,0.0,0.949061
990.pgm,40000,0.610352,40352,61.5723,430.109,0.304779,53.291,0.999598,0.9999527,0.0,0.1078
992.pgm,40000,0.610352,57568,87.8418,373.251,0.307114,53.2578,0.999712,0.9999417,0.0,0.985357
995.pgm,40000,0.610352,49632,75.7324,128.015,0.303314,53.3119,0.999416,0.9998861,0.0,0.963591
999.pgm,40000,0.610352,41744,63.6963,405.834,0.304276,53.2981,0.999558,0.9999795,0.0,0.0
